indicator_key,var_id,indikator,unit,subject,source_domain,kode_wilayah,nama_wilayah,turvar_id,turvar_label,th_id,tahun,turth_id,turth_label,nilai,data_key,last_update
poverty_rate,192,Persentase Penduduk Miskin (P0) Menurut Provinsi dan Daerah,Persen,Kemiskinan dan Ketimpangan,0000,1100,ACEH,432,Perkotaan,124,2024,61,Semester 1 (Maret),9.6,110019243212461,2026-02-05 13:03:51
poverty_rate,192,Persentase Penduduk Miskin (P0) Menurut Provinsi dan Daerah,Persen,Kemiskinan dan Ketimpangan,0000,1100,ACEH,432,Perkotaan,124,2024,62,Semester 2 (September),8.37,110019243212462,2026-02-05 13:03:51
poverty_rate,192,Persentase Penduduk Miskin (P0) Menurut Provinsi dan Daerah,Persen,Kemiskinan dan Ketimpangan,0000,1100,ACEH,433,Perdesaan,124,2024,61,Semester 1 (Maret),16.75,110019243312461,2026-02-05 13:03:51
poverty_rate,192,Persentase Penduduk Miskin (P0) Menurut Provinsi dan Daerah,Persen,Kemiskinan dan Ketimpangan,0000,1100,ACEH,433,Perdesaan,124,2024,62,Semester 2 (September),14.99,110019243312462,2026-02-05 13:03:51
poverty_rate,192,Persentase Penduduk Miskin (P0) Menurut Provinsi dan Daerah,Persen,Kemiskinan dan Ketimpangan,0000,1100,ACEH,434,Jumlah,124,2024,61,Semester 1 (Maret),14.23,110019243412461,2026-02-05 13:03:51
poverty_rate,192,Persentase Penduduk Miskin (P0) Menurut Provinsi dan Daerah,Persen,Kemiskinan dan Ketimpangan,0000,1100,ACEH,434,Jumlah,124,2024,62,Semester 2 (September),12.64,110019243412462,2026-02-05 13:03:51
poverty_rate,192,Persentase Penduduk Miskin (P0) Menurut Provinsi dan Daerah,Persen,Kemiskinan dan Ketimpangan,0000,1200,SUMATERA UTARA,432,Perkotaan,124,2024,61,Semester 1 (Maret),7.93,120019243212461,2026-02-05 13:03:51
poverty_rate,192,Persentase Penduduk Miskin (P0) Menurut Provinsi dan Daerah,Persen,Kemiskinan dan Ketimpangan,0000,1200,SUMATERA UTARA,432,Perkotaan,124,2024,62,Semester 2 (September),7.01,120019243212462,2026-02-05 13:03:51
poverty_rate,192,Persentase Penduduk Miskin (P0) Menurut Provinsi dan Daerah,Persen,Kemiskinan dan Ketimpangan,0000,1200,SUMATERA UTARA,433,Perdesaan,124,2024,61,Semester 1 (Maret),8.08,120019243312461,2026-02-05 13:03:51
poverty_rate,192,Persentase Penduduk Miskin (P0) Menurut Provinsi dan Daerah,Persen,Kemiskinan dan Ketimpangan,0000,1200,SUMATERA UTARA,433,Perdesaan,124,2024,62,Semester 2 (September),7.44,120019243312462,2026-02-05 13:03:51
poverty_rate,192,Persentase Penduduk Miskin (P0) Menurut Provinsi dan Daerah,Persen,Kemiskinan dan Ketimpangan,0000,1200,SUMATERA UTARA,434,Jumlah,124,2024,61,Semester 1 (Maret),7.99,120019243412461,2026-02-05 13:03:51
poverty_rate,192,Persentase Penduduk Miskin (P0) Menurut Provinsi dan Daerah,Persen,Kemiskinan dan Ketimpangan,0000,1200,SUMATERA UTARA,434,Jumlah,124,2024,62,Semester 2 (September),7.19,120019243412462,2026-02-05 13:03:51
poverty_rate,192,Persentase Penduduk Miskin (P0) Menurut Provinsi dan Daerah,Persen,Kemiskinan dan Ketimpangan,0000,1300,SUMATERA BARAT,432,Perkotaan,124,2024,61,Semester 1 (Maret),4.72,130019243212461,2026-02-05 13:03:51
poverty_rate,192,Persentase Penduduk Miskin (P0) Menurut Provinsi dan Daerah,Persen,Kemiskinan dan Ketimpangan,0000,1300,SUMATERA BARAT,432,Perkotaan,124,2024,62,Semester 2 (September),4.16,130019243212462,2026-02-05 13:03:51
poverty_rate,192,Persentase Penduduk Miskin (P0) Menurut Provinsi dan Daerah,Persen,Kemiskinan dan Ketimpangan,0000,1300,SUMATERA BARAT,433,Perdesaan,124,2024,61,Semester 1 (Maret),7.28,130019243312461,2026-02-05 13:03:51
poverty_rate,192,Persentase Penduduk Miskin (P0) Menurut Provinsi dan Daerah,Persen,Kemiskinan dan Ketimpangan,0000,1300,SUMATERA BARAT,433,Perdesaan,124,2024,62,Semester 2 (September),6.79,130019243312462,2026-02-05 13:03:51
poverty_rate,192,Persentase Penduduk Miskin (P0) Menurut Provinsi dan Daerah,Persen,Kemiskinan dan Ketimpangan,0000,1300,SUMATERA BARAT,434,Jumlah,124,2024,61,Semester 1 (Maret),5.97,130019243412461,2026-02-05 13:03:51
poverty_rate,192,Persentase Penduduk Miskin (P0) Menurut Provinsi dan Daerah,Persen,Kemiskinan dan Ketimpangan,0000,1300,SUMATERA BARAT,434,Jumlah,124,2024,62,Semester 2 (September),5.42,130019243412462,2026-02-05 13:03:51
poverty_rate,192,Persentase Penduduk Miskin (P0) Menurut Provinsi dan Daerah,Persen,Kemiskinan dan Ketimpangan,0000,1400,RIAU,432,Perkotaan,124,2024,61,Semester 1 (Maret),6.76,140019243212461,2026-02-05 13:03:51
poverty_rate,192,Persentase Penduduk Miskin (P0) Menurut Provinsi dan Daerah,Persen,Kemiskinan dan Ketimpangan,0000,1400,RIAU,432,Perkotaan,124,2024,62,Semester 2 (September),6.11,140019243212462,2026-02-05 13:03:51
poverty_rate,192,Persentase Penduduk Miskin (P0) Menurut Provinsi dan Daerah,Persen,Kemiskinan dan Ketimpangan,0000,1400,RIAU,433,Perdesaan,124,2024,61,Semester 1 (Maret),6.61,140019243312461,2026-02-05 13:03:51
poverty_rate,192,Persentase Penduduk Miskin (P0) Menurut Provinsi dan Daerah,Persen,Kemiskinan dan Ketimpangan,0000,1400,RIAU,433,Perdesaan,124,2024,62,Semester 2 (September),6.52,140019243312462,2026-02-05 13:03:51
poverty_rate,192,Persentase Penduduk Miskin (P0) Menurut Provinsi dan Daerah,Persen,Kemiskinan dan Ketimpangan,0000,1400,RIAU,434,Jumlah,124,2024,61,Semester 1 (Maret),6.67,140019243412461,2026-02-05 13:03:51
poverty_rate,192,Persentase Penduduk Miskin (P0) Menurut Provinsi dan Daerah,Persen,Kemiskinan dan Ketimpangan,0000,1400,RIAU,434,Jumlah,124,2024,62,Semester 2 (September),6.36,140019243412462,2026-02-05 13:03:51
poverty_rate,192,Persentase Penduduk Miskin (P0) Menurut Provinsi dan Daerah,Persen,Kemiskinan dan Ketimpangan,0000,1500,JAMBI,432,Perkotaan,124,2024,61,Semester 1 (Maret),9.5,150019243212461,2026-02-05 13:03:51
poverty_rate,192,Persentase Penduduk Miskin (P0) Menurut Provinsi dan Daerah,Persen,Kemiskinan dan Ketimpangan,0000,1500,JAMBI,432,Perkotaan,124,2024,62,Semester 2 (September),9.6,150019243212462,2026-02-05 13:03:51
poverty_rate,192,Persentase Penduduk Miskin (P0) Menurut Provinsi dan Daerah,Persen,Kemiskinan dan Ketimpangan,0000,1500,JAMBI,433,Perdesaan,124,2024,61,Semester 1 (Maret),5.9,150019243312461,2026-02-05 13:03:51
poverty_rate,192,Persentase Penduduk Miskin (P0) Menurut Provinsi dan Daerah,Persen,Kemiskinan dan Ketimpangan,0000,1500,JAMBI,433,Perdesaan,124,2024,62,Semester 2 (September),6.08,150019243312462,2026-02-05 13:03:51
poverty_rate,192,Persentase Penduduk Miskin (P0) Menurut Provinsi dan Daerah,Persen,Kemiskinan dan Ketimpangan,0000,1500,JAMBI,434,Jumlah,124,2024,61,Semester 1 (Maret),7.1,150019243412461,2026-02-05 13:03:51
poverty_rate,192,Persentase Penduduk Miskin (P0) Menurut Provinsi dan Daerah,Persen,Kemiskinan dan Ketimpangan,0000,1500,JAMBI,434,Jumlah,124,2024,62,Semester 2 (September),7.26,150019243412462,2026-02-05 13:03:51
poverty_rate,192,Persentase Penduduk Miskin (P0) Menurut Provinsi dan Daerah,Persen,Kemiskinan dan Ketimpangan,0000,1600,SUMATERA SELATAN,432,Perkotaan,124,2024,61,Semester 1 (Maret),10.04,160019243212461,2026-02-05 13:03:51
poverty_rate,192,Persentase Penduduk Miskin (P0) Menurut Provinsi dan Daerah,Persen,Kemiskinan dan Ketimpangan,0000,1600,SUMATERA SELATAN,432,Perkotaan,124,2024,62,Semester 2 (September),9.02,160019243212462,2026-02-05 13:03:51
poverty_rate,192,Persentase Penduduk Miskin (P0) Menurut Provinsi dan Daerah,Persen,Kemiskinan dan Ketimpangan,0000,1600,SUMATERA SELATAN,433,Perdesaan,124,2024,61,Semester 1 (Maret),11.53,160019243312461,2026-02-05 13:03:51
poverty_rate,192,Persentase Penduduk Miskin (P0) Menurut Provinsi dan Daerah,Persen,Kemiskinan dan Ketimpangan,0000,1600,SUMATERA SELATAN,433,Perdesaan,124,2024,62,Semester 2 (September),11.43,160019243312462,2026-02-05 13:03:51
poverty_rate,192,Persentase Penduduk Miskin (P0) Menurut Provinsi dan Daerah,Persen,Kemiskinan dan Ketimpangan,0000,1600,SUMATERA SELATAN,434,Jumlah,124,2024,61,Semester 1 (Maret),10.97,160019243412461,2026-02-05 13:03:51
poverty_rate,192,Persentase Penduduk Miskin (P0) Menurut Provinsi dan Daerah,Persen,Kemiskinan dan Ketimpangan,0000,1600,SUMATERA SELATAN,434,Jumlah,124,2024,62,Semester 2 (September),10.51,160019243412462,2026-02-05 13:03:51
poverty_rate,192,Persentase Penduduk Miskin (P0) Menurut Provinsi dan Daerah,Persen,Kemiskinan dan Ketimpangan,0000,1700,BENGKULU,432,Perkotaan,124,2024,61,Semester 1 (Maret),13.56,170019243212461,2026-02-05 13:03:51
poverty_rate,192,Persentase Penduduk Miskin (P0) Menurut Provinsi dan Daerah,Persen,Kemiskinan dan Ketimpangan,0000,1700,BENGKULU,432,Perkotaan,124,2024,62,Semester 2 (September),12.32,170019243212462,2026-02-05 13:03:51
poverty_rate,192,Persentase Penduduk Miskin (P0) Menurut Provinsi dan Daerah,Persen,Kemiskinan dan Ketimpangan,0000,1700,BENGKULU,433,Perdesaan,124,2024,61,Semester 1 (Maret),13.56,170019243312461,2026-02-05 13:03:51
poverty_rate,192,Persentase Penduduk Miskin (P0) Menurut Provinsi dan Daerah,Persen,Kemiskinan dan Ketimpangan,0000,1700,BENGKULU,433,Perdesaan,124,2024,62,Semester 2 (September),12.63,170019243312462,2026-02-05 13:03:51
poverty_rate,192,Persentase Penduduk Miskin (P0) Menurut Provinsi dan Daerah,Persen,Kemiskinan dan Ketimpangan,0000,1700,BENGKULU,434,Jumlah,124,2024,61,Semester 1 (Maret),13.56,170019243412461,2026-02-05 13:03:51
poverty_rate,192,Persentase Penduduk Miskin (P0) Menurut Provinsi dan Daerah,Persen,Kemiskinan dan Ketimpangan,0000,1700,BENGKULU,434,Jumlah,124,2024,62,Semester 2 (September),12.52,170019243412462,2026-02-05 13:03:51
poverty_rate,192,Persentase Penduduk Miskin (P0) Menurut Provinsi dan Daerah,Persen,Kemiskinan dan Ketimpangan,0000,1800,LAMPUNG,432,Perkotaan,124,2024,61,Semester 1 (Maret),8.18,180019243212461,2026-02-05 13:03:51
poverty_rate,192,Persentase Penduduk Miskin (P0) Menurut Provinsi dan Daerah,Persen,Kemiskinan dan Ketimpangan,0000,1800,LAMPUNG,432,Perkotaan,124,2024,62,Semester 2 (September),7.91,180019243212462,2026-02-05 13:03:51
poverty_rate,192,Persentase Penduduk Miskin (P0) Menurut Provinsi dan Daerah,Persen,Kemiskinan dan Ketimpangan,0000,1800,LAMPUNG,433,Perdesaan,124,2024,61,Semester 1 (Maret),11.97,180019243312461,2026-02-05 13:03:51
poverty_rate,192,Persentase Penduduk Miskin (P0) Menurut Provinsi dan Daerah,Persen,Kemiskinan dan Ketimpangan,0000,1800,LAMPUNG,433,Perdesaan,124,2024,62,Semester 2 (September),12.04,180019243312462,2026-02-05 13:03:51
poverty_rate,192,Persentase Penduduk Miskin (P0) Menurut Provinsi dan Daerah,Persen,Kemiskinan dan Ketimpangan,0000,1800,LAMPUNG,434,Jumlah,124,2024,61,Semester 1 (Maret),10.69,180019243412461,2026-02-05 13:03:51
poverty_rate,192,Persentase Penduduk Miskin (P0) Menurut Provinsi dan Daerah,Persen,Kemiskinan dan Ketimpangan,0000,1800,LAMPUNG,434,Jumlah,124,2024,62,Semester 2 (September),10.62,180019243412462,2026-02-05 13:03:51
poverty_rate,192,Persentase Penduduk Miskin (P0) Menurut Provinsi dan Daerah,Persen,Kemiskinan dan Ketimpangan,0000,1900,KEP. BANGKA BELITUNG,432,Perkotaan,124,2024,61,Semester 1 (Maret),3.39,190019243212461,2026-02-05 13:03:51
poverty_rate,192,Persentase Penduduk Miskin (P0) Menurut Provinsi dan Daerah,Persen,Kemiskinan dan Ketimpangan,0000,1900,KEP. BANGKA BELITUNG,432,Perkotaan,124,2024,62,Semester 2 (September),4.09,190019243212462,2026-02-05 13:03:51
poverty_rate,192,Persentase Penduduk Miskin (P0) Menurut Provinsi dan Daerah,Persen,Kemiskinan dan Ketimpangan,0000,1900,KEP. BANGKA BELITUNG,433,Perdesaan,124,2024,61,Semester 1 (Maret),6.17,190019243312461,2026-02-05 13:03:51
poverty_rate,192,Persentase Penduduk Miskin (P0) Menurut Provinsi dan Daerah,Persen,Kemiskinan dan Ketimpangan,0000,1900,KEP. BANGKA BELITUNG,433,Perdesaan,124,2024,62,Semester 2 (September),6.49,190019243312462,2026-02-05 13:03:51
poverty_rate,192,Persentase Penduduk Miskin (P0) Menurut Provinsi dan Daerah,Persen,Kemiskinan dan Ketimpangan,0000,1900,KEP. BANGKA BELITUNG,434,Jumlah,124,2024,61,Semester 1 (Maret),4.55,190019243412461,2026-02-05 13:03:51
poverty_rate,192,Persentase Penduduk Miskin (P0) Menurut Provinsi dan Daerah,Persen,Kemiskinan dan Ketimpangan,0000,1900,KEP. BANGKA BELITUNG,434,Jumlah,124,2024,62,Semester 2 (September),5.08,190019243412462,2026-02-05 13:03:51
poverty_rate,192,Persentase Penduduk Miskin (P0) Menurut Provinsi dan Daerah,Persen,Kemiskinan dan Ketimpangan,0000,2100,KEP. RIAU,432,Perkotaan,124,2024,61,Semester 1 (Maret),4.85,210019243212461,2026-02-05 13:03:51
poverty_rate,192,Persentase Penduduk Miskin (P0) Menurut Provinsi dan Daerah,Persen,Kemiskinan dan Ketimpangan,0000,2100,KEP. RIAU,432,Perkotaan,124,2024,62,Semester 2 (September),4.36,210019243212462,2026-02-05 13:03:51
poverty_rate,192,Persentase Penduduk Miskin (P0) Menurut Provinsi dan Daerah,Persen,Kemiskinan dan Ketimpangan,0000,2100,KEP. RIAU,433,Perdesaan,124,2024,61,Semester 1 (Maret),9.94,210019243312461,2026-02-05 13:03:51
poverty_rate,192,Persentase Penduduk Miskin (P0) Menurut Provinsi dan Daerah,Persen,Kemiskinan dan Ketimpangan,0000,2100,KEP. RIAU,433,Perdesaan,124,2024,62,Semester 2 (September),8.55,210019243312462,2026-02-05 13:03:51
poverty_rate,192,Persentase Penduduk Miskin (P0) Menurut Provinsi dan Daerah,Persen,Kemiskinan dan Ketimpangan,0000,2100,KEP. RIAU,434,Jumlah,124,2024,61,Semester 1 (Maret),5.37,210019243412461,2026-02-05 13:03:51
poverty_rate,192,Persentase Penduduk Miskin (P0) Menurut Provinsi dan Daerah,Persen,Kemiskinan dan Ketimpangan,0000,2100,KEP. RIAU,434,Jumlah,124,2024,62,Semester 2 (September),4.78,210019243412462,2026-02-05 13:03:51
poverty_rate,192,Persentase Penduduk Miskin (P0) Menurut Provinsi dan Daerah,Persen,Kemiskinan dan Ketimpangan,0000,3100,DKI JAKARTA,432,Perkotaan,124,2024,61,Semester 1 (Maret),4.3,310019243212461,2026-02-05 13:03:51
poverty_rate,192,Persentase Penduduk Miskin (P0) Menurut Provinsi dan Daerah,Persen,Kemiskinan dan Ketimpangan,0000,3100,DKI JAKARTA,432,Perkotaan,124,2024,62,Semester 2 (September),4.14,310019243212462,2026-02-05 13:03:51
poverty_rate,192,Persentase Penduduk Miskin (P0) Menurut Provinsi dan Daerah,Persen,Kemiskinan dan Ketimpangan,0000,3100,DKI JAKARTA,434,Jumlah,124,2024,61,Semester 1 (Maret),4.3,310019243412461,2026-02-05 13:03:51
poverty_rate,192,Persentase Penduduk Miskin (P0) Menurut Provinsi dan Daerah,Persen,Kemiskinan dan Ketimpangan,0000,3100,DKI JAKARTA,434,Jumlah,124,2024,62,Semester 2 (September),4.14,310019243412462,2026-02-05 13:03:51
poverty_rate,192,Persentase Penduduk Miskin (P0) Menurut Provinsi dan Daerah,Persen,Kemiskinan dan Ketimpangan,0000,3200,JAWA BARAT,432,Perkotaan,124,2024,61,Semester 1 (Maret),7.07,320019243212461,2026-02-05 13:03:51
poverty_rate,192,Persentase Penduduk Miskin (P0) Menurut Provinsi dan Daerah,Persen,Kemiskinan dan Ketimpangan,0000,3200,JAWA BARAT,432,Perkotaan,124,2024,62,Semester 2 (September),6.65,320019243212462,2026-02-05 13:03:51
poverty_rate,192,Persentase Penduduk Miskin (P0) Menurut Provinsi dan Daerah,Persen,Kemiskinan dan Ketimpangan,0000,3200,JAWA BARAT,433,Perdesaan,124,2024,61,Semester 1 (Maret),9.07,320019243312461,2026-02-05 13:03:51
poverty_rate,192,Persentase Penduduk Miskin (P0) Menurut Provinsi dan Daerah,Persen,Kemiskinan dan Ketimpangan,0000,3200,JAWA BARAT,433,Perdesaan,124,2024,62,Semester 2 (September),8.85,320019243312462,2026-02-05 13:03:51
poverty_rate,192,Persentase Penduduk Miskin (P0) Menurut Provinsi dan Daerah,Persen,Kemiskinan dan Ketimpangan,0000,3200,JAWA BARAT,434,Jumlah,124,2024,61,Semester 1 (Maret),7.46,320019243412461,2026-02-05 13:03:51
poverty_rate,192,Persentase Penduduk Miskin (P0) Menurut Provinsi dan Daerah,Persen,Kemiskinan dan Ketimpangan,0000,3200,JAWA BARAT,434,Jumlah,124,2024,62,Semester 2 (September),7.08,320019243412462,2026-02-05 13:03:51
poverty_rate,192,Persentase Penduduk Miskin (P0) Menurut Provinsi dan Daerah,Persen,Kemiskinan dan Ketimpangan,0000,3300,JAWA TENGAH,432,Perkotaan,124,2024,61,Semester 1 (Maret),9.71,330019243212461,2026-02-05 13:03:51
poverty_rate,192,Persentase Penduduk Miskin (P0) Menurut Provinsi dan Daerah,Persen,Kemiskinan dan Ketimpangan,0000,3300,JAWA TENGAH,432,Perkotaan,124,2024,62,Semester 2 (September),8.83,330019243212462,2026-02-05 13:03:51
poverty_rate,192,Persentase Penduduk Miskin (P0) Menurut Provinsi dan Daerah,Persen,Kemiskinan dan Ketimpangan,0000,3300,JAWA TENGAH,433,Perdesaan,124,2024,61,Semester 1 (Maret),11.34,330019243312461,2026-02-05 13:03:51
poverty_rate,192,Persentase Penduduk Miskin (P0) Menurut Provinsi dan Daerah,Persen,Kemiskinan dan Ketimpangan,0000,3300,JAWA TENGAH,433,Perdesaan,124,2024,62,Semester 2 (September),10.45,330019243312462,2026-02-05 13:03:51
poverty_rate,192,Persentase Penduduk Miskin (P0) Menurut Provinsi dan Daerah,Persen,Kemiskinan dan Ketimpangan,0000,3300,JAWA TENGAH,434,Jumlah,124,2024,61,Semester 1 (Maret),10.47,330019243412461,2026-02-05 13:03:51
poverty_rate,192,Persentase Penduduk Miskin (P0) Menurut Provinsi dan Daerah,Persen,Kemiskinan dan Ketimpangan,0000,3300,JAWA TENGAH,434,Jumlah,124,2024,62,Semester 2 (September),9.58,330019243412462,2026-02-05 13:03:51
poverty_rate,192,Persentase Penduduk Miskin (P0) Menurut Provinsi dan Daerah,Persen,Kemiskinan dan Ketimpangan,0000,3400,DI YOGYAKARTA,432,Perkotaan,124,2024,61,Semester 1 (Maret),10.29,340019243212461,2026-02-05 13:03:51
poverty_rate,192,Persentase Penduduk Miskin (P0) Menurut Provinsi dan Daerah,Persen,Kemiskinan dan Ketimpangan,0000,3400,DI YOGYAKARTA,432,Perkotaan,124,2024,62,Semester 2 (September),10.11,340019243212462,2026-02-05 13:03:51
poverty_rate,192,Persentase Penduduk Miskin (P0) Menurut Provinsi dan Daerah,Persen,Kemiskinan dan Ketimpangan,0000,3400,DI YOGYAKARTA,433,Perdesaan,124,2024,61,Semester 1 (Maret),12.49,340019243312461,2026-02-05 13:03:51
poverty_rate,192,Persentase Penduduk Miskin (P0) Menurut Provinsi dan Daerah,Persen,Kemiskinan dan Ketimpangan,0000,3400,DI YOGYAKARTA,433,Perdesaan,124,2024,62,Semester 2 (September),11.31,340019243312462,2026-02-05 13:03:51
poverty_rate,192,Persentase Penduduk Miskin (P0) Menurut Provinsi dan Daerah,Persen,Kemiskinan dan Ketimpangan,0000,3400,DI YOGYAKARTA,434,Jumlah,124,2024,61,Semester 1 (Maret),10.83,340019243412461,2026-02-05 13:03:51
poverty_rate,192,Persentase Penduduk Miskin (P0) Menurut Provinsi dan Daerah,Persen,Kemiskinan dan Ketimpangan,0000,3400,DI YOGYAKARTA,434,Jumlah,124,2024,62,Semester 2 (September),10.4,340019243412462,2026-02-05 13:03:51
poverty_rate,192,Persentase Penduduk Miskin (P0) Menurut Provinsi dan Daerah,Persen,Kemiskinan dan Ketimpangan,0000,3500,JAWA TIMUR,432,Perkotaan,124,2024,61,Semester 1 (Maret),7.12,350019243212461,2026-02-05 13:03:51
poverty_rate,192,Persentase Penduduk Miskin (P0) Menurut Provinsi dan Daerah,Persen,Kemiskinan dan Ketimpangan,0000,3500,JAWA TIMUR,432,Perkotaan,124,2024,62,Semester 2 (September),6.83,350019243212462,2026-02-05 13:03:51
poverty_rate,192,Persentase Penduduk Miskin (P0) Menurut Provinsi dan Daerah,Persen,Kemiskinan dan Ketimpangan,0000,3500,JAWA TIMUR,433,Perdesaan,124,2024,61,Semester 1 (Maret),13.3,350019243312461,2026-02-05 13:03:51
poverty_rate,192,Persentase Penduduk Miskin (P0) Menurut Provinsi dan Daerah,Persen,Kemiskinan dan Ketimpangan,0000,3500,JAWA TIMUR,433,Perdesaan,124,2024,62,Semester 2 (September),13.19,350019243312462,2026-02-05 13:03:51
poverty_rate,192,Persentase Penduduk Miskin (P0) Menurut Provinsi dan Daerah,Persen,Kemiskinan dan Ketimpangan,0000,3500,JAWA TIMUR,434,Jumlah,124,2024,61,Semester 1 (Maret),9.79,350019243412461,2026-02-05 13:03:51
poverty_rate,192,Persentase Penduduk Miskin (P0) Menurut Provinsi dan Daerah,Persen,Kemiskinan dan Ketimpangan,0000,3500,JAWA TIMUR,434,Jumlah,124,2024,62,Semester 2 (September),9.56,350019243412462,2026-02-05 13:03:51
poverty_rate,192,Persentase Penduduk Miskin (P0) Menurut Provinsi dan Daerah,Persen,Kemiskinan dan Ketimpangan,0000,3600,BANTEN,432,Perkotaan,124,2024,61,Semester 1 (Maret),5.69,360019243212461,2026-02-05 13:03:51
poverty_rate,192,Persentase Penduduk Miskin (P0) Menurut Provinsi dan Daerah,Persen,Kemiskinan dan Ketimpangan,0000,3600,BANTEN,432,Perkotaan,124,2024,62,Semester 2 (September),5.57,360019243212462,2026-02-05 13:03:51
poverty_rate,192,Persentase Penduduk Miskin (P0) Menurut Provinsi dan Daerah,Persen,Kemiskinan dan Ketimpangan,0000,3600,BANTEN,433,Perdesaan,124,2024,61,Semester 1 (Maret),6.44,360019243312461,2026-02-05 13:03:51
poverty_rate,192,Persentase Penduduk Miskin (P0) Menurut Provinsi dan Daerah,Persen,Kemiskinan dan Ketimpangan,0000,3600,BANTEN,433,Perdesaan,124,2024,62,Semester 2 (September),6.2,360019243312462,2026-02-05 13:03:51
poverty_rate,192,Persentase Penduduk Miskin (P0) Menurut Provinsi dan Daerah,Persen,Kemiskinan dan Ketimpangan,0000,3600,BANTEN,434,Jumlah,124,2024,61,Semester 1 (Maret),5.84,360019243412461,2026-02-05 13:03:51
poverty_rate,192,Persentase Penduduk Miskin (P0) Menurut Provinsi dan Daerah,Persen,Kemiskinan dan Ketimpangan,0000,3600,BANTEN,434,Jumlah,124,2024,62,Semester 2 (September),5.7,360019243412462,2026-02-05 13:03:51
poverty_rate,192,Persentase Penduduk Miskin (P0) Menurut Provinsi dan Daerah,Persen,Kemiskinan dan Ketimpangan,0000,5100,BALI,432,Perkotaan,124,2024,61,Semester 1 (Maret),3.55,510019243212461,2026-02-05 13:03:51
poverty_rate,192,Persentase Penduduk Miskin (P0) Menurut Provinsi dan Daerah,Persen,Kemiskinan dan Ketimpangan,0000,5100,BALI,432,Perkotaan,124,2024,62,Semester 2 (September),3.32,510019243212462,2026-02-05 13:03:51
poverty_rate,192,Persentase Penduduk Miskin (P0) Menurut Provinsi dan Daerah,Persen,Kemiskinan dan Ketimpangan,0000,5100,BALI,433,Perdesaan,124,2024,61,Semester 1 (Maret),5.2,510019243312461,2026-02-05 13:03:51
poverty_rate,192,Persentase Penduduk Miskin (P0) Menurut Provinsi dan Daerah,Persen,Kemiskinan dan Ketimpangan,0000,5100,BALI,433,Perdesaan,124,2024,62,Semester 2 (September),5.11,510019243312462,2026-02-05 13:03:51
poverty_rate,192,Persentase Penduduk Miskin (P0) Menurut Provinsi dan Daerah,Persen,Kemiskinan dan Ketimpangan,0000,5100,BALI,434,Jumlah,124,2024,61,Semester 1 (Maret),4,510019243412461,2026-02-05 13:03:51
poverty_rate,192,Persentase Penduduk Miskin (P0) Menurut Provinsi dan Daerah,Persen,Kemiskinan dan Ketimpangan,0000,5100,BALI,434,Jumlah,124,2024,62,Semester 2 (September),3.8,510019243412462,2026-02-05 13:03:51
poverty_rate,192,Persentase Penduduk Miskin (P0) Menurut Provinsi dan Daerah,Persen,Kemiskinan dan Ketimpangan,0000,5200,NUSA TENGGARA BARAT,432,Perkotaan,124,2024,61,Semester 1 (Maret),12.86,520019243212461,2026-02-05 13:03:51
poverty_rate,192,Persentase Penduduk Miskin (P0) Menurut Provinsi dan Daerah,Persen,Kemiskinan dan Ketimpangan,0000,5200,NUSA TENGGARA BARAT,432,Perkotaan,124,2024,62,Semester 2 (September),11.64,520019243212462,2026-02-05 13:03:51
poverty_rate,192,Persentase Penduduk Miskin (P0) Menurut Provinsi dan Daerah,Persen,Kemiskinan dan Ketimpangan,0000,5200,NUSA TENGGARA BARAT,433,Perdesaan,124,2024,61,Semester 1 (Maret),12.95,520019243312461,2026-02-05 13:03:51
poverty_rate,192,Persentase Penduduk Miskin (P0) Menurut Provinsi dan Daerah,Persen,Kemiskinan dan Ketimpangan,0000,5200,NUSA TENGGARA BARAT,433,Perdesaan,124,2024,62,Semester 2 (September),12.21,520019243312462,2026-02-05 13:03:51
poverty_rate,192,Persentase Penduduk Miskin (P0) Menurut Provinsi dan Daerah,Persen,Kemiskinan dan Ketimpangan,0000,5200,NUSA TENGGARA BARAT,434,Jumlah,124,2024,61,Semester 1 (Maret),12.91,520019243412461,2026-02-05 13:03:51
poverty_rate,192,Persentase Penduduk Miskin (P0) Menurut Provinsi dan Daerah,Persen,Kemiskinan dan Ketimpangan,0000,5200,NUSA TENGGARA BARAT,434,Jumlah,124,2024,62,Semester 2 (September),11.91,520019243412462,2026-02-05 13:03:51
poverty_rate,192,Persentase Penduduk Miskin (P0) Menurut Provinsi dan Daerah,Persen,Kemiskinan dan Ketimpangan,0000,5300,NUSA TENGGARA TIMUR,432,Perkotaan,124,2024,61,Semester 1 (Maret),8.57,530019243212461,2026-02-05 13:03:51
poverty_rate,192,Persentase Penduduk Miskin (P0) Menurut Provinsi dan Daerah,Persen,Kemiskinan dan Ketimpangan,0000,5300,NUSA TENGGARA TIMUR,432,Perkotaan,124,2024,62,Semester 2 (September),8.11,530019243212462,2026-02-05 13:03:51
poverty_rate,192,Persentase Penduduk Miskin (P0) Menurut Provinsi dan Daerah,Persen,Kemiskinan dan Ketimpangan,0000,5300,NUSA TENGGARA TIMUR,433,Perdesaan,124,2024,61,Semester 1 (Maret),23.41,530019243312461,2026-02-05 13:03:51
poverty_rate,192,Persentase Penduduk Miskin (P0) Menurut Provinsi dan Daerah,Persen,Kemiskinan dan Ketimpangan,0000,5300,NUSA TENGGARA TIMUR,433,Perdesaan,124,2024,62,Semester 2 (September),23.02,530019243312462,2026-02-05 13:03:51
poverty_rate,192,Persentase Penduduk Miskin (P0) Menurut Provinsi dan Daerah,Persen,Kemiskinan dan Ketimpangan,0000,5300,NUSA TENGGARA TIMUR,434,Jumlah,124,2024,61,Semester 1 (Maret),19.48,530019243412461,2026-02-05 13:03:51
poverty_rate,192,Persentase Penduduk Miskin (P0) Menurut Provinsi dan Daerah,Persen,Kemiskinan dan Ketimpangan,0000,5300,NUSA TENGGARA TIMUR,434,Jumlah,124,2024,62,Semester 2 (September),19.02,530019243412462,2026-02-05 13:03:51
poverty_rate,192,Persentase Penduduk Miskin (P0) Menurut Provinsi dan Daerah,Persen,Kemiskinan dan Ketimpangan,0000,6100,KALIMANTAN BARAT,432,Perkotaan,124,2024,61,Semester 1 (Maret),4.25,610019243212461,2026-02-05 13:03:51
poverty_rate,192,Persentase Penduduk Miskin (P0) Menurut Provinsi dan Daerah,Persen,Kemiskinan dan Ketimpangan,0000,6100,KALIMANTAN BARAT,432,Perkotaan,124,2024,62,Semester 2 (September),4.62,610019243212462,2026-02-05 13:03:51
poverty_rate,192,Persentase Penduduk Miskin (P0) Menurut Provinsi dan Daerah,Persen,Kemiskinan dan Ketimpangan,0000,6100,KALIMANTAN BARAT,433,Perdesaan,124,2024,61,Semester 1 (Maret),7.58,610019243312461,2026-02-05 13:03:51
poverty_rate,192,Persentase Penduduk Miskin (P0) Menurut Provinsi dan Daerah,Persen,Kemiskinan dan Ketimpangan,0000,6100,KALIMANTAN BARAT,433,Perdesaan,124,2024,62,Semester 2 (September),7.26,610019243312462,2026-02-05 13:03:51
poverty_rate,192,Persentase Penduduk Miskin (P0) Menurut Provinsi dan Daerah,Persen,Kemiskinan dan Ketimpangan,0000,6100,KALIMANTAN BARAT,434,Jumlah,124,2024,61,Semester 1 (Maret),6.32,610019243412461,2026-02-05 13:03:51
poverty_rate,192,Persentase Penduduk Miskin (P0) Menurut Provinsi dan Daerah,Persen,Kemiskinan dan Ketimpangan,0000,6100,KALIMANTAN BARAT,434,Jumlah,124,2024,62,Semester 2 (September),6.25,610019243412462,2026-02-05 13:03:51
poverty_rate,192,Persentase Penduduk Miskin (P0) Menurut Provinsi dan Daerah,Persen,Kemiskinan dan Ketimpangan,0000,6200,KALIMANTAN TENGAH,432,Perkotaan,124,2024,61,Semester 1 (Maret),4.89,620019243212461,2026-02-05 13:03:51
poverty_rate,192,Persentase Penduduk Miskin (P0) Menurut Provinsi dan Daerah,Persen,Kemiskinan dan Ketimpangan,0000,6200,KALIMANTAN TENGAH,432,Perkotaan,124,2024,62,Semester 2 (September),5.22,620019243212462,2026-02-05 13:03:51
poverty_rate,192,Persentase Penduduk Miskin (P0) Menurut Provinsi dan Daerah,Persen,Kemiskinan dan Ketimpangan,0000,6200,KALIMANTAN TENGAH,433,Perdesaan,124,2024,61,Semester 1 (Maret),5.38,620019243312461,2026-02-05 13:03:51
poverty_rate,192,Persentase Penduduk Miskin (P0) Menurut Provinsi dan Daerah,Persen,Kemiskinan dan Ketimpangan,0000,6200,KALIMANTAN TENGAH,433,Perdesaan,124,2024,62,Semester 2 (September),5.29,620019243312462,2026-02-05 13:03:51
poverty_rate,192,Persentase Penduduk Miskin (P0) Menurut Provinsi dan Daerah,Persen,Kemiskinan dan Ketimpangan,0000,6200,KALIMANTAN TENGAH,434,Jumlah,124,2024,61,Semester 1 (Maret),5.17,620019243412461,2026-02-05 13:03:51
poverty_rate,192,Persentase Penduduk Miskin (P0) Menurut Provinsi dan Daerah,Persen,Kemiskinan dan Ketimpangan,0000,6200,KALIMANTAN TENGAH,434,Jumlah,124,2024,62,Semester 2 (September),5.26,620019243412462,2026-02-05 13:03:51
poverty_rate,192,Persentase Penduduk Miskin (P0) Menurut Provinsi dan Daerah,Persen,Kemiskinan dan Ketimpangan,0000,6300,KALIMANTAN SELATAN,432,Perkotaan,124,2024,61,Semester 1 (Maret),3.62,630019243212461,2026-02-05 13:03:51
poverty_rate,192,Persentase Penduduk Miskin (P0) Menurut Provinsi dan Daerah,Persen,Kemiskinan dan Ketimpangan,0000,6300,KALIMANTAN SELATAN,432,Perkotaan,124,2024,62,Semester 2 (September),3.59,630019243212462,2026-02-05 13:03:51
poverty_rate,192,Persentase Penduduk Miskin (P0) Menurut Provinsi dan Daerah,Persen,Kemiskinan dan Ketimpangan,0000,6300,KALIMANTAN SELATAN,433,Perdesaan,124,2024,61,Semester 1 (Maret),4.61,630019243312461,2026-02-05 13:03:51
poverty_rate,192,Persentase Penduduk Miskin (P0) Menurut Provinsi dan Daerah,Persen,Kemiskinan dan Ketimpangan,0000,6300,KALIMANTAN SELATAN,433,Perdesaan,124,2024,62,Semester 2 (September),4.46,630019243312462,2026-02-05 13:03:51
poverty_rate,192,Persentase Penduduk Miskin (P0) Menurut Provinsi dan Daerah,Persen,Kemiskinan dan Ketimpangan,0000,6300,KALIMANTAN SELATAN,434,Jumlah,124,2024,61,Semester 1 (Maret),4.11,630019243412461,2026-02-05 13:03:51
poverty_rate,192,Persentase Penduduk Miskin (P0) Menurut Provinsi dan Daerah,Persen,Kemiskinan dan Ketimpangan,0000,6300,KALIMANTAN SELATAN,434,Jumlah,124,2024,62,Semester 2 (September),4.02,630019243412462,2026-02-05 13:03:51
poverty_rate,192,Persentase Penduduk Miskin (P0) Menurut Provinsi dan Daerah,Persen,Kemiskinan dan Ketimpangan,0000,6400,KALIMANTAN TIMUR,432,Perkotaan,124,2024,61,Semester 1 (Maret),4.47,640019243212461,2026-02-05 13:03:51
poverty_rate,192,Persentase Penduduk Miskin (P0) Menurut Provinsi dan Daerah,Persen,Kemiskinan dan Ketimpangan,0000,6400,KALIMANTAN TIMUR,432,Perkotaan,124,2024,62,Semester 2 (September),4.41,640019243212462,2026-02-05 13:03:51
poverty_rate,192,Persentase Penduduk Miskin (P0) Menurut Provinsi dan Daerah,Persen,Kemiskinan dan Ketimpangan,0000,6400,KALIMANTAN TIMUR,433,Perdesaan,124,2024,61,Semester 1 (Maret),8.76,640019243312461,2026-02-05 13:03:51
poverty_rate,192,Persentase Penduduk Miskin (P0) Menurut Provinsi dan Daerah,Persen,Kemiskinan dan Ketimpangan,0000,6400,KALIMANTAN TIMUR,433,Perdesaan,124,2024,62,Semester 2 (September),8,640019243312462,2026-02-05 13:03:51
poverty_rate,192,Persentase Penduduk Miskin (P0) Menurut Provinsi dan Daerah,Persen,Kemiskinan dan Ketimpangan,0000,6400,KALIMANTAN TIMUR,434,Jumlah,124,2024,61,Semester 1 (Maret),5.78,640019243412461,2026-02-05 13:03:51
poverty_rate,192,Persentase Penduduk Miskin (P0) Menurut Provinsi dan Daerah,Persen,Kemiskinan dan Ketimpangan,0000,6400,KALIMANTAN TIMUR,434,Jumlah,124,2024,62,Semester 2 (September),5.51,640019243412462,2026-02-05 13:03:51
poverty_rate,192,Persentase Penduduk Miskin (P0) Menurut Provinsi dan Daerah,Persen,Kemiskinan dan Ketimpangan,0000,6500,KALIMANTAN UTARA,432,Perkotaan,124,2024,61,Semester 1 (Maret),4.73,650019243212461,2026-02-05 13:03:51
poverty_rate,192,Persentase Penduduk Miskin (P0) Menurut Provinsi dan Daerah,Persen,Kemiskinan dan Ketimpangan,0000,6500,KALIMANTAN UTARA,432,Perkotaan,124,2024,62,Semester 2 (September),5.07,650019243212462,2026-02-05 13:03:51
poverty_rate,192,Persentase Penduduk Miskin (P0) Menurut Provinsi dan Daerah,Persen,Kemiskinan dan Ketimpangan,0000,6500,KALIMANTAN UTARA,433,Perdesaan,124,2024,61,Semester 1 (Maret),9.23,650019243312461,2026-02-05 13:03:51
poverty_rate,192,Persentase Penduduk Miskin (P0) Menurut Provinsi dan Daerah,Persen,Kemiskinan dan Ketimpangan,0000,6500,KALIMANTAN UTARA,433,Perdesaan,124,2024,62,Semester 2 (September),5.96,650019243312462,2026-02-05 13:03:51
poverty_rate,192,Persentase Penduduk Miskin (P0) Menurut Provinsi dan Daerah,Persen,Kemiskinan dan Ketimpangan,0000,6500,KALIMANTAN UTARA,434,Jumlah,124,2024,61,Semester 1 (Maret),6.32,650019243412461,2026-02-05 13:03:51
poverty_rate,192,Persentase Penduduk Miskin (P0) Menurut Provinsi dan Daerah,Persen,Kemiskinan dan Ketimpangan,0000,6500,KALIMANTAN UTARA,434,Jumlah,124,2024,62,Semester 2 (September),5.38,650019243412462,2026-02-05 13:03:51
poverty_rate,192,Persentase Penduduk Miskin (P0) Menurut Provinsi dan Daerah,Persen,Kemiskinan dan Ketimpangan,0000,7100,SULAWESI UTARA,432,Perkotaan,124,2024,61,Semester 1 (Maret),4.75,710019243212461,2026-02-05 13:03:51
poverty_rate,192,Persentase Penduduk Miskin (P0) Menurut Provinsi dan Daerah,Persen,Kemiskinan dan Ketimpangan,0000,7100,SULAWESI UTARA,432,Perkotaan,124,2024,62,Semester 2 (September),4.07,710019243212462,2026-02-05 13:03:51
poverty_rate,192,Persentase Penduduk Miskin (P0) Menurut Provinsi dan Daerah,Persen,Kemiskinan dan Ketimpangan,0000,7100,SULAWESI UTARA,433,Perdesaan,124,2024,61,Semester 1 (Maret),10.35,710019243312461,2026-02-05 13:03:51
poverty_rate,192,Persentase Penduduk Miskin (P0) Menurut Provinsi dan Daerah,Persen,Kemiskinan dan Ketimpangan,0000,7100,SULAWESI UTARA,433,Perdesaan,124,2024,62,Semester 2 (September),10.14,710019243312462,2026-02-05 13:03:51
poverty_rate,192,Persentase Penduduk Miskin (P0) Menurut Provinsi dan Daerah,Persen,Kemiskinan dan Ketimpangan,0000,7100,SULAWESI UTARA,434,Jumlah,124,2024,61,Semester 1 (Maret),7.25,710019243412461,2026-02-05 13:03:51
poverty_rate,192,Persentase Penduduk Miskin (P0) Menurut Provinsi dan Daerah,Persen,Kemiskinan dan Ketimpangan,0000,7100,SULAWESI UTARA,434,Jumlah,124,2024,62,Semester 2 (September),6.7,710019243412462,2026-02-05 13:03:51
poverty_rate,192,Persentase Penduduk Miskin (P0) Menurut Provinsi dan Daerah,Persen,Kemiskinan dan Ketimpangan,0000,7200,SULAWESI TENGAH,432,Perkotaan,124,2024,61,Semester 1 (Maret),8.61,720019243212461,2026-02-05 13:03:51
poverty_rate,192,Persentase Penduduk Miskin (P0) Menurut Provinsi dan Daerah,Persen,Kemiskinan dan Ketimpangan,0000,7200,SULAWESI TENGAH,432,Perkotaan,124,2024,62,Semester 2 (September),7.34,720019243212462,2026-02-05 13:03:51
poverty_rate,192,Persentase Penduduk Miskin (P0) Menurut Provinsi dan Daerah,Persen,Kemiskinan dan Ketimpangan,0000,7200,SULAWESI TENGAH,433,Perdesaan,124,2024,61,Semester 1 (Maret),13.33,720019243312461,2026-02-05 13:03:51
poverty_rate,192,Persentase Penduduk Miskin (P0) Menurut Provinsi dan Daerah,Persen,Kemiskinan dan Ketimpangan,0000,7200,SULAWESI TENGAH,433,Perdesaan,124,2024,62,Semester 2 (September),12.9,720019243312462,2026-02-05 13:03:51
poverty_rate,192,Persentase Penduduk Miskin (P0) Menurut Provinsi dan Daerah,Persen,Kemiskinan dan Ketimpangan,0000,7200,SULAWESI TENGAH,434,Jumlah,124,2024,61,Semester 1 (Maret),11.77,720019243412461,2026-02-05 13:03:51
poverty_rate,192,Persentase Penduduk Miskin (P0) Menurut Provinsi dan Daerah,Persen,Kemiskinan dan Ketimpangan,0000,7200,SULAWESI TENGAH,434,Jumlah,124,2024,62,Semester 2 (September),11.04,720019243412462,2026-02-05 13:03:51
poverty_rate,192,Persentase Penduduk Miskin (P0) Menurut Provinsi dan Daerah,Persen,Kemiskinan dan Ketimpangan,0000,7300,SULAWESI SELATAN,432,Perkotaan,124,2024,61,Semester 1 (Maret),5.08,730019243212461,2026-02-05 13:03:51
poverty_rate,192,Persentase Penduduk Miskin (P0) Menurut Provinsi dan Daerah,Persen,Kemiskinan dan Ketimpangan,0000,7300,SULAWESI SELATAN,432,Perkotaan,124,2024,62,Semester 2 (September),5.21,730019243212462,2026-02-05 13:03:51
poverty_rate,192,Persentase Penduduk Miskin (P0) Menurut Provinsi dan Daerah,Persen,Kemiskinan dan Ketimpangan,0000,7300,SULAWESI SELATAN,433,Perdesaan,124,2024,61,Semester 1 (Maret),10.74,730019243312461,2026-02-05 13:03:51
poverty_rate,192,Persentase Penduduk Miskin (P0) Menurut Provinsi dan Daerah,Persen,Kemiskinan dan Ketimpangan,0000,7300,SULAWESI SELATAN,433,Perdesaan,124,2024,62,Semester 2 (September),10.11,730019243312462,2026-02-05 13:03:51
poverty_rate,192,Persentase Penduduk Miskin (P0) Menurut Provinsi dan Daerah,Persen,Kemiskinan dan Ketimpangan,0000,7300,SULAWESI SELATAN,434,Jumlah,124,2024,61,Semester 1 (Maret),8.06,730019243412461,2026-02-05 13:03:51
poverty_rate,192,Persentase Penduduk Miskin (P0) Menurut Provinsi dan Daerah,Persen,Kemiskinan dan Ketimpangan,0000,7300,SULAWESI SELATAN,434,Jumlah,124,2024,62,Semester 2 (September),7.77,730019243412462,2026-02-05 13:03:51
poverty_rate,192,Persentase Penduduk Miskin (P0) Menurut Provinsi dan Daerah,Persen,Kemiskinan dan Ketimpangan,0000,7400,SULAWESI TENGGARA,432,Perkotaan,124,2024,61,Semester 1 (Maret),7.45,740019243212461,2026-02-05 13:03:51
poverty_rate,192,Persentase Penduduk Miskin (P0) Menurut Provinsi dan Daerah,Persen,Kemiskinan dan Ketimpangan,0000,7400,SULAWESI TENGGARA,432,Perkotaan,124,2024,62,Semester 2 (September),6.78,740019243212462,2026-02-05 13:03:51
poverty_rate,192,Persentase Penduduk Miskin (P0) Menurut Provinsi dan Daerah,Persen,Kemiskinan dan Ketimpangan,0000,7400,SULAWESI TENGGARA,433,Perdesaan,124,2024,61,Semester 1 (Maret),13.6,740019243312461,2026-02-05 13:03:51
poverty_rate,192,Persentase Penduduk Miskin (P0) Menurut Provinsi dan Daerah,Persen,Kemiskinan dan Ketimpangan,0000,7400,SULAWESI TENGGARA,433,Perdesaan,124,2024,62,Semester 2 (September),13.07,740019243312462,2026-02-05 13:03:51
poverty_rate,192,Persentase Penduduk Miskin (P0) Menurut Provinsi dan Daerah,Persen,Kemiskinan dan Ketimpangan,0000,7400,SULAWESI TENGGARA,434,Jumlah,124,2024,61,Semester 1 (Maret),11.21,740019243412461,2026-02-05 13:03:51
poverty_rate,192,Persentase Penduduk Miskin (P0) Menurut Provinsi dan Daerah,Persen,Kemiskinan dan Ketimpangan,0000,7400,SULAWESI TENGGARA,434,Jumlah,124,2024,62,Semester 2 (September),10.63,740019243412462,2026-02-05 13:03:51
poverty_rate,192,Persentase Penduduk Miskin (P0) Menurut Provinsi dan Daerah,Persen,Kemiskinan dan Ketimpangan,0000,7500,GORONTALO,432,Perkotaan,124,2024,61,Semester 1 (Maret),4.57,750019243212461,2026-02-05 13:03:51
poverty_rate,192,Persentase Penduduk Miskin (P0) Menurut Provinsi dan Daerah,Persen,Kemiskinan dan Ketimpangan,0000,7500,GORONTALO,432,Perkotaan,124,2024,62,Semester 2 (September),4.99,750019243212462,2026-02-05 13:03:51
poverty_rate,192,Persentase Penduduk Miskin (P0) Menurut Provinsi dan Daerah,Persen,Kemiskinan dan Ketimpangan,0000,7500,GORONTALO,433,Perdesaan,124,2024,61,Semester 1 (Maret),22.97,750019243312461,2026-02-05 13:03:51
poverty_rate,192,Persentase Penduduk Miskin (P0) Menurut Provinsi dan Daerah,Persen,Kemiskinan dan Ketimpangan,0000,7500,GORONTALO,433,Perdesaan,124,2024,62,Semester 2 (September),21.62,750019243312462,2026-02-05 13:03:51
poverty_rate,192,Persentase Penduduk Miskin (P0) Menurut Provinsi dan Daerah,Persen,Kemiskinan dan Ketimpangan,0000,7500,GORONTALO,434,Jumlah,124,2024,61,Semester 1 (Maret),14.57,750019243412461,2026-02-05 13:03:51
poverty_rate,192,Persentase Penduduk Miskin (P0) Menurut Provinsi dan Daerah,Persen,Kemiskinan dan Ketimpangan,0000,7500,GORONTALO,434,Jumlah,124,2024,62,Semester 2 (September),13.87,750019243412462,2026-02-05 13:03:51
poverty_rate,192,Persentase Penduduk Miskin (P0) Menurut Provinsi dan Daerah,Persen,Kemiskinan dan Ketimpangan,0000,7600,SULAWESI BARAT,432,Perkotaan,124,2024,61,Semester 1 (Maret),9.29,760019243212461,2026-02-05 13:03:51
poverty_rate,192,Persentase Penduduk Miskin (P0) Menurut Provinsi dan Daerah,Persen,Kemiskinan dan Ketimpangan,0000,7600,SULAWESI BARAT,432,Perkotaan,124,2024,62,Semester 2 (September),8.33,760019243212462,2026-02-05 13:03:51
poverty_rate,192,Persentase Penduduk Miskin (P0) Menurut Provinsi dan Daerah,Persen,Kemiskinan dan Ketimpangan,0000,7600,SULAWESI BARAT,433,Perdesaan,124,2024,61,Semester 1 (Maret),11.7,760019243312461,2026-02-05 13:03:51
poverty_rate,192,Persentase Penduduk Miskin (P0) Menurut Provinsi dan Daerah,Persen,Kemiskinan dan Ketimpangan,0000,7600,SULAWESI BARAT,433,Perdesaan,124,2024,62,Semester 2 (September),11.32,760019243312462,2026-02-05 13:03:51
poverty_rate,192,Persentase Penduduk Miskin (P0) Menurut Provinsi dan Daerah,Persen,Kemiskinan dan Ketimpangan,0000,7600,SULAWESI BARAT,434,Jumlah,124,2024,61,Semester 1 (Maret),11.21,760019243412461,2026-02-05 13:03:51
poverty_rate,192,Persentase Penduduk Miskin (P0) Menurut Provinsi dan Daerah,Persen,Kemiskinan dan Ketimpangan,0000,7600,SULAWESI BARAT,434,Jumlah,124,2024,62,Semester 2 (September),10.71,760019243412462,2026-02-05 13:03:51
poverty_rate,192,Persentase Penduduk Miskin (P0) Menurut Provinsi dan Daerah,Persen,Kemiskinan dan Ketimpangan,0000,8100,MALUKU,432,Perkotaan,124,2024,61,Semester 1 (Maret),5.14,810019243212461,2026-02-05 13:03:51
poverty_rate,192,Persentase Penduduk Miskin (P0) Menurut Provinsi dan Daerah,Persen,Kemiskinan dan Ketimpangan,0000,8100,MALUKU,432,Perkotaan,124,2024,62,Semester 2 (September),4.59,810019243212462,2026-02-05 13:03:51
poverty_rate,192,Persentase Penduduk Miskin (P0) Menurut Provinsi dan Daerah,Persen,Kemiskinan dan Ketimpangan,0000,8100,MALUKU,433,Perdesaan,124,2024,61,Semester 1 (Maret),24.43,810019243312461,2026-02-05 13:03:51
poverty_rate,192,Persentase Penduduk Miskin (P0) Menurut Provinsi dan Daerah,Persen,Kemiskinan dan Ketimpangan,0000,8100,MALUKU,433,Perdesaan,124,2024,62,Semester 2 (September),25.08,810019243312462,2026-02-05 13:03:51
poverty_rate,192,Persentase Penduduk Miskin (P0) Menurut Provinsi dan Daerah,Persen,Kemiskinan dan Ketimpangan,0000,8100,MALUKU,434,Jumlah,124,2024,61,Semester 1 (Maret),16.05,810019243412461,2026-02-05 13:03:51
poverty_rate,192,Persentase Penduduk Miskin (P0) Menurut Provinsi dan Daerah,Persen,Kemiskinan dan Ketimpangan,0000,8100,MALUKU,434,Jumlah,124,2024,62,Semester 2 (September),15.78,810019243412462,2026-02-05 13:03:51
poverty_rate,192,Persentase Penduduk Miskin (P0) Menurut Provinsi dan Daerah,Persen,Kemiskinan dan Ketimpangan,0000,8200,MALUKU UTARA,432,Perkotaan,124,2024,61,Semester 1 (Maret),6.12,820019243212461,2026-02-05 13:03:51
poverty_rate,192,Persentase Penduduk Miskin (P0) Menurut Provinsi dan Daerah,Persen,Kemiskinan dan Ketimpangan,0000,8200,MALUKU UTARA,432,Perkotaan,124,2024,62,Semester 2 (September),6.27,820019243212462,2026-02-05 13:03:51
poverty_rate,192,Persentase Penduduk Miskin (P0) Menurut Provinsi dan Daerah,Persen,Kemiskinan dan Ketimpangan,0000,8200,MALUKU UTARA,433,Perdesaan,124,2024,61,Semester 1 (Maret),6.41,820019243312461,2026-02-05 13:03:51
poverty_rate,192,Persentase Penduduk Miskin (P0) Menurut Provinsi dan Daerah,Persen,Kemiskinan dan Ketimpangan,0000,8200,MALUKU UTARA,433,Perdesaan,124,2024,62,Semester 2 (September),5.93,820019243312462,2026-02-05 13:03:51
poverty_rate,192,Persentase Penduduk Miskin (P0) Menurut Provinsi dan Daerah,Persen,Kemiskinan dan Ketimpangan,0000,8200,MALUKU UTARA,434,Jumlah,124,2024,61,Semester 1 (Maret),6.32,820019243412461,2026-02-05 13:03:51
poverty_rate,192,Persentase Penduduk Miskin (P0) Menurut Provinsi dan Daerah,Persen,Kemiskinan dan Ketimpangan,0000,8200,MALUKU UTARA,434,Jumlah,124,2024,62,Semester 2 (September),6.03,820019243412462,2026-02-05 13:03:51
poverty_rate,192,Persentase Penduduk Miskin (P0) Menurut Provinsi dan Daerah,Persen,Kemiskinan dan Ketimpangan,0000,9100,PAPUA BARAT,432,Perkotaan,124,2024,61,Semester 1 (Maret),8.17,910019243212461,2026-02-05 13:03:51
poverty_rate,192,Persentase Penduduk Miskin (P0) Menurut Provinsi dan Daerah,Persen,Kemiskinan dan Ketimpangan,0000,9100,PAPUA BARAT,432,Perkotaan,124,2024,62,Semester 2 (September),9.5,910019243212462,2026-02-05 13:03:51
poverty_rate,192,Persentase Penduduk Miskin (P0) Menurut Provinsi dan Daerah,Persen,Kemiskinan dan Ketimpangan,0000,9100,PAPUA BARAT,433,Perdesaan,124,2024,61,Semester 1 (Maret),27.68,910019243312461,2026-02-05 13:03:51
poverty_rate,192,Persentase Penduduk Miskin (P0) Menurut Provinsi dan Daerah,Persen,Kemiskinan dan Ketimpangan,0000,9100,PAPUA BARAT,433,Perdesaan,124,2024,62,Semester 2 (September),26.34,910019243312462,2026-02-05 13:03:51
poverty_rate,192,Persentase Penduduk Miskin (P0) Menurut Provinsi dan Daerah,Persen,Kemiskinan dan Ketimpangan,0000,9100,PAPUA BARAT,434,Jumlah,124,2024,61,Semester 1 (Maret),21.66,910019243412461,2026-02-05 13:03:51
poverty_rate,192,Persentase Penduduk Miskin (P0) Menurut Provinsi dan Daerah,Persen,Kemiskinan dan Ketimpangan,0000,9100,PAPUA BARAT,434,Jumlah,124,2024,62,Semester 2 (September),21.09,910019243412462,2026-02-05 13:03:51
poverty_rate,192,Persentase Penduduk Miskin (P0) Menurut Provinsi dan Daerah,Persen,Kemiskinan dan Ketimpangan,0000,9200,PAPUA BARAT DAYA,432,Perkotaan,124,2024,61,Semester 1 (Maret),8.51,920019243212461,2026-02-05 13:03:51
poverty_rate,192,Persentase Penduduk Miskin (P0) Menurut Provinsi dan Daerah,Persen,Kemiskinan dan Ketimpangan,0000,9200,PAPUA BARAT DAYA,432,Perkotaan,124,2024,62,Semester 2 (September),8.03,920019243212462,2026-02-05 13:03:51
poverty_rate,192,Persentase Penduduk Miskin (P0) Menurut Provinsi dan Daerah,Persen,Kemiskinan dan Ketimpangan,0000,9200,PAPUA BARAT DAYA,433,Perdesaan,124,2024,61,Semester 1 (Maret),27.78,920019243312461,2026-02-05 13:03:51
poverty_rate,192,Persentase Penduduk Miskin (P0) Menurut Provinsi dan Daerah,Persen,Kemiskinan dan Ketimpangan,0000,9200,PAPUA BARAT DAYA,433,Perdesaan,124,2024,62,Semester 2 (September),25.9,920019243312462,2026-02-05 13:03:51
poverty_rate,192,Persentase Penduduk Miskin (P0) Menurut Provinsi dan Daerah,Persen,Kemiskinan dan Ketimpangan,0000,9200,PAPUA BARAT DAYA,434,Jumlah,124,2024,61,Semester 1 (Maret),18.13,920019243412461,2026-02-05 13:03:51
poverty_rate,192,Persentase Penduduk Miskin (P0) Menurut Provinsi dan Daerah,Persen,Kemiskinan dan Ketimpangan,0000,9200,PAPUA BARAT DAYA,434,Jumlah,124,2024,62,Semester 2 (September),16.95,920019243412462,2026-02-05 13:03:51
poverty_rate,192,Persentase Penduduk Miskin (P0) Menurut Provinsi dan Daerah,Persen,Kemiskinan dan Ketimpangan,0000,9400,PAPUA,432,Perkotaan,124,2024,61,Semester 1 (Maret),6.33,940019243212461,2026-02-05 13:03:51
poverty_rate,192,Persentase Penduduk Miskin (P0) Menurut Provinsi dan Daerah,Persen,Kemiskinan dan Ketimpangan,0000,9400,PAPUA,432,Perkotaan,124,2024,62,Semester 2 (September),5.93,940019243212462,2026-02-05 13:03:51
poverty_rate,192,Persentase Penduduk Miskin (P0) Menurut Provinsi dan Daerah,Persen,Kemiskinan dan Ketimpangan,0000,9400,PAPUA,433,Perdesaan,124,2024,61,Semester 1 (Maret),33.67,940019243312461,2026-02-05 13:03:51
poverty_rate,192,Persentase Penduduk Miskin (P0) Menurut Provinsi dan Daerah,Persen,Kemiskinan dan Ketimpangan,0000,9400,PAPUA,433,Perdesaan,124,2024,62,Semester 2 (September),36.57,940019243312462,2026-02-05 13:03:51
poverty_rate,192,Persentase Penduduk Miskin (P0) Menurut Provinsi dan Daerah,Persen,Kemiskinan dan Ketimpangan,0000,9400,PAPUA,434,Jumlah,124,2024,61,Semester 1 (Maret),17.26,940019243412461,2026-02-05 13:03:51
poverty_rate,192,Persentase Penduduk Miskin (P0) Menurut Provinsi dan Daerah,Persen,Kemiskinan dan Ketimpangan,0000,9400,PAPUA,434,Jumlah,124,2024,62,Semester 2 (September),18.09,940019243412462,2026-02-05 13:03:51
poverty_rate,192,Persentase Penduduk Miskin (P0) Menurut Provinsi dan Daerah,Persen,Kemiskinan dan Ketimpangan,0000,9500,PAPUA SELATAN,432,Perkotaan,124,2024,61,Semester 1 (Maret),3.1,950019243212461,2026-02-05 13:03:51
poverty_rate,192,Persentase Penduduk Miskin (P0) Menurut Provinsi dan Daerah,Persen,Kemiskinan dan Ketimpangan,0000,9500,PAPUA SELATAN,432,Perkotaan,124,2024,62,Semester 2 (September),3.65,950019243212462,2026-02-05 13:03:51
poverty_rate,192,Persentase Penduduk Miskin (P0) Menurut Provinsi dan Daerah,Persen,Kemiskinan dan Ketimpangan,0000,9500,PAPUA SELATAN,433,Perdesaan,124,2024,61,Semester 1 (Maret),25.64,950019243312461,2026-02-05 13:03:51
poverty_rate,192,Persentase Penduduk Miskin (P0) Menurut Provinsi dan Daerah,Persen,Kemiskinan dan Ketimpangan,0000,9500,PAPUA SELATAN,433,Perdesaan,124,2024,62,Semester 2 (September),28.47,950019243312462,2026-02-05 13:03:51
poverty_rate,192,Persentase Penduduk Miskin (P0) Menurut Provinsi dan Daerah,Persen,Kemiskinan dan Ketimpangan,0000,9500,PAPUA SELATAN,434,Jumlah,124,2024,61,Semester 1 (Maret),17.44,950019243412461,2026-02-05 13:03:51
poverty_rate,192,Persentase Penduduk Miskin (P0) Menurut Provinsi dan Daerah,Persen,Kemiskinan dan Ketimpangan,0000,9500,PAPUA SELATAN,434,Jumlah,124,2024,62,Semester 2 (September),19.35,950019243412462,2026-02-05 13:03:51
poverty_rate,192,Persentase Penduduk Miskin (P0) Menurut Provinsi dan Daerah,Persen,Kemiskinan dan Ketimpangan,0000,9600,PAPUA TENGAH,432,Perkotaan,124,2024,61,Semester 1 (Maret),4.32,960019243212461,2026-02-05 13:03:51
poverty_rate,192,Persentase Penduduk Miskin (P0) Menurut Provinsi dan Daerah,Persen,Kemiskinan dan Ketimpangan,0000,9600,PAPUA TENGAH,432,Perkotaan,124,2024,62,Semester 2 (September),5.27,960019243212462,2026-02-05 13:03:51
poverty_rate,192,Persentase Penduduk Miskin (P0) Menurut Provinsi dan Daerah,Persen,Kemiskinan dan Ketimpangan,0000,9600,PAPUA TENGAH,433,Perdesaan,124,2024,61,Semester 1 (Maret),37.98,960019243312461,2026-02-05 13:03:51
poverty_rate,192,Persentase Penduduk Miskin (P0) Menurut Provinsi dan Daerah,Persen,Kemiskinan dan Ketimpangan,0000,9600,PAPUA TENGAH,433,Perdesaan,124,2024,62,Semester 2 (September),34.86,960019243312462,2026-02-05 13:03:51
poverty_rate,192,Persentase Penduduk Miskin (P0) Menurut Provinsi dan Daerah,Persen,Kemiskinan dan Ketimpangan,0000,9600,PAPUA TENGAH,434,Jumlah,124,2024,61,Semester 1 (Maret),29.76,960019243412461,2026-02-05 13:03:51
poverty_rate,192,Persentase Penduduk Miskin (P0) Menurut Provinsi dan Daerah,Persen,Kemiskinan dan Ketimpangan,0000,9600,PAPUA TENGAH,434,Jumlah,124,2024,62,Semester 2 (September),27.6,960019243412462,2026-02-05 13:03:51
poverty_rate,192,Persentase Penduduk Miskin (P0) Menurut Provinsi dan Daerah,Persen,Kemiskinan dan Ketimpangan,0000,9700,PAPUA PEGUNUNGAN,432,Perkotaan,124,2024,61,Semester 1 (Maret),16.56,970019243212461,2026-02-05 13:03:51
poverty_rate,192,Persentase Penduduk Miskin (P0) Menurut Provinsi dan Daerah,Persen,Kemiskinan dan Ketimpangan,0000,9700,PAPUA PEGUNUNGAN,432,Perkotaan,124,2024,62,Semester 2 (September),12.11,970019243212462,2026-02-05 13:03:51
poverty_rate,192,Persentase Penduduk Miskin (P0) Menurut Provinsi dan Daerah,Persen,Kemiskinan dan Ketimpangan,0000,9700,PAPUA PEGUNUNGAN,433,Perdesaan,124,2024,61,Semester 1 (Maret),34.21,970019243312461,2026-02-05 13:03:51
poverty_rate,192,Persentase Penduduk Miskin (P0) Menurut Provinsi dan Daerah,Persen,Kemiskinan dan Ketimpangan,0000,9700,PAPUA PEGUNUNGAN,433,Perdesaan,124,2024,62,Semester 2 (September),31,970019243312462,2026-02-05 13:03:51
poverty_rate,192,Persentase Penduduk Miskin (P0) Menurut Provinsi dan Daerah,Persen,Kemiskinan dan Ketimpangan,0000,9700,PAPUA PEGUNUNGAN,434,Jumlah,124,2024,61,Semester 1 (Maret),32.97,970019243412461,2026-02-05 13:03:51
poverty_rate,192,Persentase Penduduk Miskin (P0) Menurut Provinsi dan Daerah,Persen,Kemiskinan dan Ketimpangan,0000,9700,PAPUA PEGUNUNGAN,434,Jumlah,124,2024,62,Semester 2 (September),29.66,970019243412462,2026-02-05 13:03:51
poverty_rate,192,Persentase Penduduk Miskin (P0) Menurut Provinsi dan Daerah,Persen,Kemiskinan dan Ketimpangan,0000,9999,INDONESIA,432,Perkotaan,124,2024,61,Semester 1 (Maret),7.09,999919243212461,2026-02-05 13:03:51
poverty_rate,192,Persentase Penduduk Miskin (P0) Menurut Provinsi dan Daerah,Persen,Kemiskinan dan Ketimpangan,0000,9999,INDONESIA,432,Perkotaan,124,2024,62,Semester 2 (September),6.66,999919243212462,2026-02-05 13:03:51
poverty_rate,192,Persentase Penduduk Miskin (P0) Menurut Provinsi dan Daerah,Persen,Kemiskinan dan Ketimpangan,0000,9999,INDONESIA,433,Perdesaan,124,2024,61,Semester 1 (Maret),11.79,999919243312461,2026-02-05 13:03:51
poverty_rate,192,Persentase Penduduk Miskin (P0) Menurut Provinsi dan Daerah,Persen,Kemiskinan dan Ketimpangan,0000,9999,INDONESIA,433,Perdesaan,124,2024,62,Semester 2 (September),11.34,999919243312462,2026-02-05 13:03:51
poverty_rate,192,Persentase Penduduk Miskin (P0) Menurut Provinsi dan Daerah,Persen,Kemiskinan dan Ketimpangan,0000,9999,INDONESIA,434,Jumlah,124,2024,61,Semester 1 (Maret),9.03,999919243412461,2026-02-05 13:03:51
poverty_rate,192,Persentase Penduduk Miskin (P0) Menurut Provinsi dan Daerah,Persen,Kemiskinan dan Ketimpangan,0000,9999,INDONESIA,434,Jumlah,124,2024,62,Semester 2 (September),8.57,999919243412462,2026-02-05 13:03:51
poverty_rate,192,Persentase Penduduk Miskin (P0) Menurut Provinsi dan Daerah,Persen,Kemiskinan dan Ketimpangan,0000,1100,ACEH,432,Perkotaan,123,2023,61,Semester 1 (Maret),9.79,110019243212361,2026-02-05 13:03:51
poverty_rate,192,Persentase Penduduk Miskin (P0) Menurut Provinsi dan Daerah,Persen,Kemiskinan dan Ketimpangan,0000,1100,ACEH,433,Perdesaan,123,2023,61,Semester 1 (Maret),16.92,110019243312361,2026-02-05 13:03:51
poverty_rate,192,Persentase Penduduk Miskin (P0) Menurut Provinsi dan Daerah,Persen,Kemiskinan dan Ketimpangan,0000,1100,ACEH,434,Jumlah,123,2023,61,Semester 1 (Maret),14.45,110019243412361,2026-02-05 13:03:51
poverty_rate,192,Persentase Penduduk Miskin (P0) Menurut Provinsi dan Daerah,Persen,Kemiskinan dan Ketimpangan,0000,1200,SUMATERA UTARA,432,Perkotaan,123,2023,61,Semester 1 (Maret),8.23,120019243212361,2026-02-05 13:03:51
poverty_rate,192,Persentase Penduduk Miskin (P0) Menurut Provinsi dan Daerah,Persen,Kemiskinan dan Ketimpangan,0000,1200,SUMATERA UTARA,433,Perdesaan,123,2023,61,Semester 1 (Maret),8.03,120019243312361,2026-02-05 13:03:51
poverty_rate,192,Persentase Penduduk Miskin (P0) Menurut Provinsi dan Daerah,Persen,Kemiskinan dan Ketimpangan,0000,1200,SUMATERA UTARA,434,Jumlah,123,2023,61,Semester 1 (Maret),8.15,120019243412361,2026-02-05 13:03:51
poverty_rate,192,Persentase Penduduk Miskin (P0) Menurut Provinsi dan Daerah,Persen,Kemiskinan dan Ketimpangan,0000,1300,SUMATERA BARAT,432,Perkotaan,123,2023,61,Semester 1 (Maret),4.67,130019243212361,2026-02-05 13:03:51
poverty_rate,192,Persentase Penduduk Miskin (P0) Menurut Provinsi dan Daerah,Persen,Kemiskinan dan Ketimpangan,0000,1300,SUMATERA BARAT,433,Perdesaan,123,2023,61,Semester 1 (Maret),7.23,130019243312361,2026-02-05 13:03:51
poverty_rate,192,Persentase Penduduk Miskin (P0) Menurut Provinsi dan Daerah,Persen,Kemiskinan dan Ketimpangan,0000,1300,SUMATERA BARAT,434,Jumlah,123,2023,61,Semester 1 (Maret),5.95,130019243412361,2026-02-05 13:03:51
poverty_rate,192,Persentase Penduduk Miskin (P0) Menurut Provinsi dan Daerah,Persen,Kemiskinan dan Ketimpangan,0000,1400,RIAU,432,Perkotaan,123,2023,61,Semester 1 (Maret),6.73,140019243212361,2026-02-05 13:03:51
poverty_rate,192,Persentase Penduduk Miskin (P0) Menurut Provinsi dan Daerah,Persen,Kemiskinan dan Ketimpangan,0000,1400,RIAU,433,Perdesaan,123,2023,61,Semester 1 (Maret),6.65,140019243312361,2026-02-05 13:03:51
poverty_rate,192,Persentase Penduduk Miskin (P0) Menurut Provinsi dan Daerah,Persen,Kemiskinan dan Ketimpangan,0000,1400,RIAU,434,Jumlah,123,2023,61,Semester 1 (Maret),6.68,140019243412361,2026-02-05 13:03:51
poverty_rate,192,Persentase Penduduk Miskin (P0) Menurut Provinsi dan Daerah,Persen,Kemiskinan dan Ketimpangan,0000,1500,JAMBI,432,Perkotaan,123,2023,61,Semester 1 (Maret),10.19,150019243212361,2026-02-05 13:03:51
poverty_rate,192,Persentase Penduduk Miskin (P0) Menurut Provinsi dan Daerah,Persen,Kemiskinan dan Ketimpangan,0000,1500,JAMBI,433,Perdesaan,123,2023,61,Semester 1 (Maret),6.28,150019243312361,2026-02-05 13:03:51
poverty_rate,192,Persentase Penduduk Miskin (P0) Menurut Provinsi dan Daerah,Persen,Kemiskinan dan Ketimpangan,0000,1500,JAMBI,434,Jumlah,123,2023,61,Semester 1 (Maret),7.58,150019243412361,2026-02-05 13:03:51
poverty_rate,192,Persentase Penduduk Miskin (P0) Menurut Provinsi dan Daerah,Persen,Kemiskinan dan Ketimpangan,0000,1600,SUMATERA SELATAN,432,Perkotaan,123,2023,61,Semester 1 (Maret),11.07,160019243212361,2026-02-05 13:03:51
poverty_rate,192,Persentase Penduduk Miskin (P0) Menurut Provinsi dan Daerah,Persen,Kemiskinan dan Ketimpangan,0000,1600,SUMATERA SELATAN,433,Perdesaan,123,2023,61,Semester 1 (Maret),12.21,160019243312361,2026-02-05 13:03:51
poverty_rate,192,Persentase Penduduk Miskin (P0) Menurut Provinsi dan Daerah,Persen,Kemiskinan dan Ketimpangan,0000,1600,SUMATERA SELATAN,434,Jumlah,123,2023,61,Semester 1 (Maret),11.78,160019243412361,2026-02-05 13:03:51
poverty_rate,192,Persentase Penduduk Miskin (P0) Menurut Provinsi dan Daerah,Persen,Kemiskinan dan Ketimpangan,0000,1700,BENGKULU,432,Perkotaan,123,2023,61,Semester 1 (Maret),14.21,170019243212361,2026-02-05 13:03:51
poverty_rate,192,Persentase Penduduk Miskin (P0) Menurut Provinsi dan Daerah,Persen,Kemiskinan dan Ketimpangan,0000,1700,BENGKULU,433,Perdesaan,123,2023,61,Semester 1 (Maret),13.96,170019243312361,2026-02-05 13:03:51
poverty_rate,192,Persentase Penduduk Miskin (P0) Menurut Provinsi dan Daerah,Persen,Kemiskinan dan Ketimpangan,0000,1700,BENGKULU,434,Jumlah,123,2023,61,Semester 1 (Maret),14.04,170019243412361,2026-02-05 13:03:51
poverty_rate,192,Persentase Penduduk Miskin (P0) Menurut Provinsi dan Daerah,Persen,Kemiskinan dan Ketimpangan,0000,1800,LAMPUNG,432,Perkotaan,123,2023,61,Semester 1 (Maret),8.02,180019243212361,2026-02-05 13:03:51
poverty_rate,192,Persentase Penduduk Miskin (P0) Menurut Provinsi dan Daerah,Persen,Kemiskinan dan Ketimpangan,0000,1800,LAMPUNG,433,Perdesaan,123,2023,61,Semester 1 (Maret),12.65,180019243312361,2026-02-05 13:03:51
poverty_rate,192,Persentase Penduduk Miskin (P0) Menurut Provinsi dan Daerah,Persen,Kemiskinan dan Ketimpangan,0000,1800,LAMPUNG,434,Jumlah,123,2023,61,Semester 1 (Maret),11.11,180019243412361,2026-02-05 13:03:51
poverty_rate,192,Persentase Penduduk Miskin (P0) Menurut Provinsi dan Daerah,Persen,Kemiskinan dan Ketimpangan,0000,1900,KEP. BANGKA BELITUNG,432,Perkotaan,123,2023,61,Semester 1 (Maret),3.54,190019243212361,2026-02-05 13:03:51
poverty_rate,192,Persentase Penduduk Miskin (P0) Menurut Provinsi dan Daerah,Persen,Kemiskinan dan Ketimpangan,0000,1900,KEP. BANGKA BELITUNG,433,Perdesaan,123,2023,61,Semester 1 (Maret),5.85,190019243312361,2026-02-05 13:03:51
poverty_rate,192,Persentase Penduduk Miskin (P0) Menurut Provinsi dan Daerah,Persen,Kemiskinan dan Ketimpangan,0000,1900,KEP. BANGKA BELITUNG,434,Jumlah,123,2023,61,Semester 1 (Maret),4.52,190019243412361,2026-02-05 13:03:51
poverty_rate,192,Persentase Penduduk Miskin (P0) Menurut Provinsi dan Daerah,Persen,Kemiskinan dan Ketimpangan,0000,2100,KEP. RIAU,432,Perkotaan,123,2023,61,Semester 1 (Maret),5.05,210019243212361,2026-02-05 13:03:51
poverty_rate,192,Persentase Penduduk Miskin (P0) Menurut Provinsi dan Daerah,Persen,Kemiskinan dan Ketimpangan,0000,2100,KEP. RIAU,433,Perdesaan,123,2023,61,Semester 1 (Maret),10.69,210019243312361,2026-02-05 13:03:51
poverty_rate,192,Persentase Penduduk Miskin (P0) Menurut Provinsi dan Daerah,Persen,Kemiskinan dan Ketimpangan,0000,2100,KEP. RIAU,434,Jumlah,123,2023,61,Semester 1 (Maret),5.69,210019243412361,2026-02-05 13:03:51
poverty_rate,192,Persentase Penduduk Miskin (P0) Menurut Provinsi dan Daerah,Persen,Kemiskinan dan Ketimpangan,0000,3100,DKI JAKARTA,432,Perkotaan,123,2023,61,Semester 1 (Maret),4.44,310019243212361,2026-02-05 13:03:51
poverty_rate,192,Persentase Penduduk Miskin (P0) Menurut Provinsi dan Daerah,Persen,Kemiskinan dan Ketimpangan,0000,3100,DKI JAKARTA,434,Jumlah,123,2023,61,Semester 1 (Maret),4.44,310019243412361,2026-02-05 13:03:51
poverty_rate,192,Persentase Penduduk Miskin (P0) Menurut Provinsi dan Daerah,Persen,Kemiskinan dan Ketimpangan,0000,3200,JAWA BARAT,432,Perkotaan,123,2023,61,Semester 1 (Maret),7.19,320019243212361,2026-02-05 13:03:51
poverty_rate,192,Persentase Penduduk Miskin (P0) Menurut Provinsi dan Daerah,Persen,Kemiskinan dan Ketimpangan,0000,3200,JAWA BARAT,433,Perdesaan,123,2023,61,Semester 1 (Maret),9.3,320019243312361,2026-02-05 13:03:51
poverty_rate,192,Persentase Penduduk Miskin (P0) Menurut Provinsi dan Daerah,Persen,Kemiskinan dan Ketimpangan,0000,3200,JAWA BARAT,434,Jumlah,123,2023,61,Semester 1 (Maret),7.62,320019243412361,2026-02-05 13:03:51
poverty_rate,192,Persentase Penduduk Miskin (P0) Menurut Provinsi dan Daerah,Persen,Kemiskinan dan Ketimpangan,0000,3300,JAWA TENGAH,432,Perkotaan,123,2023,61,Semester 1 (Maret),9.78,330019243212361,2026-02-05 13:03:51
poverty_rate,192,Persentase Penduduk Miskin (P0) Menurut Provinsi dan Daerah,Persen,Kemiskinan dan Ketimpangan,0000,3300,JAWA TENGAH,433,Perdesaan,123,2023,61,Semester 1 (Maret),11.87,330019243312361,2026-02-05 13:03:51
poverty_rate,192,Persentase Penduduk Miskin (P0) Menurut Provinsi dan Daerah,Persen,Kemiskinan dan Ketimpangan,0000,3300,JAWA TENGAH,434,Jumlah,123,2023,61,Semester 1 (Maret),10.77,330019243412361,2026-02-05 13:03:51
poverty_rate,192,Persentase Penduduk Miskin (P0) Menurut Provinsi dan Daerah,Persen,Kemiskinan dan Ketimpangan,0000,3400,DI YOGYAKARTA,432,Perkotaan,123,2023,61,Semester 1 (Maret),10.27,340019243212361,2026-02-05 13:03:51
poverty_rate,192,Persentase Penduduk Miskin (P0) Menurut Provinsi dan Daerah,Persen,Kemiskinan dan Ketimpangan,0000,3400,DI YOGYAKARTA,433,Perdesaan,123,2023,61,Semester 1 (Maret),13.36,340019243312361,2026-02-05 13:03:51
poverty_rate,192,Persentase Penduduk Miskin (P0) Menurut Provinsi dan Daerah,Persen,Kemiskinan dan Ketimpangan,0000,3400,DI YOGYAKARTA,434,Jumlah,123,2023,61,Semester 1 (Maret),11.04,340019243412361,2026-02-05 13:03:51
poverty_rate,192,Persentase Penduduk Miskin (P0) Menurut Provinsi dan Daerah,Persen,Kemiskinan dan Ketimpangan,0000,3500,JAWA TIMUR,432,Perkotaan,123,2023,61,Semester 1 (Maret),7.5,350019243212361,2026-02-05 13:03:51
poverty_rate,192,Persentase Penduduk Miskin (P0) Menurut Provinsi dan Daerah,Persen,Kemiskinan dan Ketimpangan,0000,3500,JAWA TIMUR,433,Perdesaan,123,2023,61,Semester 1 (Maret),13.98,350019243312361,2026-02-05 13:03:51
poverty_rate,192,Persentase Penduduk Miskin (P0) Menurut Provinsi dan Daerah,Persen,Kemiskinan dan Ketimpangan,0000,3500,JAWA TIMUR,434,Jumlah,123,2023,61,Semester 1 (Maret),10.35,350019243412361,2026-02-05 13:03:51
poverty_rate,192,Persentase Penduduk Miskin (P0) Menurut Provinsi dan Daerah,Persen,Kemiskinan dan Ketimpangan,0000,3600,BANTEN,432,Perkotaan,123,2023,61,Semester 1 (Maret),6,360019243212361,2026-02-05 13:03:51
poverty_rate,192,Persentase Penduduk Miskin (P0) Menurut Provinsi dan Daerah,Persen,Kemiskinan dan Ketimpangan,0000,3600,BANTEN,433,Perdesaan,123,2023,61,Semester 1 (Maret),6.79,360019243312361,2026-02-05 13:03:51
poverty_rate,192,Persentase Penduduk Miskin (P0) Menurut Provinsi dan Daerah,Persen,Kemiskinan dan Ketimpangan,0000,3600,BANTEN,434,Jumlah,123,2023,61,Semester 1 (Maret),6.17,360019243412361,2026-02-05 13:03:51
poverty_rate,192,Persentase Penduduk Miskin (P0) Menurut Provinsi dan Daerah,Persen,Kemiskinan dan Ketimpangan,0000,5100,BALI,432,Perkotaan,123,2023,61,Semester 1 (Maret),3.77,510019243212361,2026-02-05 13:03:51
poverty_rate,192,Persentase Penduduk Miskin (P0) Menurut Provinsi dan Daerah,Persen,Kemiskinan dan Ketimpangan,0000,5100,BALI,433,Perdesaan,123,2023,61,Semester 1 (Maret),5.5,510019243312361,2026-02-05 13:03:51
poverty_rate,192,Persentase Penduduk Miskin (P0) Menurut Provinsi dan Daerah,Persen,Kemiskinan dan Ketimpangan,0000,5100,BALI,434,Jumlah,123,2023,61,Semester 1 (Maret),4.25,510019243412361,2026-02-05 13:03:51
poverty_rate,192,Persentase Penduduk Miskin (P0) Menurut Provinsi dan Daerah,Persen,Kemiskinan dan Ketimpangan,0000,5200,NUSA TENGGARA BARAT,432,Perkotaan,123,2023,61,Semester 1 (Maret),13.76,520019243212361,2026-02-05 13:03:51
poverty_rate,192,Persentase Penduduk Miskin (P0) Menurut Provinsi dan Daerah,Persen,Kemiskinan dan Ketimpangan,0000,5200,NUSA TENGGARA BARAT,433,Perdesaan,123,2023,61,Semester 1 (Maret),13.95,520019243312361,2026-02-05 13:03:51
poverty_rate,192,Persentase Penduduk Miskin (P0) Menurut Provinsi dan Daerah,Persen,Kemiskinan dan Ketimpangan,0000,5200,NUSA TENGGARA BARAT,434,Jumlah,123,2023,61,Semester 1 (Maret),13.85,520019243412361,2026-02-05 13:03:51
poverty_rate,192,Persentase Penduduk Miskin (P0) Menurut Provinsi dan Daerah,Persen,Kemiskinan dan Ketimpangan,0000,5300,NUSA TENGGARA TIMUR,432,Perkotaan,123,2023,61,Semester 1 (Maret),9.12,530019243212361,2026-02-05 13:03:51
poverty_rate,192,Persentase Penduduk Miskin (P0) Menurut Provinsi dan Daerah,Persen,Kemiskinan dan Ketimpangan,0000,5300,NUSA TENGGARA TIMUR,433,Perdesaan,123,2023,61,Semester 1 (Maret),23.76,530019243312361,2026-02-05 13:03:51
poverty_rate,192,Persentase Penduduk Miskin (P0) Menurut Provinsi dan Daerah,Persen,Kemiskinan dan Ketimpangan,0000,5300,NUSA TENGGARA TIMUR,434,Jumlah,123,2023,61,Semester 1 (Maret),19.96,530019243412361,2026-02-05 13:03:51
poverty_rate,192,Persentase Penduduk Miskin (P0) Menurut Provinsi dan Daerah,Persen,Kemiskinan dan Ketimpangan,0000,6100,KALIMANTAN BARAT,432,Perkotaan,123,2023,61,Semester 1 (Maret),4.44,610019243212361,2026-02-05 13:03:51
poverty_rate,192,Persentase Penduduk Miskin (P0) Menurut Provinsi dan Daerah,Persen,Kemiskinan dan Ketimpangan,0000,6100,KALIMANTAN BARAT,433,Perdesaan,123,2023,61,Semester 1 (Maret),8.07,610019243312361,2026-02-05 13:03:51
poverty_rate,192,Persentase Penduduk Miskin (P0) Menurut Provinsi dan Daerah,Persen,Kemiskinan dan Ketimpangan,0000,6100,KALIMANTAN BARAT,434,Jumlah,123,2023,61,Semester 1 (Maret),6.71,610019243412361,2026-02-05 13:03:51
poverty_rate,192,Persentase Penduduk Miskin (P0) Menurut Provinsi dan Daerah,Persen,Kemiskinan dan Ketimpangan,0000,6200,KALIMANTAN TENGAH,432,Perkotaan,123,2023,61,Semester 1 (Maret),4.78,620019243212361,2026-02-05 13:03:51
poverty_rate,192,Persentase Penduduk Miskin (P0) Menurut Provinsi dan Daerah,Persen,Kemiskinan dan Ketimpangan,0000,6200,KALIMANTAN TENGAH,433,Perdesaan,123,2023,61,Semester 1 (Maret),5.35,620019243312361,2026-02-05 13:03:51
poverty_rate,192,Persentase Penduduk Miskin (P0) Menurut Provinsi dan Daerah,Persen,Kemiskinan dan Ketimpangan,0000,6200,KALIMANTAN TENGAH,434,Jumlah,123,2023,61,Semester 1 (Maret),5.11,620019243412361,2026-02-05 13:03:51
poverty_rate,192,Persentase Penduduk Miskin (P0) Menurut Provinsi dan Daerah,Persen,Kemiskinan dan Ketimpangan,0000,6300,KALIMANTAN SELATAN,432,Perkotaan,123,2023,61,Semester 1 (Maret),3.84,630019243212361,2026-02-05 13:03:51
poverty_rate,192,Persentase Penduduk Miskin (P0) Menurut Provinsi dan Daerah,Persen,Kemiskinan dan Ketimpangan,0000,6300,KALIMANTAN SELATAN,433,Perdesaan,123,2023,61,Semester 1 (Maret),4.72,630019243312361,2026-02-05 13:03:51
poverty_rate,192,Persentase Penduduk Miskin (P0) Menurut Provinsi dan Daerah,Persen,Kemiskinan dan Ketimpangan,0000,6300,KALIMANTAN SELATAN,434,Jumlah,123,2023,61,Semester 1 (Maret),4.29,630019243412361,2026-02-05 13:03:51
poverty_rate,192,Persentase Penduduk Miskin (P0) Menurut Provinsi dan Daerah,Persen,Kemiskinan dan Ketimpangan,0000,6400,KALIMANTAN TIMUR,432,Perkotaan,123,2023,61,Semester 1 (Maret),4.68,640019243212361,2026-02-05 13:03:51
poverty_rate,192,Persentase Penduduk Miskin (P0) Menurut Provinsi dan Daerah,Persen,Kemiskinan dan Ketimpangan,0000,6400,KALIMANTAN TIMUR,433,Perdesaan,123,2023,61,Semester 1 (Maret),9.28,640019243312361,2026-02-05 13:03:51
poverty_rate,192,Persentase Penduduk Miskin (P0) Menurut Provinsi dan Daerah,Persen,Kemiskinan dan Ketimpangan,0000,6400,KALIMANTAN TIMUR,434,Jumlah,123,2023,61,Semester 1 (Maret),6.11,640019243412361,2026-02-05 13:03:51
poverty_rate,192,Persentase Penduduk Miskin (P0) Menurut Provinsi dan Daerah,Persen,Kemiskinan dan Ketimpangan,0000,6500,KALIMANTAN UTARA,432,Perkotaan,123,2023,61,Semester 1 (Maret),5.18,650019243212361,2026-02-05 13:03:51
poverty_rate,192,Persentase Penduduk Miskin (P0) Menurut Provinsi dan Daerah,Persen,Kemiskinan dan Ketimpangan,0000,6500,KALIMANTAN UTARA,433,Perdesaan,123,2023,61,Semester 1 (Maret),8.74,650019243312361,2026-02-05 13:03:51
poverty_rate,192,Persentase Penduduk Miskin (P0) Menurut Provinsi dan Daerah,Persen,Kemiskinan dan Ketimpangan,0000,6500,KALIMANTAN UTARA,434,Jumlah,123,2023,61,Semester 1 (Maret),6.45,650019243412361,2026-02-05 13:03:51
poverty_rate,192,Persentase Penduduk Miskin (P0) Menurut Provinsi dan Daerah,Persen,Kemiskinan dan Ketimpangan,0000,7100,SULAWESI UTARA,432,Perkotaan,123,2023,61,Semester 1 (Maret),4.91,710019243212361,2026-02-05 13:03:51
poverty_rate,192,Persentase Penduduk Miskin (P0) Menurut Provinsi dan Daerah,Persen,Kemiskinan dan Ketimpangan,0000,7100,SULAWESI UTARA,433,Perdesaan,123,2023,61,Semester 1 (Maret),10.38,710019243312361,2026-02-05 13:03:51
poverty_rate,192,Persentase Penduduk Miskin (P0) Menurut Provinsi dan Daerah,Persen,Kemiskinan dan Ketimpangan,0000,7100,SULAWESI UTARA,434,Jumlah,123,2023,61,Semester 1 (Maret),7.38,710019243412361,2026-02-05 13:03:51
poverty_rate,192,Persentase Penduduk Miskin (P0) Menurut Provinsi dan Daerah,Persen,Kemiskinan dan Ketimpangan,0000,7200,SULAWESI TENGAH,432,Perkotaan,123,2023,61,Semester 1 (Maret),8.9,720019243212361,2026-02-05 13:03:51
poverty_rate,192,Persentase Penduduk Miskin (P0) Menurut Provinsi dan Daerah,Persen,Kemiskinan dan Ketimpangan,0000,7200,SULAWESI TENGAH,433,Perdesaan,123,2023,61,Semester 1 (Maret),14.09,720019243312361,2026-02-05 13:03:51
poverty_rate,192,Persentase Penduduk Miskin (P0) Menurut Provinsi dan Daerah,Persen,Kemiskinan dan Ketimpangan,0000,7200,SULAWESI TENGAH,434,Jumlah,123,2023,61,Semester 1 (Maret),12.41,720019243412361,2026-02-05 13:03:51
poverty_rate,192,Persentase Penduduk Miskin (P0) Menurut Provinsi dan Daerah,Persen,Kemiskinan dan Ketimpangan,0000,7300,SULAWESI SELATAN,432,Perkotaan,123,2023,61,Semester 1 (Maret),5.01,730019243212361,2026-02-05 13:03:51
poverty_rate,192,Persentase Penduduk Miskin (P0) Menurut Provinsi dan Daerah,Persen,Kemiskinan dan Ketimpangan,0000,7300,SULAWESI SELATAN,433,Perdesaan,123,2023,61,Semester 1 (Maret),11.91,730019243312361,2026-02-05 13:03:51
poverty_rate,192,Persentase Penduduk Miskin (P0) Menurut Provinsi dan Daerah,Persen,Kemiskinan dan Ketimpangan,0000,7300,SULAWESI SELATAN,434,Jumlah,123,2023,61,Semester 1 (Maret),8.7,730019243412361,2026-02-05 13:03:51
poverty_rate,192,Persentase Penduduk Miskin (P0) Menurut Provinsi dan Daerah,Persen,Kemiskinan dan Ketimpangan,0000,7400,SULAWESI TENGGARA,432,Perkotaan,123,2023,61,Semester 1 (Maret),7.4,740019243212361,2026-02-05 13:03:51
poverty_rate,192,Persentase Penduduk Miskin (P0) Menurut Provinsi dan Daerah,Persen,Kemiskinan dan Ketimpangan,0000,7400,SULAWESI TENGGARA,433,Perdesaan,123,2023,61,Semester 1 (Maret),13.94,740019243312361,2026-02-05 13:03:51
poverty_rate,192,Persentase Penduduk Miskin (P0) Menurut Provinsi dan Daerah,Persen,Kemiskinan dan Ketimpangan,0000,7400,SULAWESI TENGGARA,434,Jumlah,123,2023,61,Semester 1 (Maret),11.43,740019243412361,2026-02-05 13:03:51
poverty_rate,192,Persentase Penduduk Miskin (P0) Menurut Provinsi dan Daerah,Persen,Kemiskinan dan Ketimpangan,0000,7500,GORONTALO,432,Perkotaan,123,2023,61,Semester 1 (Maret),4.47,750019243212361,2026-02-05 13:03:51
poverty_rate,192,Persentase Penduduk Miskin (P0) Menurut Provinsi dan Daerah,Persen,Kemiskinan dan Ketimpangan,0000,7500,GORONTALO,433,Perdesaan,123,2023,61,Semester 1 (Maret),23.73,750019243312361,2026-02-05 13:03:51
poverty_rate,192,Persentase Penduduk Miskin (P0) Menurut Provinsi dan Daerah,Persen,Kemiskinan dan Ketimpangan,0000,7500,GORONTALO,434,Jumlah,123,2023,61,Semester 1 (Maret),15.15,750019243412361,2026-02-05 13:03:51
poverty_rate,192,Persentase Penduduk Miskin (P0) Menurut Provinsi dan Daerah,Persen,Kemiskinan dan Ketimpangan,0000,7600,SULAWESI BARAT,432,Perkotaan,123,2023,61,Semester 1 (Maret),9.08,760019243212361,2026-02-05 13:03:51
poverty_rate,192,Persentase Penduduk Miskin (P0) Menurut Provinsi dan Daerah,Persen,Kemiskinan dan Ketimpangan,0000,7600,SULAWESI BARAT,433,Perdesaan,123,2023,61,Semester 1 (Maret),12.1,760019243312361,2026-02-05 13:03:51
poverty_rate,192,Persentase Penduduk Miskin (P0) Menurut Provinsi dan Daerah,Persen,Kemiskinan dan Ketimpangan,0000,7600,SULAWESI BARAT,434,Jumlah,123,2023,61,Semester 1 (Maret),11.49,760019243412361,2026-02-05 13:03:51
poverty_rate,192,Persentase Penduduk Miskin (P0) Menurut Provinsi dan Daerah,Persen,Kemiskinan dan Ketimpangan,0000,8100,MALUKU,432,Perkotaan,123,2023,61,Semester 1 (Maret),5.49,810019243212361,2026-02-05 13:03:51
poverty_rate,192,Persentase Penduduk Miskin (P0) Menurut Provinsi dan Daerah,Persen,Kemiskinan dan Ketimpangan,0000,8100,MALUKU,433,Perdesaan,123,2023,61,Semester 1 (Maret),24.64,810019243312361,2026-02-05 13:03:51
poverty_rate,192,Persentase Penduduk Miskin (P0) Menurut Provinsi dan Daerah,Persen,Kemiskinan dan Ketimpangan,0000,8100,MALUKU,434,Jumlah,123,2023,61,Semester 1 (Maret),16.42,810019243412361,2026-02-05 13:03:51
poverty_rate,192,Persentase Penduduk Miskin (P0) Menurut Provinsi dan Daerah,Persen,Kemiskinan dan Ketimpangan,0000,8200,MALUKU UTARA,432,Perkotaan,123,2023,61,Semester 1 (Maret),6.23,820019243212361,2026-02-05 13:03:51
poverty_rate,192,Persentase Penduduk Miskin (P0) Menurut Provinsi dan Daerah,Persen,Kemiskinan dan Ketimpangan,0000,8200,MALUKU UTARA,433,Perdesaan,123,2023,61,Semester 1 (Maret),6.55,820019243312361,2026-02-05 13:03:51
poverty_rate,192,Persentase Penduduk Miskin (P0) Menurut Provinsi dan Daerah,Persen,Kemiskinan dan Ketimpangan,0000,8200,MALUKU UTARA,434,Jumlah,123,2023,61,Semester 1 (Maret),6.46,820019243412361,2026-02-05 13:03:51
poverty_rate,192,Persentase Penduduk Miskin (P0) Menurut Provinsi dan Daerah,Persen,Kemiskinan dan Ketimpangan,0000,9100,PAPUA BARAT,432,Perkotaan,123,2023,61,Semester 1 (Maret),8.23,910019243212361,2026-02-05 13:03:51
poverty_rate,192,Persentase Penduduk Miskin (P0) Menurut Provinsi dan Daerah,Persen,Kemiskinan dan Ketimpangan,0000,9100,PAPUA BARAT,433,Perdesaan,123,2023,61,Semester 1 (Maret),29.2,910019243312361,2026-02-05 13:03:51
poverty_rate,192,Persentase Penduduk Miskin (P0) Menurut Provinsi dan Daerah,Persen,Kemiskinan dan Ketimpangan,0000,9100,PAPUA BARAT,434,Jumlah,123,2023,61,Semester 1 (Maret),20.49,910019243412361,2026-02-05 13:03:51
poverty_rate,192,Persentase Penduduk Miskin (P0) Menurut Provinsi dan Daerah,Persen,Kemiskinan dan Ketimpangan,0000,9400,PAPUA,432,Perkotaan,123,2023,61,Semester 1 (Maret),5.68,940019243212361,2026-02-05 13:03:51
poverty_rate,192,Persentase Penduduk Miskin (P0) Menurut Provinsi dan Daerah,Persen,Kemiskinan dan Ketimpangan,0000,9400,PAPUA,433,Perdesaan,123,2023,61,Semester 1 (Maret),34.49,940019243312361,2026-02-05 13:03:51
poverty_rate,192,Persentase Penduduk Miskin (P0) Menurut Provinsi dan Daerah,Persen,Kemiskinan dan Ketimpangan,0000,9400,PAPUA,434,Jumlah,123,2023,61,Semester 1 (Maret),26.03,940019243412361,2026-02-05 13:03:51
poverty_rate,192,Persentase Penduduk Miskin (P0) Menurut Provinsi dan Daerah,Persen,Kemiskinan dan Ketimpangan,0000,9999,INDONESIA,432,Perkotaan,123,2023,61,Semester 1 (Maret),7.29,999919243212361,2026-02-05 13:03:51
poverty_rate,192,Persentase Penduduk Miskin (P0) Menurut Provinsi dan Daerah,Persen,Kemiskinan dan Ketimpangan,0000,9999,INDONESIA,433,Perdesaan,123,2023,61,Semester 1 (Maret),12.22,999919243312361,2026-02-05 13:03:51
poverty_rate,192,Persentase Penduduk Miskin (P0) Menurut Provinsi dan Daerah,Persen,Kemiskinan dan Ketimpangan,0000,9999,INDONESIA,434,Jumlah,123,2023,61,Semester 1 (Maret),9.36,999919243412361,2026-02-05 13:03:51
poverty_rate,192,Persentase Penduduk Miskin (P0) Menurut Provinsi dan Daerah,Persen,Kemiskinan dan Ketimpangan,0000,1100,ACEH,432,Perkotaan,122,2022,61,Semester 1 (Maret),10.31,110019243212261,2026-02-05 13:03:51
poverty_rate,192,Persentase Penduduk Miskin (P0) Menurut Provinsi dan Daerah,Persen,Kemiskinan dan Ketimpangan,0000,1100,ACEH,432,Perkotaan,122,2022,62,Semester 2 (September),10.35,110019243212262,2026-02-05 13:03:51
poverty_rate,192,Persentase Penduduk Miskin (P0) Menurut Provinsi dan Daerah,Persen,Kemiskinan dan Ketimpangan,0000,1100,ACEH,433,Perdesaan,122,2022,61,Semester 1 (Maret),16.87,110019243312261,2026-02-05 13:03:51
poverty_rate,192,Persentase Penduduk Miskin (P0) Menurut Provinsi dan Daerah,Persen,Kemiskinan dan Ketimpangan,0000,1100,ACEH,433,Perdesaan,122,2022,62,Semester 2 (September),17.06,110019243312262,2026-02-05 13:03:51
poverty_rate,192,Persentase Penduduk Miskin (P0) Menurut Provinsi dan Daerah,Persen,Kemiskinan dan Ketimpangan,0000,1100,ACEH,434,Jumlah,122,2022,61,Semester 1 (Maret),14.64,110019243412261,2026-02-05 13:03:51
poverty_rate,192,Persentase Penduduk Miskin (P0) Menurut Provinsi dan Daerah,Persen,Kemiskinan dan Ketimpangan,0000,1100,ACEH,434,Jumlah,122,2022,62,Semester 2 (September),14.75,110019243412262,2026-02-05 13:03:51
poverty_rate,192,Persentase Penduduk Miskin (P0) Menurut Provinsi dan Daerah,Persen,Kemiskinan dan Ketimpangan,0000,1200,SUMATERA UTARA,432,Perkotaan,122,2022,61,Semester 1 (Maret),8.76,120019243212261,2026-02-05 13:03:51
poverty_rate,192,Persentase Penduduk Miskin (P0) Menurut Provinsi dan Daerah,Persen,Kemiskinan dan Ketimpangan,0000,1200,SUMATERA UTARA,432,Perkotaan,122,2022,62,Semester 2 (September),8.63,120019243212262,2026-02-05 13:03:51
poverty_rate,192,Persentase Penduduk Miskin (P0) Menurut Provinsi dan Daerah,Persen,Kemiskinan dan Ketimpangan,0000,1200,SUMATERA UTARA,433,Perdesaan,122,2022,61,Semester 1 (Maret),7.98,120019243312261,2026-02-05 13:03:51
poverty_rate,192,Persentase Penduduk Miskin (P0) Menurut Provinsi dan Daerah,Persen,Kemiskinan dan Ketimpangan,0000,1200,SUMATERA UTARA,433,Perdesaan,122,2022,62,Semester 2 (September),7.96,120019243312262,2026-02-05 13:03:51
poverty_rate,192,Persentase Penduduk Miskin (P0) Menurut Provinsi dan Daerah,Persen,Kemiskinan dan Ketimpangan,0000,1200,SUMATERA UTARA,434,Jumlah,122,2022,61,Semester 1 (Maret),8.42,120019243412261,2026-02-05 13:03:51
poverty_rate,192,Persentase Penduduk Miskin (P0) Menurut Provinsi dan Daerah,Persen,Kemiskinan dan Ketimpangan,0000,1200,SUMATERA UTARA,434,Jumlah,122,2022,62,Semester 2 (September),8.33,120019243412262,2026-02-05 13:03:51
poverty_rate,192,Persentase Penduduk Miskin (P0) Menurut Provinsi dan Daerah,Persen,Kemiskinan dan Ketimpangan,0000,1300,SUMATERA BARAT,432,Perkotaan,122,2022,61,Semester 1 (Maret),4.95,130019243212261,2026-02-05 13:03:51
poverty_rate,192,Persentase Penduduk Miskin (P0) Menurut Provinsi dan Daerah,Persen,Kemiskinan dan Ketimpangan,0000,1300,SUMATERA BARAT,432,Perkotaan,122,2022,62,Semester 2 (September),4.9,130019243212262,2026-02-05 13:03:51
poverty_rate,192,Persentase Penduduk Miskin (P0) Menurut Provinsi dan Daerah,Persen,Kemiskinan dan Ketimpangan,0000,1300,SUMATERA BARAT,433,Perdesaan,122,2022,61,Semester 1 (Maret),6.86,130019243312261,2026-02-05 13:03:51
poverty_rate,192,Persentase Penduduk Miskin (P0) Menurut Provinsi dan Daerah,Persen,Kemiskinan dan Ketimpangan,0000,1300,SUMATERA BARAT,433,Perdesaan,122,2022,62,Semester 2 (September),7.2,130019243312262,2026-02-05 13:03:51
poverty_rate,192,Persentase Penduduk Miskin (P0) Menurut Provinsi dan Daerah,Persen,Kemiskinan dan Ketimpangan,0000,1300,SUMATERA BARAT,434,Jumlah,122,2022,61,Semester 1 (Maret),5.92,130019243412261,2026-02-05 13:03:51
poverty_rate,192,Persentase Penduduk Miskin (P0) Menurut Provinsi dan Daerah,Persen,Kemiskinan dan Ketimpangan,0000,1300,SUMATERA BARAT,434,Jumlah,122,2022,62,Semester 2 (September),6.04,130019243412262,2026-02-05 13:03:51
poverty_rate,192,Persentase Penduduk Miskin (P0) Menurut Provinsi dan Daerah,Persen,Kemiskinan dan Ketimpangan,0000,1400,RIAU,432,Perkotaan,122,2022,61,Semester 1 (Maret),6.34,140019243212261,2026-02-05 13:03:51
poverty_rate,192,Persentase Penduduk Miskin (P0) Menurut Provinsi dan Daerah,Persen,Kemiskinan dan Ketimpangan,0000,1400,RIAU,432,Perkotaan,122,2022,62,Semester 2 (September),6.49,140019243212262,2026-02-05 13:03:51
poverty_rate,192,Persentase Penduduk Miskin (P0) Menurut Provinsi dan Daerah,Persen,Kemiskinan dan Ketimpangan,0000,1400,RIAU,433,Perdesaan,122,2022,61,Semester 1 (Maret),7.08,140019243312261,2026-02-05 13:03:51
poverty_rate,192,Persentase Penduduk Miskin (P0) Menurut Provinsi dan Daerah,Persen,Kemiskinan dan Ketimpangan,0000,1400,RIAU,433,Perdesaan,122,2022,62,Semester 2 (September),7.07,140019243312262,2026-02-05 13:03:51
poverty_rate,192,Persentase Penduduk Miskin (P0) Menurut Provinsi dan Daerah,Persen,Kemiskinan dan Ketimpangan,0000,1400,RIAU,434,Jumlah,122,2022,61,Semester 1 (Maret),6.78,140019243412261,2026-02-05 13:03:51
poverty_rate,192,Persentase Penduduk Miskin (P0) Menurut Provinsi dan Daerah,Persen,Kemiskinan dan Ketimpangan,0000,1400,RIAU,434,Jumlah,122,2022,62,Semester 2 (September),6.84,140019243412262,2026-02-05 13:03:51
poverty_rate,192,Persentase Penduduk Miskin (P0) Menurut Provinsi dan Daerah,Persen,Kemiskinan dan Ketimpangan,0000,1500,JAMBI,432,Perkotaan,122,2022,61,Semester 1 (Maret),10.51,150019243212261,2026-02-05 13:03:51
poverty_rate,192,Persentase Penduduk Miskin (P0) Menurut Provinsi dan Daerah,Persen,Kemiskinan dan Ketimpangan,0000,1500,JAMBI,432,Perkotaan,122,2022,62,Semester 2 (September),10.48,150019243212262,2026-02-05 13:03:51
poverty_rate,192,Persentase Penduduk Miskin (P0) Menurut Provinsi dan Daerah,Persen,Kemiskinan dan Ketimpangan,0000,1500,JAMBI,433,Perdesaan,122,2022,61,Semester 1 (Maret),6.19,150019243312261,2026-02-05 13:03:51
poverty_rate,192,Persentase Penduduk Miskin (P0) Menurut Provinsi dan Daerah,Persen,Kemiskinan dan Ketimpangan,0000,1500,JAMBI,433,Perdesaan,122,2022,62,Semester 2 (September),6.32,150019243312262,2026-02-05 13:03:51
poverty_rate,192,Persentase Penduduk Miskin (P0) Menurut Provinsi dan Daerah,Persen,Kemiskinan dan Ketimpangan,0000,1500,JAMBI,434,Jumlah,122,2022,61,Semester 1 (Maret),7.62,150019243412261,2026-02-05 13:03:51
poverty_rate,192,Persentase Penduduk Miskin (P0) Menurut Provinsi dan Daerah,Persen,Kemiskinan dan Ketimpangan,0000,1500,JAMBI,434,Jumlah,122,2022,62,Semester 2 (September),7.7,150019243412262,2026-02-05 13:03:51
poverty_rate,192,Persentase Penduduk Miskin (P0) Menurut Provinsi dan Daerah,Persen,Kemiskinan dan Ketimpangan,0000,1600,SUMATERA SELATAN,432,Perkotaan,122,2022,61,Semester 1 (Maret),11.23,160019243212261,2026-02-05 13:03:51
poverty_rate,192,Persentase Penduduk Miskin (P0) Menurut Provinsi dan Daerah,Persen,Kemiskinan dan Ketimpangan,0000,1600,SUMATERA SELATAN,432,Perkotaan,122,2022,62,Semester 2 (September),11.37,160019243212262,2026-02-05 13:03:51
poverty_rate,192,Persentase Penduduk Miskin (P0) Menurut Provinsi dan Daerah,Persen,Kemiskinan dan Ketimpangan,0000,1600,SUMATERA SELATAN,433,Perdesaan,122,2022,61,Semester 1 (Maret),12.31,160019243312261,2026-02-05 13:03:51
poverty_rate,192,Persentase Penduduk Miskin (P0) Menurut Provinsi dan Daerah,Persen,Kemiskinan dan Ketimpangan,0000,1600,SUMATERA SELATAN,433,Perdesaan,122,2022,62,Semester 2 (September),12.3,160019243312262,2026-02-05 13:03:51
poverty_rate,192,Persentase Penduduk Miskin (P0) Menurut Provinsi dan Daerah,Persen,Kemiskinan dan Ketimpangan,0000,1600,SUMATERA SELATAN,434,Jumlah,122,2022,61,Semester 1 (Maret),11.9,160019243412261,2026-02-05 13:03:51
poverty_rate,192,Persentase Penduduk Miskin (P0) Menurut Provinsi dan Daerah,Persen,Kemiskinan dan Ketimpangan,0000,1600,SUMATERA SELATAN,434,Jumlah,122,2022,62,Semester 2 (September),11.95,160019243412262,2026-02-05 13:03:51
poverty_rate,192,Persentase Penduduk Miskin (P0) Menurut Provinsi dan Daerah,Persen,Kemiskinan dan Ketimpangan,0000,1700,BENGKULU,432,Perkotaan,122,2022,61,Semester 1 (Maret),14.88,170019243212261,2026-02-05 13:03:51
poverty_rate,192,Persentase Penduduk Miskin (P0) Menurut Provinsi dan Daerah,Persen,Kemiskinan dan Ketimpangan,0000,1700,BENGKULU,432,Perkotaan,122,2022,62,Semester 2 (September),14.53,170019243212262,2026-02-05 13:03:51
poverty_rate,192,Persentase Penduduk Miskin (P0) Menurut Provinsi dan Daerah,Persen,Kemiskinan dan Ketimpangan,0000,1700,BENGKULU,433,Perdesaan,122,2022,61,Semester 1 (Maret),14.49,170019243312261,2026-02-05 13:03:51
poverty_rate,192,Persentase Penduduk Miskin (P0) Menurut Provinsi dan Daerah,Persen,Kemiskinan dan Ketimpangan,0000,1700,BENGKULU,433,Perdesaan,122,2022,62,Semester 2 (September),14.24,170019243312262,2026-02-05 13:03:51
poverty_rate,192,Persentase Penduduk Miskin (P0) Menurut Provinsi dan Daerah,Persen,Kemiskinan dan Ketimpangan,0000,1700,BENGKULU,434,Jumlah,122,2022,61,Semester 1 (Maret),14.62,170019243412261,2026-02-05 13:03:51
poverty_rate,192,Persentase Penduduk Miskin (P0) Menurut Provinsi dan Daerah,Persen,Kemiskinan dan Ketimpangan,0000,1700,BENGKULU,434,Jumlah,122,2022,62,Semester 2 (September),14.34,170019243412262,2026-02-05 13:03:51
poverty_rate,192,Persentase Penduduk Miskin (P0) Menurut Provinsi dan Daerah,Persen,Kemiskinan dan Ketimpangan,0000,1800,LAMPUNG,432,Perkotaan,122,2022,61,Semester 1 (Maret),8.31,180019243212261,2026-02-05 13:03:51
poverty_rate,192,Persentase Penduduk Miskin (P0) Menurut Provinsi dan Daerah,Persen,Kemiskinan dan Ketimpangan,0000,1800,LAMPUNG,432,Perkotaan,122,2022,62,Semester 2 (September),8.34,180019243212262,2026-02-05 13:03:51
poverty_rate,192,Persentase Penduduk Miskin (P0) Menurut Provinsi dan Daerah,Persen,Kemiskinan dan Ketimpangan,0000,1800,LAMPUNG,433,Perdesaan,122,2022,61,Semester 1 (Maret),13.14,180019243312261,2026-02-05 13:03:51
poverty_rate,192,Persentase Penduduk Miskin (P0) Menurut Provinsi dan Daerah,Persen,Kemiskinan dan Ketimpangan,0000,1800,LAMPUNG,433,Perdesaan,122,2022,62,Semester 2 (September),12.96,180019243312262,2026-02-05 13:03:51
poverty_rate,192,Persentase Penduduk Miskin (P0) Menurut Provinsi dan Daerah,Persen,Kemiskinan dan Ketimpangan,0000,1800,LAMPUNG,434,Jumlah,122,2022,61,Semester 1 (Maret),11.57,180019243412261,2026-02-05 13:03:51
poverty_rate,192,Persentase Penduduk Miskin (P0) Menurut Provinsi dan Daerah,Persen,Kemiskinan dan Ketimpangan,0000,1800,LAMPUNG,434,Jumlah,122,2022,62,Semester 2 (September),11.44,180019243412262,2026-02-05 13:03:51
poverty_rate,192,Persentase Penduduk Miskin (P0) Menurut Provinsi dan Daerah,Persen,Kemiskinan dan Ketimpangan,0000,1900,KEP. BANGKA BELITUNG,432,Perkotaan,122,2022,61,Semester 1 (Maret),3.09,190019243212261,2026-02-05 13:03:51
poverty_rate,192,Persentase Penduduk Miskin (P0) Menurut Provinsi dan Daerah,Persen,Kemiskinan dan Ketimpangan,0000,1900,KEP. BANGKA BELITUNG,432,Perkotaan,122,2022,62,Semester 2 (September),3.48,190019243212262,2026-02-05 13:03:51
poverty_rate,192,Persentase Penduduk Miskin (P0) Menurut Provinsi dan Daerah,Persen,Kemiskinan dan Ketimpangan,0000,1900,KEP. BANGKA BELITUNG,433,Perdesaan,122,2022,61,Semester 1 (Maret),6.26,190019243312261,2026-02-05 13:03:51
poverty_rate,192,Persentase Penduduk Miskin (P0) Menurut Provinsi dan Daerah,Persen,Kemiskinan dan Ketimpangan,0000,1900,KEP. BANGKA BELITUNG,433,Perdesaan,122,2022,62,Semester 2 (September),6.13,190019243312262,2026-02-05 13:03:51
poverty_rate,192,Persentase Penduduk Miskin (P0) Menurut Provinsi dan Daerah,Persen,Kemiskinan dan Ketimpangan,0000,1900,KEP. BANGKA BELITUNG,434,Jumlah,122,2022,61,Semester 1 (Maret),4.45,190019243412261,2026-02-05 13:03:51
poverty_rate,192,Persentase Penduduk Miskin (P0) Menurut Provinsi dan Daerah,Persen,Kemiskinan dan Ketimpangan,0000,1900,KEP. BANGKA BELITUNG,434,Jumlah,122,2022,62,Semester 2 (September),4.61,190019243412262,2026-02-05 13:03:51
poverty_rate,192,Persentase Penduduk Miskin (P0) Menurut Provinsi dan Daerah,Persen,Kemiskinan dan Ketimpangan,0000,2100,KEP. RIAU,432,Perkotaan,122,2022,61,Semester 1 (Maret),5.68,210019243212261,2026-02-05 13:03:51
poverty_rate,192,Persentase Penduduk Miskin (P0) Menurut Provinsi dan Daerah,Persen,Kemiskinan dan Ketimpangan,0000,2100,KEP. RIAU,432,Perkotaan,122,2022,62,Semester 2 (September),5.46,210019243212262,2026-02-05 13:03:51
poverty_rate,192,Persentase Penduduk Miskin (P0) Menurut Provinsi dan Daerah,Persen,Kemiskinan dan Ketimpangan,0000,2100,KEP. RIAU,433,Perdesaan,122,2022,61,Semester 1 (Maret),10.68,210019243312261,2026-02-05 13:03:51
poverty_rate,192,Persentase Penduduk Miskin (P0) Menurut Provinsi dan Daerah,Persen,Kemiskinan dan Ketimpangan,0000,2100,KEP. RIAU,433,Perdesaan,122,2022,62,Semester 2 (September),10.63,210019243312262,2026-02-05 13:03:51
poverty_rate,192,Persentase Penduduk Miskin (P0) Menurut Provinsi dan Daerah,Persen,Kemiskinan dan Ketimpangan,0000,2100,KEP. RIAU,434,Jumlah,122,2022,61,Semester 1 (Maret),6.24,210019243412261,2026-02-05 13:03:51
poverty_rate,192,Persentase Penduduk Miskin (P0) Menurut Provinsi dan Daerah,Persen,Kemiskinan dan Ketimpangan,0000,2100,KEP. RIAU,434,Jumlah,122,2022,62,Semester 2 (September),6.03,210019243412262,2026-02-05 13:03:51
poverty_rate,192,Persentase Penduduk Miskin (P0) Menurut Provinsi dan Daerah,Persen,Kemiskinan dan Ketimpangan,0000,3100,DKI JAKARTA,432,Perkotaan,122,2022,61,Semester 1 (Maret),4.69,310019243212261,2026-02-05 13:03:51
poverty_rate,192,Persentase Penduduk Miskin (P0) Menurut Provinsi dan Daerah,Persen,Kemiskinan dan Ketimpangan,0000,3100,DKI JAKARTA,432,Perkotaan,122,2022,62,Semester 2 (September),4.61,310019243212262,2026-02-05 13:03:51
poverty_rate,192,Persentase Penduduk Miskin (P0) Menurut Provinsi dan Daerah,Persen,Kemiskinan dan Ketimpangan,0000,3100,DKI JAKARTA,434,Jumlah,122,2022,61,Semester 1 (Maret),4.69,310019243412261,2026-02-05 13:03:51
poverty_rate,192,Persentase Penduduk Miskin (P0) Menurut Provinsi dan Daerah,Persen,Kemiskinan dan Ketimpangan,0000,3100,DKI JAKARTA,434,Jumlah,122,2022,62,Semester 2 (September),4.61,310019243412262,2026-02-05 13:03:51
poverty_rate,192,Persentase Penduduk Miskin (P0) Menurut Provinsi dan Daerah,Persen,Kemiskinan dan Ketimpangan,0000,3200,JAWA BARAT,432,Perkotaan,122,2022,61,Semester 1 (Maret),7.57,320019243212261,2026-02-05 13:03:51
poverty_rate,192,Persentase Penduduk Miskin (P0) Menurut Provinsi dan Daerah,Persen,Kemiskinan dan Ketimpangan,0000,3200,JAWA BARAT,432,Perkotaan,122,2022,62,Semester 2 (September),7.52,320019243212262,2026-02-05 13:03:51
poverty_rate,192,Persentase Penduduk Miskin (P0) Menurut Provinsi dan Daerah,Persen,Kemiskinan dan Ketimpangan,0000,3200,JAWA BARAT,433,Perdesaan,122,2022,61,Semester 1 (Maret),9.88,320019243312261,2026-02-05 13:03:51
poverty_rate,192,Persentase Penduduk Miskin (P0) Menurut Provinsi dan Daerah,Persen,Kemiskinan dan Ketimpangan,0000,3200,JAWA BARAT,433,Perdesaan,122,2022,62,Semester 2 (September),9.75,320019243312262,2026-02-05 13:03:51
poverty_rate,192,Persentase Penduduk Miskin (P0) Menurut Provinsi dan Daerah,Persen,Kemiskinan dan Ketimpangan,0000,3200,JAWA BARAT,434,Jumlah,122,2022,61,Semester 1 (Maret),8.06,320019243412261,2026-02-05 13:03:51
poverty_rate,192,Persentase Penduduk Miskin (P0) Menurut Provinsi dan Daerah,Persen,Kemiskinan dan Ketimpangan,0000,3200,JAWA BARAT,434,Jumlah,122,2022,62,Semester 2 (September),7.98,320019243412262,2026-02-05 13:03:51
poverty_rate,192,Persentase Penduduk Miskin (P0) Menurut Provinsi dan Daerah,Persen,Kemiskinan dan Ketimpangan,0000,3300,JAWA TENGAH,432,Perkotaan,122,2022,61,Semester 1 (Maret),9.92,330019243212261,2026-02-05 13:03:51
poverty_rate,192,Persentase Penduduk Miskin (P0) Menurut Provinsi dan Daerah,Persen,Kemiskinan dan Ketimpangan,0000,3300,JAWA TENGAH,432,Perkotaan,122,2022,62,Semester 2 (September),10.02,330019243212262,2026-02-05 13:03:51
poverty_rate,192,Persentase Penduduk Miskin (P0) Menurut Provinsi dan Daerah,Persen,Kemiskinan dan Ketimpangan,0000,3300,JAWA TENGAH,433,Perdesaan,122,2022,61,Semester 1 (Maret),12.04,330019243312261,2026-02-05 13:03:51
poverty_rate,192,Persentase Penduduk Miskin (P0) Menurut Provinsi dan Daerah,Persen,Kemiskinan dan Ketimpangan,0000,3300,JAWA TENGAH,433,Perdesaan,122,2022,62,Semester 2 (September),12.05,330019243312262,2026-02-05 13:03:51
poverty_rate,192,Persentase Penduduk Miskin (P0) Menurut Provinsi dan Daerah,Persen,Kemiskinan dan Ketimpangan,0000,3300,JAWA TENGAH,434,Jumlah,122,2022,61,Semester 1 (Maret),10.93,330019243412261,2026-02-05 13:03:51
poverty_rate,192,Persentase Penduduk Miskin (P0) Menurut Provinsi dan Daerah,Persen,Kemiskinan dan Ketimpangan,0000,3300,JAWA TENGAH,434,Jumlah,122,2022,62,Semester 2 (September),10.98,330019243412262,2026-02-05 13:03:51
poverty_rate,192,Persentase Penduduk Miskin (P0) Menurut Provinsi dan Daerah,Persen,Kemiskinan dan Ketimpangan,0000,3400,DI YOGYAKARTA,432,Perkotaan,122,2022,61,Semester 1 (Maret),10.56,340019243212261,2026-02-05 13:03:51
poverty_rate,192,Persentase Penduduk Miskin (P0) Menurut Provinsi dan Daerah,Persen,Kemiskinan dan Ketimpangan,0000,3400,DI YOGYAKARTA,432,Perkotaan,122,2022,62,Semester 2 (September),10.64,340019243212262,2026-02-05 13:03:51
poverty_rate,192,Persentase Penduduk Miskin (P0) Menurut Provinsi dan Daerah,Persen,Kemiskinan dan Ketimpangan,0000,3400,DI YOGYAKARTA,433,Perdesaan,122,2022,61,Semester 1 (Maret),13.65,340019243312261,2026-02-05 13:03:51
poverty_rate,192,Persentase Penduduk Miskin (P0) Menurut Provinsi dan Daerah,Persen,Kemiskinan dan Ketimpangan,0000,3400,DI YOGYAKARTA,433,Perdesaan,122,2022,62,Semester 2 (September),14,340019243312262,2026-02-05 13:03:51
poverty_rate,192,Persentase Penduduk Miskin (P0) Menurut Provinsi dan Daerah,Persen,Kemiskinan dan Ketimpangan,0000,3400,DI YOGYAKARTA,434,Jumlah,122,2022,61,Semester 1 (Maret),11.34,340019243412261,2026-02-05 13:03:51
poverty_rate,192,Persentase Penduduk Miskin (P0) Menurut Provinsi dan Daerah,Persen,Kemiskinan dan Ketimpangan,0000,3400,DI YOGYAKARTA,434,Jumlah,122,2022,62,Semester 2 (September),11.49,340019243412262,2026-02-05 13:03:51
poverty_rate,192,Persentase Penduduk Miskin (P0) Menurut Provinsi dan Daerah,Persen,Kemiskinan dan Ketimpangan,0000,3500,JAWA TIMUR,432,Perkotaan,122,2022,61,Semester 1 (Maret),7.71,350019243212261,2026-02-05 13:03:51
poverty_rate,192,Persentase Penduduk Miskin (P0) Menurut Provinsi dan Daerah,Persen,Kemiskinan dan Ketimpangan,0000,3500,JAWA TIMUR,432,Perkotaan,122,2022,62,Semester 2 (September),7.78,350019243212262,2026-02-05 13:03:51
poverty_rate,192,Persentase Penduduk Miskin (P0) Menurut Provinsi dan Daerah,Persen,Kemiskinan dan Ketimpangan,0000,3500,JAWA TIMUR,433,Perdesaan,122,2022,61,Semester 1 (Maret),13.69,350019243312261,2026-02-05 13:03:51
poverty_rate,192,Persentase Penduduk Miskin (P0) Menurut Provinsi dan Daerah,Persen,Kemiskinan dan Ketimpangan,0000,3500,JAWA TIMUR,433,Perdesaan,122,2022,62,Semester 2 (September),13.9,350019243312262,2026-02-05 13:03:51
poverty_rate,192,Persentase Penduduk Miskin (P0) Menurut Provinsi dan Daerah,Persen,Kemiskinan dan Ketimpangan,0000,3500,JAWA TIMUR,434,Jumlah,122,2022,61,Semester 1 (Maret),10.38,350019243412261,2026-02-05 13:03:51
poverty_rate,192,Persentase Penduduk Miskin (P0) Menurut Provinsi dan Daerah,Persen,Kemiskinan dan Ketimpangan,0000,3500,JAWA TIMUR,434,Jumlah,122,2022,62,Semester 2 (September),10.49,350019243412262,2026-02-05 13:03:51
poverty_rate,192,Persentase Penduduk Miskin (P0) Menurut Provinsi dan Daerah,Persen,Kemiskinan dan Ketimpangan,0000,3600,BANTEN,432,Perkotaan,122,2022,61,Semester 1 (Maret),5.73,360019243212261,2026-02-05 13:03:51
poverty_rate,192,Persentase Penduduk Miskin (P0) Menurut Provinsi dan Daerah,Persen,Kemiskinan dan Ketimpangan,0000,3600,BANTEN,432,Perkotaan,122,2022,62,Semester 2 (September),5.89,360019243212262,2026-02-05 13:03:51
poverty_rate,192,Persentase Penduduk Miskin (P0) Menurut Provinsi dan Daerah,Persen,Kemiskinan dan Ketimpangan,0000,3600,BANTEN,433,Perdesaan,122,2022,61,Semester 1 (Maret),7.46,360019243312261,2026-02-05 13:03:51
poverty_rate,192,Persentase Penduduk Miskin (P0) Menurut Provinsi dan Daerah,Persen,Kemiskinan dan Ketimpangan,0000,3600,BANTEN,433,Perdesaan,122,2022,62,Semester 2 (September),7.29,360019243312262,2026-02-05 13:03:51
poverty_rate,192,Persentase Penduduk Miskin (P0) Menurut Provinsi dan Daerah,Persen,Kemiskinan dan Ketimpangan,0000,3600,BANTEN,434,Jumlah,122,2022,61,Semester 1 (Maret),6.16,360019243412261,2026-02-05 13:03:51
poverty_rate,192,Persentase Penduduk Miskin (P0) Menurut Provinsi dan Daerah,Persen,Kemiskinan dan Ketimpangan,0000,3600,BANTEN,434,Jumlah,122,2022,62,Semester 2 (September),6.24,360019243412262,2026-02-05 13:03:51
poverty_rate,192,Persentase Penduduk Miskin (P0) Menurut Provinsi dan Daerah,Persen,Kemiskinan dan Ketimpangan,0000,5100,BALI,432,Perkotaan,122,2022,61,Semester 1 (Maret),4.23,510019243212261,2026-02-05 13:03:51
poverty_rate,192,Persentase Penduduk Miskin (P0) Menurut Provinsi dan Daerah,Persen,Kemiskinan dan Ketimpangan,0000,5100,BALI,432,Perkotaan,122,2022,62,Semester 2 (September),4.12,510019243212262,2026-02-05 13:03:51
poverty_rate,192,Persentase Penduduk Miskin (P0) Menurut Provinsi dan Daerah,Persen,Kemiskinan dan Ketimpangan,0000,5100,BALI,433,Perdesaan,122,2022,61,Semester 1 (Maret),5.39,510019243312261,2026-02-05 13:03:51
poverty_rate,192,Persentase Penduduk Miskin (P0) Menurut Provinsi dan Daerah,Persen,Kemiskinan dan Ketimpangan,0000,5100,BALI,433,Perdesaan,122,2022,62,Semester 2 (September),5.58,510019243312262,2026-02-05 13:03:51
poverty_rate,192,Persentase Penduduk Miskin (P0) Menurut Provinsi dan Daerah,Persen,Kemiskinan dan Ketimpangan,0000,5100,BALI,434,Jumlah,122,2022,61,Semester 1 (Maret),4.57,510019243412261,2026-02-05 13:03:51
poverty_rate,192,Persentase Penduduk Miskin (P0) Menurut Provinsi dan Daerah,Persen,Kemiskinan dan Ketimpangan,0000,5100,BALI,434,Jumlah,122,2022,62,Semester 2 (September),4.53,510019243412262,2026-02-05 13:03:51
poverty_rate,192,Persentase Penduduk Miskin (P0) Menurut Provinsi dan Daerah,Persen,Kemiskinan dan Ketimpangan,0000,5200,NUSA TENGGARA BARAT,432,Perkotaan,122,2022,61,Semester 1 (Maret),14.1,520019243212261,2026-02-05 13:03:51
poverty_rate,192,Persentase Penduduk Miskin (P0) Menurut Provinsi dan Daerah,Persen,Kemiskinan dan Ketimpangan,0000,5200,NUSA TENGGARA BARAT,432,Perkotaan,122,2022,62,Semester 2 (September),13.98,520019243212262,2026-02-05 13:03:51
poverty_rate,192,Persentase Penduduk Miskin (P0) Menurut Provinsi dan Daerah,Persen,Kemiskinan dan Ketimpangan,0000,5200,NUSA TENGGARA BARAT,433,Perdesaan,122,2022,61,Semester 1 (Maret),13.24,520019243312261,2026-02-05 13:03:51
poverty_rate,192,Persentase Penduduk Miskin (P0) Menurut Provinsi dan Daerah,Persen,Kemiskinan dan Ketimpangan,0000,5200,NUSA TENGGARA BARAT,433,Perdesaan,122,2022,62,Semester 2 (September),13.66,520019243312262,2026-02-05 13:03:51
poverty_rate,192,Persentase Penduduk Miskin (P0) Menurut Provinsi dan Daerah,Persen,Kemiskinan dan Ketimpangan,0000,5200,NUSA TENGGARA BARAT,434,Jumlah,122,2022,61,Semester 1 (Maret),13.68,520019243412261,2026-02-05 13:03:51
poverty_rate,192,Persentase Penduduk Miskin (P0) Menurut Provinsi dan Daerah,Persen,Kemiskinan dan Ketimpangan,0000,5200,NUSA TENGGARA BARAT,434,Jumlah,122,2022,62,Semester 2 (September),13.82,520019243412262,2026-02-05 13:03:51
poverty_rate,192,Persentase Penduduk Miskin (P0) Menurut Provinsi dan Daerah,Persen,Kemiskinan dan Ketimpangan,0000,5300,NUSA TENGGARA TIMUR,432,Perkotaan,122,2022,61,Semester 1 (Maret),8.84,530019243212261,2026-02-05 13:03:51
poverty_rate,192,Persentase Penduduk Miskin (P0) Menurut Provinsi dan Daerah,Persen,Kemiskinan dan Ketimpangan,0000,5300,NUSA TENGGARA TIMUR,432,Perkotaan,122,2022,62,Semester 2 (September),9,530019243212262,2026-02-05 13:03:51
poverty_rate,192,Persentase Penduduk Miskin (P0) Menurut Provinsi dan Daerah,Persen,Kemiskinan dan Ketimpangan,0000,5300,NUSA TENGGARA TIMUR,433,Perdesaan,122,2022,61,Semester 1 (Maret),23.86,530019243312261,2026-02-05 13:03:51
poverty_rate,192,Persentase Penduduk Miskin (P0) Menurut Provinsi dan Daerah,Persen,Kemiskinan dan Ketimpangan,0000,5300,NUSA TENGGARA TIMUR,433,Perdesaan,122,2022,62,Semester 2 (September),24.11,530019243312262,2026-02-05 13:03:51
poverty_rate,192,Persentase Penduduk Miskin (P0) Menurut Provinsi dan Daerah,Persen,Kemiskinan dan Ketimpangan,0000,5300,NUSA TENGGARA TIMUR,434,Jumlah,122,2022,61,Semester 1 (Maret),20.05,530019243412261,2026-02-05 13:03:51
poverty_rate,192,Persentase Penduduk Miskin (P0) Menurut Provinsi dan Daerah,Persen,Kemiskinan dan Ketimpangan,0000,5300,NUSA TENGGARA TIMUR,434,Jumlah,122,2022,62,Semester 2 (September),20.23,530019243412262,2026-02-05 13:03:51
poverty_rate,192,Persentase Penduduk Miskin (P0) Menurut Provinsi dan Daerah,Persen,Kemiskinan dan Ketimpangan,0000,6100,KALIMANTAN BARAT,432,Perkotaan,122,2022,61,Semester 1 (Maret),4.44,610019243212261,2026-02-05 13:03:51
poverty_rate,192,Persentase Penduduk Miskin (P0) Menurut Provinsi dan Daerah,Persen,Kemiskinan dan Ketimpangan,0000,6100,KALIMANTAN BARAT,432,Perkotaan,122,2022,62,Semester 2 (September),4.63,610019243212262,2026-02-05 13:03:51
poverty_rate,192,Persentase Penduduk Miskin (P0) Menurut Provinsi dan Daerah,Persen,Kemiskinan dan Ketimpangan,0000,6100,KALIMANTAN BARAT,433,Perdesaan,122,2022,61,Semester 1 (Maret),8.06,610019243312261,2026-02-05 13:03:51
poverty_rate,192,Persentase Penduduk Miskin (P0) Menurut Provinsi dan Daerah,Persen,Kemiskinan dan Ketimpangan,0000,6100,KALIMANTAN BARAT,433,Perdesaan,122,2022,62,Semester 2 (September),8.1,610019243312262,2026-02-05 13:03:51
poverty_rate,192,Persentase Penduduk Miskin (P0) Menurut Provinsi dan Daerah,Persen,Kemiskinan dan Ketimpangan,0000,6100,KALIMANTAN BARAT,434,Jumlah,122,2022,61,Semester 1 (Maret),6.73,610019243412261,2026-02-05 13:03:51
poverty_rate,192,Persentase Penduduk Miskin (P0) Menurut Provinsi dan Daerah,Persen,Kemiskinan dan Ketimpangan,0000,6100,KALIMANTAN BARAT,434,Jumlah,122,2022,62,Semester 2 (September),6.81,610019243412262,2026-02-05 13:03:51
poverty_rate,192,Persentase Penduduk Miskin (P0) Menurut Provinsi dan Daerah,Persen,Kemiskinan dan Ketimpangan,0000,6200,KALIMANTAN TENGAH,432,Perkotaan,122,2022,61,Semester 1 (Maret),5.17,620019243212261,2026-02-05 13:03:51
poverty_rate,192,Persentase Penduduk Miskin (P0) Menurut Provinsi dan Daerah,Persen,Kemiskinan dan Ketimpangan,0000,6200,KALIMANTAN TENGAH,432,Perkotaan,122,2022,62,Semester 2 (September),5.09,620019243212262,2026-02-05 13:03:51
poverty_rate,192,Persentase Penduduk Miskin (P0) Menurut Provinsi dan Daerah,Persen,Kemiskinan dan Ketimpangan,0000,6200,KALIMANTAN TENGAH,433,Perdesaan,122,2022,61,Semester 1 (Maret),5.36,620019243312261,2026-02-05 13:03:51
poverty_rate,192,Persentase Penduduk Miskin (P0) Menurut Provinsi dan Daerah,Persen,Kemiskinan dan Ketimpangan,0000,6200,KALIMANTAN TENGAH,433,Perdesaan,122,2022,62,Semester 2 (September),5.32,620019243312262,2026-02-05 13:03:51
poverty_rate,192,Persentase Penduduk Miskin (P0) Menurut Provinsi dan Daerah,Persen,Kemiskinan dan Ketimpangan,0000,6200,KALIMANTAN TENGAH,434,Jumlah,122,2022,61,Semester 1 (Maret),5.28,620019243412261,2026-02-05 13:03:51
poverty_rate,192,Persentase Penduduk Miskin (P0) Menurut Provinsi dan Daerah,Persen,Kemiskinan dan Ketimpangan,0000,6200,KALIMANTAN TENGAH,434,Jumlah,122,2022,62,Semester 2 (September),5.22,620019243412262,2026-02-05 13:03:51
poverty_rate,192,Persentase Penduduk Miskin (P0) Menurut Provinsi dan Daerah,Persen,Kemiskinan dan Ketimpangan,0000,6300,KALIMANTAN SELATAN,432,Perkotaan,122,2022,61,Semester 1 (Maret),3.64,630019243212261,2026-02-05 13:03:51
poverty_rate,192,Persentase Penduduk Miskin (P0) Menurut Provinsi dan Daerah,Persen,Kemiskinan dan Ketimpangan,0000,6300,KALIMANTAN SELATAN,432,Perkotaan,122,2022,62,Semester 2 (September),4.03,630019243212262,2026-02-05 13:03:51
poverty_rate,192,Persentase Penduduk Miskin (P0) Menurut Provinsi dan Daerah,Persen,Kemiskinan dan Ketimpangan,0000,6300,KALIMANTAN SELATAN,433,Perdesaan,122,2022,61,Semester 1 (Maret),5.31,630019243312261,2026-02-05 13:03:51
poverty_rate,192,Persentase Penduduk Miskin (P0) Menurut Provinsi dan Daerah,Persen,Kemiskinan dan Ketimpangan,0000,6300,KALIMANTAN SELATAN,433,Perdesaan,122,2022,62,Semester 2 (September),5.17,630019243312262,2026-02-05 13:03:51
poverty_rate,192,Persentase Penduduk Miskin (P0) Menurut Provinsi dan Daerah,Persen,Kemiskinan dan Ketimpangan,0000,6300,KALIMANTAN SELATAN,434,Jumlah,122,2022,61,Semester 1 (Maret),4.49,630019243412261,2026-02-05 13:03:51
poverty_rate,192,Persentase Penduduk Miskin (P0) Menurut Provinsi dan Daerah,Persen,Kemiskinan dan Ketimpangan,0000,6300,KALIMANTAN SELATAN,434,Jumlah,122,2022,62,Semester 2 (September),4.61,630019243412262,2026-02-05 13:03:51
poverty_rate,192,Persentase Penduduk Miskin (P0) Menurut Provinsi dan Daerah,Persen,Kemiskinan dan Ketimpangan,0000,6400,KALIMANTAN TIMUR,432,Perkotaan,122,2022,61,Semester 1 (Maret),4.8,640019243212261,2026-02-05 13:03:51
poverty_rate,192,Persentase Penduduk Miskin (P0) Menurut Provinsi dan Daerah,Persen,Kemiskinan dan Ketimpangan,0000,6400,KALIMANTAN TIMUR,432,Perkotaan,122,2022,62,Semester 2 (September),4.97,640019243212262,2026-02-05 13:03:51
poverty_rate,192,Persentase Penduduk Miskin (P0) Menurut Provinsi dan Daerah,Persen,Kemiskinan dan Ketimpangan,0000,6400,KALIMANTAN TIMUR,433,Perdesaan,122,2022,61,Semester 1 (Maret),9.64,640019243312261,2026-02-05 13:03:51
poverty_rate,192,Persentase Penduduk Miskin (P0) Menurut Provinsi dan Daerah,Persen,Kemiskinan dan Ketimpangan,0000,6400,KALIMANTAN TIMUR,433,Perdesaan,122,2022,62,Semester 2 (September),9.71,640019243312262,2026-02-05 13:03:51
poverty_rate,192,Persentase Penduduk Miskin (P0) Menurut Provinsi dan Daerah,Persen,Kemiskinan dan Ketimpangan,0000,6400,KALIMANTAN TIMUR,434,Jumlah,122,2022,61,Semester 1 (Maret),6.31,640019243412261,2026-02-05 13:03:51
poverty_rate,192,Persentase Penduduk Miskin (P0) Menurut Provinsi dan Daerah,Persen,Kemiskinan dan Ketimpangan,0000,6400,KALIMANTAN TIMUR,434,Jumlah,122,2022,62,Semester 2 (September),6.44,640019243412262,2026-02-05 13:03:51
poverty_rate,192,Persentase Penduduk Miskin (P0) Menurut Provinsi dan Daerah,Persen,Kemiskinan dan Ketimpangan,0000,6500,KALIMANTAN UTARA,432,Perkotaan,122,2022,61,Semester 1 (Maret),5.66,650019243212261,2026-02-05 13:03:51
poverty_rate,192,Persentase Penduduk Miskin (P0) Menurut Provinsi dan Daerah,Persen,Kemiskinan dan Ketimpangan,0000,6500,KALIMANTAN UTARA,432,Perkotaan,122,2022,62,Semester 2 (September),5.58,650019243212262,2026-02-05 13:03:51
poverty_rate,192,Persentase Penduduk Miskin (P0) Menurut Provinsi dan Daerah,Persen,Kemiskinan dan Ketimpangan,0000,6500,KALIMANTAN UTARA,433,Perdesaan,122,2022,61,Semester 1 (Maret),8.75,650019243312261,2026-02-05 13:03:51
poverty_rate,192,Persentase Penduduk Miskin (P0) Menurut Provinsi dan Daerah,Persen,Kemiskinan dan Ketimpangan,0000,6500,KALIMANTAN UTARA,433,Perdesaan,122,2022,62,Semester 2 (September),9.15,650019243312262,2026-02-05 13:03:51
poverty_rate,192,Persentase Penduduk Miskin (P0) Menurut Provinsi dan Daerah,Persen,Kemiskinan dan Ketimpangan,0000,6500,KALIMANTAN UTARA,434,Jumlah,122,2022,61,Semester 1 (Maret),6.77,650019243412261,2026-02-05 13:03:51
poverty_rate,192,Persentase Penduduk Miskin (P0) Menurut Provinsi dan Daerah,Persen,Kemiskinan dan Ketimpangan,0000,6500,KALIMANTAN UTARA,434,Jumlah,122,2022,62,Semester 2 (September),6.86,650019243412262,2026-02-05 13:03:51
poverty_rate,192,Persentase Penduduk Miskin (P0) Menurut Provinsi dan Daerah,Persen,Kemiskinan dan Ketimpangan,0000,7100,SULAWESI UTARA,432,Perkotaan,122,2022,61,Semester 1 (Maret),5.14,710019243212261,2026-02-05 13:03:51
poverty_rate,192,Persentase Penduduk Miskin (P0) Menurut Provinsi dan Daerah,Persen,Kemiskinan dan Ketimpangan,0000,7100,SULAWESI UTARA,432,Perkotaan,122,2022,62,Semester 2 (September),5.04,710019243212262,2026-02-05 13:03:51
poverty_rate,192,Persentase Penduduk Miskin (P0) Menurut Provinsi dan Daerah,Persen,Kemiskinan dan Ketimpangan,0000,7100,SULAWESI UTARA,433,Perdesaan,122,2022,61,Semester 1 (Maret),9.77,710019243312261,2026-02-05 13:03:51
poverty_rate,192,Persentase Penduduk Miskin (P0) Menurut Provinsi dan Daerah,Persen,Kemiskinan dan Ketimpangan,0000,7100,SULAWESI UTARA,433,Perdesaan,122,2022,62,Semester 2 (September),10.16,710019243312262,2026-02-05 13:03:51
poverty_rate,192,Persentase Penduduk Miskin (P0) Menurut Provinsi dan Daerah,Persen,Kemiskinan dan Ketimpangan,0000,7100,SULAWESI UTARA,434,Jumlah,122,2022,61,Semester 1 (Maret),7.28,710019243412261,2026-02-05 13:03:51
poverty_rate,192,Persentase Penduduk Miskin (P0) Menurut Provinsi dan Daerah,Persen,Kemiskinan dan Ketimpangan,0000,7100,SULAWESI UTARA,434,Jumlah,122,2022,62,Semester 2 (September),7.34,710019243412262,2026-02-05 13:03:51
poverty_rate,192,Persentase Penduduk Miskin (P0) Menurut Provinsi dan Daerah,Persen,Kemiskinan dan Ketimpangan,0000,7200,SULAWESI TENGAH,432,Perkotaan,122,2022,61,Semester 1 (Maret),9.03,720019243212261,2026-02-05 13:03:51
poverty_rate,192,Persentase Penduduk Miskin (P0) Menurut Provinsi dan Daerah,Persen,Kemiskinan dan Ketimpangan,0000,7200,SULAWESI TENGAH,432,Perkotaan,122,2022,62,Semester 2 (September),9.13,720019243212262,2026-02-05 13:03:51
poverty_rate,192,Persentase Penduduk Miskin (P0) Menurut Provinsi dan Daerah,Persen,Kemiskinan dan Ketimpangan,0000,7200,SULAWESI TENGAH,433,Perdesaan,122,2022,61,Semester 1 (Maret),13.87,720019243312261,2026-02-05 13:03:51
poverty_rate,192,Persentase Penduduk Miskin (P0) Menurut Provinsi dan Daerah,Persen,Kemiskinan dan Ketimpangan,0000,7200,SULAWESI TENGAH,433,Perdesaan,122,2022,62,Semester 2 (September),13.79,720019243312262,2026-02-05 13:03:51
poverty_rate,192,Persentase Penduduk Miskin (P0) Menurut Provinsi dan Daerah,Persen,Kemiskinan dan Ketimpangan,0000,7200,SULAWESI TENGAH,434,Jumlah,122,2022,61,Semester 1 (Maret),12.33,720019243412261,2026-02-05 13:03:51
poverty_rate,192,Persentase Penduduk Miskin (P0) Menurut Provinsi dan Daerah,Persen,Kemiskinan dan Ketimpangan,0000,7200,SULAWESI TENGAH,434,Jumlah,122,2022,62,Semester 2 (September),12.3,720019243412262,2026-02-05 13:03:51
poverty_rate,192,Persentase Penduduk Miskin (P0) Menurut Provinsi dan Daerah,Persen,Kemiskinan dan Ketimpangan,0000,7300,SULAWESI SELATAN,432,Perkotaan,122,2022,61,Semester 1 (Maret),5.07,730019243212261,2026-02-05 13:03:51
poverty_rate,192,Persentase Penduduk Miskin (P0) Menurut Provinsi dan Daerah,Persen,Kemiskinan dan Ketimpangan,0000,7300,SULAWESI SELATAN,432,Perkotaan,122,2022,62,Semester 2 (September),4.98,730019243212262,2026-02-05 13:03:51
poverty_rate,192,Persentase Penduduk Miskin (P0) Menurut Provinsi dan Daerah,Persen,Kemiskinan dan Ketimpangan,0000,7300,SULAWESI SELATAN,433,Perdesaan,122,2022,61,Semester 1 (Maret),11.63,730019243312261,2026-02-05 13:03:51
poverty_rate,192,Persentase Penduduk Miskin (P0) Menurut Provinsi dan Daerah,Persen,Kemiskinan dan Ketimpangan,0000,7300,SULAWESI SELATAN,433,Perdesaan,122,2022,62,Semester 2 (September),11.81,730019243312262,2026-02-05 13:03:51
poverty_rate,192,Persentase Penduduk Miskin (P0) Menurut Provinsi dan Daerah,Persen,Kemiskinan dan Ketimpangan,0000,7300,SULAWESI SELATAN,434,Jumlah,122,2022,61,Semester 1 (Maret),8.63,730019243412261,2026-02-05 13:03:51
poverty_rate,192,Persentase Penduduk Miskin (P0) Menurut Provinsi dan Daerah,Persen,Kemiskinan dan Ketimpangan,0000,7300,SULAWESI SELATAN,434,Jumlah,122,2022,62,Semester 2 (September),8.66,730019243412262,2026-02-05 13:03:51
poverty_rate,192,Persentase Penduduk Miskin (P0) Menurut Provinsi dan Daerah,Persen,Kemiskinan dan Ketimpangan,0000,7400,SULAWESI TENGGARA,432,Perkotaan,122,2022,61,Semester 1 (Maret),6.95,740019243212261,2026-02-05 13:03:51
poverty_rate,192,Persentase Penduduk Miskin (P0) Menurut Provinsi dan Daerah,Persen,Kemiskinan dan Ketimpangan,0000,7400,SULAWESI TENGGARA,432,Perkotaan,122,2022,62,Semester 2 (September),7.22,740019243212262,2026-02-05 13:03:51
poverty_rate,192,Persentase Penduduk Miskin (P0) Menurut Provinsi dan Daerah,Persen,Kemiskinan dan Ketimpangan,0000,7400,SULAWESI TENGGARA,433,Perdesaan,122,2022,61,Semester 1 (Maret),13.57,740019243312261,2026-02-05 13:03:51
poverty_rate,192,Persentase Penduduk Miskin (P0) Menurut Provinsi dan Daerah,Persen,Kemiskinan dan Ketimpangan,0000,7400,SULAWESI TENGGARA,433,Perdesaan,122,2022,62,Semester 2 (September),13.6,740019243312262,2026-02-05 13:03:51
poverty_rate,192,Persentase Penduduk Miskin (P0) Menurut Provinsi dan Daerah,Persen,Kemiskinan dan Ketimpangan,0000,7400,SULAWESI TENGGARA,434,Jumlah,122,2022,61,Semester 1 (Maret),11.17,740019243412261,2026-02-05 13:03:51
poverty_rate,192,Persentase Penduduk Miskin (P0) Menurut Provinsi dan Daerah,Persen,Kemiskinan dan Ketimpangan,0000,7400,SULAWESI TENGGARA,434,Jumlah,122,2022,62,Semester 2 (September),11.27,740019243412262,2026-02-05 13:03:51
poverty_rate,192,Persentase Penduduk Miskin (P0) Menurut Provinsi dan Daerah,Persen,Kemiskinan dan Ketimpangan,0000,7500,GORONTALO,432,Perkotaan,122,2022,61,Semester 1 (Maret),3.97,750019243212261,2026-02-05 13:03:51
poverty_rate,192,Persentase Penduduk Miskin (P0) Menurut Provinsi dan Daerah,Persen,Kemiskinan dan Ketimpangan,0000,7500,GORONTALO,432,Perkotaan,122,2022,62,Semester 2 (September),4.49,750019243212262,2026-02-05 13:03:51
poverty_rate,192,Persentase Penduduk Miskin (P0) Menurut Provinsi dan Daerah,Persen,Kemiskinan dan Ketimpangan,0000,7500,GORONTALO,433,Perdesaan,122,2022,61,Semester 1 (Maret),24.42,750019243312261,2026-02-05 13:03:51
poverty_rate,192,Persentase Penduduk Miskin (P0) Menurut Provinsi dan Daerah,Persen,Kemiskinan dan Ketimpangan,0000,7500,GORONTALO,433,Perdesaan,122,2022,62,Semester 2 (September),24.52,750019243312262,2026-02-05 13:03:51
poverty_rate,192,Persentase Penduduk Miskin (P0) Menurut Provinsi dan Daerah,Persen,Kemiskinan dan Ketimpangan,0000,7500,GORONTALO,434,Jumlah,122,2022,61,Semester 1 (Maret),15.42,750019243412261,2026-02-05 13:03:51
poverty_rate,192,Persentase Penduduk Miskin (P0) Menurut Provinsi dan Daerah,Persen,Kemiskinan dan Ketimpangan,0000,7500,GORONTALO,434,Jumlah,122,2022,62,Semester 2 (September),15.51,750019243412262,2026-02-05 13:03:51
poverty_rate,192,Persentase Penduduk Miskin (P0) Menurut Provinsi dan Daerah,Persen,Kemiskinan dan Ketimpangan,0000,7600,SULAWESI BARAT,432,Perkotaan,122,2022,61,Semester 1 (Maret),9.76,760019243212261,2026-02-05 13:03:51
poverty_rate,192,Persentase Penduduk Miskin (P0) Menurut Provinsi dan Daerah,Persen,Kemiskinan dan Ketimpangan,0000,7600,SULAWESI BARAT,432,Perkotaan,122,2022,62,Semester 2 (September),9.33,760019243212262,2026-02-05 13:03:51
poverty_rate,192,Persentase Penduduk Miskin (P0) Menurut Provinsi dan Daerah,Persen,Kemiskinan dan Ketimpangan,0000,7600,SULAWESI BARAT,433,Perdesaan,122,2022,61,Semester 1 (Maret),12.26,760019243312261,2026-02-05 13:03:51
poverty_rate,192,Persentase Penduduk Miskin (P0) Menurut Provinsi dan Daerah,Persen,Kemiskinan dan Ketimpangan,0000,7600,SULAWESI BARAT,433,Perdesaan,122,2022,62,Semester 2 (September),12.58,760019243312262,2026-02-05 13:03:51
poverty_rate,192,Persentase Penduduk Miskin (P0) Menurut Provinsi dan Daerah,Persen,Kemiskinan dan Ketimpangan,0000,7600,SULAWESI BARAT,434,Jumlah,122,2022,61,Semester 1 (Maret),11.75,760019243412261,2026-02-05 13:03:51
poverty_rate,192,Persentase Penduduk Miskin (P0) Menurut Provinsi dan Daerah,Persen,Kemiskinan dan Ketimpangan,0000,7600,SULAWESI BARAT,434,Jumlah,122,2022,62,Semester 2 (September),11.92,760019243412262,2026-02-05 13:03:51
poverty_rate,192,Persentase Penduduk Miskin (P0) Menurut Provinsi dan Daerah,Persen,Kemiskinan dan Ketimpangan,0000,8100,MALUKU,432,Perkotaan,122,2022,61,Semester 1 (Maret),5.82,810019243212261,2026-02-05 13:03:51
poverty_rate,192,Persentase Penduduk Miskin (P0) Menurut Provinsi dan Daerah,Persen,Kemiskinan dan Ketimpangan,0000,8100,MALUKU,432,Perkotaan,122,2022,62,Semester 2 (September),5.9,810019243212262,2026-02-05 13:03:51
poverty_rate,192,Persentase Penduduk Miskin (P0) Menurut Provinsi dan Daerah,Persen,Kemiskinan dan Ketimpangan,0000,8100,MALUKU,433,Perdesaan,122,2022,61,Semester 1 (Maret),23.5,810019243312261,2026-02-05 13:03:51
poverty_rate,192,Persentase Penduduk Miskin (P0) Menurut Provinsi dan Daerah,Persen,Kemiskinan dan Ketimpangan,0000,8100,MALUKU,433,Perdesaan,122,2022,62,Semester 2 (September),24.54,810019243312262,2026-02-05 13:03:51
poverty_rate,192,Persentase Penduduk Miskin (P0) Menurut Provinsi dan Daerah,Persen,Kemiskinan dan Ketimpangan,0000,8100,MALUKU,434,Jumlah,122,2022,61,Semester 1 (Maret),15.97,810019243412261,2026-02-05 13:03:51
poverty_rate,192,Persentase Penduduk Miskin (P0) Menurut Provinsi dan Daerah,Persen,Kemiskinan dan Ketimpangan,0000,8100,MALUKU,434,Jumlah,122,2022,62,Semester 2 (September),16.23,810019243412262,2026-02-05 13:03:51
poverty_rate,192,Persentase Penduduk Miskin (P0) Menurut Provinsi dan Daerah,Persen,Kemiskinan dan Ketimpangan,0000,8200,MALUKU UTARA,432,Perkotaan,122,2022,61,Semester 1 (Maret),5.18,820019243212261,2026-02-05 13:03:51
poverty_rate,192,Persentase Penduduk Miskin (P0) Menurut Provinsi dan Daerah,Persen,Kemiskinan dan Ketimpangan,0000,8200,MALUKU UTARA,432,Perkotaan,122,2022,62,Semester 2 (September),6.17,820019243212262,2026-02-05 13:03:51
poverty_rate,192,Persentase Penduduk Miskin (P0) Menurut Provinsi dan Daerah,Persen,Kemiskinan dan Ketimpangan,0000,8200,MALUKU UTARA,433,Perdesaan,122,2022,61,Semester 1 (Maret),6.66,820019243312261,2026-02-05 13:03:51
poverty_rate,192,Persentase Penduduk Miskin (P0) Menurut Provinsi dan Daerah,Persen,Kemiskinan dan Ketimpangan,0000,8200,MALUKU UTARA,433,Perdesaan,122,2022,62,Semester 2 (September),6.45,820019243312262,2026-02-05 13:03:51
poverty_rate,192,Persentase Penduduk Miskin (P0) Menurut Provinsi dan Daerah,Persen,Kemiskinan dan Ketimpangan,0000,8200,MALUKU UTARA,434,Jumlah,122,2022,61,Semester 1 (Maret),6.23,820019243412261,2026-02-05 13:03:51
poverty_rate,192,Persentase Penduduk Miskin (P0) Menurut Provinsi dan Daerah,Persen,Kemiskinan dan Ketimpangan,0000,8200,MALUKU UTARA,434,Jumlah,122,2022,62,Semester 2 (September),6.37,820019243412262,2026-02-05 13:03:51
poverty_rate,192,Persentase Penduduk Miskin (P0) Menurut Provinsi dan Daerah,Persen,Kemiskinan dan Ketimpangan,0000,9100,PAPUA BARAT,432,Perkotaan,122,2022,61,Semester 1 (Maret),6.96,910019243212261,2026-02-05 13:03:51
poverty_rate,192,Persentase Penduduk Miskin (P0) Menurut Provinsi dan Daerah,Persen,Kemiskinan dan Ketimpangan,0000,9100,PAPUA BARAT,432,Perkotaan,122,2022,62,Semester 2 (September),7.64,910019243212262,2026-02-05 13:03:51
poverty_rate,192,Persentase Penduduk Miskin (P0) Menurut Provinsi dan Daerah,Persen,Kemiskinan dan Ketimpangan,0000,9100,PAPUA BARAT,433,Perdesaan,122,2022,61,Semester 1 (Maret),31.42,910019243312261,2026-02-05 13:03:51
poverty_rate,192,Persentase Penduduk Miskin (P0) Menurut Provinsi dan Daerah,Persen,Kemiskinan dan Ketimpangan,0000,9100,PAPUA BARAT,433,Perdesaan,122,2022,62,Semester 2 (September),32.12,910019243312262,2026-02-05 13:03:51
poverty_rate,192,Persentase Penduduk Miskin (P0) Menurut Provinsi dan Daerah,Persen,Kemiskinan dan Ketimpangan,0000,9100,PAPUA BARAT,434,Jumlah,122,2022,61,Semester 1 (Maret),21.33,910019243412261,2026-02-05 13:03:51
poverty_rate,192,Persentase Penduduk Miskin (P0) Menurut Provinsi dan Daerah,Persen,Kemiskinan dan Ketimpangan,0000,9100,PAPUA BARAT,434,Jumlah,122,2022,62,Semester 2 (September),21.43,910019243412262,2026-02-05 13:03:51
poverty_rate,192,Persentase Penduduk Miskin (P0) Menurut Provinsi dan Daerah,Persen,Kemiskinan dan Ketimpangan,0000,9400,PAPUA,432,Perkotaan,122,2022,61,Semester 1 (Maret),5.02,940019243212261,2026-02-05 13:03:51
poverty_rate,192,Persentase Penduduk Miskin (P0) Menurut Provinsi dan Daerah,Persen,Kemiskinan dan Ketimpangan,0000,9400,PAPUA,432,Perkotaan,122,2022,62,Semester 2 (September),5.29,940019243212262,2026-02-05 13:03:51
poverty_rate,192,Persentase Penduduk Miskin (P0) Menurut Provinsi dan Daerah,Persen,Kemiskinan dan Ketimpangan,0000,9400,PAPUA,433,Perdesaan,122,2022,61,Semester 1 (Maret),35.39,940019243312261,2026-02-05 13:03:51
poverty_rate,192,Persentase Penduduk Miskin (P0) Menurut Provinsi dan Daerah,Persen,Kemiskinan dan Ketimpangan,0000,9400,PAPUA,433,Perdesaan,122,2022,62,Semester 2 (September),35.68,940019243312262,2026-02-05 13:03:51
poverty_rate,192,Persentase Penduduk Miskin (P0) Menurut Provinsi dan Daerah,Persen,Kemiskinan dan Ketimpangan,0000,9400,PAPUA,434,Jumlah,122,2022,61,Semester 1 (Maret),26.56,940019243412261,2026-02-05 13:03:51
poverty_rate,192,Persentase Penduduk Miskin (P0) Menurut Provinsi dan Daerah,Persen,Kemiskinan dan Ketimpangan,0000,9400,PAPUA,434,Jumlah,122,2022,62,Semester 2 (September),26.8,940019243412262,2026-02-05 13:03:51
poverty_rate,192,Persentase Penduduk Miskin (P0) Menurut Provinsi dan Daerah,Persen,Kemiskinan dan Ketimpangan,0000,9999,INDONESIA,432,Perkotaan,122,2022,61,Semester 1 (Maret),7.5,999919243212261,2026-02-05 13:03:51
poverty_rate,192,Persentase Penduduk Miskin (P0) Menurut Provinsi dan Daerah,Persen,Kemiskinan dan Ketimpangan,0000,9999,INDONESIA,432,Perkotaan,122,2022,62,Semester 2 (September),7.53,999919243212262,2026-02-05 13:03:51
poverty_rate,192,Persentase Penduduk Miskin (P0) Menurut Provinsi dan Daerah,Persen,Kemiskinan dan Ketimpangan,0000,9999,INDONESIA,433,Perdesaan,122,2022,61,Semester 1 (Maret),12.29,999919243312261,2026-02-05 13:03:51
poverty_rate,192,Persentase Penduduk Miskin (P0) Menurut Provinsi dan Daerah,Persen,Kemiskinan dan Ketimpangan,0000,9999,INDONESIA,433,Perdesaan,122,2022,62,Semester 2 (September),12.36,999919243312262,2026-02-05 13:03:51
poverty_rate,192,Persentase Penduduk Miskin (P0) Menurut Provinsi dan Daerah,Persen,Kemiskinan dan Ketimpangan,0000,9999,INDONESIA,434,Jumlah,122,2022,61,Semester 1 (Maret),9.54,999919243412261,2026-02-05 13:03:51
poverty_rate,192,Persentase Penduduk Miskin (P0) Menurut Provinsi dan Daerah,Persen,Kemiskinan dan Ketimpangan,0000,9999,INDONESIA,434,Jumlah,122,2022,62,Semester 2 (September),9.57,999919243412262,2026-02-05 13:03:51
poverty_rate,192,Persentase Penduduk Miskin (P0) Menurut Provinsi dan Daerah,Persen,Kemiskinan dan Ketimpangan,0000,1100,ACEH,432,Perkotaan,121,2021,61,Semester 1 (Maret),10.46,110019243212161,2026-02-05 13:03:51
poverty_rate,192,Persentase Penduduk Miskin (P0) Menurut Provinsi dan Daerah,Persen,Kemiskinan dan Ketimpangan,0000,1100,ACEH,432,Perkotaan,121,2021,62,Semester 2 (September),10.58,110019243212162,2026-02-05 13:03:51
poverty_rate,192,Persentase Penduduk Miskin (P0) Menurut Provinsi dan Daerah,Persen,Kemiskinan dan Ketimpangan,0000,1100,ACEH,433,Perdesaan,121,2021,61,Semester 1 (Maret),17.78,110019243312161,2026-02-05 13:03:51
poverty_rate,192,Persentase Penduduk Miskin (P0) Menurut Provinsi dan Daerah,Persen,Kemiskinan dan Ketimpangan,0000,1100,ACEH,433,Perdesaan,121,2021,62,Semester 2 (September),18.04,110019243312162,2026-02-05 13:03:51
poverty_rate,192,Persentase Penduduk Miskin (P0) Menurut Provinsi dan Daerah,Persen,Kemiskinan dan Ketimpangan,0000,1100,ACEH,434,Jumlah,121,2021,61,Semester 1 (Maret),15.33,110019243412161,2026-02-05 13:03:51
poverty_rate,192,Persentase Penduduk Miskin (P0) Menurut Provinsi dan Daerah,Persen,Kemiskinan dan Ketimpangan,0000,1100,ACEH,434,Jumlah,121,2021,62,Semester 2 (September),15.53,110019243412162,2026-02-05 13:03:51
poverty_rate,192,Persentase Penduduk Miskin (P0) Menurut Provinsi dan Daerah,Persen,Kemiskinan dan Ketimpangan,0000,1200,SUMATERA UTARA,432,Perkotaan,121,2021,61,Semester 1 (Maret),9.15,120019243212161,2026-02-05 13:03:51
poverty_rate,192,Persentase Penduduk Miskin (P0) Menurut Provinsi dan Daerah,Persen,Kemiskinan dan Ketimpangan,0000,1200,SUMATERA UTARA,432,Perkotaan,121,2021,62,Semester 2 (September),8.68,120019243212162,2026-02-05 13:03:51
poverty_rate,192,Persentase Penduduk Miskin (P0) Menurut Provinsi dan Daerah,Persen,Kemiskinan dan Ketimpangan,0000,1200,SUMATERA UTARA,433,Perdesaan,121,2021,61,Semester 1 (Maret),8.84,120019243312161,2026-02-05 13:03:51
poverty_rate,192,Persentase Penduduk Miskin (P0) Menurut Provinsi dan Daerah,Persen,Kemiskinan dan Ketimpangan,0000,1200,SUMATERA UTARA,433,Perdesaan,121,2021,62,Semester 2 (September),8.26,120019243312162,2026-02-05 13:03:51
poverty_rate,192,Persentase Penduduk Miskin (P0) Menurut Provinsi dan Daerah,Persen,Kemiskinan dan Ketimpangan,0000,1200,SUMATERA UTARA,434,Jumlah,121,2021,61,Semester 1 (Maret),9.01,120019243412161,2026-02-05 13:03:51
poverty_rate,192,Persentase Penduduk Miskin (P0) Menurut Provinsi dan Daerah,Persen,Kemiskinan dan Ketimpangan,0000,1200,SUMATERA UTARA,434,Jumlah,121,2021,62,Semester 2 (September),8.49,120019243412162,2026-02-05 13:03:51
poverty_rate,192,Persentase Penduduk Miskin (P0) Menurut Provinsi dan Daerah,Persen,Kemiskinan dan Ketimpangan,0000,1300,SUMATERA BARAT,432,Perkotaan,121,2021,61,Semester 1 (Maret),5.3,130019243212161,2026-02-05 13:03:51
poverty_rate,192,Persentase Penduduk Miskin (P0) Menurut Provinsi dan Daerah,Persen,Kemiskinan dan Ketimpangan,0000,1300,SUMATERA BARAT,432,Perkotaan,121,2021,62,Semester 2 (September),4.83,130019243212162,2026-02-05 13:03:51
poverty_rate,192,Persentase Penduduk Miskin (P0) Menurut Provinsi dan Daerah,Persen,Kemiskinan dan Ketimpangan,0000,1300,SUMATERA BARAT,433,Perdesaan,121,2021,61,Semester 1 (Maret),7.91,130019243312161,2026-02-05 13:03:51
poverty_rate,192,Persentase Penduduk Miskin (P0) Menurut Provinsi dan Daerah,Persen,Kemiskinan dan Ketimpangan,0000,1300,SUMATERA BARAT,433,Perdesaan,121,2021,62,Semester 2 (September),7.23,130019243312162,2026-02-05 13:03:51
poverty_rate,192,Persentase Penduduk Miskin (P0) Menurut Provinsi dan Daerah,Persen,Kemiskinan dan Ketimpangan,0000,1300,SUMATERA BARAT,434,Jumlah,121,2021,61,Semester 1 (Maret),6.63,130019243412161,2026-02-05 13:03:51
poverty_rate,192,Persentase Penduduk Miskin (P0) Menurut Provinsi dan Daerah,Persen,Kemiskinan dan Ketimpangan,0000,1300,SUMATERA BARAT,434,Jumlah,121,2021,62,Semester 2 (September),6.04,130019243412162,2026-02-05 13:03:51
poverty_rate,192,Persentase Penduduk Miskin (P0) Menurut Provinsi dan Daerah,Persen,Kemiskinan dan Ketimpangan,0000,1400,RIAU,432,Perkotaan,121,2021,61,Semester 1 (Maret),6.52,140019243212161,2026-02-05 13:03:51
poverty_rate,192,Persentase Penduduk Miskin (P0) Menurut Provinsi dan Daerah,Persen,Kemiskinan dan Ketimpangan,0000,1400,RIAU,432,Perkotaan,121,2021,62,Semester 2 (September),6.72,140019243212162,2026-02-05 13:03:51
poverty_rate,192,Persentase Penduduk Miskin (P0) Menurut Provinsi dan Daerah,Persen,Kemiskinan dan Ketimpangan,0000,1400,RIAU,433,Perdesaan,121,2021,61,Semester 1 (Maret),7.51,140019243312161,2026-02-05 13:03:51
poverty_rate,192,Persentase Penduduk Miskin (P0) Menurut Provinsi dan Daerah,Persen,Kemiskinan dan Ketimpangan,0000,1400,RIAU,433,Perdesaan,121,2021,62,Semester 2 (September),7.19,140019243312162,2026-02-05 13:03:51
poverty_rate,192,Persentase Penduduk Miskin (P0) Menurut Provinsi dan Daerah,Persen,Kemiskinan dan Ketimpangan,0000,1400,RIAU,434,Jumlah,121,2021,61,Semester 1 (Maret),7.12,140019243412161,2026-02-05 13:03:51
poverty_rate,192,Persentase Penduduk Miskin (P0) Menurut Provinsi dan Daerah,Persen,Kemiskinan dan Ketimpangan,0000,1400,RIAU,434,Jumlah,121,2021,62,Semester 2 (September),7,140019243412162,2026-02-05 13:03:51
poverty_rate,192,Persentase Penduduk Miskin (P0) Menurut Provinsi dan Daerah,Persen,Kemiskinan dan Ketimpangan,0000,1500,JAMBI,432,Perkotaan,121,2021,61,Semester 1 (Maret),11.52,150019243212161,2026-02-05 13:03:51
poverty_rate,192,Persentase Penduduk Miskin (P0) Menurut Provinsi dan Daerah,Persen,Kemiskinan dan Ketimpangan,0000,1500,JAMBI,432,Perkotaan,121,2021,62,Semester 2 (September),10.5,150019243212162,2026-02-05 13:03:51
poverty_rate,192,Persentase Penduduk Miskin (P0) Menurut Provinsi dan Daerah,Persen,Kemiskinan dan Ketimpangan,0000,1500,JAMBI,433,Perdesaan,121,2021,61,Semester 1 (Maret),6.42,150019243312161,2026-02-05 13:03:51
poverty_rate,192,Persentase Penduduk Miskin (P0) Menurut Provinsi dan Daerah,Persen,Kemiskinan dan Ketimpangan,0000,1500,JAMBI,433,Perdesaan,121,2021,62,Semester 2 (September),6.28,150019243312162,2026-02-05 13:03:51
poverty_rate,192,Persentase Penduduk Miskin (P0) Menurut Provinsi dan Daerah,Persen,Kemiskinan dan Ketimpangan,0000,1500,JAMBI,434,Jumlah,121,2021,61,Semester 1 (Maret),8.09,150019243412161,2026-02-05 13:03:51
poverty_rate,192,Persentase Penduduk Miskin (P0) Menurut Provinsi dan Daerah,Persen,Kemiskinan dan Ketimpangan,0000,1500,JAMBI,434,Jumlah,121,2021,62,Semester 2 (September),7.67,150019243412162,2026-02-05 13:03:51
poverty_rate,192,Persentase Penduduk Miskin (P0) Menurut Provinsi dan Daerah,Persen,Kemiskinan dan Ketimpangan,0000,1600,SUMATERA SELATAN,432,Perkotaan,121,2021,61,Semester 1 (Maret),12.36,160019243212161,2026-02-05 13:03:51
poverty_rate,192,Persentase Penduduk Miskin (P0) Menurut Provinsi dan Daerah,Persen,Kemiskinan dan Ketimpangan,0000,1600,SUMATERA SELATAN,432,Perkotaan,121,2021,62,Semester 2 (September),11.99,160019243212162,2026-02-05 13:03:51
poverty_rate,192,Persentase Penduduk Miskin (P0) Menurut Provinsi dan Daerah,Persen,Kemiskinan dan Ketimpangan,0000,1600,SUMATERA SELATAN,433,Perdesaan,121,2021,61,Semester 1 (Maret),13.12,160019243312161,2026-02-05 13:03:51
poverty_rate,192,Persentase Penduduk Miskin (P0) Menurut Provinsi dan Daerah,Persen,Kemiskinan dan Ketimpangan,0000,1600,SUMATERA SELATAN,433,Perdesaan,121,2021,62,Semester 2 (September),13.28,160019243312162,2026-02-05 13:03:51
poverty_rate,192,Persentase Penduduk Miskin (P0) Menurut Provinsi dan Daerah,Persen,Kemiskinan dan Ketimpangan,0000,1600,SUMATERA SELATAN,434,Jumlah,121,2021,61,Semester 1 (Maret),12.84,160019243412161,2026-02-05 13:03:51
poverty_rate,192,Persentase Penduduk Miskin (P0) Menurut Provinsi dan Daerah,Persen,Kemiskinan dan Ketimpangan,0000,1600,SUMATERA SELATAN,434,Jumlah,121,2021,62,Semester 2 (September),12.79,160019243412162,2026-02-05 13:03:51
poverty_rate,192,Persentase Penduduk Miskin (P0) Menurut Provinsi dan Daerah,Persen,Kemiskinan dan Ketimpangan,0000,1700,BENGKULU,432,Perkotaan,121,2021,61,Semester 1 (Maret),15.1,170019243212161,2026-02-05 13:03:51
poverty_rate,192,Persentase Penduduk Miskin (P0) Menurut Provinsi dan Daerah,Persen,Kemiskinan dan Ketimpangan,0000,1700,BENGKULU,432,Perkotaan,121,2021,62,Semester 2 (September),14.73,170019243212162,2026-02-05 13:03:51
poverty_rate,192,Persentase Penduduk Miskin (P0) Menurut Provinsi dan Daerah,Persen,Kemiskinan dan Ketimpangan,0000,1700,BENGKULU,433,Perdesaan,121,2021,61,Semester 1 (Maret),15.28,170019243312161,2026-02-05 13:03:51
poverty_rate,192,Persentase Penduduk Miskin (P0) Menurut Provinsi dan Daerah,Persen,Kemiskinan dan Ketimpangan,0000,1700,BENGKULU,433,Perdesaan,121,2021,62,Semester 2 (September),14.28,170019243312162,2026-02-05 13:03:51
poverty_rate,192,Persentase Penduduk Miskin (P0) Menurut Provinsi dan Daerah,Persen,Kemiskinan dan Ketimpangan,0000,1700,BENGKULU,434,Jumlah,121,2021,61,Semester 1 (Maret),15.22,170019243412161,2026-02-05 13:03:51
poverty_rate,192,Persentase Penduduk Miskin (P0) Menurut Provinsi dan Daerah,Persen,Kemiskinan dan Ketimpangan,0000,1700,BENGKULU,434,Jumlah,121,2021,62,Semester 2 (September),14.43,170019243412162,2026-02-05 13:03:51
poverty_rate,192,Persentase Penduduk Miskin (P0) Menurut Provinsi dan Daerah,Persen,Kemiskinan dan Ketimpangan,0000,1800,LAMPUNG,432,Perkotaan,121,2021,61,Semester 1 (Maret),9.29,180019243212161,2026-02-05 13:03:51
poverty_rate,192,Persentase Penduduk Miskin (P0) Menurut Provinsi dan Daerah,Persen,Kemiskinan dan Ketimpangan,0000,1800,LAMPUNG,432,Perkotaan,121,2021,62,Semester 2 (September),8.5,180019243212162,2026-02-05 13:03:51
poverty_rate,192,Persentase Penduduk Miskin (P0) Menurut Provinsi dan Daerah,Persen,Kemiskinan dan Ketimpangan,0000,1800,LAMPUNG,433,Perdesaan,121,2021,61,Semester 1 (Maret),14.18,180019243312161,2026-02-05 13:03:51
poverty_rate,192,Persentase Penduduk Miskin (P0) Menurut Provinsi dan Daerah,Persen,Kemiskinan dan Ketimpangan,0000,1800,LAMPUNG,433,Perdesaan,121,2021,62,Semester 2 (September),13.18,180019243312162,2026-02-05 13:03:51
poverty_rate,192,Persentase Penduduk Miskin (P0) Menurut Provinsi dan Daerah,Persen,Kemiskinan dan Ketimpangan,0000,1800,LAMPUNG,434,Jumlah,121,2021,61,Semester 1 (Maret),12.62,180019243412161,2026-02-05 13:03:51
poverty_rate,192,Persentase Penduduk Miskin (P0) Menurut Provinsi dan Daerah,Persen,Kemiskinan dan Ketimpangan,0000,1800,LAMPUNG,434,Jumlah,121,2021,62,Semester 2 (September),11.67,180019243412162,2026-02-05 13:03:51
poverty_rate,192,Persentase Penduduk Miskin (P0) Menurut Provinsi dan Daerah,Persen,Kemiskinan dan Ketimpangan,0000,1900,KEP. BANGKA BELITUNG,432,Perkotaan,121,2021,61,Semester 1 (Maret),3.57,190019243212161,2026-02-05 13:03:51
poverty_rate,192,Persentase Penduduk Miskin (P0) Menurut Provinsi dan Daerah,Persen,Kemiskinan dan Ketimpangan,0000,1900,KEP. BANGKA BELITUNG,432,Perkotaan,121,2021,62,Semester 2 (September),3.22,190019243212162,2026-02-05 13:03:51
poverty_rate,192,Persentase Penduduk Miskin (P0) Menurut Provinsi dan Daerah,Persen,Kemiskinan dan Ketimpangan,0000,1900,KEP. BANGKA BELITUNG,433,Perdesaan,121,2021,61,Semester 1 (Maret),6.63,190019243312161,2026-02-05 13:03:51
poverty_rate,192,Persentase Penduduk Miskin (P0) Menurut Provinsi dan Daerah,Persen,Kemiskinan dan Ketimpangan,0000,1900,KEP. BANGKA BELITUNG,433,Perdesaan,121,2021,62,Semester 2 (September),6.57,190019243312162,2026-02-05 13:03:51
poverty_rate,192,Persentase Penduduk Miskin (P0) Menurut Provinsi dan Daerah,Persen,Kemiskinan dan Ketimpangan,0000,1900,KEP. BANGKA BELITUNG,434,Jumlah,121,2021,61,Semester 1 (Maret),4.9,190019243412161,2026-02-05 13:03:51
poverty_rate,192,Persentase Penduduk Miskin (P0) Menurut Provinsi dan Daerah,Persen,Kemiskinan dan Ketimpangan,0000,1900,KEP. BANGKA BELITUNG,434,Jumlah,121,2021,62,Semester 2 (September),4.67,190019243412162,2026-02-05 13:03:51
poverty_rate,192,Persentase Penduduk Miskin (P0) Menurut Provinsi dan Daerah,Persen,Kemiskinan dan Ketimpangan,0000,2100,KEP. RIAU,432,Perkotaan,121,2021,61,Semester 1 (Maret),5.72,210019243212161,2026-02-05 13:03:51
poverty_rate,192,Persentase Penduduk Miskin (P0) Menurut Provinsi dan Daerah,Persen,Kemiskinan dan Ketimpangan,0000,2100,KEP. RIAU,432,Perkotaan,121,2021,62,Semester 2 (September),5.37,210019243212162,2026-02-05 13:03:51
poverty_rate,192,Persentase Penduduk Miskin (P0) Menurut Provinsi dan Daerah,Persen,Kemiskinan dan Ketimpangan,0000,2100,KEP. RIAU,433,Perdesaan,121,2021,61,Semester 1 (Maret),11.1,210019243312161,2026-02-05 13:03:51
poverty_rate,192,Persentase Penduduk Miskin (P0) Menurut Provinsi dan Daerah,Persen,Kemiskinan dan Ketimpangan,0000,2100,KEP. RIAU,433,Perdesaan,121,2021,62,Semester 2 (September),10.45,210019243312162,2026-02-05 13:03:51
poverty_rate,192,Persentase Penduduk Miskin (P0) Menurut Provinsi dan Daerah,Persen,Kemiskinan dan Ketimpangan,0000,2100,KEP. RIAU,434,Jumlah,121,2021,61,Semester 1 (Maret),6.12,210019243412161,2026-02-05 13:03:51
poverty_rate,192,Persentase Penduduk Miskin (P0) Menurut Provinsi dan Daerah,Persen,Kemiskinan dan Ketimpangan,0000,2100,KEP. RIAU,434,Jumlah,121,2021,62,Semester 2 (September),5.75,210019243412162,2026-02-05 13:03:51
poverty_rate,192,Persentase Penduduk Miskin (P0) Menurut Provinsi dan Daerah,Persen,Kemiskinan dan Ketimpangan,0000,3100,DKI JAKARTA,432,Perkotaan,121,2021,61,Semester 1 (Maret),4.72,310019243212161,2026-02-05 13:03:51
poverty_rate,192,Persentase Penduduk Miskin (P0) Menurut Provinsi dan Daerah,Persen,Kemiskinan dan Ketimpangan,0000,3100,DKI JAKARTA,432,Perkotaan,121,2021,62,Semester 2 (September),4.67,310019243212162,2026-02-05 13:03:51
poverty_rate,192,Persentase Penduduk Miskin (P0) Menurut Provinsi dan Daerah,Persen,Kemiskinan dan Ketimpangan,0000,3100,DKI JAKARTA,434,Jumlah,121,2021,61,Semester 1 (Maret),4.72,310019243412161,2026-02-05 13:03:51
poverty_rate,192,Persentase Penduduk Miskin (P0) Menurut Provinsi dan Daerah,Persen,Kemiskinan dan Ketimpangan,0000,3100,DKI JAKARTA,434,Jumlah,121,2021,62,Semester 2 (September),4.67,310019243412162,2026-02-05 13:03:51
poverty_rate,192,Persentase Penduduk Miskin (P0) Menurut Provinsi dan Daerah,Persen,Kemiskinan dan Ketimpangan,0000,3200,JAWA BARAT,432,Perkotaan,121,2021,61,Semester 1 (Maret),7.82,320019243212161,2026-02-05 13:03:51
poverty_rate,192,Persentase Penduduk Miskin (P0) Menurut Provinsi dan Daerah,Persen,Kemiskinan dan Ketimpangan,0000,3200,JAWA BARAT,432,Perkotaan,121,2021,62,Semester 2 (September),7.48,320019243212162,2026-02-05 13:03:51
poverty_rate,192,Persentase Penduduk Miskin (P0) Menurut Provinsi dan Daerah,Persen,Kemiskinan dan Ketimpangan,0000,3200,JAWA BARAT,433,Perdesaan,121,2021,61,Semester 1 (Maret),10.46,320019243312161,2026-02-05 13:03:51
poverty_rate,192,Persentase Penduduk Miskin (P0) Menurut Provinsi dan Daerah,Persen,Kemiskinan dan Ketimpangan,0000,3200,JAWA BARAT,433,Perdesaan,121,2021,62,Semester 2 (September),9.76,320019243312162,2026-02-05 13:03:51
poverty_rate,192,Persentase Penduduk Miskin (P0) Menurut Provinsi dan Daerah,Persen,Kemiskinan dan Ketimpangan,0000,3200,JAWA BARAT,434,Jumlah,121,2021,61,Semester 1 (Maret),8.4,320019243412161,2026-02-05 13:03:51
poverty_rate,192,Persentase Penduduk Miskin (P0) Menurut Provinsi dan Daerah,Persen,Kemiskinan dan Ketimpangan,0000,3200,JAWA BARAT,434,Jumlah,121,2021,62,Semester 2 (September),7.97,320019243412162,2026-02-05 13:03:51
poverty_rate,192,Persentase Penduduk Miskin (P0) Menurut Provinsi dan Daerah,Persen,Kemiskinan dan Ketimpangan,0000,3300,JAWA TENGAH,432,Perkotaan,121,2021,61,Semester 1 (Maret),10.58,330019243212161,2026-02-05 13:03:51
poverty_rate,192,Persentase Penduduk Miskin (P0) Menurut Provinsi dan Daerah,Persen,Kemiskinan dan Ketimpangan,0000,3300,JAWA TENGAH,432,Perkotaan,121,2021,62,Semester 2 (September),10.16,330019243212162,2026-02-05 13:03:51
poverty_rate,192,Persentase Penduduk Miskin (P0) Menurut Provinsi dan Daerah,Persen,Kemiskinan dan Ketimpangan,0000,3300,JAWA TENGAH,433,Perdesaan,121,2021,61,Semester 1 (Maret),13.07,330019243312161,2026-02-05 13:03:51
poverty_rate,192,Persentase Penduduk Miskin (P0) Menurut Provinsi dan Daerah,Persen,Kemiskinan dan Ketimpangan,0000,3300,JAWA TENGAH,433,Perdesaan,121,2021,62,Semester 2 (September),12.44,330019243312162,2026-02-05 13:03:51
poverty_rate,192,Persentase Penduduk Miskin (P0) Menurut Provinsi dan Daerah,Persen,Kemiskinan dan Ketimpangan,0000,3300,JAWA TENGAH,434,Jumlah,121,2021,61,Semester 1 (Maret),11.79,330019243412161,2026-02-05 13:03:51
poverty_rate,192,Persentase Penduduk Miskin (P0) Menurut Provinsi dan Daerah,Persen,Kemiskinan dan Ketimpangan,0000,3300,JAWA TENGAH,434,Jumlah,121,2021,62,Semester 2 (September),11.25,330019243412162,2026-02-05 13:03:51
poverty_rate,192,Persentase Penduduk Miskin (P0) Menurut Provinsi dan Daerah,Persen,Kemiskinan dan Ketimpangan,0000,3400,DI YOGYAKARTA,432,Perkotaan,121,2021,61,Semester 1 (Maret),12.23,340019243212161,2026-02-05 13:03:51
poverty_rate,192,Persentase Penduduk Miskin (P0) Menurut Provinsi dan Daerah,Persen,Kemiskinan dan Ketimpangan,0000,3400,DI YOGYAKARTA,432,Perkotaan,121,2021,62,Semester 2 (September),11.2,340019243212162,2026-02-05 13:03:51
poverty_rate,192,Persentase Penduduk Miskin (P0) Menurut Provinsi dan Daerah,Persen,Kemiskinan dan Ketimpangan,0000,3400,DI YOGYAKARTA,433,Perdesaan,121,2021,61,Semester 1 (Maret),14.44,340019243312161,2026-02-05 13:03:51
poverty_rate,192,Persentase Penduduk Miskin (P0) Menurut Provinsi dan Daerah,Persen,Kemiskinan dan Ketimpangan,0000,3400,DI YOGYAKARTA,433,Perdesaan,121,2021,62,Semester 2 (September),13.99,340019243312162,2026-02-05 13:03:51
poverty_rate,192,Persentase Penduduk Miskin (P0) Menurut Provinsi dan Daerah,Persen,Kemiskinan dan Ketimpangan,0000,3400,DI YOGYAKARTA,434,Jumlah,121,2021,61,Semester 1 (Maret),12.8,340019243412161,2026-02-05 13:03:51
poverty_rate,192,Persentase Penduduk Miskin (P0) Menurut Provinsi dan Daerah,Persen,Kemiskinan dan Ketimpangan,0000,3400,DI YOGYAKARTA,434,Jumlah,121,2021,62,Semester 2 (September),11.91,340019243412162,2026-02-05 13:03:51
poverty_rate,192,Persentase Penduduk Miskin (P0) Menurut Provinsi dan Daerah,Persen,Kemiskinan dan Ketimpangan,0000,3500,JAWA TIMUR,432,Perkotaan,121,2021,61,Semester 1 (Maret),8.38,350019243212161,2026-02-05 13:03:51
poverty_rate,192,Persentase Penduduk Miskin (P0) Menurut Provinsi dan Daerah,Persen,Kemiskinan dan Ketimpangan,0000,3500,JAWA TIMUR,432,Perkotaan,121,2021,62,Semester 2 (September),7.99,350019243212162,2026-02-05 13:03:51
poverty_rate,192,Persentase Penduduk Miskin (P0) Menurut Provinsi dan Daerah,Persen,Kemiskinan dan Ketimpangan,0000,3500,JAWA TIMUR,433,Perdesaan,121,2021,61,Semester 1 (Maret),15.05,350019243312161,2026-02-05 13:03:51
poverty_rate,192,Persentase Penduduk Miskin (P0) Menurut Provinsi dan Daerah,Persen,Kemiskinan dan Ketimpangan,0000,3500,JAWA TIMUR,433,Perdesaan,121,2021,62,Semester 2 (September),13.79,350019243312162,2026-02-05 13:03:51
poverty_rate,192,Persentase Penduduk Miskin (P0) Menurut Provinsi dan Daerah,Persen,Kemiskinan dan Ketimpangan,0000,3500,JAWA TIMUR,434,Jumlah,121,2021,61,Semester 1 (Maret),11.4,350019243412161,2026-02-05 13:03:51
poverty_rate,192,Persentase Penduduk Miskin (P0) Menurut Provinsi dan Daerah,Persen,Kemiskinan dan Ketimpangan,0000,3500,JAWA TIMUR,434,Jumlah,121,2021,62,Semester 2 (September),10.59,350019243412162,2026-02-05 13:03:51
poverty_rate,192,Persentase Penduduk Miskin (P0) Menurut Provinsi dan Daerah,Persen,Kemiskinan dan Ketimpangan,0000,3600,BANTEN,432,Perkotaan,121,2021,61,Semester 1 (Maret),5.93,360019243212161,2026-02-05 13:03:51
poverty_rate,192,Persentase Penduduk Miskin (P0) Menurut Provinsi dan Daerah,Persen,Kemiskinan dan Ketimpangan,0000,3600,BANTEN,432,Perkotaan,121,2021,62,Semester 2 (September),6.04,360019243212162,2026-02-05 13:03:51
poverty_rate,192,Persentase Penduduk Miskin (P0) Menurut Provinsi dan Daerah,Persen,Kemiskinan dan Ketimpangan,0000,3600,BANTEN,433,Perdesaan,121,2021,61,Semester 1 (Maret),8.49,360019243312161,2026-02-05 13:03:51
poverty_rate,192,Persentase Penduduk Miskin (P0) Menurut Provinsi dan Daerah,Persen,Kemiskinan dan Ketimpangan,0000,3600,BANTEN,433,Perdesaan,121,2021,62,Semester 2 (September),7.72,360019243312162,2026-02-05 13:03:51
poverty_rate,192,Persentase Penduduk Miskin (P0) Menurut Provinsi dan Daerah,Persen,Kemiskinan dan Ketimpangan,0000,3600,BANTEN,434,Jumlah,121,2021,61,Semester 1 (Maret),6.66,360019243412161,2026-02-05 13:03:51
poverty_rate,192,Persentase Penduduk Miskin (P0) Menurut Provinsi dan Daerah,Persen,Kemiskinan dan Ketimpangan,0000,3600,BANTEN,434,Jumlah,121,2021,62,Semester 2 (September),6.5,360019243412162,2026-02-05 13:03:51
poverty_rate,192,Persentase Penduduk Miskin (P0) Menurut Provinsi dan Daerah,Persen,Kemiskinan dan Ketimpangan,0000,5100,BALI,432,Perkotaan,121,2021,61,Semester 1 (Maret),4.12,510019243212161,2026-02-05 13:03:51
poverty_rate,192,Persentase Penduduk Miskin (P0) Menurut Provinsi dan Daerah,Persen,Kemiskinan dan Ketimpangan,0000,5100,BALI,432,Perkotaan,121,2021,62,Semester 2 (September),4.33,510019243212162,2026-02-05 13:03:51
poverty_rate,192,Persentase Penduduk Miskin (P0) Menurut Provinsi dan Daerah,Persen,Kemiskinan dan Ketimpangan,0000,5100,BALI,433,Perdesaan,121,2021,61,Semester 1 (Maret),5.52,510019243312161,2026-02-05 13:03:51
poverty_rate,192,Persentase Penduduk Miskin (P0) Menurut Provinsi dan Daerah,Persen,Kemiskinan dan Ketimpangan,0000,5100,BALI,433,Perdesaan,121,2021,62,Semester 2 (September),5.68,510019243312162,2026-02-05 13:03:51
poverty_rate,192,Persentase Penduduk Miskin (P0) Menurut Provinsi dan Daerah,Persen,Kemiskinan dan Ketimpangan,0000,5100,BALI,434,Jumlah,121,2021,61,Semester 1 (Maret),4.53,510019243412161,2026-02-05 13:03:51
poverty_rate,192,Persentase Penduduk Miskin (P0) Menurut Provinsi dan Daerah,Persen,Kemiskinan dan Ketimpangan,0000,5100,BALI,434,Jumlah,121,2021,62,Semester 2 (September),4.72,510019243412162,2026-02-05 13:03:51
poverty_rate,192,Persentase Penduduk Miskin (P0) Menurut Provinsi dan Daerah,Persen,Kemiskinan dan Ketimpangan,0000,5200,NUSA TENGGARA BARAT,432,Perkotaan,121,2021,61,Semester 1 (Maret),14.92,520019243212161,2026-02-05 13:03:51
poverty_rate,192,Persentase Penduduk Miskin (P0) Menurut Provinsi dan Daerah,Persen,Kemiskinan dan Ketimpangan,0000,5200,NUSA TENGGARA BARAT,432,Perkotaan,121,2021,62,Semester 2 (September),14.54,520019243212162,2026-02-05 13:03:51
poverty_rate,192,Persentase Penduduk Miskin (P0) Menurut Provinsi dan Daerah,Persen,Kemiskinan dan Ketimpangan,0000,5200,NUSA TENGGARA BARAT,433,Perdesaan,121,2021,61,Semester 1 (Maret),13.37,520019243312161,2026-02-05 13:03:51
poverty_rate,192,Persentase Penduduk Miskin (P0) Menurut Provinsi dan Daerah,Persen,Kemiskinan dan Ketimpangan,0000,5200,NUSA TENGGARA BARAT,433,Perdesaan,121,2021,62,Semester 2 (September),13.12,520019243312162,2026-02-05 13:03:51
poverty_rate,192,Persentase Penduduk Miskin (P0) Menurut Provinsi dan Daerah,Persen,Kemiskinan dan Ketimpangan,0000,5200,NUSA TENGGARA BARAT,434,Jumlah,121,2021,61,Semester 1 (Maret),14.14,520019243412161,2026-02-05 13:03:51
poverty_rate,192,Persentase Penduduk Miskin (P0) Menurut Provinsi dan Daerah,Persen,Kemiskinan dan Ketimpangan,0000,5200,NUSA TENGGARA BARAT,434,Jumlah,121,2021,62,Semester 2 (September),13.83,520019243412162,2026-02-05 13:03:51
poverty_rate,192,Persentase Penduduk Miskin (P0) Menurut Provinsi dan Daerah,Persen,Kemiskinan dan Ketimpangan,0000,5300,NUSA TENGGARA TIMUR,432,Perkotaan,121,2021,61,Semester 1 (Maret),8.6,530019243212161,2026-02-05 13:03:51
poverty_rate,192,Persentase Penduduk Miskin (P0) Menurut Provinsi dan Daerah,Persen,Kemiskinan dan Ketimpangan,0000,5300,NUSA TENGGARA TIMUR,432,Perkotaan,121,2021,62,Semester 2 (September),8.57,530019243212162,2026-02-05 13:03:51
poverty_rate,192,Persentase Penduduk Miskin (P0) Menurut Provinsi dan Daerah,Persen,Kemiskinan dan Ketimpangan,0000,5300,NUSA TENGGARA TIMUR,433,Perdesaan,121,2021,61,Semester 1 (Maret),25.08,530019243312161,2026-02-05 13:03:51
poverty_rate,192,Persentase Penduduk Miskin (P0) Menurut Provinsi dan Daerah,Persen,Kemiskinan dan Ketimpangan,0000,5300,NUSA TENGGARA TIMUR,433,Perdesaan,121,2021,62,Semester 2 (September),24.42,530019243312162,2026-02-05 13:03:51
poverty_rate,192,Persentase Penduduk Miskin (P0) Menurut Provinsi dan Daerah,Persen,Kemiskinan dan Ketimpangan,0000,5300,NUSA TENGGARA TIMUR,434,Jumlah,121,2021,61,Semester 1 (Maret),20.99,530019243412161,2026-02-05 13:03:51
poverty_rate,192,Persentase Penduduk Miskin (P0) Menurut Provinsi dan Daerah,Persen,Kemiskinan dan Ketimpangan,0000,5300,NUSA TENGGARA TIMUR,434,Jumlah,121,2021,62,Semester 2 (September),20.44,530019243412162,2026-02-05 13:03:51
poverty_rate,192,Persentase Penduduk Miskin (P0) Menurut Provinsi dan Daerah,Persen,Kemiskinan dan Ketimpangan,0000,6100,KALIMANTAN BARAT,432,Perkotaan,121,2021,61,Semester 1 (Maret),4.68,610019243212161,2026-02-05 13:03:51
poverty_rate,192,Persentase Penduduk Miskin (P0) Menurut Provinsi dan Daerah,Persen,Kemiskinan dan Ketimpangan,0000,6100,KALIMANTAN BARAT,432,Perkotaan,121,2021,62,Semester 2 (September),4.72,610019243212162,2026-02-05 13:03:51
poverty_rate,192,Persentase Penduduk Miskin (P0) Menurut Provinsi dan Daerah,Persen,Kemiskinan dan Ketimpangan,0000,6100,KALIMANTAN BARAT,433,Perdesaan,121,2021,61,Semester 1 (Maret),8.54,610019243312161,2026-02-05 13:03:51
poverty_rate,192,Persentase Penduduk Miskin (P0) Menurut Provinsi dan Daerah,Persen,Kemiskinan dan Ketimpangan,0000,6100,KALIMANTAN BARAT,433,Perdesaan,121,2021,62,Semester 2 (September),8.05,610019243312162,2026-02-05 13:03:51
poverty_rate,192,Persentase Penduduk Miskin (P0) Menurut Provinsi dan Daerah,Persen,Kemiskinan dan Ketimpangan,0000,6100,KALIMANTAN BARAT,434,Jumlah,121,2021,61,Semester 1 (Maret),7.15,610019243412161,2026-02-05 13:03:51
poverty_rate,192,Persentase Penduduk Miskin (P0) Menurut Provinsi dan Daerah,Persen,Kemiskinan dan Ketimpangan,0000,6100,KALIMANTAN BARAT,434,Jumlah,121,2021,62,Semester 2 (September),6.84,610019243412162,2026-02-05 13:03:51
poverty_rate,192,Persentase Penduduk Miskin (P0) Menurut Provinsi dan Daerah,Persen,Kemiskinan dan Ketimpangan,0000,6200,KALIMANTAN TENGAH,432,Perkotaan,121,2021,61,Semester 1 (Maret),4.86,620019243212161,2026-02-05 13:03:51
poverty_rate,192,Persentase Penduduk Miskin (P0) Menurut Provinsi dan Daerah,Persen,Kemiskinan dan Ketimpangan,0000,6200,KALIMANTAN TENGAH,432,Perkotaan,121,2021,62,Semester 2 (September),5.08,620019243212162,2026-02-05 13:03:51
poverty_rate,192,Persentase Penduduk Miskin (P0) Menurut Provinsi dan Daerah,Persen,Kemiskinan dan Ketimpangan,0000,6200,KALIMANTAN TENGAH,433,Perdesaan,121,2021,61,Semester 1 (Maret),5.38,620019243312161,2026-02-05 13:03:51
poverty_rate,192,Persentase Penduduk Miskin (P0) Menurut Provinsi dan Daerah,Persen,Kemiskinan dan Ketimpangan,0000,6200,KALIMANTAN TENGAH,433,Perdesaan,121,2021,62,Semester 2 (September),5.23,620019243312162,2026-02-05 13:03:51
poverty_rate,192,Persentase Penduduk Miskin (P0) Menurut Provinsi dan Daerah,Persen,Kemiskinan dan Ketimpangan,0000,6200,KALIMANTAN TENGAH,434,Jumlah,121,2021,61,Semester 1 (Maret),5.16,620019243412161,2026-02-05 13:03:51
poverty_rate,192,Persentase Penduduk Miskin (P0) Menurut Provinsi dan Daerah,Persen,Kemiskinan dan Ketimpangan,0000,6200,KALIMANTAN TENGAH,434,Jumlah,121,2021,62,Semester 2 (September),5.16,620019243412162,2026-02-05 13:03:51
poverty_rate,192,Persentase Penduduk Miskin (P0) Menurut Provinsi dan Daerah,Persen,Kemiskinan dan Ketimpangan,0000,6300,KALIMANTAN SELATAN,432,Perkotaan,121,2021,61,Semester 1 (Maret),3.89,630019243212161,2026-02-05 13:03:51
poverty_rate,192,Persentase Penduduk Miskin (P0) Menurut Provinsi dan Daerah,Persen,Kemiskinan dan Ketimpangan,0000,6300,KALIMANTAN SELATAN,432,Perkotaan,121,2021,62,Semester 2 (September),3.81,630019243212162,2026-02-05 13:03:51
poverty_rate,192,Persentase Penduduk Miskin (P0) Menurut Provinsi dan Daerah,Persen,Kemiskinan dan Ketimpangan,0000,6300,KALIMANTAN SELATAN,433,Perdesaan,121,2021,61,Semester 1 (Maret),5.71,630019243312161,2026-02-05 13:03:51
poverty_rate,192,Persentase Penduduk Miskin (P0) Menurut Provinsi dan Daerah,Persen,Kemiskinan dan Ketimpangan,0000,6300,KALIMANTAN SELATAN,433,Perdesaan,121,2021,62,Semester 2 (September),5.28,630019243312162,2026-02-05 13:03:51
poverty_rate,192,Persentase Penduduk Miskin (P0) Menurut Provinsi dan Daerah,Persen,Kemiskinan dan Ketimpangan,0000,6300,KALIMANTAN SELATAN,434,Jumlah,121,2021,61,Semester 1 (Maret),4.83,630019243412161,2026-02-05 13:03:51
poverty_rate,192,Persentase Penduduk Miskin (P0) Menurut Provinsi dan Daerah,Persen,Kemiskinan dan Ketimpangan,0000,6300,KALIMANTAN SELATAN,434,Jumlah,121,2021,62,Semester 2 (September),4.56,630019243412162,2026-02-05 13:03:51
poverty_rate,192,Persentase Penduduk Miskin (P0) Menurut Provinsi dan Daerah,Persen,Kemiskinan dan Ketimpangan,0000,6400,KALIMANTAN TIMUR,432,Perkotaan,121,2021,61,Semester 1 (Maret),5.01,640019243212161,2026-02-05 13:03:51
poverty_rate,192,Persentase Penduduk Miskin (P0) Menurut Provinsi dan Daerah,Persen,Kemiskinan dan Ketimpangan,0000,6400,KALIMANTAN TIMUR,432,Perkotaan,121,2021,62,Semester 2 (September),4.74,640019243212162,2026-02-05 13:03:51
poverty_rate,192,Persentase Penduduk Miskin (P0) Menurut Provinsi dan Daerah,Persen,Kemiskinan dan Ketimpangan,0000,6400,KALIMANTAN TIMUR,433,Perdesaan,121,2021,61,Semester 1 (Maret),9.87,640019243312161,2026-02-05 13:03:51
poverty_rate,192,Persentase Penduduk Miskin (P0) Menurut Provinsi dan Daerah,Persen,Kemiskinan dan Ketimpangan,0000,6400,KALIMANTAN TIMUR,433,Perdesaan,121,2021,62,Semester 2 (September),9.63,640019243312162,2026-02-05 13:03:51
poverty_rate,192,Persentase Penduduk Miskin (P0) Menurut Provinsi dan Daerah,Persen,Kemiskinan dan Ketimpangan,0000,6400,KALIMANTAN TIMUR,434,Jumlah,121,2021,61,Semester 1 (Maret),6.54,640019243412161,2026-02-05 13:03:51
poverty_rate,192,Persentase Penduduk Miskin (P0) Menurut Provinsi dan Daerah,Persen,Kemiskinan dan Ketimpangan,0000,6400,KALIMANTAN TIMUR,434,Jumlah,121,2021,62,Semester 2 (September),6.27,640019243412162,2026-02-05 13:03:51
poverty_rate,192,Persentase Penduduk Miskin (P0) Menurut Provinsi dan Daerah,Persen,Kemiskinan dan Ketimpangan,0000,6500,KALIMANTAN UTARA,432,Perkotaan,121,2021,61,Semester 1 (Maret),5.85,650019243212161,2026-02-05 13:03:51
poverty_rate,192,Persentase Penduduk Miskin (P0) Menurut Provinsi dan Daerah,Persen,Kemiskinan dan Ketimpangan,0000,6500,KALIMANTAN UTARA,432,Perkotaan,121,2021,62,Semester 2 (September),5.32,650019243212162,2026-02-05 13:03:51
poverty_rate,192,Persentase Penduduk Miskin (P0) Menurut Provinsi dan Daerah,Persen,Kemiskinan dan Ketimpangan,0000,6500,KALIMANTAN UTARA,433,Perdesaan,121,2021,61,Semester 1 (Maret),9.82,650019243312161,2026-02-05 13:03:51
poverty_rate,192,Persentase Penduduk Miskin (P0) Menurut Provinsi dan Daerah,Persen,Kemiskinan dan Ketimpangan,0000,6500,KALIMANTAN UTARA,433,Perdesaan,121,2021,62,Semester 2 (September),9.31,650019243312162,2026-02-05 13:03:51
poverty_rate,192,Persentase Penduduk Miskin (P0) Menurut Provinsi dan Daerah,Persen,Kemiskinan dan Ketimpangan,0000,6500,KALIMANTAN UTARA,434,Jumlah,121,2021,61,Semester 1 (Maret),7.36,650019243412161,2026-02-05 13:03:51
poverty_rate,192,Persentase Penduduk Miskin (P0) Menurut Provinsi dan Daerah,Persen,Kemiskinan dan Ketimpangan,0000,6500,KALIMANTAN UTARA,434,Jumlah,121,2021,62,Semester 2 (September),6.83,650019243412162,2026-02-05 13:03:51
poverty_rate,192,Persentase Penduduk Miskin (P0) Menurut Provinsi dan Daerah,Persen,Kemiskinan dan Ketimpangan,0000,7100,SULAWESI UTARA,432,Perkotaan,121,2021,61,Semester 1 (Maret),5.36,710019243212161,2026-02-05 13:03:51
poverty_rate,192,Persentase Penduduk Miskin (P0) Menurut Provinsi dan Daerah,Persen,Kemiskinan dan Ketimpangan,0000,7100,SULAWESI UTARA,432,Perkotaan,121,2021,62,Semester 2 (September),5.09,710019243212162,2026-02-05 13:03:51
poverty_rate,192,Persentase Penduduk Miskin (P0) Menurut Provinsi dan Daerah,Persen,Kemiskinan dan Ketimpangan,0000,7100,SULAWESI UTARA,433,Perdesaan,121,2021,61,Semester 1 (Maret),10.61,710019243312161,2026-02-05 13:03:51
poverty_rate,192,Persentase Penduduk Miskin (P0) Menurut Provinsi dan Daerah,Persen,Kemiskinan dan Ketimpangan,0000,7100,SULAWESI UTARA,433,Perdesaan,121,2021,62,Semester 2 (September),10.07,710019243312162,2026-02-05 13:03:51
poverty_rate,192,Persentase Penduduk Miskin (P0) Menurut Provinsi dan Daerah,Persen,Kemiskinan dan Ketimpangan,0000,7100,SULAWESI UTARA,434,Jumlah,121,2021,61,Semester 1 (Maret),7.77,710019243412161,2026-02-05 13:03:51
poverty_rate,192,Persentase Penduduk Miskin (P0) Menurut Provinsi dan Daerah,Persen,Kemiskinan dan Ketimpangan,0000,7100,SULAWESI UTARA,434,Jumlah,121,2021,62,Semester 2 (September),7.36,710019243412162,2026-02-05 13:03:51
poverty_rate,192,Persentase Penduduk Miskin (P0) Menurut Provinsi dan Daerah,Persen,Kemiskinan dan Ketimpangan,0000,7200,SULAWESI TENGAH,432,Perkotaan,121,2021,61,Semester 1 (Maret),9.15,720019243212161,2026-02-05 13:03:51
poverty_rate,192,Persentase Penduduk Miskin (P0) Menurut Provinsi dan Daerah,Persen,Kemiskinan dan Ketimpangan,0000,7200,SULAWESI TENGAH,432,Perkotaan,121,2021,62,Semester 2 (September),8.82,720019243212162,2026-02-05 13:03:51
poverty_rate,192,Persentase Penduduk Miskin (P0) Menurut Provinsi dan Daerah,Persen,Kemiskinan dan Ketimpangan,0000,7200,SULAWESI TENGAH,433,Perdesaan,121,2021,61,Semester 1 (Maret),14.73,720019243312161,2026-02-05 13:03:51
poverty_rate,192,Persentase Penduduk Miskin (P0) Menurut Provinsi dan Daerah,Persen,Kemiskinan dan Ketimpangan,0000,7200,SULAWESI TENGAH,433,Perdesaan,121,2021,62,Semester 2 (September),13.71,720019243312162,2026-02-05 13:03:51
poverty_rate,192,Persentase Penduduk Miskin (P0) Menurut Provinsi dan Daerah,Persen,Kemiskinan dan Ketimpangan,0000,7200,SULAWESI TENGAH,434,Jumlah,121,2021,61,Semester 1 (Maret),13,720019243412161,2026-02-05 13:03:51
poverty_rate,192,Persentase Penduduk Miskin (P0) Menurut Provinsi dan Daerah,Persen,Kemiskinan dan Ketimpangan,0000,7200,SULAWESI TENGAH,434,Jumlah,121,2021,62,Semester 2 (September),12.18,720019243412162,2026-02-05 13:03:51
poverty_rate,192,Persentase Penduduk Miskin (P0) Menurut Provinsi dan Daerah,Persen,Kemiskinan dan Ketimpangan,0000,7300,SULAWESI SELATAN,432,Perkotaan,121,2021,61,Semester 1 (Maret),4.77,730019243212161,2026-02-05 13:03:51
poverty_rate,192,Persentase Penduduk Miskin (P0) Menurut Provinsi dan Daerah,Persen,Kemiskinan dan Ketimpangan,0000,7300,SULAWESI SELATAN,432,Perkotaan,121,2021,62,Semester 2 (September),4.89,730019243212162,2026-02-05 13:03:51
poverty_rate,192,Persentase Penduduk Miskin (P0) Menurut Provinsi dan Daerah,Persen,Kemiskinan dan Ketimpangan,0000,7300,SULAWESI SELATAN,433,Perdesaan,121,2021,61,Semester 1 (Maret),12.05,730019243312161,2026-02-05 13:03:51
poverty_rate,192,Persentase Penduduk Miskin (P0) Menurut Provinsi dan Daerah,Persen,Kemiskinan dan Ketimpangan,0000,7300,SULAWESI SELATAN,433,Perdesaan,121,2021,62,Semester 2 (September),11.55,730019243312162,2026-02-05 13:03:51
poverty_rate,192,Persentase Penduduk Miskin (P0) Menurut Provinsi dan Daerah,Persen,Kemiskinan dan Ketimpangan,0000,7300,SULAWESI SELATAN,434,Jumlah,121,2021,61,Semester 1 (Maret),8.78,730019243412161,2026-02-05 13:03:51
poverty_rate,192,Persentase Penduduk Miskin (P0) Menurut Provinsi dan Daerah,Persen,Kemiskinan dan Ketimpangan,0000,7300,SULAWESI SELATAN,434,Jumlah,121,2021,62,Semester 2 (September),8.53,730019243412162,2026-02-05 13:03:51
poverty_rate,192,Persentase Penduduk Miskin (P0) Menurut Provinsi dan Daerah,Persen,Kemiskinan dan Ketimpangan,0000,7400,SULAWESI TENGGARA,432,Perkotaan,121,2021,61,Semester 1 (Maret),7.66,740019243212161,2026-02-05 13:03:51
poverty_rate,192,Persentase Penduduk Miskin (P0) Menurut Provinsi dan Daerah,Persen,Kemiskinan dan Ketimpangan,0000,7400,SULAWESI TENGGARA,432,Perkotaan,121,2021,62,Semester 2 (September),7.14,740019243212162,2026-02-05 13:03:51
poverty_rate,192,Persentase Penduduk Miskin (P0) Menurut Provinsi dan Daerah,Persen,Kemiskinan dan Ketimpangan,0000,7400,SULAWESI TENGGARA,433,Perdesaan,121,2021,61,Semester 1 (Maret),13.89,740019243312161,2026-02-05 13:03:51
poverty_rate,192,Persentase Penduduk Miskin (P0) Menurut Provinsi dan Daerah,Persen,Kemiskinan dan Ketimpangan,0000,7400,SULAWESI TENGGARA,433,Perdesaan,121,2021,62,Semester 2 (September),14.34,740019243312162,2026-02-05 13:03:51
poverty_rate,192,Persentase Penduduk Miskin (P0) Menurut Provinsi dan Daerah,Persen,Kemiskinan dan Ketimpangan,0000,7400,SULAWESI TENGGARA,434,Jumlah,121,2021,61,Semester 1 (Maret),11.66,740019243412161,2026-02-05 13:03:51
poverty_rate,192,Persentase Penduduk Miskin (P0) Menurut Provinsi dan Daerah,Persen,Kemiskinan dan Ketimpangan,0000,7400,SULAWESI TENGGARA,434,Jumlah,121,2021,62,Semester 2 (September),11.74,740019243412162,2026-02-05 13:03:51
poverty_rate,192,Persentase Penduduk Miskin (P0) Menurut Provinsi dan Daerah,Persen,Kemiskinan dan Ketimpangan,0000,7500,GORONTALO,432,Perkotaan,121,2021,61,Semester 1 (Maret),4.23,750019243212161,2026-02-05 13:03:51
poverty_rate,192,Persentase Penduduk Miskin (P0) Menurut Provinsi dan Daerah,Persen,Kemiskinan dan Ketimpangan,0000,7500,GORONTALO,432,Perkotaan,121,2021,62,Semester 2 (September),4.06,750019243212162,2026-02-05 13:03:51
poverty_rate,192,Persentase Penduduk Miskin (P0) Menurut Provinsi dan Daerah,Persen,Kemiskinan dan Ketimpangan,0000,7500,GORONTALO,433,Perdesaan,121,2021,61,Semester 1 (Maret),24.47,750019243312161,2026-02-05 13:03:51
poverty_rate,192,Persentase Penduduk Miskin (P0) Menurut Provinsi dan Daerah,Persen,Kemiskinan dan Ketimpangan,0000,7500,GORONTALO,433,Perdesaan,121,2021,62,Semester 2 (September),24.38,750019243312162,2026-02-05 13:03:51
poverty_rate,192,Persentase Penduduk Miskin (P0) Menurut Provinsi dan Daerah,Persen,Kemiskinan dan Ketimpangan,0000,7500,GORONTALO,434,Jumlah,121,2021,61,Semester 1 (Maret),15.61,750019243412161,2026-02-05 13:03:51
poverty_rate,192,Persentase Penduduk Miskin (P0) Menurut Provinsi dan Daerah,Persen,Kemiskinan dan Ketimpangan,0000,7500,GORONTALO,434,Jumlah,121,2021,62,Semester 2 (September),15.41,750019243412162,2026-02-05 13:03:51
poverty_rate,192,Persentase Penduduk Miskin (P0) Menurut Provinsi dan Daerah,Persen,Kemiskinan dan Ketimpangan,0000,7600,SULAWESI BARAT,432,Perkotaan,121,2021,61,Semester 1 (Maret),9.82,760019243212161,2026-02-05 13:03:51
poverty_rate,192,Persentase Penduduk Miskin (P0) Menurut Provinsi dan Daerah,Persen,Kemiskinan dan Ketimpangan,0000,7600,SULAWESI BARAT,432,Perkotaan,121,2021,62,Semester 2 (September),9.72,760019243212162,2026-02-05 13:03:51
poverty_rate,192,Persentase Penduduk Miskin (P0) Menurut Provinsi dan Daerah,Persen,Kemiskinan dan Ketimpangan,0000,7600,SULAWESI BARAT,433,Perdesaan,121,2021,61,Semester 1 (Maret),11.67,760019243312161,2026-02-05 13:03:51
poverty_rate,192,Persentase Penduduk Miskin (P0) Menurut Provinsi dan Daerah,Persen,Kemiskinan dan Ketimpangan,0000,7600,SULAWESI BARAT,433,Perdesaan,121,2021,62,Semester 2 (September),12.39,760019243312162,2026-02-05 13:03:51
poverty_rate,192,Persentase Penduduk Miskin (P0) Menurut Provinsi dan Daerah,Persen,Kemiskinan dan Ketimpangan,0000,7600,SULAWESI BARAT,434,Jumlah,121,2021,61,Semester 1 (Maret),11.29,760019243412161,2026-02-05 13:03:51
poverty_rate,192,Persentase Penduduk Miskin (P0) Menurut Provinsi dan Daerah,Persen,Kemiskinan dan Ketimpangan,0000,7600,SULAWESI BARAT,434,Jumlah,121,2021,62,Semester 2 (September),11.85,760019243412162,2026-02-05 13:03:51
poverty_rate,192,Persentase Penduduk Miskin (P0) Menurut Provinsi dan Daerah,Persen,Kemiskinan dan Ketimpangan,0000,8100,MALUKU,432,Perkotaan,121,2021,61,Semester 1 (Maret),6.29,810019243212161,2026-02-05 13:03:51
poverty_rate,192,Persentase Penduduk Miskin (P0) Menurut Provinsi dan Daerah,Persen,Kemiskinan dan Ketimpangan,0000,8100,MALUKU,432,Perkotaan,121,2021,62,Semester 2 (September),6.13,810019243212162,2026-02-05 13:03:51
poverty_rate,192,Persentase Penduduk Miskin (P0) Menurut Provinsi dan Daerah,Persen,Kemiskinan dan Ketimpangan,0000,8100,MALUKU,433,Perdesaan,121,2021,61,Semester 1 (Maret),26.96,810019243312161,2026-02-05 13:03:51
poverty_rate,192,Persentase Penduduk Miskin (P0) Menurut Provinsi dan Daerah,Persen,Kemiskinan dan Ketimpangan,0000,8100,MALUKU,433,Perdesaan,121,2021,62,Semester 2 (September),24.34,810019243312162,2026-02-05 13:03:51
poverty_rate,192,Persentase Penduduk Miskin (P0) Menurut Provinsi dan Daerah,Persen,Kemiskinan dan Ketimpangan,0000,8100,MALUKU,434,Jumlah,121,2021,61,Semester 1 (Maret),17.87,810019243412161,2026-02-05 13:03:51
poverty_rate,192,Persentase Penduduk Miskin (P0) Menurut Provinsi dan Daerah,Persen,Kemiskinan dan Ketimpangan,0000,8100,MALUKU,434,Jumlah,121,2021,62,Semester 2 (September),16.3,810019243412162,2026-02-05 13:03:51
poverty_rate,192,Persentase Penduduk Miskin (P0) Menurut Provinsi dan Daerah,Persen,Kemiskinan dan Ketimpangan,0000,8200,MALUKU UTARA,432,Perkotaan,121,2021,61,Semester 1 (Maret),5.13,820019243212161,2026-02-05 13:03:51
poverty_rate,192,Persentase Penduduk Miskin (P0) Menurut Provinsi dan Daerah,Persen,Kemiskinan dan Ketimpangan,0000,8200,MALUKU UTARA,432,Perkotaan,121,2021,62,Semester 2 (September),4.83,820019243212162,2026-02-05 13:03:51
poverty_rate,192,Persentase Penduduk Miskin (P0) Menurut Provinsi dan Daerah,Persen,Kemiskinan dan Ketimpangan,0000,8200,MALUKU UTARA,433,Perdesaan,121,2021,61,Semester 1 (Maret),7.59,820019243312161,2026-02-05 13:03:51
poverty_rate,192,Persentase Penduduk Miskin (P0) Menurut Provinsi dan Daerah,Persen,Kemiskinan dan Ketimpangan,0000,8200,MALUKU UTARA,433,Perdesaan,121,2021,62,Semester 2 (September),7,820019243312162,2026-02-05 13:03:51
poverty_rate,192,Persentase Penduduk Miskin (P0) Menurut Provinsi dan Daerah,Persen,Kemiskinan dan Ketimpangan,0000,8200,MALUKU UTARA,434,Jumlah,121,2021,61,Semester 1 (Maret),6.89,820019243412161,2026-02-05 13:03:51
poverty_rate,192,Persentase Penduduk Miskin (P0) Menurut Provinsi dan Daerah,Persen,Kemiskinan dan Ketimpangan,0000,8200,MALUKU UTARA,434,Jumlah,121,2021,62,Semester 2 (September),6.38,820019243412162,2026-02-05 13:03:51
poverty_rate,192,Persentase Penduduk Miskin (P0) Menurut Provinsi dan Daerah,Persen,Kemiskinan dan Ketimpangan,0000,9100,PAPUA BARAT,432,Perkotaan,121,2021,61,Semester 1 (Maret),6.5,910019243212161,2026-02-05 13:03:51
poverty_rate,192,Persentase Penduduk Miskin (P0) Menurut Provinsi dan Daerah,Persen,Kemiskinan dan Ketimpangan,0000,9100,PAPUA BARAT,432,Perkotaan,121,2021,62,Semester 2 (September),6.44,910019243212162,2026-02-05 13:03:51
poverty_rate,192,Persentase Penduduk Miskin (P0) Menurut Provinsi dan Daerah,Persen,Kemiskinan dan Ketimpangan,0000,9100,PAPUA BARAT,433,Perdesaan,121,2021,61,Semester 1 (Maret),33.4,910019243312161,2026-02-05 13:03:51
poverty_rate,192,Persentase Penduduk Miskin (P0) Menurut Provinsi dan Daerah,Persen,Kemiskinan dan Ketimpangan,0000,9100,PAPUA BARAT,433,Perdesaan,121,2021,62,Semester 2 (September),33.5,910019243312162,2026-02-05 13:03:51
poverty_rate,192,Persentase Penduduk Miskin (P0) Menurut Provinsi dan Daerah,Persen,Kemiskinan dan Ketimpangan,0000,9100,PAPUA BARAT,434,Jumlah,121,2021,61,Semester 1 (Maret),21.84,910019243412161,2026-02-05 13:03:51
poverty_rate,192,Persentase Penduduk Miskin (P0) Menurut Provinsi dan Daerah,Persen,Kemiskinan dan Ketimpangan,0000,9100,PAPUA BARAT,434,Jumlah,121,2021,62,Semester 2 (September),21.82,910019243412162,2026-02-05 13:03:51
poverty_rate,192,Persentase Penduduk Miskin (P0) Menurut Provinsi dan Daerah,Persen,Kemiskinan dan Ketimpangan,0000,9400,PAPUA,432,Perkotaan,121,2021,61,Semester 1 (Maret),4.91,940019243212161,2026-02-05 13:03:51
poverty_rate,192,Persentase Penduduk Miskin (P0) Menurut Provinsi dan Daerah,Persen,Kemiskinan dan Ketimpangan,0000,9400,PAPUA,432,Perkotaan,121,2021,62,Semester 2 (September),4.94,940019243212162,2026-02-05 13:03:51
poverty_rate,192,Persentase Penduduk Miskin (P0) Menurut Provinsi dan Daerah,Persen,Kemiskinan dan Ketimpangan,0000,9400,PAPUA,433,Perdesaan,121,2021,61,Semester 1 (Maret),35.71,940019243312161,2026-02-05 13:03:51
poverty_rate,192,Persentase Penduduk Miskin (P0) Menurut Provinsi dan Daerah,Persen,Kemiskinan dan Ketimpangan,0000,9400,PAPUA,433,Perdesaan,121,2021,62,Semester 2 (September),36.5,940019243312162,2026-02-05 13:03:51
poverty_rate,192,Persentase Penduduk Miskin (P0) Menurut Provinsi dan Daerah,Persen,Kemiskinan dan Ketimpangan,0000,9400,PAPUA,434,Jumlah,121,2021,61,Semester 1 (Maret),26.86,940019243412161,2026-02-05 13:03:51
poverty_rate,192,Persentase Penduduk Miskin (P0) Menurut Provinsi dan Daerah,Persen,Kemiskinan dan Ketimpangan,0000,9400,PAPUA,434,Jumlah,121,2021,62,Semester 2 (September),27.38,940019243412162,2026-02-05 13:03:51
poverty_rate,192,Persentase Penduduk Miskin (P0) Menurut Provinsi dan Daerah,Persen,Kemiskinan dan Ketimpangan,0000,9999,INDONESIA,432,Perkotaan,121,2021,61,Semester 1 (Maret),7.89,999919243212161,2026-02-05 13:03:51
poverty_rate,192,Persentase Penduduk Miskin (P0) Menurut Provinsi dan Daerah,Persen,Kemiskinan dan Ketimpangan,0000,9999,INDONESIA,432,Perkotaan,121,2021,62,Semester 2 (September),7.6,999919243212162,2026-02-05 13:03:51
poverty_rate,192,Persentase Penduduk Miskin (P0) Menurut Provinsi dan Daerah,Persen,Kemiskinan dan Ketimpangan,0000,9999,INDONESIA,433,Perdesaan,121,2021,61,Semester 1 (Maret),13.1,999919243312161,2026-02-05 13:03:51
poverty_rate,192,Persentase Penduduk Miskin (P0) Menurut Provinsi dan Daerah,Persen,Kemiskinan dan Ketimpangan,0000,9999,INDONESIA,433,Perdesaan,121,2021,62,Semester 2 (September),12.53,999919243312162,2026-02-05 13:03:51
poverty_rate,192,Persentase Penduduk Miskin (P0) Menurut Provinsi dan Daerah,Persen,Kemiskinan dan Ketimpangan,0000,9999,INDONESIA,434,Jumlah,121,2021,61,Semester 1 (Maret),10.14,999919243412161,2026-02-05 13:03:51
poverty_rate,192,Persentase Penduduk Miskin (P0) Menurut Provinsi dan Daerah,Persen,Kemiskinan dan Ketimpangan,0000,9999,INDONESIA,434,Jumlah,121,2021,62,Semester 2 (September),9.71,999919243412162,2026-02-05 13:03:51
open_unemployment_rate,543,Tingkat Pengangguran Terbuka Menurut Provinsi,Persen,Tenaga Kerja,0000,1100,ACEH,0,Tidak ada,124,2024,189,Februari,5.56,11005430124189,2025-11-07 14:01:46
open_unemployment_rate,543,Tingkat Pengangguran Terbuka Menurut Provinsi,Persen,Tenaga Kerja,0000,1100,ACEH,0,Tidak ada,124,2024,190,Agustus,5.75,11005430124190,2025-11-07 14:01:46
open_unemployment_rate,543,Tingkat Pengangguran Terbuka Menurut Provinsi,Persen,Tenaga Kerja,0000,1200,SUMATERA UTARA,0,Tidak ada,124,2024,189,Februari,5.1,12005430124189,2025-11-07 14:01:46
open_unemployment_rate,543,Tingkat Pengangguran Terbuka Menurut Provinsi,Persen,Tenaga Kerja,0000,1200,SUMATERA UTARA,0,Tidak ada,124,2024,190,Agustus,5.6,12005430124190,2025-11-07 14:01:46
open_unemployment_rate,543,Tingkat Pengangguran Terbuka Menurut Provinsi,Persen,Tenaga Kerja,0000,1300,SUMATERA BARAT,0,Tidak ada,124,2024,189,Februari,5.79,13005430124189,2025-11-07 14:01:46
open_unemployment_rate,543,Tingkat Pengangguran Terbuka Menurut Provinsi,Persen,Tenaga Kerja,0000,1300,SUMATERA BARAT,0,Tidak ada,124,2024,190,Agustus,5.75,13005430124190,2025-11-07 14:01:46
open_unemployment_rate,543,Tingkat Pengangguran Terbuka Menurut Provinsi,Persen,Tenaga Kerja,0000,1400,RIAU,0,Tidak ada,124,2024,189,Februari,3.85,14005430124189,2025-11-07 14:01:46
open_unemployment_rate,543,Tingkat Pengangguran Terbuka Menurut Provinsi,Persen,Tenaga Kerja,0000,1400,RIAU,0,Tidak ada,124,2024,190,Agustus,3.7,14005430124190,2025-11-07 14:01:46
open_unemployment_rate,543,Tingkat Pengangguran Terbuka Menurut Provinsi,Persen,Tenaga Kerja,0000,1500,JAMBI,0,Tidak ada,124,2024,189,Februari,4.45,15005430124189,2025-11-07 14:01:46
open_unemployment_rate,543,Tingkat Pengangguran Terbuka Menurut Provinsi,Persen,Tenaga Kerja,0000,1500,JAMBI,0,Tidak ada,124,2024,190,Agustus,4.48,15005430124190,2025-11-07 14:01:46
open_unemployment_rate,543,Tingkat Pengangguran Terbuka Menurut Provinsi,Persen,Tenaga Kerja,0000,1600,SUMATERA SELATAN,0,Tidak ada,124,2024,189,Februari,3.97,16005430124189,2025-11-07 14:01:46
open_unemployment_rate,543,Tingkat Pengangguran Terbuka Menurut Provinsi,Persen,Tenaga Kerja,0000,1600,SUMATERA SELATAN,0,Tidak ada,124,2024,190,Agustus,3.86,16005430124190,2025-11-07 14:01:46
open_unemployment_rate,543,Tingkat Pengangguran Terbuka Menurut Provinsi,Persen,Tenaga Kerja,0000,1700,BENGKULU,0,Tidak ada,124,2024,189,Februari,3.17,17005430124189,2025-11-07 14:01:46
open_unemployment_rate,543,Tingkat Pengangguran Terbuka Menurut Provinsi,Persen,Tenaga Kerja,0000,1700,BENGKULU,0,Tidak ada,124,2024,190,Agustus,3.11,17005430124190,2025-11-07 14:01:46
open_unemployment_rate,543,Tingkat Pengangguran Terbuka Menurut Provinsi,Persen,Tenaga Kerja,0000,1800,LAMPUNG,0,Tidak ada,124,2024,189,Februari,4.12,18005430124189,2025-11-07 14:01:46
open_unemployment_rate,543,Tingkat Pengangguran Terbuka Menurut Provinsi,Persen,Tenaga Kerja,0000,1800,LAMPUNG,0,Tidak ada,124,2024,190,Agustus,4.19,18005430124190,2025-11-07 14:01:46
open_unemployment_rate,543,Tingkat Pengangguran Terbuka Menurut Provinsi,Persen,Tenaga Kerja,0000,1900,KEP. BANGKA BELITUNG,0,Tidak ada,124,2024,189,Februari,3.85,19005430124189,2025-11-07 14:01:46
open_unemployment_rate,543,Tingkat Pengangguran Terbuka Menurut Provinsi,Persen,Tenaga Kerja,0000,1900,KEP. BANGKA BELITUNG,0,Tidak ada,124,2024,190,Agustus,4.63,19005430124190,2025-11-07 14:01:46
open_unemployment_rate,543,Tingkat Pengangguran Terbuka Menurut Provinsi,Persen,Tenaga Kerja,0000,2100,KEP. RIAU,0,Tidak ada,124,2024,189,Februari,6.94,21005430124189,2025-11-07 14:01:46
open_unemployment_rate,543,Tingkat Pengangguran Terbuka Menurut Provinsi,Persen,Tenaga Kerja,0000,2100,KEP. RIAU,0,Tidak ada,124,2024,190,Agustus,6.39,21005430124190,2025-11-07 14:01:46
open_unemployment_rate,543,Tingkat Pengangguran Terbuka Menurut Provinsi,Persen,Tenaga Kerja,0000,3100,DKI JAKARTA,0,Tidak ada,124,2024,189,Februari,6.03,31005430124189,2025-11-07 14:01:46
open_unemployment_rate,543,Tingkat Pengangguran Terbuka Menurut Provinsi,Persen,Tenaga Kerja,0000,3100,DKI JAKARTA,0,Tidak ada,124,2024,190,Agustus,6.21,31005430124190,2025-11-07 14:01:46
open_unemployment_rate,543,Tingkat Pengangguran Terbuka Menurut Provinsi,Persen,Tenaga Kerja,0000,3200,JAWA BARAT,0,Tidak ada,124,2024,189,Februari,6.91,32005430124189,2025-11-07 14:01:46
open_unemployment_rate,543,Tingkat Pengangguran Terbuka Menurut Provinsi,Persen,Tenaga Kerja,0000,3200,JAWA BARAT,0,Tidak ada,124,2024,190,Agustus,6.75,32005430124190,2025-11-07 14:01:46
open_unemployment_rate,543,Tingkat Pengangguran Terbuka Menurut Provinsi,Persen,Tenaga Kerja,0000,3300,JAWA TENGAH,0,Tidak ada,124,2024,189,Februari,4.39,33005430124189,2025-11-07 14:01:46
open_unemployment_rate,543,Tingkat Pengangguran Terbuka Menurut Provinsi,Persen,Tenaga Kerja,0000,3300,JAWA TENGAH,0,Tidak ada,124,2024,190,Agustus,4.78,33005430124190,2025-11-07 14:01:46
open_unemployment_rate,543,Tingkat Pengangguran Terbuka Menurut Provinsi,Persen,Tenaga Kerja,0000,3400,DI YOGYAKARTA,0,Tidak ada,124,2024,189,Februari,3.24,34005430124189,2025-11-07 14:01:46
open_unemployment_rate,543,Tingkat Pengangguran Terbuka Menurut Provinsi,Persen,Tenaga Kerja,0000,3400,DI YOGYAKARTA,0,Tidak ada,124,2024,190,Agustus,3.48,34005430124190,2025-11-07 14:01:46
open_unemployment_rate,543,Tingkat Pengangguran Terbuka Menurut Provinsi,Persen,Tenaga Kerja,0000,3500,JAWA TIMUR,0,Tidak ada,124,2024,189,Februari,3.74,35005430124189,2025-11-07 14:01:46
open_unemployment_rate,543,Tingkat Pengangguran Terbuka Menurut Provinsi,Persen,Tenaga Kerja,0000,3500,JAWA TIMUR,0,Tidak ada,124,2024,190,Agustus,4.19,35005430124190,2025-11-07 14:01:46
open_unemployment_rate,543,Tingkat Pengangguran Terbuka Menurut Provinsi,Persen,Tenaga Kerja,0000,3600,BANTEN,0,Tidak ada,124,2024,189,Februari,7.02,36005430124189,2025-11-07 14:01:46
open_unemployment_rate,543,Tingkat Pengangguran Terbuka Menurut Provinsi,Persen,Tenaga Kerja,0000,3600,BANTEN,0,Tidak ada,124,2024,190,Agustus,6.68,36005430124190,2025-11-07 14:01:46
open_unemployment_rate,543,Tingkat Pengangguran Terbuka Menurut Provinsi,Persen,Tenaga Kerja,0000,5100,BALI,0,Tidak ada,124,2024,189,Februari,1.87,51005430124189,2025-11-07 14:01:46
open_unemployment_rate,543,Tingkat Pengangguran Terbuka Menurut Provinsi,Persen,Tenaga Kerja,0000,5100,BALI,0,Tidak ada,124,2024,190,Agustus,1.79,51005430124190,2025-11-07 14:01:46
open_unemployment_rate,543,Tingkat Pengangguran Terbuka Menurut Provinsi,Persen,Tenaga Kerja,0000,5200,NUSA TENGGARA BARAT,0,Tidak ada,124,2024,189,Februari,3.3,52005430124189,2025-11-07 14:01:46
open_unemployment_rate,543,Tingkat Pengangguran Terbuka Menurut Provinsi,Persen,Tenaga Kerja,0000,5200,NUSA TENGGARA BARAT,0,Tidak ada,124,2024,190,Agustus,2.73,52005430124190,2025-11-07 14:01:46
open_unemployment_rate,543,Tingkat Pengangguran Terbuka Menurut Provinsi,Persen,Tenaga Kerja,0000,5300,NUSA TENGGARA TIMUR,0,Tidak ada,124,2024,189,Februari,3.17,53005430124189,2025-11-07 14:01:46
open_unemployment_rate,543,Tingkat Pengangguran Terbuka Menurut Provinsi,Persen,Tenaga Kerja,0000,5300,NUSA TENGGARA TIMUR,0,Tidak ada,124,2024,190,Agustus,3.02,53005430124190,2025-11-07 14:01:46
open_unemployment_rate,543,Tingkat Pengangguran Terbuka Menurut Provinsi,Persen,Tenaga Kerja,0000,6100,KALIMANTAN BARAT,0,Tidak ada,124,2024,189,Februari,4.2,61005430124189,2025-11-07 14:01:46
open_unemployment_rate,543,Tingkat Pengangguran Terbuka Menurut Provinsi,Persen,Tenaga Kerja,0000,6100,KALIMANTAN BARAT,0,Tidak ada,124,2024,190,Agustus,4.86,61005430124190,2025-11-07 14:01:46
open_unemployment_rate,543,Tingkat Pengangguran Terbuka Menurut Provinsi,Persen,Tenaga Kerja,0000,6200,KALIMANTAN TENGAH,0,Tidak ada,124,2024,189,Februari,3.67,62005430124189,2025-11-07 14:01:46
open_unemployment_rate,543,Tingkat Pengangguran Terbuka Menurut Provinsi,Persen,Tenaga Kerja,0000,6200,KALIMANTAN TENGAH,0,Tidak ada,124,2024,190,Agustus,4.01,62005430124190,2025-11-07 14:01:46
open_unemployment_rate,543,Tingkat Pengangguran Terbuka Menurut Provinsi,Persen,Tenaga Kerja,0000,6300,KALIMANTAN SELATAN,0,Tidak ada,124,2024,189,Februari,3.89,63005430124189,2025-11-07 14:01:46
open_unemployment_rate,543,Tingkat Pengangguran Terbuka Menurut Provinsi,Persen,Tenaga Kerja,0000,6300,KALIMANTAN SELATAN,0,Tidak ada,124,2024,190,Agustus,4.2,63005430124190,2025-11-07 14:01:46
open_unemployment_rate,543,Tingkat Pengangguran Terbuka Menurut Provinsi,Persen,Tenaga Kerja,0000,6400,KALIMANTAN TIMUR,0,Tidak ada,124,2024,189,Februari,5.75,64005430124189,2025-11-07 14:01:46
open_unemployment_rate,543,Tingkat Pengangguran Terbuka Menurut Provinsi,Persen,Tenaga Kerja,0000,6400,KALIMANTAN TIMUR,0,Tidak ada,124,2024,190,Agustus,5.14,64005430124190,2025-11-07 14:01:46
open_unemployment_rate,543,Tingkat Pengangguran Terbuka Menurut Provinsi,Persen,Tenaga Kerja,0000,6500,KALIMANTAN UTARA,0,Tidak ada,124,2024,189,Februari,4.01,65005430124189,2025-11-07 14:01:46
open_unemployment_rate,543,Tingkat Pengangguran Terbuka Menurut Provinsi,Persen,Tenaga Kerja,0000,6500,KALIMANTAN UTARA,0,Tidak ada,124,2024,190,Agustus,3.9,65005430124190,2025-11-07 14:01:46
open_unemployment_rate,543,Tingkat Pengangguran Terbuka Menurut Provinsi,Persen,Tenaga Kerja,0000,7100,SULAWESI UTARA,0,Tidak ada,124,2024,189,Februari,5.98,71005430124189,2025-11-07 14:01:46
open_unemployment_rate,543,Tingkat Pengangguran Terbuka Menurut Provinsi,Persen,Tenaga Kerja,0000,7100,SULAWESI UTARA,0,Tidak ada,124,2024,190,Agustus,5.85,71005430124190,2025-11-07 14:01:46
open_unemployment_rate,543,Tingkat Pengangguran Terbuka Menurut Provinsi,Persen,Tenaga Kerja,0000,7200,SULAWESI TENGAH,0,Tidak ada,124,2024,189,Februari,3.15,72005430124189,2025-11-07 14:01:46
open_unemployment_rate,543,Tingkat Pengangguran Terbuka Menurut Provinsi,Persen,Tenaga Kerja,0000,7200,SULAWESI TENGAH,0,Tidak ada,124,2024,190,Agustus,2.94,72005430124190,2025-11-07 14:01:46
open_unemployment_rate,543,Tingkat Pengangguran Terbuka Menurut Provinsi,Persen,Tenaga Kerja,0000,7300,SULAWESI SELATAN,0,Tidak ada,124,2024,189,Februari,4.9,73005430124189,2025-11-07 14:01:46
open_unemployment_rate,543,Tingkat Pengangguran Terbuka Menurut Provinsi,Persen,Tenaga Kerja,0000,7300,SULAWESI SELATAN,0,Tidak ada,124,2024,190,Agustus,4.19,73005430124190,2025-11-07 14:01:46
open_unemployment_rate,543,Tingkat Pengangguran Terbuka Menurut Provinsi,Persen,Tenaga Kerja,0000,7400,SULAWESI TENGGARA,0,Tidak ada,124,2024,189,Februari,3.22,74005430124189,2025-11-07 14:01:46
open_unemployment_rate,543,Tingkat Pengangguran Terbuka Menurut Provinsi,Persen,Tenaga Kerja,0000,7400,SULAWESI TENGGARA,0,Tidak ada,124,2024,190,Agustus,3.09,74005430124190,2025-11-07 14:01:46
open_unemployment_rate,543,Tingkat Pengangguran Terbuka Menurut Provinsi,Persen,Tenaga Kerja,0000,7500,GORONTALO,0,Tidak ada,124,2024,189,Februari,3.05,75005430124189,2025-11-07 14:01:46
open_unemployment_rate,543,Tingkat Pengangguran Terbuka Menurut Provinsi,Persen,Tenaga Kerja,0000,7500,GORONTALO,0,Tidak ada,124,2024,190,Agustus,3.13,75005430124190,2025-11-07 14:01:46
open_unemployment_rate,543,Tingkat Pengangguran Terbuka Menurut Provinsi,Persen,Tenaga Kerja,0000,7600,SULAWESI BARAT,0,Tidak ada,124,2024,189,Februari,3.02,76005430124189,2025-11-07 14:01:46
open_unemployment_rate,543,Tingkat Pengangguran Terbuka Menurut Provinsi,Persen,Tenaga Kerja,0000,7600,SULAWESI BARAT,0,Tidak ada,124,2024,190,Agustus,2.68,76005430124190,2025-11-07 14:01:46
open_unemployment_rate,543,Tingkat Pengangguran Terbuka Menurut Provinsi,Persen,Tenaga Kerja,0000,8100,MALUKU,0,Tidak ada,124,2024,189,Februari,5.96,81005430124189,2025-11-07 14:01:46
open_unemployment_rate,543,Tingkat Pengangguran Terbuka Menurut Provinsi,Persen,Tenaga Kerja,0000,8100,MALUKU,0,Tidak ada,124,2024,190,Agustus,6.11,81005430124190,2025-11-07 14:01:46
open_unemployment_rate,543,Tingkat Pengangguran Terbuka Menurut Provinsi,Persen,Tenaga Kerja,0000,8200,MALUKU UTARA,0,Tidak ada,124,2024,189,Februari,4.16,82005430124189,2025-11-07 14:01:46
open_unemployment_rate,543,Tingkat Pengangguran Terbuka Menurut Provinsi,Persen,Tenaga Kerja,0000,8200,MALUKU UTARA,0,Tidak ada,124,2024,190,Agustus,4.03,82005430124190,2025-11-07 14:01:46
open_unemployment_rate,543,Tingkat Pengangguran Terbuka Menurut Provinsi,Persen,Tenaga Kerja,0000,9100,PAPUA BARAT,0,Tidak ada,124,2024,189,Februari,4.31,91005430124189,2025-11-07 14:01:46
open_unemployment_rate,543,Tingkat Pengangguran Terbuka Menurut Provinsi,Persen,Tenaga Kerja,0000,9100,PAPUA BARAT,0,Tidak ada,124,2024,190,Agustus,4.13,91005430124190,2025-11-07 14:01:46
open_unemployment_rate,543,Tingkat Pengangguran Terbuka Menurut Provinsi,Persen,Tenaga Kerja,0000,9200,PAPUA BARAT DAYA,0,Tidak ada,124,2024,189,Februari,6.02,92005430124189,2025-11-07 14:01:46
open_unemployment_rate,543,Tingkat Pengangguran Terbuka Menurut Provinsi,Persen,Tenaga Kerja,0000,9200,PAPUA BARAT DAYA,0,Tidak ada,124,2024,190,Agustus,6.48,92005430124190,2025-11-07 14:01:46
open_unemployment_rate,543,Tingkat Pengangguran Terbuka Menurut Provinsi,Persen,Tenaga Kerja,0000,9400,PAPUA,0,Tidak ada,124,2024,189,Februari,5.81,94005430124189,2025-11-07 14:01:46
open_unemployment_rate,543,Tingkat Pengangguran Terbuka Menurut Provinsi,Persen,Tenaga Kerja,0000,9400,PAPUA,0,Tidak ada,124,2024,190,Agustus,6.48,94005430124190,2025-11-07 14:01:46
open_unemployment_rate,543,Tingkat Pengangguran Terbuka Menurut Provinsi,Persen,Tenaga Kerja,0000,9500,PAPUA SELATAN,0,Tidak ada,124,2024,189,Februari,4.75,95005430124189,2025-11-07 14:01:46
open_unemployment_rate,543,Tingkat Pengangguran Terbuka Menurut Provinsi,Persen,Tenaga Kerja,0000,9500,PAPUA SELATAN,0,Tidak ada,124,2024,190,Agustus,4.05,95005430124190,2025-11-07 14:01:46
open_unemployment_rate,543,Tingkat Pengangguran Terbuka Menurut Provinsi,Persen,Tenaga Kerja,0000,9600,PAPUA TENGAH,0,Tidak ada,124,2024,189,Februari,2.49,96005430124189,2025-11-07 14:01:46
open_unemployment_rate,543,Tingkat Pengangguran Terbuka Menurut Provinsi,Persen,Tenaga Kerja,0000,9600,PAPUA TENGAH,0,Tidak ada,124,2024,190,Agustus,2.75,96005430124190,2025-11-07 14:01:46
open_unemployment_rate,543,Tingkat Pengangguran Terbuka Menurut Provinsi,Persen,Tenaga Kerja,0000,9700,PAPUA PEGUNUNGAN,0,Tidak ada,124,2024,189,Februari,1.18,97005430124189,2025-11-07 14:01:46
open_unemployment_rate,543,Tingkat Pengangguran Terbuka Menurut Provinsi,Persen,Tenaga Kerja,0000,9700,PAPUA PEGUNUNGAN,0,Tidak ada,124,2024,190,Agustus,1.32,97005430124190,2025-11-07 14:01:46
open_unemployment_rate,543,Tingkat Pengangguran Terbuka Menurut Provinsi,Persen,Tenaga Kerja,0000,9999,INDONESIA,0,Tidak ada,124,2024,189,Februari,4.82,99995430124189,2025-11-07 14:01:46
open_unemployment_rate,543,Tingkat Pengangguran Terbuka Menurut Provinsi,Persen,Tenaga Kerja,0000,9999,INDONESIA,0,Tidak ada,124,2024,190,Agustus,4.91,99995430124190,2025-11-07 14:01:46
open_unemployment_rate,543,Tingkat Pengangguran Terbuka Menurut Provinsi,Persen,Tenaga Kerja,0000,1100,ACEH,0,Tidak ada,123,2023,189,Februari,5.75,11005430123189,2025-11-07 14:01:46
open_unemployment_rate,543,Tingkat Pengangguran Terbuka Menurut Provinsi,Persen,Tenaga Kerja,0000,1100,ACEH,0,Tidak ada,123,2023,190,Agustus,6.03,11005430123190,2025-11-07 14:01:46
open_unemployment_rate,543,Tingkat Pengangguran Terbuka Menurut Provinsi,Persen,Tenaga Kerja,0000,1200,SUMATERA UTARA,0,Tidak ada,123,2023,189,Februari,5.24,12005430123189,2025-11-07 14:01:46
open_unemployment_rate,543,Tingkat Pengangguran Terbuka Menurut Provinsi,Persen,Tenaga Kerja,0000,1200,SUMATERA UTARA,0,Tidak ada,123,2023,190,Agustus,5.89,12005430123190,2025-11-07 14:01:46
open_unemployment_rate,543,Tingkat Pengangguran Terbuka Menurut Provinsi,Persen,Tenaga Kerja,0000,1300,SUMATERA BARAT,0,Tidak ada,123,2023,189,Februari,5.9,13005430123189,2025-11-07 14:01:46
open_unemployment_rate,543,Tingkat Pengangguran Terbuka Menurut Provinsi,Persen,Tenaga Kerja,0000,1300,SUMATERA BARAT,0,Tidak ada,123,2023,190,Agustus,5.94,13005430123190,2025-11-07 14:01:46
open_unemployment_rate,543,Tingkat Pengangguran Terbuka Menurut Provinsi,Persen,Tenaga Kerja,0000,1400,RIAU,0,Tidak ada,123,2023,189,Februari,4.25,14005430123189,2025-11-07 14:01:46
open_unemployment_rate,543,Tingkat Pengangguran Terbuka Menurut Provinsi,Persen,Tenaga Kerja,0000,1400,RIAU,0,Tidak ada,123,2023,190,Agustus,4.23,14005430123190,2025-11-07 14:01:46
open_unemployment_rate,543,Tingkat Pengangguran Terbuka Menurut Provinsi,Persen,Tenaga Kerja,0000,1500,JAMBI,0,Tidak ada,123,2023,189,Februari,4.5,15005430123189,2025-11-07 14:01:46
open_unemployment_rate,543,Tingkat Pengangguran Terbuka Menurut Provinsi,Persen,Tenaga Kerja,0000,1500,JAMBI,0,Tidak ada,123,2023,190,Agustus,4.53,15005430123190,2025-11-07 14:01:46
open_unemployment_rate,543,Tingkat Pengangguran Terbuka Menurut Provinsi,Persen,Tenaga Kerja,0000,1600,SUMATERA SELATAN,0,Tidak ada,123,2023,189,Februari,4.53,16005430123189,2025-11-07 14:01:46
open_unemployment_rate,543,Tingkat Pengangguran Terbuka Menurut Provinsi,Persen,Tenaga Kerja,0000,1600,SUMATERA SELATAN,0,Tidak ada,123,2023,190,Agustus,4.11,16005430123190,2025-11-07 14:01:46
open_unemployment_rate,543,Tingkat Pengangguran Terbuka Menurut Provinsi,Persen,Tenaga Kerja,0000,1700,BENGKULU,0,Tidak ada,123,2023,189,Februari,3.21,17005430123189,2025-11-07 14:01:46
open_unemployment_rate,543,Tingkat Pengangguran Terbuka Menurut Provinsi,Persen,Tenaga Kerja,0000,1700,BENGKULU,0,Tidak ada,123,2023,190,Agustus,3.42,17005430123190,2025-11-07 14:01:46
open_unemployment_rate,543,Tingkat Pengangguran Terbuka Menurut Provinsi,Persen,Tenaga Kerja,0000,1800,LAMPUNG,0,Tidak ada,123,2023,189,Februari,4.18,18005430123189,2025-11-07 14:01:46
open_unemployment_rate,543,Tingkat Pengangguran Terbuka Menurut Provinsi,Persen,Tenaga Kerja,0000,1800,LAMPUNG,0,Tidak ada,123,2023,190,Agustus,4.23,18005430123190,2025-11-07 14:01:46
open_unemployment_rate,543,Tingkat Pengangguran Terbuka Menurut Provinsi,Persen,Tenaga Kerja,0000,1900,KEP. BANGKA BELITUNG,0,Tidak ada,123,2023,189,Februari,3.89,19005430123189,2025-11-07 14:01:46
open_unemployment_rate,543,Tingkat Pengangguran Terbuka Menurut Provinsi,Persen,Tenaga Kerja,0000,1900,KEP. BANGKA BELITUNG,0,Tidak ada,123,2023,190,Agustus,4.56,19005430123190,2025-11-07 14:01:46
open_unemployment_rate,543,Tingkat Pengangguran Terbuka Menurut Provinsi,Persen,Tenaga Kerja,0000,2100,KEP. RIAU,0,Tidak ada,123,2023,189,Februari,7.61,21005430123189,2025-11-07 14:01:46
open_unemployment_rate,543,Tingkat Pengangguran Terbuka Menurut Provinsi,Persen,Tenaga Kerja,0000,2100,KEP. RIAU,0,Tidak ada,123,2023,190,Agustus,6.8,21005430123190,2025-11-07 14:01:46
open_unemployment_rate,543,Tingkat Pengangguran Terbuka Menurut Provinsi,Persen,Tenaga Kerja,0000,3100,DKI JAKARTA,0,Tidak ada,123,2023,189,Februari,7.57,31005430123189,2025-11-07 14:01:46
open_unemployment_rate,543,Tingkat Pengangguran Terbuka Menurut Provinsi,Persen,Tenaga Kerja,0000,3100,DKI JAKARTA,0,Tidak ada,123,2023,190,Agustus,6.53,31005430123190,2025-11-07 14:01:46
open_unemployment_rate,543,Tingkat Pengangguran Terbuka Menurut Provinsi,Persen,Tenaga Kerja,0000,3200,JAWA BARAT,0,Tidak ada,123,2023,189,Februari,7.89,32005430123189,2025-11-07 14:01:46
open_unemployment_rate,543,Tingkat Pengangguran Terbuka Menurut Provinsi,Persen,Tenaga Kerja,0000,3200,JAWA BARAT,0,Tidak ada,123,2023,190,Agustus,7.44,32005430123190,2025-11-07 14:01:46
open_unemployment_rate,543,Tingkat Pengangguran Terbuka Menurut Provinsi,Persen,Tenaga Kerja,0000,3300,JAWA TENGAH,0,Tidak ada,123,2023,189,Februari,5.24,33005430123189,2025-11-07 14:01:46
open_unemployment_rate,543,Tingkat Pengangguran Terbuka Menurut Provinsi,Persen,Tenaga Kerja,0000,3300,JAWA TENGAH,0,Tidak ada,123,2023,190,Agustus,5.13,33005430123190,2025-11-07 14:01:46
open_unemployment_rate,543,Tingkat Pengangguran Terbuka Menurut Provinsi,Persen,Tenaga Kerja,0000,3400,DI YOGYAKARTA,0,Tidak ada,123,2023,189,Februari,3.58,34005430123189,2025-11-07 14:01:46
open_unemployment_rate,543,Tingkat Pengangguran Terbuka Menurut Provinsi,Persen,Tenaga Kerja,0000,3400,DI YOGYAKARTA,0,Tidak ada,123,2023,190,Agustus,3.69,34005430123190,2025-11-07 14:01:46
open_unemployment_rate,543,Tingkat Pengangguran Terbuka Menurut Provinsi,Persen,Tenaga Kerja,0000,3500,JAWA TIMUR,0,Tidak ada,123,2023,189,Februari,4.33,35005430123189,2025-11-07 14:01:46
open_unemployment_rate,543,Tingkat Pengangguran Terbuka Menurut Provinsi,Persen,Tenaga Kerja,0000,3500,JAWA TIMUR,0,Tidak ada,123,2023,190,Agustus,4.88,35005430123190,2025-11-07 14:01:46
open_unemployment_rate,543,Tingkat Pengangguran Terbuka Menurut Provinsi,Persen,Tenaga Kerja,0000,3600,BANTEN,0,Tidak ada,123,2023,189,Februari,7.97,36005430123189,2025-11-07 14:01:46
open_unemployment_rate,543,Tingkat Pengangguran Terbuka Menurut Provinsi,Persen,Tenaga Kerja,0000,3600,BANTEN,0,Tidak ada,123,2023,190,Agustus,7.52,36005430123190,2025-11-07 14:01:46
open_unemployment_rate,543,Tingkat Pengangguran Terbuka Menurut Provinsi,Persen,Tenaga Kerja,0000,5100,BALI,0,Tidak ada,123,2023,189,Februari,3.73,51005430123189,2025-11-07 14:01:46
open_unemployment_rate,543,Tingkat Pengangguran Terbuka Menurut Provinsi,Persen,Tenaga Kerja,0000,5100,BALI,0,Tidak ada,123,2023,190,Agustus,2.69,51005430123190,2025-11-07 14:01:46
open_unemployment_rate,543,Tingkat Pengangguran Terbuka Menurut Provinsi,Persen,Tenaga Kerja,0000,5200,NUSA TENGGARA BARAT,0,Tidak ada,123,2023,189,Februari,3.73,52005430123189,2025-11-07 14:01:46
open_unemployment_rate,543,Tingkat Pengangguran Terbuka Menurut Provinsi,Persen,Tenaga Kerja,0000,5200,NUSA TENGGARA BARAT,0,Tidak ada,123,2023,190,Agustus,2.8,52005430123190,2025-11-07 14:01:46
open_unemployment_rate,543,Tingkat Pengangguran Terbuka Menurut Provinsi,Persen,Tenaga Kerja,0000,5300,NUSA TENGGARA TIMUR,0,Tidak ada,123,2023,189,Februari,3.1,53005430123189,2025-11-07 14:01:46
open_unemployment_rate,543,Tingkat Pengangguran Terbuka Menurut Provinsi,Persen,Tenaga Kerja,0000,5300,NUSA TENGGARA TIMUR,0,Tidak ada,123,2023,190,Agustus,3.14,53005430123190,2025-11-07 14:01:46
open_unemployment_rate,543,Tingkat Pengangguran Terbuka Menurut Provinsi,Persen,Tenaga Kerja,0000,6100,KALIMANTAN BARAT,0,Tidak ada,123,2023,189,Februari,4.52,61005430123189,2025-11-07 14:01:46
open_unemployment_rate,543,Tingkat Pengangguran Terbuka Menurut Provinsi,Persen,Tenaga Kerja,0000,6100,KALIMANTAN BARAT,0,Tidak ada,123,2023,190,Agustus,5.05,61005430123190,2025-11-07 14:01:46
open_unemployment_rate,543,Tingkat Pengangguran Terbuka Menurut Provinsi,Persen,Tenaga Kerja,0000,6200,KALIMANTAN TENGAH,0,Tidak ada,123,2023,189,Februari,3.84,62005430123189,2025-11-07 14:01:46
open_unemployment_rate,543,Tingkat Pengangguran Terbuka Menurut Provinsi,Persen,Tenaga Kerja,0000,6200,KALIMANTAN TENGAH,0,Tidak ada,123,2023,190,Agustus,4.1,62005430123190,2025-11-07 14:01:46
open_unemployment_rate,543,Tingkat Pengangguran Terbuka Menurut Provinsi,Persen,Tenaga Kerja,0000,6300,KALIMANTAN SELATAN,0,Tidak ada,123,2023,189,Februari,3.95,63005430123189,2025-11-07 14:01:46
open_unemployment_rate,543,Tingkat Pengangguran Terbuka Menurut Provinsi,Persen,Tenaga Kerja,0000,6300,KALIMANTAN SELATAN,0,Tidak ada,123,2023,190,Agustus,4.31,63005430123190,2025-11-07 14:01:46
open_unemployment_rate,543,Tingkat Pengangguran Terbuka Menurut Provinsi,Persen,Tenaga Kerja,0000,6400,KALIMANTAN TIMUR,0,Tidak ada,123,2023,189,Februari,6.37,64005430123189,2025-11-07 14:01:46
open_unemployment_rate,543,Tingkat Pengangguran Terbuka Menurut Provinsi,Persen,Tenaga Kerja,0000,6400,KALIMANTAN TIMUR,0,Tidak ada,123,2023,190,Agustus,5.31,64005430123190,2025-11-07 14:01:46
open_unemployment_rate,543,Tingkat Pengangguran Terbuka Menurut Provinsi,Persen,Tenaga Kerja,0000,6500,KALIMANTAN UTARA,0,Tidak ada,123,2023,189,Februari,4.1,65005430123189,2025-11-07 14:01:46
open_unemployment_rate,543,Tingkat Pengangguran Terbuka Menurut Provinsi,Persen,Tenaga Kerja,0000,6500,KALIMANTAN UTARA,0,Tidak ada,123,2023,190,Agustus,4.01,65005430123190,2025-11-07 14:01:46
open_unemployment_rate,543,Tingkat Pengangguran Terbuka Menurut Provinsi,Persen,Tenaga Kerja,0000,7100,SULAWESI UTARA,0,Tidak ada,123,2023,189,Februari,6.19,71005430123189,2025-11-07 14:01:46
open_unemployment_rate,543,Tingkat Pengangguran Terbuka Menurut Provinsi,Persen,Tenaga Kerja,0000,7100,SULAWESI UTARA,0,Tidak ada,123,2023,190,Agustus,6.1,71005430123190,2025-11-07 14:01:46
open_unemployment_rate,543,Tingkat Pengangguran Terbuka Menurut Provinsi,Persen,Tenaga Kerja,0000,7200,SULAWESI TENGAH,0,Tidak ada,123,2023,189,Februari,3.49,72005430123189,2025-11-07 14:01:46
open_unemployment_rate,543,Tingkat Pengangguran Terbuka Menurut Provinsi,Persen,Tenaga Kerja,0000,7200,SULAWESI TENGAH,0,Tidak ada,123,2023,190,Agustus,2.95,72005430123190,2025-11-07 14:01:46
open_unemployment_rate,543,Tingkat Pengangguran Terbuka Menurut Provinsi,Persen,Tenaga Kerja,0000,7300,SULAWESI SELATAN,0,Tidak ada,123,2023,189,Februari,5.26,73005430123189,2025-11-07 14:01:46
open_unemployment_rate,543,Tingkat Pengangguran Terbuka Menurut Provinsi,Persen,Tenaga Kerja,0000,7300,SULAWESI SELATAN,0,Tidak ada,123,2023,190,Agustus,4.33,73005430123190,2025-11-07 14:01:46
open_unemployment_rate,543,Tingkat Pengangguran Terbuka Menurut Provinsi,Persen,Tenaga Kerja,0000,7400,SULAWESI TENGGARA,0,Tidak ada,123,2023,189,Februari,3.66,74005430123189,2025-11-07 14:01:46
open_unemployment_rate,543,Tingkat Pengangguran Terbuka Menurut Provinsi,Persen,Tenaga Kerja,0000,7400,SULAWESI TENGGARA,0,Tidak ada,123,2023,190,Agustus,3.15,74005430123190,2025-11-07 14:01:46
open_unemployment_rate,543,Tingkat Pengangguran Terbuka Menurut Provinsi,Persen,Tenaga Kerja,0000,7500,GORONTALO,0,Tidak ada,123,2023,189,Februari,3.07,75005430123189,2025-11-07 14:01:46
open_unemployment_rate,543,Tingkat Pengangguran Terbuka Menurut Provinsi,Persen,Tenaga Kerja,0000,7500,GORONTALO,0,Tidak ada,123,2023,190,Agustus,3.06,75005430123190,2025-11-07 14:01:46
open_unemployment_rate,543,Tingkat Pengangguran Terbuka Menurut Provinsi,Persen,Tenaga Kerja,0000,7600,SULAWESI BARAT,0,Tidak ada,123,2023,189,Februari,3.04,76005430123189,2025-11-07 14:01:46
open_unemployment_rate,543,Tingkat Pengangguran Terbuka Menurut Provinsi,Persen,Tenaga Kerja,0000,7600,SULAWESI BARAT,0,Tidak ada,123,2023,190,Agustus,2.27,76005430123190,2025-11-07 14:01:46
open_unemployment_rate,543,Tingkat Pengangguran Terbuka Menurut Provinsi,Persen,Tenaga Kerja,0000,8100,MALUKU,0,Tidak ada,123,2023,189,Februari,6.08,81005430123189,2025-11-07 14:01:46
open_unemployment_rate,543,Tingkat Pengangguran Terbuka Menurut Provinsi,Persen,Tenaga Kerja,0000,8100,MALUKU,0,Tidak ada,123,2023,190,Agustus,6.31,81005430123190,2025-11-07 14:01:46
open_unemployment_rate,543,Tingkat Pengangguran Terbuka Menurut Provinsi,Persen,Tenaga Kerja,0000,8200,MALUKU UTARA,0,Tidak ada,123,2023,189,Februari,4.6,82005430123189,2025-11-07 14:01:46
open_unemployment_rate,543,Tingkat Pengangguran Terbuka Menurut Provinsi,Persen,Tenaga Kerja,0000,8200,MALUKU UTARA,0,Tidak ada,123,2023,190,Agustus,4.31,82005430123190,2025-11-07 14:01:46
open_unemployment_rate,543,Tingkat Pengangguran Terbuka Menurut Provinsi,Persen,Tenaga Kerja,0000,9100,PAPUA BARAT,0,Tidak ada,123,2023,189,Februari,5.53,91005430123189,2025-11-07 14:01:46
open_unemployment_rate,543,Tingkat Pengangguran Terbuka Menurut Provinsi,Persen,Tenaga Kerja,0000,9100,PAPUA BARAT,0,Tidak ada,123,2023,190,Agustus,5.38,91005430123190,2025-11-07 14:01:46
open_unemployment_rate,543,Tingkat Pengangguran Terbuka Menurut Provinsi,Persen,Tenaga Kerja,0000,9400,PAPUA,0,Tidak ada,123,2023,189,Februari,3.49,94005430123189,2025-11-07 14:01:46
open_unemployment_rate,543,Tingkat Pengangguran Terbuka Menurut Provinsi,Persen,Tenaga Kerja,0000,9400,PAPUA,0,Tidak ada,123,2023,190,Agustus,2.67,94005430123190,2025-11-07 14:01:46
open_unemployment_rate,543,Tingkat Pengangguran Terbuka Menurut Provinsi,Persen,Tenaga Kerja,0000,9999,INDONESIA,0,Tidak ada,123,2023,189,Februari,5.45,99995430123189,2025-11-07 14:01:46
open_unemployment_rate,543,Tingkat Pengangguran Terbuka Menurut Provinsi,Persen,Tenaga Kerja,0000,9999,INDONESIA,0,Tidak ada,123,2023,190,Agustus,5.32,99995430123190,2025-11-07 14:01:46
open_unemployment_rate,543,Tingkat Pengangguran Terbuka Menurut Provinsi,Persen,Tenaga Kerja,0000,1100,ACEH,0,Tidak ada,122,2022,189,Februari,5.97,11005430122189,2025-11-07 14:01:46
open_unemployment_rate,543,Tingkat Pengangguran Terbuka Menurut Provinsi,Persen,Tenaga Kerja,0000,1100,ACEH,0,Tidak ada,122,2022,190,Agustus,6.17,11005430122190,2025-11-07 14:01:46
open_unemployment_rate,543,Tingkat Pengangguran Terbuka Menurut Provinsi,Persen,Tenaga Kerja,0000,1200,SUMATERA UTARA,0,Tidak ada,122,2022,189,Februari,5.47,12005430122189,2025-11-07 14:01:46
open_unemployment_rate,543,Tingkat Pengangguran Terbuka Menurut Provinsi,Persen,Tenaga Kerja,0000,1200,SUMATERA UTARA,0,Tidak ada,122,2022,190,Agustus,6.16,12005430122190,2025-11-07 14:01:46
open_unemployment_rate,543,Tingkat Pengangguran Terbuka Menurut Provinsi,Persen,Tenaga Kerja,0000,1300,SUMATERA BARAT,0,Tidak ada,122,2022,189,Februari,6.17,13005430122189,2025-11-07 14:01:46
open_unemployment_rate,543,Tingkat Pengangguran Terbuka Menurut Provinsi,Persen,Tenaga Kerja,0000,1300,SUMATERA BARAT,0,Tidak ada,122,2022,190,Agustus,6.28,13005430122190,2025-11-07 14:01:46
open_unemployment_rate,543,Tingkat Pengangguran Terbuka Menurut Provinsi,Persen,Tenaga Kerja,0000,1400,RIAU,0,Tidak ada,122,2022,189,Februari,4.4,14005430122189,2025-11-07 14:01:46
open_unemployment_rate,543,Tingkat Pengangguran Terbuka Menurut Provinsi,Persen,Tenaga Kerja,0000,1400,RIAU,0,Tidak ada,122,2022,190,Agustus,4.37,14005430122190,2025-11-07 14:01:46
open_unemployment_rate,543,Tingkat Pengangguran Terbuka Menurut Provinsi,Persen,Tenaga Kerja,0000,1500,JAMBI,0,Tidak ada,122,2022,189,Februari,4.7,15005430122189,2025-11-07 14:01:46
open_unemployment_rate,543,Tingkat Pengangguran Terbuka Menurut Provinsi,Persen,Tenaga Kerja,0000,1500,JAMBI,0,Tidak ada,122,2022,190,Agustus,4.59,15005430122190,2025-11-07 14:01:46
open_unemployment_rate,543,Tingkat Pengangguran Terbuka Menurut Provinsi,Persen,Tenaga Kerja,0000,1600,SUMATERA SELATAN,0,Tidak ada,122,2022,189,Februari,4.74,16005430122189,2025-11-07 14:01:46
open_unemployment_rate,543,Tingkat Pengangguran Terbuka Menurut Provinsi,Persen,Tenaga Kerja,0000,1600,SUMATERA SELATAN,0,Tidak ada,122,2022,190,Agustus,4.63,16005430122190,2025-11-07 14:01:46
open_unemployment_rate,543,Tingkat Pengangguran Terbuka Menurut Provinsi,Persen,Tenaga Kerja,0000,1700,BENGKULU,0,Tidak ada,122,2022,189,Februari,3.39,17005430122189,2025-11-07 14:01:46
open_unemployment_rate,543,Tingkat Pengangguran Terbuka Menurut Provinsi,Persen,Tenaga Kerja,0000,1700,BENGKULU,0,Tidak ada,122,2022,190,Agustus,3.59,17005430122190,2025-11-07 14:01:46
open_unemployment_rate,543,Tingkat Pengangguran Terbuka Menurut Provinsi,Persen,Tenaga Kerja,0000,1800,LAMPUNG,0,Tidak ada,122,2022,189,Februari,4.31,18005430122189,2025-11-07 14:01:46
open_unemployment_rate,543,Tingkat Pengangguran Terbuka Menurut Provinsi,Persen,Tenaga Kerja,0000,1800,LAMPUNG,0,Tidak ada,122,2022,190,Agustus,4.52,18005430122190,2025-11-07 14:01:46
open_unemployment_rate,543,Tingkat Pengangguran Terbuka Menurut Provinsi,Persen,Tenaga Kerja,0000,1900,KEP. BANGKA BELITUNG,0,Tidak ada,122,2022,189,Februari,4.18,19005430122189,2025-11-07 14:01:46
open_unemployment_rate,543,Tingkat Pengangguran Terbuka Menurut Provinsi,Persen,Tenaga Kerja,0000,1900,KEP. BANGKA BELITUNG,0,Tidak ada,122,2022,190,Agustus,4.77,19005430122190,2025-11-07 14:01:46
open_unemployment_rate,543,Tingkat Pengangguran Terbuka Menurut Provinsi,Persen,Tenaga Kerja,0000,2100,KEP. RIAU,0,Tidak ada,122,2022,189,Februari,8.02,21005430122189,2025-11-07 14:01:46
open_unemployment_rate,543,Tingkat Pengangguran Terbuka Menurut Provinsi,Persen,Tenaga Kerja,0000,2100,KEP. RIAU,0,Tidak ada,122,2022,190,Agustus,8.23,21005430122190,2025-11-07 14:01:46
open_unemployment_rate,543,Tingkat Pengangguran Terbuka Menurut Provinsi,Persen,Tenaga Kerja,0000,3100,DKI JAKARTA,0,Tidak ada,122,2022,189,Februari,8,31005430122189,2025-11-07 14:01:46
open_unemployment_rate,543,Tingkat Pengangguran Terbuka Menurut Provinsi,Persen,Tenaga Kerja,0000,3100,DKI JAKARTA,0,Tidak ada,122,2022,190,Agustus,7.18,31005430122190,2025-11-07 14:01:46
open_unemployment_rate,543,Tingkat Pengangguran Terbuka Menurut Provinsi,Persen,Tenaga Kerja,0000,3200,JAWA BARAT,0,Tidak ada,122,2022,189,Februari,8.35,32005430122189,2025-11-07 14:01:46
open_unemployment_rate,543,Tingkat Pengangguran Terbuka Menurut Provinsi,Persen,Tenaga Kerja,0000,3200,JAWA BARAT,0,Tidak ada,122,2022,190,Agustus,8.31,32005430122190,2025-11-07 14:01:46
open_unemployment_rate,543,Tingkat Pengangguran Terbuka Menurut Provinsi,Persen,Tenaga Kerja,0000,3300,JAWA TENGAH,0,Tidak ada,122,2022,189,Februari,5.75,33005430122189,2025-11-07 14:01:46
open_unemployment_rate,543,Tingkat Pengangguran Terbuka Menurut Provinsi,Persen,Tenaga Kerja,0000,3300,JAWA TENGAH,0,Tidak ada,122,2022,190,Agustus,5.57,33005430122190,2025-11-07 14:01:46
open_unemployment_rate,543,Tingkat Pengangguran Terbuka Menurut Provinsi,Persen,Tenaga Kerja,0000,3400,DI YOGYAKARTA,0,Tidak ada,122,2022,189,Februari,3.73,34005430122189,2025-11-07 14:01:46
open_unemployment_rate,543,Tingkat Pengangguran Terbuka Menurut Provinsi,Persen,Tenaga Kerja,0000,3400,DI YOGYAKARTA,0,Tidak ada,122,2022,190,Agustus,4.06,34005430122190,2025-11-07 14:01:46
open_unemployment_rate,543,Tingkat Pengangguran Terbuka Menurut Provinsi,Persen,Tenaga Kerja,0000,3500,JAWA TIMUR,0,Tidak ada,122,2022,189,Februari,4.81,35005430122189,2025-11-07 14:01:46
open_unemployment_rate,543,Tingkat Pengangguran Terbuka Menurut Provinsi,Persen,Tenaga Kerja,0000,3500,JAWA TIMUR,0,Tidak ada,122,2022,190,Agustus,5.49,35005430122190,2025-11-07 14:01:46
open_unemployment_rate,543,Tingkat Pengangguran Terbuka Menurut Provinsi,Persen,Tenaga Kerja,0000,3600,BANTEN,0,Tidak ada,122,2022,189,Februari,8.53,36005430122189,2025-11-07 14:01:46
open_unemployment_rate,543,Tingkat Pengangguran Terbuka Menurut Provinsi,Persen,Tenaga Kerja,0000,3600,BANTEN,0,Tidak ada,122,2022,190,Agustus,8.09,36005430122190,2025-11-07 14:01:46
open_unemployment_rate,543,Tingkat Pengangguran Terbuka Menurut Provinsi,Persen,Tenaga Kerja,0000,5100,BALI,0,Tidak ada,122,2022,189,Februari,4.84,51005430122189,2025-11-07 14:01:46
open_unemployment_rate,543,Tingkat Pengangguran Terbuka Menurut Provinsi,Persen,Tenaga Kerja,0000,5100,BALI,0,Tidak ada,122,2022,190,Agustus,4.8,51005430122190,2025-11-07 14:01:46
open_unemployment_rate,543,Tingkat Pengangguran Terbuka Menurut Provinsi,Persen,Tenaga Kerja,0000,5200,NUSA TENGGARA BARAT,0,Tidak ada,122,2022,189,Februari,3.92,52005430122189,2025-11-07 14:01:46
open_unemployment_rate,543,Tingkat Pengangguran Terbuka Menurut Provinsi,Persen,Tenaga Kerja,0000,5200,NUSA TENGGARA BARAT,0,Tidak ada,122,2022,190,Agustus,2.89,52005430122190,2025-11-07 14:01:46
open_unemployment_rate,543,Tingkat Pengangguran Terbuka Menurut Provinsi,Persen,Tenaga Kerja,0000,5300,NUSA TENGGARA TIMUR,0,Tidak ada,122,2022,189,Februari,3.3,53005430122189,2025-11-07 14:01:46
open_unemployment_rate,543,Tingkat Pengangguran Terbuka Menurut Provinsi,Persen,Tenaga Kerja,0000,5300,NUSA TENGGARA TIMUR,0,Tidak ada,122,2022,190,Agustus,3.54,53005430122190,2025-11-07 14:01:46
open_unemployment_rate,543,Tingkat Pengangguran Terbuka Menurut Provinsi,Persen,Tenaga Kerja,0000,6100,KALIMANTAN BARAT,0,Tidak ada,122,2022,189,Februari,4.86,61005430122189,2025-11-07 14:01:46
open_unemployment_rate,543,Tingkat Pengangguran Terbuka Menurut Provinsi,Persen,Tenaga Kerja,0000,6100,KALIMANTAN BARAT,0,Tidak ada,122,2022,190,Agustus,5.11,61005430122190,2025-11-07 14:01:46
open_unemployment_rate,543,Tingkat Pengangguran Terbuka Menurut Provinsi,Persen,Tenaga Kerja,0000,6200,KALIMANTAN TENGAH,0,Tidak ada,122,2022,189,Februari,4.2,62005430122189,2025-11-07 14:01:46
open_unemployment_rate,543,Tingkat Pengangguran Terbuka Menurut Provinsi,Persen,Tenaga Kerja,0000,6200,KALIMANTAN TENGAH,0,Tidak ada,122,2022,190,Agustus,4.26,62005430122190,2025-11-07 14:01:46
open_unemployment_rate,543,Tingkat Pengangguran Terbuka Menurut Provinsi,Persen,Tenaga Kerja,0000,6300,KALIMANTAN SELATAN,0,Tidak ada,122,2022,189,Februari,4.2,63005430122189,2025-11-07 14:01:46
open_unemployment_rate,543,Tingkat Pengangguran Terbuka Menurut Provinsi,Persen,Tenaga Kerja,0000,6300,KALIMANTAN SELATAN,0,Tidak ada,122,2022,190,Agustus,4.74,63005430122190,2025-11-07 14:01:46
open_unemployment_rate,543,Tingkat Pengangguran Terbuka Menurut Provinsi,Persen,Tenaga Kerja,0000,6400,KALIMANTAN TIMUR,0,Tidak ada,122,2022,189,Februari,6.77,64005430122189,2025-11-07 14:01:46
open_unemployment_rate,543,Tingkat Pengangguran Terbuka Menurut Provinsi,Persen,Tenaga Kerja,0000,6400,KALIMANTAN TIMUR,0,Tidak ada,122,2022,190,Agustus,5.71,64005430122190,2025-11-07 14:01:46
open_unemployment_rate,543,Tingkat Pengangguran Terbuka Menurut Provinsi,Persen,Tenaga Kerja,0000,6500,KALIMANTAN UTARA,0,Tidak ada,122,2022,189,Februari,4.62,65005430122189,2025-11-07 14:01:46
open_unemployment_rate,543,Tingkat Pengangguran Terbuka Menurut Provinsi,Persen,Tenaga Kerja,0000,6500,KALIMANTAN UTARA,0,Tidak ada,122,2022,190,Agustus,4.33,65005430122190,2025-11-07 14:01:46
open_unemployment_rate,543,Tingkat Pengangguran Terbuka Menurut Provinsi,Persen,Tenaga Kerja,0000,7100,SULAWESI UTARA,0,Tidak ada,122,2022,189,Februari,6.51,71005430122189,2025-11-07 14:01:46
open_unemployment_rate,543,Tingkat Pengangguran Terbuka Menurut Provinsi,Persen,Tenaga Kerja,0000,7100,SULAWESI UTARA,0,Tidak ada,122,2022,190,Agustus,6.61,71005430122190,2025-11-07 14:01:46
open_unemployment_rate,543,Tingkat Pengangguran Terbuka Menurut Provinsi,Persen,Tenaga Kerja,0000,7200,SULAWESI TENGAH,0,Tidak ada,122,2022,189,Februari,3.67,72005430122189,2025-11-07 14:01:46
open_unemployment_rate,543,Tingkat Pengangguran Terbuka Menurut Provinsi,Persen,Tenaga Kerja,0000,7200,SULAWESI TENGAH,0,Tidak ada,122,2022,190,Agustus,3,72005430122190,2025-11-07 14:01:46
open_unemployment_rate,543,Tingkat Pengangguran Terbuka Menurut Provinsi,Persen,Tenaga Kerja,0000,7300,SULAWESI SELATAN,0,Tidak ada,122,2022,189,Februari,5.75,73005430122189,2025-11-07 14:01:46
open_unemployment_rate,543,Tingkat Pengangguran Terbuka Menurut Provinsi,Persen,Tenaga Kerja,0000,7300,SULAWESI SELATAN,0,Tidak ada,122,2022,190,Agustus,4.51,73005430122190,2025-11-07 14:01:46
open_unemployment_rate,543,Tingkat Pengangguran Terbuka Menurut Provinsi,Persen,Tenaga Kerja,0000,7400,SULAWESI TENGGARA,0,Tidak ada,122,2022,189,Februari,3.86,74005430122189,2025-11-07 14:01:46
open_unemployment_rate,543,Tingkat Pengangguran Terbuka Menurut Provinsi,Persen,Tenaga Kerja,0000,7400,SULAWESI TENGGARA,0,Tidak ada,122,2022,190,Agustus,3.36,74005430122190,2025-11-07 14:01:46
open_unemployment_rate,543,Tingkat Pengangguran Terbuka Menurut Provinsi,Persen,Tenaga Kerja,0000,7500,GORONTALO,0,Tidak ada,122,2022,189,Februari,3.25,75005430122189,2025-11-07 14:01:46
open_unemployment_rate,543,Tingkat Pengangguran Terbuka Menurut Provinsi,Persen,Tenaga Kerja,0000,7500,GORONTALO,0,Tidak ada,122,2022,190,Agustus,2.58,75005430122190,2025-11-07 14:01:46
open_unemployment_rate,543,Tingkat Pengangguran Terbuka Menurut Provinsi,Persen,Tenaga Kerja,0000,7600,SULAWESI BARAT,0,Tidak ada,122,2022,189,Februari,3.11,76005430122189,2025-11-07 14:01:46
open_unemployment_rate,543,Tingkat Pengangguran Terbuka Menurut Provinsi,Persen,Tenaga Kerja,0000,7600,SULAWESI BARAT,0,Tidak ada,122,2022,190,Agustus,2.34,76005430122190,2025-11-07 14:01:46
open_unemployment_rate,543,Tingkat Pengangguran Terbuka Menurut Provinsi,Persen,Tenaga Kerja,0000,8100,MALUKU,0,Tidak ada,122,2022,189,Februari,6.44,81005430122189,2025-11-07 14:01:46
open_unemployment_rate,543,Tingkat Pengangguran Terbuka Menurut Provinsi,Persen,Tenaga Kerja,0000,8100,MALUKU,0,Tidak ada,122,2022,190,Agustus,6.88,81005430122190,2025-11-07 14:01:46
open_unemployment_rate,543,Tingkat Pengangguran Terbuka Menurut Provinsi,Persen,Tenaga Kerja,0000,8200,MALUKU UTARA,0,Tidak ada,122,2022,189,Februari,4.98,82005430122189,2025-11-07 14:01:46
open_unemployment_rate,543,Tingkat Pengangguran Terbuka Menurut Provinsi,Persen,Tenaga Kerja,0000,8200,MALUKU UTARA,0,Tidak ada,122,2022,190,Agustus,3.98,82005430122190,2025-11-07 14:01:46
open_unemployment_rate,543,Tingkat Pengangguran Terbuka Menurut Provinsi,Persen,Tenaga Kerja,0000,9100,PAPUA BARAT,0,Tidak ada,122,2022,189,Februari,5.78,91005430122189,2025-11-07 14:01:46
open_unemployment_rate,543,Tingkat Pengangguran Terbuka Menurut Provinsi,Persen,Tenaga Kerja,0000,9100,PAPUA BARAT,0,Tidak ada,122,2022,190,Agustus,5.37,91005430122190,2025-11-07 14:01:46
open_unemployment_rate,543,Tingkat Pengangguran Terbuka Menurut Provinsi,Persen,Tenaga Kerja,0000,9400,PAPUA,0,Tidak ada,122,2022,189,Februari,3.6,94005430122189,2025-11-07 14:01:46
open_unemployment_rate,543,Tingkat Pengangguran Terbuka Menurut Provinsi,Persen,Tenaga Kerja,0000,9400,PAPUA,0,Tidak ada,122,2022,190,Agustus,2.83,94005430122190,2025-11-07 14:01:46
open_unemployment_rate,543,Tingkat Pengangguran Terbuka Menurut Provinsi,Persen,Tenaga Kerja,0000,9999,INDONESIA,0,Tidak ada,122,2022,189,Februari,5.83,99995430122189,2025-11-07 14:01:46
open_unemployment_rate,543,Tingkat Pengangguran Terbuka Menurut Provinsi,Persen,Tenaga Kerja,0000,9999,INDONESIA,0,Tidak ada,122,2022,190,Agustus,5.86,99995430122190,2025-11-07 14:01:46
open_unemployment_rate,543,Tingkat Pengangguran Terbuka Menurut Provinsi,Persen,Tenaga Kerja,0000,1100,ACEH,0,Tidak ada,121,2021,189,Februari,6.3,11005430121189,2025-11-07 14:01:46
open_unemployment_rate,543,Tingkat Pengangguran Terbuka Menurut Provinsi,Persen,Tenaga Kerja,0000,1100,ACEH,0,Tidak ada,121,2021,190,Agustus,6.3,11005430121190,2025-11-07 14:01:46
open_unemployment_rate,543,Tingkat Pengangguran Terbuka Menurut Provinsi,Persen,Tenaga Kerja,0000,1200,SUMATERA UTARA,0,Tidak ada,121,2021,189,Februari,6.01,12005430121189,2025-11-07 14:01:46
open_unemployment_rate,543,Tingkat Pengangguran Terbuka Menurut Provinsi,Persen,Tenaga Kerja,0000,1200,SUMATERA UTARA,0,Tidak ada,121,2021,190,Agustus,6.33,12005430121190,2025-11-07 14:01:46
open_unemployment_rate,543,Tingkat Pengangguran Terbuka Menurut Provinsi,Persen,Tenaga Kerja,0000,1300,SUMATERA BARAT,0,Tidak ada,121,2021,189,Februari,6.67,13005430121189,2025-11-07 14:01:46
open_unemployment_rate,543,Tingkat Pengangguran Terbuka Menurut Provinsi,Persen,Tenaga Kerja,0000,1300,SUMATERA BARAT,0,Tidak ada,121,2021,190,Agustus,6.52,13005430121190,2025-11-07 14:01:46
open_unemployment_rate,543,Tingkat Pengangguran Terbuka Menurut Provinsi,Persen,Tenaga Kerja,0000,1400,RIAU,0,Tidak ada,121,2021,189,Februari,4.96,14005430121189,2025-11-07 14:01:46
open_unemployment_rate,543,Tingkat Pengangguran Terbuka Menurut Provinsi,Persen,Tenaga Kerja,0000,1400,RIAU,0,Tidak ada,121,2021,190,Agustus,4.42,14005430121190,2025-11-07 14:01:46
open_unemployment_rate,543,Tingkat Pengangguran Terbuka Menurut Provinsi,Persen,Tenaga Kerja,0000,1500,JAMBI,0,Tidak ada,121,2021,189,Februari,4.76,15005430121189,2025-11-07 14:01:46
open_unemployment_rate,543,Tingkat Pengangguran Terbuka Menurut Provinsi,Persen,Tenaga Kerja,0000,1500,JAMBI,0,Tidak ada,121,2021,190,Agustus,5.09,15005430121190,2025-11-07 14:01:46
open_unemployment_rate,543,Tingkat Pengangguran Terbuka Menurut Provinsi,Persen,Tenaga Kerja,0000,1600,SUMATERA SELATAN,0,Tidak ada,121,2021,189,Februari,5.17,16005430121189,2025-11-07 14:01:46
open_unemployment_rate,543,Tingkat Pengangguran Terbuka Menurut Provinsi,Persen,Tenaga Kerja,0000,1600,SUMATERA SELATAN,0,Tidak ada,121,2021,190,Agustus,4.98,16005430121190,2025-11-07 14:01:46
open_unemployment_rate,543,Tingkat Pengangguran Terbuka Menurut Provinsi,Persen,Tenaga Kerja,0000,1700,BENGKULU,0,Tidak ada,121,2021,189,Februari,3.72,17005430121189,2025-11-07 14:01:46
open_unemployment_rate,543,Tingkat Pengangguran Terbuka Menurut Provinsi,Persen,Tenaga Kerja,0000,1700,BENGKULU,0,Tidak ada,121,2021,190,Agustus,3.65,17005430121190,2025-11-07 14:01:46
open_unemployment_rate,543,Tingkat Pengangguran Terbuka Menurut Provinsi,Persen,Tenaga Kerja,0000,1800,LAMPUNG,0,Tidak ada,121,2021,189,Februari,4.54,18005430121189,2025-11-07 14:01:46
open_unemployment_rate,543,Tingkat Pengangguran Terbuka Menurut Provinsi,Persen,Tenaga Kerja,0000,1800,LAMPUNG,0,Tidak ada,121,2021,190,Agustus,4.69,18005430121190,2025-11-07 14:01:46
open_unemployment_rate,543,Tingkat Pengangguran Terbuka Menurut Provinsi,Persen,Tenaga Kerja,0000,1900,KEP. BANGKA BELITUNG,0,Tidak ada,121,2021,189,Februari,5.04,19005430121189,2025-11-07 14:01:46
open_unemployment_rate,543,Tingkat Pengangguran Terbuka Menurut Provinsi,Persen,Tenaga Kerja,0000,1900,KEP. BANGKA BELITUNG,0,Tidak ada,121,2021,190,Agustus,5.03,19005430121190,2025-11-07 14:01:46
open_unemployment_rate,543,Tingkat Pengangguran Terbuka Menurut Provinsi,Persen,Tenaga Kerja,0000,2100,KEP. RIAU,0,Tidak ada,121,2021,189,Februari,10.12,21005430121189,2025-11-07 14:01:46
open_unemployment_rate,543,Tingkat Pengangguran Terbuka Menurut Provinsi,Persen,Tenaga Kerja,0000,2100,KEP. RIAU,0,Tidak ada,121,2021,190,Agustus,9.91,21005430121190,2025-11-07 14:01:46
open_unemployment_rate,543,Tingkat Pengangguran Terbuka Menurut Provinsi,Persen,Tenaga Kerja,0000,3100,DKI JAKARTA,0,Tidak ada,121,2021,189,Februari,8.51,31005430121189,2025-11-07 14:01:46
open_unemployment_rate,543,Tingkat Pengangguran Terbuka Menurut Provinsi,Persen,Tenaga Kerja,0000,3100,DKI JAKARTA,0,Tidak ada,121,2021,190,Agustus,8.5,31005430121190,2025-11-07 14:01:46
open_unemployment_rate,543,Tingkat Pengangguran Terbuka Menurut Provinsi,Persen,Tenaga Kerja,0000,3200,JAWA BARAT,0,Tidak ada,121,2021,189,Februari,8.92,32005430121189,2025-11-07 14:01:46
open_unemployment_rate,543,Tingkat Pengangguran Terbuka Menurut Provinsi,Persen,Tenaga Kerja,0000,3200,JAWA BARAT,0,Tidak ada,121,2021,190,Agustus,9.82,32005430121190,2025-11-07 14:01:46
open_unemployment_rate,543,Tingkat Pengangguran Terbuka Menurut Provinsi,Persen,Tenaga Kerja,0000,3300,JAWA TENGAH,0,Tidak ada,121,2021,189,Februari,5.96,33005430121189,2025-11-07 14:01:46
open_unemployment_rate,543,Tingkat Pengangguran Terbuka Menurut Provinsi,Persen,Tenaga Kerja,0000,3300,JAWA TENGAH,0,Tidak ada,121,2021,190,Agustus,5.95,33005430121190,2025-11-07 14:01:46
open_unemployment_rate,543,Tingkat Pengangguran Terbuka Menurut Provinsi,Persen,Tenaga Kerja,0000,3400,DI YOGYAKARTA,0,Tidak ada,121,2021,189,Februari,4.28,34005430121189,2025-11-07 14:01:46
open_unemployment_rate,543,Tingkat Pengangguran Terbuka Menurut Provinsi,Persen,Tenaga Kerja,0000,3400,DI YOGYAKARTA,0,Tidak ada,121,2021,190,Agustus,4.56,34005430121190,2025-11-07 14:01:46
open_unemployment_rate,543,Tingkat Pengangguran Terbuka Menurut Provinsi,Persen,Tenaga Kerja,0000,3500,JAWA TIMUR,0,Tidak ada,121,2021,189,Februari,5.17,35005430121189,2025-11-07 14:01:46
open_unemployment_rate,543,Tingkat Pengangguran Terbuka Menurut Provinsi,Persen,Tenaga Kerja,0000,3500,JAWA TIMUR,0,Tidak ada,121,2021,190,Agustus,5.74,35005430121190,2025-11-07 14:01:46
open_unemployment_rate,543,Tingkat Pengangguran Terbuka Menurut Provinsi,Persen,Tenaga Kerja,0000,3600,BANTEN,0,Tidak ada,121,2021,189,Februari,9.01,36005430121189,2025-11-07 14:01:46
open_unemployment_rate,543,Tingkat Pengangguran Terbuka Menurut Provinsi,Persen,Tenaga Kerja,0000,3600,BANTEN,0,Tidak ada,121,2021,190,Agustus,8.98,36005430121190,2025-11-07 14:01:46
open_unemployment_rate,543,Tingkat Pengangguran Terbuka Menurut Provinsi,Persen,Tenaga Kerja,0000,5100,BALI,0,Tidak ada,121,2021,189,Februari,5.42,51005430121189,2025-11-07 14:01:46
open_unemployment_rate,543,Tingkat Pengangguran Terbuka Menurut Provinsi,Persen,Tenaga Kerja,0000,5100,BALI,0,Tidak ada,121,2021,190,Agustus,5.37,51005430121190,2025-11-07 14:01:46
open_unemployment_rate,543,Tingkat Pengangguran Terbuka Menurut Provinsi,Persen,Tenaga Kerja,0000,5200,NUSA TENGGARA BARAT,0,Tidak ada,121,2021,189,Februari,3.97,52005430121189,2025-11-07 14:01:46
open_unemployment_rate,543,Tingkat Pengangguran Terbuka Menurut Provinsi,Persen,Tenaga Kerja,0000,5200,NUSA TENGGARA BARAT,0,Tidak ada,121,2021,190,Agustus,3.01,52005430121190,2025-11-07 14:01:46
open_unemployment_rate,543,Tingkat Pengangguran Terbuka Menurut Provinsi,Persen,Tenaga Kerja,0000,5300,NUSA TENGGARA TIMUR,0,Tidak ada,121,2021,189,Februari,3.38,53005430121189,2025-11-07 14:01:46
open_unemployment_rate,543,Tingkat Pengangguran Terbuka Menurut Provinsi,Persen,Tenaga Kerja,0000,5300,NUSA TENGGARA TIMUR,0,Tidak ada,121,2021,190,Agustus,3.77,53005430121190,2025-11-07 14:01:46
open_unemployment_rate,543,Tingkat Pengangguran Terbuka Menurut Provinsi,Persen,Tenaga Kerja,0000,6100,KALIMANTAN BARAT,0,Tidak ada,121,2021,189,Februari,5.73,61005430121189,2025-11-07 14:01:46
open_unemployment_rate,543,Tingkat Pengangguran Terbuka Menurut Provinsi,Persen,Tenaga Kerja,0000,6100,KALIMANTAN BARAT,0,Tidak ada,121,2021,190,Agustus,5.82,61005430121190,2025-11-07 14:01:46
open_unemployment_rate,543,Tingkat Pengangguran Terbuka Menurut Provinsi,Persen,Tenaga Kerja,0000,6200,KALIMANTAN TENGAH,0,Tidak ada,121,2021,189,Februari,4.25,62005430121189,2025-11-07 14:01:46
open_unemployment_rate,543,Tingkat Pengangguran Terbuka Menurut Provinsi,Persen,Tenaga Kerja,0000,6200,KALIMANTAN TENGAH,0,Tidak ada,121,2021,190,Agustus,4.53,62005430121190,2025-11-07 14:01:46
open_unemployment_rate,543,Tingkat Pengangguran Terbuka Menurut Provinsi,Persen,Tenaga Kerja,0000,6300,KALIMANTAN SELATAN,0,Tidak ada,121,2021,189,Februari,4.33,63005430121189,2025-11-07 14:01:46
open_unemployment_rate,543,Tingkat Pengangguran Terbuka Menurut Provinsi,Persen,Tenaga Kerja,0000,6300,KALIMANTAN SELATAN,0,Tidak ada,121,2021,190,Agustus,4.95,63005430121190,2025-11-07 14:01:46
open_unemployment_rate,543,Tingkat Pengangguran Terbuka Menurut Provinsi,Persen,Tenaga Kerja,0000,6400,KALIMANTAN TIMUR,0,Tidak ada,121,2021,189,Februari,6.81,64005430121189,2025-11-07 14:01:46
open_unemployment_rate,543,Tingkat Pengangguran Terbuka Menurut Provinsi,Persen,Tenaga Kerja,0000,6400,KALIMANTAN TIMUR,0,Tidak ada,121,2021,190,Agustus,6.83,64005430121190,2025-11-07 14:01:46
open_unemployment_rate,543,Tingkat Pengangguran Terbuka Menurut Provinsi,Persen,Tenaga Kerja,0000,6500,KALIMANTAN UTARA,0,Tidak ada,121,2021,189,Februari,4.67,65005430121189,2025-11-07 14:01:46
open_unemployment_rate,543,Tingkat Pengangguran Terbuka Menurut Provinsi,Persen,Tenaga Kerja,0000,6500,KALIMANTAN UTARA,0,Tidak ada,121,2021,190,Agustus,4.58,65005430121190,2025-11-07 14:01:46
open_unemployment_rate,543,Tingkat Pengangguran Terbuka Menurut Provinsi,Persen,Tenaga Kerja,0000,7100,SULAWESI UTARA,0,Tidak ada,121,2021,189,Februari,7.28,71005430121189,2025-11-07 14:01:46
open_unemployment_rate,543,Tingkat Pengangguran Terbuka Menurut Provinsi,Persen,Tenaga Kerja,0000,7100,SULAWESI UTARA,0,Tidak ada,121,2021,190,Agustus,7.06,71005430121190,2025-11-07 14:01:46
open_unemployment_rate,543,Tingkat Pengangguran Terbuka Menurut Provinsi,Persen,Tenaga Kerja,0000,7200,SULAWESI TENGAH,0,Tidak ada,121,2021,189,Februari,3.73,72005430121189,2025-11-07 14:01:46
open_unemployment_rate,543,Tingkat Pengangguran Terbuka Menurut Provinsi,Persen,Tenaga Kerja,0000,7200,SULAWESI TENGAH,0,Tidak ada,121,2021,190,Agustus,3.75,72005430121190,2025-11-07 14:01:46
open_unemployment_rate,543,Tingkat Pengangguran Terbuka Menurut Provinsi,Persen,Tenaga Kerja,0000,7300,SULAWESI SELATAN,0,Tidak ada,121,2021,189,Februari,5.79,73005430121189,2025-11-07 14:01:46
open_unemployment_rate,543,Tingkat Pengangguran Terbuka Menurut Provinsi,Persen,Tenaga Kerja,0000,7300,SULAWESI SELATAN,0,Tidak ada,121,2021,190,Agustus,5.72,73005430121190,2025-11-07 14:01:46
open_unemployment_rate,543,Tingkat Pengangguran Terbuka Menurut Provinsi,Persen,Tenaga Kerja,0000,7400,SULAWESI TENGGARA,0,Tidak ada,121,2021,189,Februari,4.22,74005430121189,2025-11-07 14:01:46
open_unemployment_rate,543,Tingkat Pengangguran Terbuka Menurut Provinsi,Persen,Tenaga Kerja,0000,7400,SULAWESI TENGGARA,0,Tidak ada,121,2021,190,Agustus,3.92,74005430121190,2025-11-07 14:01:46
open_unemployment_rate,543,Tingkat Pengangguran Terbuka Menurut Provinsi,Persen,Tenaga Kerja,0000,7500,GORONTALO,0,Tidak ada,121,2021,189,Februari,3.41,75005430121189,2025-11-07 14:01:46
open_unemployment_rate,543,Tingkat Pengangguran Terbuka Menurut Provinsi,Persen,Tenaga Kerja,0000,7500,GORONTALO,0,Tidak ada,121,2021,190,Agustus,3.01,75005430121190,2025-11-07 14:01:46
open_unemployment_rate,543,Tingkat Pengangguran Terbuka Menurut Provinsi,Persen,Tenaga Kerja,0000,7600,SULAWESI BARAT,0,Tidak ada,121,2021,189,Februari,3.28,76005430121189,2025-11-07 14:01:46
open_unemployment_rate,543,Tingkat Pengangguran Terbuka Menurut Provinsi,Persen,Tenaga Kerja,0000,7600,SULAWESI BARAT,0,Tidak ada,121,2021,190,Agustus,3.13,76005430121190,2025-11-07 14:01:46
open_unemployment_rate,543,Tingkat Pengangguran Terbuka Menurut Provinsi,Persen,Tenaga Kerja,0000,8100,MALUKU,0,Tidak ada,121,2021,189,Februari,6.73,81005430121189,2025-11-07 14:01:46
open_unemployment_rate,543,Tingkat Pengangguran Terbuka Menurut Provinsi,Persen,Tenaga Kerja,0000,8100,MALUKU,0,Tidak ada,121,2021,190,Agustus,6.93,81005430121190,2025-11-07 14:01:46
open_unemployment_rate,543,Tingkat Pengangguran Terbuka Menurut Provinsi,Persen,Tenaga Kerja,0000,8200,MALUKU UTARA,0,Tidak ada,121,2021,189,Februari,5.06,82005430121189,2025-11-07 14:01:46
open_unemployment_rate,543,Tingkat Pengangguran Terbuka Menurut Provinsi,Persen,Tenaga Kerja,0000,8200,MALUKU UTARA,0,Tidak ada,121,2021,190,Agustus,4.71,82005430121190,2025-11-07 14:01:46
open_unemployment_rate,543,Tingkat Pengangguran Terbuka Menurut Provinsi,Persen,Tenaga Kerja,0000,9100,PAPUA BARAT,0,Tidak ada,121,2021,189,Februari,6.18,91005430121189,2025-11-07 14:01:46
open_unemployment_rate,543,Tingkat Pengangguran Terbuka Menurut Provinsi,Persen,Tenaga Kerja,0000,9100,PAPUA BARAT,0,Tidak ada,121,2021,190,Agustus,5.84,91005430121190,2025-11-07 14:01:46
open_unemployment_rate,543,Tingkat Pengangguran Terbuka Menurut Provinsi,Persen,Tenaga Kerja,0000,9400,PAPUA,0,Tidak ada,121,2021,189,Februari,3.77,94005430121189,2025-11-07 14:01:46
open_unemployment_rate,543,Tingkat Pengangguran Terbuka Menurut Provinsi,Persen,Tenaga Kerja,0000,9400,PAPUA,0,Tidak ada,121,2021,190,Agustus,3.33,94005430121190,2025-11-07 14:01:46
open_unemployment_rate,543,Tingkat Pengangguran Terbuka Menurut Provinsi,Persen,Tenaga Kerja,0000,9999,INDONESIA,0,Tidak ada,121,2021,189,Februari,6.26,99995430121189,2025-11-07 14:01:46
open_unemployment_rate,543,Tingkat Pengangguran Terbuka Menurut Provinsi,Persen,Tenaga Kerja,0000,9999,INDONESIA,0,Tidak ada,121,2021,190,Agustus,6.49,99995430121190,2025-11-07 14:01:46
mean_years_schooling_new_method,415,[Metode Baru] Rata-rata Lama Sekolah,Tahun,Tujuan Pembangunan Berkelanjutan Edisi I,0000,1100,ACEH,0,Tidak ada,124,2024,0,Tahun,9.64,110041501240,2025-11-05 12:00:46
mean_years_schooling_new_method,415,[Metode Baru] Rata-rata Lama Sekolah,Tahun,Tujuan Pembangunan Berkelanjutan Edisi I,0000,1101,Simeulue,0,Tidak ada,124,2024,0,Tahun,9.89,110141501240,2025-11-05 12:00:46
mean_years_schooling_new_method,415,[Metode Baru] Rata-rata Lama Sekolah,Tahun,Tujuan Pembangunan Berkelanjutan Edisi I,0000,1102,Aceh Singkil,0,Tidak ada,124,2024,0,Tahun,8.72,110241501240,2025-11-05 12:00:46
mean_years_schooling_new_method,415,[Metode Baru] Rata-rata Lama Sekolah,Tahun,Tujuan Pembangunan Berkelanjutan Edisi I,0000,1103,Aceh Selatan,0,Tidak ada,124,2024,0,Tahun,8.92,110341501240,2025-11-05 12:00:46
mean_years_schooling_new_method,415,[Metode Baru] Rata-rata Lama Sekolah,Tahun,Tujuan Pembangunan Berkelanjutan Edisi I,0000,1104,Aceh Tenggara,0,Tidak ada,124,2024,0,Tahun,10.1,110441501240,2025-11-05 12:00:46
mean_years_schooling_new_method,415,[Metode Baru] Rata-rata Lama Sekolah,Tahun,Tujuan Pembangunan Berkelanjutan Edisi I,0000,1105,Aceh Timur,0,Tidak ada,124,2024,0,Tahun,8.48,110541501240,2025-11-05 12:00:46
mean_years_schooling_new_method,415,[Metode Baru] Rata-rata Lama Sekolah,Tahun,Tujuan Pembangunan Berkelanjutan Edisi I,0000,1106,Aceh Tengah,0,Tidak ada,124,2024,0,Tahun,10.03,110641501240,2025-11-05 12:00:46
mean_years_schooling_new_method,415,[Metode Baru] Rata-rata Lama Sekolah,Tahun,Tujuan Pembangunan Berkelanjutan Edisi I,0000,1107,Aceh Barat,0,Tidak ada,124,2024,0,Tahun,9.99,110741501240,2025-11-05 12:00:46
mean_years_schooling_new_method,415,[Metode Baru] Rata-rata Lama Sekolah,Tahun,Tujuan Pembangunan Berkelanjutan Edisi I,0000,1108,Aceh Besar,0,Tidak ada,124,2024,0,Tahun,10.37,110841501240,2025-11-05 12:00:46
mean_years_schooling_new_method,415,[Metode Baru] Rata-rata Lama Sekolah,Tahun,Tujuan Pembangunan Berkelanjutan Edisi I,0000,1109,Pidie,0,Tidak ada,124,2024,0,Tahun,9.04,110941501240,2025-11-05 12:00:46
mean_years_schooling_new_method,415,[Metode Baru] Rata-rata Lama Sekolah,Tahun,Tujuan Pembangunan Berkelanjutan Edisi I,0000,1110,Bireuen,0,Tidak ada,124,2024,0,Tahun,9.59,111041501240,2025-11-05 12:00:46
mean_years_schooling_new_method,415,[Metode Baru] Rata-rata Lama Sekolah,Tahun,Tujuan Pembangunan Berkelanjutan Edisi I,0000,1111,Aceh Utara,0,Tidak ada,124,2024,0,Tahun,9.11,111141501240,2025-11-05 12:00:46
mean_years_schooling_new_method,415,[Metode Baru] Rata-rata Lama Sekolah,Tahun,Tujuan Pembangunan Berkelanjutan Edisi I,0000,1112,Aceh Barat Daya,0,Tidak ada,124,2024,0,Tahun,8.78,111241501240,2025-11-05 12:00:46
mean_years_schooling_new_method,415,[Metode Baru] Rata-rata Lama Sekolah,Tahun,Tujuan Pembangunan Berkelanjutan Edisi I,0000,1113,Gayo Lues,0,Tidak ada,124,2024,0,Tahun,8.44,111341501240,2025-11-05 12:00:46
mean_years_schooling_new_method,415,[Metode Baru] Rata-rata Lama Sekolah,Tahun,Tujuan Pembangunan Berkelanjutan Edisi I,0000,1114,Aceh Tamiang,0,Tidak ada,124,2024,0,Tahun,9.3,111441501240,2025-11-05 12:00:46
mean_years_schooling_new_method,415,[Metode Baru] Rata-rata Lama Sekolah,Tahun,Tujuan Pembangunan Berkelanjutan Edisi I,0000,1115,Nagan Raya,0,Tidak ada,124,2024,0,Tahun,9.25,111541501240,2025-11-05 12:00:46
mean_years_schooling_new_method,415,[Metode Baru] Rata-rata Lama Sekolah,Tahun,Tujuan Pembangunan Berkelanjutan Edisi I,0000,1116,Aceh Jaya,0,Tidak ada,124,2024,0,Tahun,9.02,111641501240,2025-11-05 12:00:46
mean_years_schooling_new_method,415,[Metode Baru] Rata-rata Lama Sekolah,Tahun,Tujuan Pembangunan Berkelanjutan Edisi I,0000,1117,Bener Meriah,0,Tidak ada,124,2024,0,Tahun,10.13,111741501240,2025-11-05 12:00:46
mean_years_schooling_new_method,415,[Metode Baru] Rata-rata Lama Sekolah,Tahun,Tujuan Pembangunan Berkelanjutan Edisi I,0000,1118,Pidie Jaya,0,Tidak ada,124,2024,0,Tahun,9.59,111841501240,2025-11-05 12:00:46
mean_years_schooling_new_method,415,[Metode Baru] Rata-rata Lama Sekolah,Tahun,Tujuan Pembangunan Berkelanjutan Edisi I,0000,1171,Kota Banda Aceh,0,Tidak ada,124,2024,0,Tahun,13.1,117141501240,2025-11-05 12:00:46
mean_years_schooling_new_method,415,[Metode Baru] Rata-rata Lama Sekolah,Tahun,Tujuan Pembangunan Berkelanjutan Edisi I,0000,1172,Kota Sabang,0,Tidak ada,124,2024,0,Tahun,11.22,117241501240,2025-11-05 12:00:46
mean_years_schooling_new_method,415,[Metode Baru] Rata-rata Lama Sekolah,Tahun,Tujuan Pembangunan Berkelanjutan Edisi I,0000,1173,Kota Langsa,0,Tidak ada,124,2024,0,Tahun,11.28,117341501240,2025-11-05 12:00:46
mean_years_schooling_new_method,415,[Metode Baru] Rata-rata Lama Sekolah,Tahun,Tujuan Pembangunan Berkelanjutan Edisi I,0000,1174,Kota Lhokseumawe,0,Tidak ada,124,2024,0,Tahun,11.31,117441501240,2025-11-05 12:00:46
mean_years_schooling_new_method,415,[Metode Baru] Rata-rata Lama Sekolah,Tahun,Tujuan Pembangunan Berkelanjutan Edisi I,0000,1175,Kota Subulussalam,0,Tidak ada,124,2024,0,Tahun,8.43,117541501240,2025-11-05 12:00:46
mean_years_schooling_new_method,415,[Metode Baru] Rata-rata Lama Sekolah,Tahun,Tujuan Pembangunan Berkelanjutan Edisi I,0000,1200,SUMATERA UTARA,0,Tidak ada,124,2024,0,Tahun,9.93,120041501240,2025-11-05 12:00:46
mean_years_schooling_new_method,415,[Metode Baru] Rata-rata Lama Sekolah,Tahun,Tujuan Pembangunan Berkelanjutan Edisi I,0000,1201,Nias,0,Tidak ada,124,2024,0,Tahun,6.4,120141501240,2025-11-05 12:00:46
mean_years_schooling_new_method,415,[Metode Baru] Rata-rata Lama Sekolah,Tahun,Tujuan Pembangunan Berkelanjutan Edisi I,0000,1202,Mandailing Natal,0,Tidak ada,124,2024,0,Tahun,9.11,120241501240,2025-11-05 12:00:46
mean_years_schooling_new_method,415,[Metode Baru] Rata-rata Lama Sekolah,Tahun,Tujuan Pembangunan Berkelanjutan Edisi I,0000,1203,Tapanuli Selatan,0,Tidak ada,124,2024,0,Tahun,9.56,120341501240,2025-11-05 12:00:46
mean_years_schooling_new_method,415,[Metode Baru] Rata-rata Lama Sekolah,Tahun,Tujuan Pembangunan Berkelanjutan Edisi I,0000,1204,Tapanuli Tengah,0,Tidak ada,124,2024,0,Tahun,8.92,120441501240,2025-11-05 12:00:46
mean_years_schooling_new_method,415,[Metode Baru] Rata-rata Lama Sekolah,Tahun,Tujuan Pembangunan Berkelanjutan Edisi I,0000,1205,Tapanuli Utara,0,Tidak ada,124,2024,0,Tahun,10.31,120541501240,2025-11-05 12:00:46
mean_years_schooling_new_method,415,[Metode Baru] Rata-rata Lama Sekolah,Tahun,Tujuan Pembangunan Berkelanjutan Edisi I,0000,1206,Toba Samosir / Toba,0,Tidak ada,124,2024,0,Tahun,10.77,120641501240,2025-11-05 12:00:46
mean_years_schooling_new_method,415,[Metode Baru] Rata-rata Lama Sekolah,Tahun,Tujuan Pembangunan Berkelanjutan Edisi I,0000,1207,Labuhan Batu,0,Tidak ada,124,2024,0,Tahun,9.5,120741501240,2025-11-05 12:00:46
mean_years_schooling_new_method,415,[Metode Baru] Rata-rata Lama Sekolah,Tahun,Tujuan Pembangunan Berkelanjutan Edisi I,0000,1208,Asahan,0,Tidak ada,124,2024,0,Tahun,8.85,120841501240,2025-11-05 12:00:46
mean_years_schooling_new_method,415,[Metode Baru] Rata-rata Lama Sekolah,Tahun,Tujuan Pembangunan Berkelanjutan Edisi I,0000,1209,Simalungun,0,Tidak ada,124,2024,0,Tahun,9.73,120941501240,2025-11-05 12:00:46
mean_years_schooling_new_method,415,[Metode Baru] Rata-rata Lama Sekolah,Tahun,Tujuan Pembangunan Berkelanjutan Edisi I,0000,1210,Dairi,0,Tidak ada,124,2024,0,Tahun,9.89,121041501240,2025-11-05 12:00:46
mean_years_schooling_new_method,415,[Metode Baru] Rata-rata Lama Sekolah,Tahun,Tujuan Pembangunan Berkelanjutan Edisi I,0000,1211,Karo,0,Tidak ada,124,2024,0,Tahun,10.12,121141501240,2025-11-05 12:00:46
mean_years_schooling_new_method,415,[Metode Baru] Rata-rata Lama Sekolah,Tahun,Tujuan Pembangunan Berkelanjutan Edisi I,0000,1212,Deli Serdang,0,Tidak ada,124,2024,0,Tahun,10.29,121241501240,2025-11-05 12:00:46
mean_years_schooling_new_method,415,[Metode Baru] Rata-rata Lama Sekolah,Tahun,Tujuan Pembangunan Berkelanjutan Edisi I,0000,1213,Langkat,0,Tidak ada,124,2024,0,Tahun,8.74,121341501240,2025-11-05 12:00:46
mean_years_schooling_new_method,415,[Metode Baru] Rata-rata Lama Sekolah,Tahun,Tujuan Pembangunan Berkelanjutan Edisi I,0000,1214,Nias Selatan,0,Tidak ada,124,2024,0,Tahun,6.52,121441501240,2025-11-05 12:00:46
mean_years_schooling_new_method,415,[Metode Baru] Rata-rata Lama Sekolah,Tahun,Tujuan Pembangunan Berkelanjutan Edisi I,0000,1215,Humbang Hasundutan,0,Tidak ada,124,2024,0,Tahun,10.13,121541501240,2025-11-05 12:00:46
mean_years_schooling_new_method,415,[Metode Baru] Rata-rata Lama Sekolah,Tahun,Tujuan Pembangunan Berkelanjutan Edisi I,0000,1216,Pakpak Bharat,0,Tidak ada,124,2024,0,Tahun,9.73,121641501240,2025-11-05 12:00:46
mean_years_schooling_new_method,415,[Metode Baru] Rata-rata Lama Sekolah,Tahun,Tujuan Pembangunan Berkelanjutan Edisi I,0000,1217,Samosir,0,Tidak ada,124,2024,0,Tahun,9.61,121741501240,2025-11-05 12:00:46
mean_years_schooling_new_method,415,[Metode Baru] Rata-rata Lama Sekolah,Tahun,Tujuan Pembangunan Berkelanjutan Edisi I,0000,1218,Serdang Bedagai,0,Tidak ada,124,2024,0,Tahun,9.12,121841501240,2025-11-05 12:00:46
mean_years_schooling_new_method,415,[Metode Baru] Rata-rata Lama Sekolah,Tahun,Tujuan Pembangunan Berkelanjutan Edisi I,0000,1219,Batu Bara,0,Tidak ada,124,2024,0,Tahun,8.51,121941501240,2025-11-05 12:00:46
mean_years_schooling_new_method,415,[Metode Baru] Rata-rata Lama Sekolah,Tahun,Tujuan Pembangunan Berkelanjutan Edisi I,0000,1220,Padang Lawas Utara,0,Tidak ada,124,2024,0,Tahun,9.82,122041501240,2025-11-05 12:00:46
mean_years_schooling_new_method,415,[Metode Baru] Rata-rata Lama Sekolah,Tahun,Tujuan Pembangunan Berkelanjutan Edisi I,0000,1221,Padang Lawas,0,Tidak ada,124,2024,0,Tahun,9.63,122141501240,2025-11-05 12:00:46
mean_years_schooling_new_method,415,[Metode Baru] Rata-rata Lama Sekolah,Tahun,Tujuan Pembangunan Berkelanjutan Edisi I,0000,1222,Labuhan Batu Selatan,0,Tidak ada,124,2024,0,Tahun,9.19,122241501240,2025-11-05 12:00:46
mean_years_schooling_new_method,415,[Metode Baru] Rata-rata Lama Sekolah,Tahun,Tujuan Pembangunan Berkelanjutan Edisi I,0000,1223,Labuhan Batu Utara,0,Tidak ada,124,2024,0,Tahun,9.14,122341501240,2025-11-05 12:00:46
mean_years_schooling_new_method,415,[Metode Baru] Rata-rata Lama Sekolah,Tahun,Tujuan Pembangunan Berkelanjutan Edisi I,0000,1224,Nias Utara,0,Tidak ada,124,2024,0,Tahun,7.05,122441501240,2025-11-05 12:00:46
mean_years_schooling_new_method,415,[Metode Baru] Rata-rata Lama Sekolah,Tahun,Tujuan Pembangunan Berkelanjutan Edisi I,0000,1225,Nias Barat,0,Tidak ada,124,2024,0,Tahun,7.26,122541501240,2025-11-05 12:00:46
mean_years_schooling_new_method,415,[Metode Baru] Rata-rata Lama Sekolah,Tahun,Tujuan Pembangunan Berkelanjutan Edisi I,0000,1271,Kota Sibolga,0,Tidak ada,124,2024,0,Tahun,10.45,127141501240,2025-11-05 12:00:46
mean_years_schooling_new_method,415,[Metode Baru] Rata-rata Lama Sekolah,Tahun,Tujuan Pembangunan Berkelanjutan Edisi I,0000,1272,Kota Tanjung Balai,0,Tidak ada,124,2024,0,Tahun,9.69,127241501240,2025-11-05 12:00:46
mean_years_schooling_new_method,415,[Metode Baru] Rata-rata Lama Sekolah,Tahun,Tujuan Pembangunan Berkelanjutan Edisi I,0000,1273,Kota Pematang Siantar,0,Tidak ada,124,2024,0,Tahun,11.82,127341501240,2025-11-05 12:00:46
mean_years_schooling_new_method,415,[Metode Baru] Rata-rata Lama Sekolah,Tahun,Tujuan Pembangunan Berkelanjutan Edisi I,0000,1274,Kota Tebing Tinggi,0,Tidak ada,124,2024,0,Tahun,10.87,127441501240,2025-11-05 12:00:46
mean_years_schooling_new_method,415,[Metode Baru] Rata-rata Lama Sekolah,Tahun,Tujuan Pembangunan Berkelanjutan Edisi I,0000,1275,Kota Medan,0,Tidak ada,124,2024,0,Tahun,11.79,127541501240,2025-11-05 12:00:46
mean_years_schooling_new_method,415,[Metode Baru] Rata-rata Lama Sekolah,Tahun,Tujuan Pembangunan Berkelanjutan Edisi I,0000,1276,Kota Binjai,0,Tidak ada,124,2024,0,Tahun,11.2,127641501240,2025-11-05 12:00:46
mean_years_schooling_new_method,415,[Metode Baru] Rata-rata Lama Sekolah,Tahun,Tujuan Pembangunan Berkelanjutan Edisi I,0000,1277,Kota Padangsidimpuan,0,Tidak ada,124,2024,0,Tahun,11.13,127741501240,2025-11-05 12:00:46
mean_years_schooling_new_method,415,[Metode Baru] Rata-rata Lama Sekolah,Tahun,Tujuan Pembangunan Berkelanjutan Edisi I,0000,1278,Kota Gunungsitoli,0,Tidak ada,124,2024,0,Tahun,8.76,127841501240,2025-11-05 12:00:46
mean_years_schooling_new_method,415,[Metode Baru] Rata-rata Lama Sekolah,Tahun,Tujuan Pembangunan Berkelanjutan Edisi I,0000,1300,SUMATERA BARAT,0,Tidak ada,124,2024,0,Tahun,9.44,130041501240,2025-11-05 12:00:46
mean_years_schooling_new_method,415,[Metode Baru] Rata-rata Lama Sekolah,Tahun,Tujuan Pembangunan Berkelanjutan Edisi I,0000,1301,Kepulauan Mentawai,0,Tidak ada,124,2024,0,Tahun,8.03,130141501240,2025-11-05 12:00:46
mean_years_schooling_new_method,415,[Metode Baru] Rata-rata Lama Sekolah,Tahun,Tujuan Pembangunan Berkelanjutan Edisi I,0000,1302,Pesisir Selatan,0,Tidak ada,124,2024,0,Tahun,8.81,130241501240,2025-11-05 12:00:46
mean_years_schooling_new_method,415,[Metode Baru] Rata-rata Lama Sekolah,Tahun,Tujuan Pembangunan Berkelanjutan Edisi I,0000,1303,Solok,0,Tidak ada,124,2024,0,Tahun,7.91,130341501240,2025-11-05 12:00:46
mean_years_schooling_new_method,415,[Metode Baru] Rata-rata Lama Sekolah,Tahun,Tujuan Pembangunan Berkelanjutan Edisi I,0000,1304,Sijunjung,0,Tidak ada,124,2024,0,Tahun,8.62,130441501240,2025-11-05 12:00:46
mean_years_schooling_new_method,415,[Metode Baru] Rata-rata Lama Sekolah,Tahun,Tujuan Pembangunan Berkelanjutan Edisi I,0000,1305,Tanah Datar,0,Tidak ada,124,2024,0,Tahun,9.29,130541501240,2025-11-05 12:00:46
mean_years_schooling_new_method,415,[Metode Baru] Rata-rata Lama Sekolah,Tahun,Tujuan Pembangunan Berkelanjutan Edisi I,0000,1306,Padang Pariaman,0,Tidak ada,124,2024,0,Tahun,8.42,130641501240,2025-11-05 12:00:46
mean_years_schooling_new_method,415,[Metode Baru] Rata-rata Lama Sekolah,Tahun,Tujuan Pembangunan Berkelanjutan Edisi I,0000,1307,Agam,0,Tidak ada,124,2024,0,Tahun,9.23,130741501240,2025-11-05 12:00:46
mean_years_schooling_new_method,415,[Metode Baru] Rata-rata Lama Sekolah,Tahun,Tujuan Pembangunan Berkelanjutan Edisi I,0000,1308,Lima Puluh Kota,0,Tidak ada,124,2024,0,Tahun,8.13,130841501240,2025-11-05 12:00:46
mean_years_schooling_new_method,415,[Metode Baru] Rata-rata Lama Sekolah,Tahun,Tujuan Pembangunan Berkelanjutan Edisi I,0000,1309,Pasaman,0,Tidak ada,124,2024,0,Tahun,8.14,130941501240,2025-11-05 12:00:46
mean_years_schooling_new_method,415,[Metode Baru] Rata-rata Lama Sekolah,Tahun,Tujuan Pembangunan Berkelanjutan Edisi I,0000,1310,Solok Selatan,0,Tidak ada,124,2024,0,Tahun,8.85,131041501240,2025-11-05 12:00:46
mean_years_schooling_new_method,415,[Metode Baru] Rata-rata Lama Sekolah,Tahun,Tujuan Pembangunan Berkelanjutan Edisi I,0000,1311,Dharmasraya,0,Tidak ada,124,2024,0,Tahun,8.98,131141501240,2025-11-05 12:00:46
mean_years_schooling_new_method,415,[Metode Baru] Rata-rata Lama Sekolah,Tahun,Tujuan Pembangunan Berkelanjutan Edisi I,0000,1312,Pasaman Barat,0,Tidak ada,124,2024,0,Tahun,8.99,131241501240,2025-11-05 12:00:46
mean_years_schooling_new_method,415,[Metode Baru] Rata-rata Lama Sekolah,Tahun,Tujuan Pembangunan Berkelanjutan Edisi I,0000,1371,Kota Padang,0,Tidak ada,124,2024,0,Tahun,11.63,137141501240,2025-11-05 12:00:46
mean_years_schooling_new_method,415,[Metode Baru] Rata-rata Lama Sekolah,Tahun,Tujuan Pembangunan Berkelanjutan Edisi I,0000,1372,Kota Solok,0,Tidak ada,124,2024,0,Tahun,11.37,137241501240,2025-11-05 12:00:46
mean_years_schooling_new_method,415,[Metode Baru] Rata-rata Lama Sekolah,Tahun,Tujuan Pembangunan Berkelanjutan Edisi I,0000,1373,Kota Sawah Lunto,0,Tidak ada,124,2024,0,Tahun,10.53,137341501240,2025-11-05 12:00:46
mean_years_schooling_new_method,415,[Metode Baru] Rata-rata Lama Sekolah,Tahun,Tujuan Pembangunan Berkelanjutan Edisi I,0000,1374,Kota Padang Panjang,0,Tidak ada,124,2024,0,Tahun,12,137441501240,2025-11-05 12:00:46
mean_years_schooling_new_method,415,[Metode Baru] Rata-rata Lama Sekolah,Tahun,Tujuan Pembangunan Berkelanjutan Edisi I,0000,1375,Kota Bukittinggi,0,Tidak ada,124,2024,0,Tahun,11.65,137541501240,2025-11-05 12:00:46
mean_years_schooling_new_method,415,[Metode Baru] Rata-rata Lama Sekolah,Tahun,Tujuan Pembangunan Berkelanjutan Edisi I,0000,1376,Kota Payakumbuh,0,Tidak ada,124,2024,0,Tahun,10.89,137641501240,2025-11-05 12:00:46
mean_years_schooling_new_method,415,[Metode Baru] Rata-rata Lama Sekolah,Tahun,Tujuan Pembangunan Berkelanjutan Edisi I,0000,1377,Kota Pariaman,0,Tidak ada,124,2024,0,Tahun,11.06,137741501240,2025-11-05 12:00:46
mean_years_schooling_new_method,415,[Metode Baru] Rata-rata Lama Sekolah,Tahun,Tujuan Pembangunan Berkelanjutan Edisi I,0000,1400,RIAU,0,Tidak ada,124,2024,0,Tahun,9.43,140041501240,2025-11-05 12:00:46
mean_years_schooling_new_method,415,[Metode Baru] Rata-rata Lama Sekolah,Tahun,Tujuan Pembangunan Berkelanjutan Edisi I,0000,1401,Kuantan Singingi,0,Tidak ada,124,2024,0,Tahun,9.14,140141501240,2025-11-05 12:00:46
mean_years_schooling_new_method,415,[Metode Baru] Rata-rata Lama Sekolah,Tahun,Tujuan Pembangunan Berkelanjutan Edisi I,0000,1402,Indragiri Hulu,0,Tidak ada,124,2024,0,Tahun,8.43,140241501240,2025-11-05 12:00:46
mean_years_schooling_new_method,415,[Metode Baru] Rata-rata Lama Sekolah,Tahun,Tujuan Pembangunan Berkelanjutan Edisi I,0000,1403,Indragiri Hilir,0,Tidak ada,124,2024,0,Tahun,7.32,140341501240,2025-11-05 12:00:46
mean_years_schooling_new_method,415,[Metode Baru] Rata-rata Lama Sekolah,Tahun,Tujuan Pembangunan Berkelanjutan Edisi I,0000,1404,Pelalawan,0,Tidak ada,124,2024,0,Tahun,8.96,140441501240,2025-11-05 12:00:46
mean_years_schooling_new_method,415,[Metode Baru] Rata-rata Lama Sekolah,Tahun,Tujuan Pembangunan Berkelanjutan Edisi I,0000,1405,Siak,0,Tidak ada,124,2024,0,Tahun,9.92,140541501240,2025-11-05 12:00:46
mean_years_schooling_new_method,415,[Metode Baru] Rata-rata Lama Sekolah,Tahun,Tujuan Pembangunan Berkelanjutan Edisi I,0000,1406,Kampar,0,Tidak ada,124,2024,0,Tahun,9.58,140641501240,2025-11-05 12:00:46
mean_years_schooling_new_method,415,[Metode Baru] Rata-rata Lama Sekolah,Tahun,Tujuan Pembangunan Berkelanjutan Edisi I,0000,1407,Rokan Hulu,0,Tidak ada,124,2024,0,Tahun,8.94,140741501240,2025-11-05 12:00:46
mean_years_schooling_new_method,415,[Metode Baru] Rata-rata Lama Sekolah,Tahun,Tujuan Pembangunan Berkelanjutan Edisi I,0000,1408,Bengkalis,0,Tidak ada,124,2024,0,Tahun,9.74,140841501240,2025-11-05 12:00:46
mean_years_schooling_new_method,415,[Metode Baru] Rata-rata Lama Sekolah,Tahun,Tujuan Pembangunan Berkelanjutan Edisi I,0000,1409,Rokan Hilir,0,Tidak ada,124,2024,0,Tahun,8.53,140941501240,2025-11-05 12:00:46
mean_years_schooling_new_method,415,[Metode Baru] Rata-rata Lama Sekolah,Tahun,Tujuan Pembangunan Berkelanjutan Edisi I,0000,1410,Kepulauan Meranti,0,Tidak ada,124,2024,0,Tahun,8.12,141041501240,2025-11-05 12:00:46
mean_years_schooling_new_method,415,[Metode Baru] Rata-rata Lama Sekolah,Tahun,Tujuan Pembangunan Berkelanjutan Edisi I,0000,1471,Kota Pekanbaru,0,Tidak ada,124,2024,0,Tahun,11.96,147141501240,2025-11-05 12:00:46
mean_years_schooling_new_method,415,[Metode Baru] Rata-rata Lama Sekolah,Tahun,Tujuan Pembangunan Berkelanjutan Edisi I,0000,1473,Kota Dumai,0,Tidak ada,124,2024,0,Tahun,10.29,147341501240,2025-11-05 12:00:46
mean_years_schooling_new_method,415,[Metode Baru] Rata-rata Lama Sekolah,Tahun,Tujuan Pembangunan Berkelanjutan Edisi I,0000,1500,JAMBI,0,Tidak ada,124,2024,0,Tahun,8.9,150041501240,2025-11-05 12:00:46
mean_years_schooling_new_method,415,[Metode Baru] Rata-rata Lama Sekolah,Tahun,Tujuan Pembangunan Berkelanjutan Edisi I,0000,1501,Kerinci,0,Tidak ada,124,2024,0,Tahun,8.6,150141501240,2025-11-05 12:00:46
mean_years_schooling_new_method,415,[Metode Baru] Rata-rata Lama Sekolah,Tahun,Tujuan Pembangunan Berkelanjutan Edisi I,0000,1502,Merangin,0,Tidak ada,124,2024,0,Tahun,8.4,150241501240,2025-11-05 12:00:46
mean_years_schooling_new_method,415,[Metode Baru] Rata-rata Lama Sekolah,Tahun,Tujuan Pembangunan Berkelanjutan Edisi I,0000,1503,Sarolangun,0,Tidak ada,124,2024,0,Tahun,8.35,150341501240,2025-11-05 12:00:46
mean_years_schooling_new_method,415,[Metode Baru] Rata-rata Lama Sekolah,Tahun,Tujuan Pembangunan Berkelanjutan Edisi I,0000,1504,Batang Hari,0,Tidak ada,124,2024,0,Tahun,8.35,150441501240,2025-11-05 12:00:46
mean_years_schooling_new_method,415,[Metode Baru] Rata-rata Lama Sekolah,Tahun,Tujuan Pembangunan Berkelanjutan Edisi I,0000,1505,Muaro Jambi,0,Tidak ada,124,2024,0,Tahun,8.7,150541501240,2025-11-05 12:00:46
mean_years_schooling_new_method,415,[Metode Baru] Rata-rata Lama Sekolah,Tahun,Tujuan Pembangunan Berkelanjutan Edisi I,0000,1506,Tanjung Jabung Timur,0,Tidak ada,124,2024,0,Tahun,7.7,150641501240,2025-11-05 12:00:46
mean_years_schooling_new_method,415,[Metode Baru] Rata-rata Lama Sekolah,Tahun,Tujuan Pembangunan Berkelanjutan Edisi I,0000,1507,Tanjung Jabung Barat,0,Tidak ada,124,2024,0,Tahun,8.32,150741501240,2025-11-05 12:00:46
mean_years_schooling_new_method,415,[Metode Baru] Rata-rata Lama Sekolah,Tahun,Tujuan Pembangunan Berkelanjutan Edisi I,0000,1508,Tebo,0,Tidak ada,124,2024,0,Tahun,8.04,150841501240,2025-11-05 12:00:46
mean_years_schooling_new_method,415,[Metode Baru] Rata-rata Lama Sekolah,Tahun,Tujuan Pembangunan Berkelanjutan Edisi I,0000,1509,Bungo,0,Tidak ada,124,2024,0,Tahun,8.6,150941501240,2025-11-05 12:00:46
mean_years_schooling_new_method,415,[Metode Baru] Rata-rata Lama Sekolah,Tahun,Tujuan Pembangunan Berkelanjutan Edisi I,0000,1571,Kota Jambi,0,Tidak ada,124,2024,0,Tahun,11.51,157141501240,2025-11-05 12:00:46
mean_years_schooling_new_method,415,[Metode Baru] Rata-rata Lama Sekolah,Tahun,Tujuan Pembangunan Berkelanjutan Edisi I,0000,1572,Kota Sungai Penuh,0,Tidak ada,124,2024,0,Tahun,10.48,157241501240,2025-11-05 12:00:46
mean_years_schooling_new_method,415,[Metode Baru] Rata-rata Lama Sekolah,Tahun,Tujuan Pembangunan Berkelanjutan Edisi I,0000,1600,SUMATERA SELATAN,0,Tidak ada,124,2024,0,Tahun,8.57,160041501240,2025-11-05 12:00:46
mean_years_schooling_new_method,415,[Metode Baru] Rata-rata Lama Sekolah,Tahun,Tujuan Pembangunan Berkelanjutan Edisi I,0000,1601,Ogan Komering Ulu,0,Tidak ada,124,2024,0,Tahun,8.86,160141501240,2025-11-05 12:00:46
mean_years_schooling_new_method,415,[Metode Baru] Rata-rata Lama Sekolah,Tahun,Tujuan Pembangunan Berkelanjutan Edisi I,0000,1602,Ogan Komering Ilir,0,Tidak ada,124,2024,0,Tahun,7.19,160241501240,2025-11-05 12:00:46
mean_years_schooling_new_method,415,[Metode Baru] Rata-rata Lama Sekolah,Tahun,Tujuan Pembangunan Berkelanjutan Edisi I,0000,1603,Muara Enim,0,Tidak ada,124,2024,0,Tahun,8.27,160341501240,2025-11-05 12:00:46
mean_years_schooling_new_method,415,[Metode Baru] Rata-rata Lama Sekolah,Tahun,Tujuan Pembangunan Berkelanjutan Edisi I,0000,1604,Lahat,0,Tidak ada,124,2024,0,Tahun,8.69,160441501240,2025-11-05 12:00:46
mean_years_schooling_new_method,415,[Metode Baru] Rata-rata Lama Sekolah,Tahun,Tujuan Pembangunan Berkelanjutan Edisi I,0000,1605,Musi Rawas,0,Tidak ada,124,2024,0,Tahun,7.57,160541501240,2025-11-05 12:00:46
mean_years_schooling_new_method,415,[Metode Baru] Rata-rata Lama Sekolah,Tahun,Tujuan Pembangunan Berkelanjutan Edisi I,0000,1606,Musi Banyuasin,0,Tidak ada,124,2024,0,Tahun,7.95,160641501240,2025-11-05 12:00:46
mean_years_schooling_new_method,415,[Metode Baru] Rata-rata Lama Sekolah,Tahun,Tujuan Pembangunan Berkelanjutan Edisi I,0000,1607,Banyu Asin,0,Tidak ada,124,2024,0,Tahun,7.48,160741501240,2025-11-05 12:00:46
mean_years_schooling_new_method,415,[Metode Baru] Rata-rata Lama Sekolah,Tahun,Tujuan Pembangunan Berkelanjutan Edisi I,0000,1608,Ogan Komering Ulu Selatan,0,Tidak ada,124,2024,0,Tahun,8.25,160841501240,2025-11-05 12:00:46
mean_years_schooling_new_method,415,[Metode Baru] Rata-rata Lama Sekolah,Tahun,Tujuan Pembangunan Berkelanjutan Edisi I,0000,1609,Ogan Komering Ulu Timur,0,Tidak ada,124,2024,0,Tahun,8.08,160941501240,2025-11-05 12:00:46
mean_years_schooling_new_method,415,[Metode Baru] Rata-rata Lama Sekolah,Tahun,Tujuan Pembangunan Berkelanjutan Edisi I,0000,1610,Ogan Ilir,0,Tidak ada,124,2024,0,Tahun,8.09,161041501240,2025-11-05 12:00:46
mean_years_schooling_new_method,415,[Metode Baru] Rata-rata Lama Sekolah,Tahun,Tujuan Pembangunan Berkelanjutan Edisi I,0000,1611,Empat Lawang,0,Tidak ada,124,2024,0,Tahun,7.68,161141501240,2025-11-05 12:00:46
mean_years_schooling_new_method,415,[Metode Baru] Rata-rata Lama Sekolah,Tahun,Tujuan Pembangunan Berkelanjutan Edisi I,0000,1612,Penukal Abab Lematang Ilir,0,Tidak ada,124,2024,0,Tahun,7.27,161241501240,2025-11-05 12:00:46
mean_years_schooling_new_method,415,[Metode Baru] Rata-rata Lama Sekolah,Tahun,Tujuan Pembangunan Berkelanjutan Edisi I,0000,1613,Musi Rawas Utara,0,Tidak ada,124,2024,0,Tahun,7.51,161341501240,2025-11-05 12:00:46
mean_years_schooling_new_method,415,[Metode Baru] Rata-rata Lama Sekolah,Tahun,Tujuan Pembangunan Berkelanjutan Edisi I,0000,1671,Kota Palembang,0,Tidak ada,124,2024,0,Tahun,10.93,167141501240,2025-11-05 12:00:46
mean_years_schooling_new_method,415,[Metode Baru] Rata-rata Lama Sekolah,Tahun,Tujuan Pembangunan Berkelanjutan Edisi I,0000,1672,Kota Prabumulih,0,Tidak ada,124,2024,0,Tahun,10.36,167241501240,2025-11-05 12:00:46
mean_years_schooling_new_method,415,[Metode Baru] Rata-rata Lama Sekolah,Tahun,Tujuan Pembangunan Berkelanjutan Edisi I,0000,1673,Kota Pagar Alam,0,Tidak ada,124,2024,0,Tahun,9.44,167341501240,2025-11-05 12:00:46
mean_years_schooling_new_method,415,[Metode Baru] Rata-rata Lama Sekolah,Tahun,Tujuan Pembangunan Berkelanjutan Edisi I,0000,1674,Kota Lubuklinggau,0,Tidak ada,124,2024,0,Tahun,9.94,167441501240,2025-11-05 12:00:46
mean_years_schooling_new_method,415,[Metode Baru] Rata-rata Lama Sekolah,Tahun,Tujuan Pembangunan Berkelanjutan Edisi I,0000,1700,BENGKULU,0,Tidak ada,124,2024,0,Tahun,9.04,170041501240,2025-11-05 12:00:46
mean_years_schooling_new_method,415,[Metode Baru] Rata-rata Lama Sekolah,Tahun,Tujuan Pembangunan Berkelanjutan Edisi I,0000,1701,Bengkulu Selatan,0,Tidak ada,124,2024,0,Tahun,9.42,170141501240,2025-11-05 12:00:46
mean_years_schooling_new_method,415,[Metode Baru] Rata-rata Lama Sekolah,Tahun,Tujuan Pembangunan Berkelanjutan Edisi I,0000,1702,Rejang Lebong,0,Tidak ada,124,2024,0,Tahun,8.81,170241501240,2025-11-05 12:00:46
mean_years_schooling_new_method,415,[Metode Baru] Rata-rata Lama Sekolah,Tahun,Tujuan Pembangunan Berkelanjutan Edisi I,0000,1703,Bengkulu Utara,0,Tidak ada,124,2024,0,Tahun,8.32,170341501240,2025-11-05 12:00:46
mean_years_schooling_new_method,415,[Metode Baru] Rata-rata Lama Sekolah,Tahun,Tujuan Pembangunan Berkelanjutan Edisi I,0000,1704,Kaur,0,Tidak ada,124,2024,0,Tahun,8.47,170441501240,2025-11-05 12:00:46
mean_years_schooling_new_method,415,[Metode Baru] Rata-rata Lama Sekolah,Tahun,Tujuan Pembangunan Berkelanjutan Edisi I,0000,1705,Seluma,0,Tidak ada,124,2024,0,Tahun,8.14,170541501240,2025-11-05 12:00:46
mean_years_schooling_new_method,415,[Metode Baru] Rata-rata Lama Sekolah,Tahun,Tujuan Pembangunan Berkelanjutan Edisi I,0000,1706,Mukomuko,0,Tidak ada,124,2024,0,Tahun,8.57,170641501240,2025-11-05 12:00:46
mean_years_schooling_new_method,415,[Metode Baru] Rata-rata Lama Sekolah,Tahun,Tujuan Pembangunan Berkelanjutan Edisi I,0000,1707,Lebong,0,Tidak ada,124,2024,0,Tahun,8.41,170741501240,2025-11-05 12:00:46
mean_years_schooling_new_method,415,[Metode Baru] Rata-rata Lama Sekolah,Tahun,Tujuan Pembangunan Berkelanjutan Edisi I,0000,1708,Kepahiang,0,Tidak ada,124,2024,0,Tahun,8.37,170841501240,2025-11-05 12:00:46
mean_years_schooling_new_method,415,[Metode Baru] Rata-rata Lama Sekolah,Tahun,Tujuan Pembangunan Berkelanjutan Edisi I,0000,1709,Bengkulu Tengah,0,Tidak ada,124,2024,0,Tahun,7.71,170941501240,2025-11-05 12:00:46
mean_years_schooling_new_method,415,[Metode Baru] Rata-rata Lama Sekolah,Tahun,Tujuan Pembangunan Berkelanjutan Edisi I,0000,1771,Kota Bengkulu,0,Tidak ada,124,2024,0,Tahun,11.84,177141501240,2025-11-05 12:00:46
mean_years_schooling_new_method,415,[Metode Baru] Rata-rata Lama Sekolah,Tahun,Tujuan Pembangunan Berkelanjutan Edisi I,0000,1800,LAMPUNG,0,Tidak ada,124,2024,0,Tahun,8.36,180041501240,2025-11-05 12:00:46
mean_years_schooling_new_method,415,[Metode Baru] Rata-rata Lama Sekolah,Tahun,Tujuan Pembangunan Berkelanjutan Edisi I,0000,1801,Lampung Barat,0,Tidak ada,124,2024,0,Tahun,8.56,180141501240,2025-11-05 12:00:46
mean_years_schooling_new_method,415,[Metode Baru] Rata-rata Lama Sekolah,Tahun,Tujuan Pembangunan Berkelanjutan Edisi I,0000,1802,Tanggamus,0,Tidak ada,124,2024,0,Tahun,7.38,180241501240,2025-11-05 12:00:46
mean_years_schooling_new_method,415,[Metode Baru] Rata-rata Lama Sekolah,Tahun,Tujuan Pembangunan Berkelanjutan Edisi I,0000,1803,Lampung Selatan,0,Tidak ada,124,2024,0,Tahun,7.78,180341501240,2025-11-05 12:00:46
mean_years_schooling_new_method,415,[Metode Baru] Rata-rata Lama Sekolah,Tahun,Tujuan Pembangunan Berkelanjutan Edisi I,0000,1804,Lampung Timur,0,Tidak ada,124,2024,0,Tahun,8.2,180441501240,2025-11-05 12:00:46
mean_years_schooling_new_method,415,[Metode Baru] Rata-rata Lama Sekolah,Tahun,Tujuan Pembangunan Berkelanjutan Edisi I,0000,1805,Lampung Tengah,0,Tidak ada,124,2024,0,Tahun,7.97,180541501240,2025-11-05 12:00:46
mean_years_schooling_new_method,415,[Metode Baru] Rata-rata Lama Sekolah,Tahun,Tujuan Pembangunan Berkelanjutan Edisi I,0000,1806,Lampung Utara,0,Tidak ada,124,2024,0,Tahun,8.38,180641501240,2025-11-05 12:00:46
mean_years_schooling_new_method,415,[Metode Baru] Rata-rata Lama Sekolah,Tahun,Tujuan Pembangunan Berkelanjutan Edisi I,0000,1807,Way Kanan,0,Tidak ada,124,2024,0,Tahun,7.75,180741501240,2025-11-05 12:00:46
mean_years_schooling_new_method,415,[Metode Baru] Rata-rata Lama Sekolah,Tahun,Tujuan Pembangunan Berkelanjutan Edisi I,0000,1808,Tulangbawang,0,Tidak ada,124,2024,0,Tahun,7.65,180841501240,2025-11-05 12:00:46
mean_years_schooling_new_method,415,[Metode Baru] Rata-rata Lama Sekolah,Tahun,Tujuan Pembangunan Berkelanjutan Edisi I,0000,1809,Pesawaran,0,Tidak ada,124,2024,0,Tahun,8,180941501240,2025-11-05 12:00:46
mean_years_schooling_new_method,415,[Metode Baru] Rata-rata Lama Sekolah,Tahun,Tujuan Pembangunan Berkelanjutan Edisi I,0000,1810,Pringsewu,0,Tidak ada,124,2024,0,Tahun,8.53,181041501240,2025-11-05 12:00:46
mean_years_schooling_new_method,415,[Metode Baru] Rata-rata Lama Sekolah,Tahun,Tujuan Pembangunan Berkelanjutan Edisi I,0000,1811,Mesuji,0,Tidak ada,124,2024,0,Tahun,7.21,181141501240,2025-11-05 12:00:46
mean_years_schooling_new_method,415,[Metode Baru] Rata-rata Lama Sekolah,Tahun,Tujuan Pembangunan Berkelanjutan Edisi I,0000,1812,Tulang Bawang Barat,0,Tidak ada,124,2024,0,Tahun,7.8,181241501240,2025-11-05 12:00:46
mean_years_schooling_new_method,415,[Metode Baru] Rata-rata Lama Sekolah,Tahun,Tujuan Pembangunan Berkelanjutan Edisi I,0000,1813,Pesisir Barat,0,Tidak ada,124,2024,0,Tahun,8.73,181341501240,2025-11-05 12:00:46
mean_years_schooling_new_method,415,[Metode Baru] Rata-rata Lama Sekolah,Tahun,Tujuan Pembangunan Berkelanjutan Edisi I,0000,1871,Kota Bandar Lampung,0,Tidak ada,124,2024,0,Tahun,10.99,187141501240,2025-11-05 12:00:46
mean_years_schooling_new_method,415,[Metode Baru] Rata-rata Lama Sekolah,Tahun,Tujuan Pembangunan Berkelanjutan Edisi I,0000,1872,Kota Metro,0,Tidak ada,124,2024,0,Tahun,11.01,187241501240,2025-11-05 12:00:46
mean_years_schooling_new_method,415,[Metode Baru] Rata-rata Lama Sekolah,Tahun,Tujuan Pembangunan Berkelanjutan Edisi I,0000,1900,KEP. BANGKA BELITUNG,0,Tidak ada,124,2024,0,Tahun,8.33,190041501240,2025-11-05 12:00:46
mean_years_schooling_new_method,415,[Metode Baru] Rata-rata Lama Sekolah,Tahun,Tujuan Pembangunan Berkelanjutan Edisi I,0000,1901,Bangka,0,Tidak ada,124,2024,0,Tahun,8.45,190141501240,2025-11-05 12:00:46
mean_years_schooling_new_method,415,[Metode Baru] Rata-rata Lama Sekolah,Tahun,Tujuan Pembangunan Berkelanjutan Edisi I,0000,1902,Belitung,0,Tidak ada,124,2024,0,Tahun,9.05,190241501240,2025-11-05 12:00:46
mean_years_schooling_new_method,415,[Metode Baru] Rata-rata Lama Sekolah,Tahun,Tujuan Pembangunan Berkelanjutan Edisi I,0000,1903,Bangka Barat,0,Tidak ada,124,2024,0,Tahun,7.48,190341501240,2025-11-05 12:00:46
mean_years_schooling_new_method,415,[Metode Baru] Rata-rata Lama Sekolah,Tahun,Tujuan Pembangunan Berkelanjutan Edisi I,0000,1904,Bangka Tengah,0,Tidak ada,124,2024,0,Tahun,7.24,190441501240,2025-11-05 12:00:46
mean_years_schooling_new_method,415,[Metode Baru] Rata-rata Lama Sekolah,Tahun,Tujuan Pembangunan Berkelanjutan Edisi I,0000,1905,Bangka Selatan,0,Tidak ada,124,2024,0,Tahun,6.93,190541501240,2025-11-05 12:00:46
mean_years_schooling_new_method,415,[Metode Baru] Rata-rata Lama Sekolah,Tahun,Tujuan Pembangunan Berkelanjutan Edisi I,0000,1906,Belitung Timur,0,Tidak ada,124,2024,0,Tahun,8.99,190641501240,2025-11-05 12:00:46
mean_years_schooling_new_method,415,[Metode Baru] Rata-rata Lama Sekolah,Tahun,Tujuan Pembangunan Berkelanjutan Edisi I,0000,1971,Kota Pangkal Pinang,0,Tidak ada,124,2024,0,Tahun,10.67,197141501240,2025-11-05 12:00:46
mean_years_schooling_new_method,415,[Metode Baru] Rata-rata Lama Sekolah,Tahun,Tujuan Pembangunan Berkelanjutan Edisi I,0000,2100,KEPULAUAN RIAU,0,Tidak ada,124,2024,0,Tahun,10.5,210041501240,2025-11-05 12:00:46
mean_years_schooling_new_method,415,[Metode Baru] Rata-rata Lama Sekolah,Tahun,Tujuan Pembangunan Berkelanjutan Edisi I,0000,2101,Karimun,0,Tidak ada,124,2024,0,Tahun,8.91,210141501240,2025-11-05 12:00:46
mean_years_schooling_new_method,415,[Metode Baru] Rata-rata Lama Sekolah,Tahun,Tujuan Pembangunan Berkelanjutan Edisi I,0000,2102,Bintan,0,Tidak ada,124,2024,0,Tahun,9.15,210241501240,2025-11-05 12:00:46
mean_years_schooling_new_method,415,[Metode Baru] Rata-rata Lama Sekolah,Tahun,Tujuan Pembangunan Berkelanjutan Edisi I,0000,2103,Natuna,0,Tidak ada,124,2024,0,Tahun,9.2,210341501240,2025-11-05 12:00:46
mean_years_schooling_new_method,415,[Metode Baru] Rata-rata Lama Sekolah,Tahun,Tujuan Pembangunan Berkelanjutan Edisi I,0000,2104,Lingga,0,Tidak ada,124,2024,0,Tahun,7.6,210441501240,2025-11-05 12:00:46
mean_years_schooling_new_method,415,[Metode Baru] Rata-rata Lama Sekolah,Tahun,Tujuan Pembangunan Berkelanjutan Edisi I,0000,2105,Kepulauan Anambas,0,Tidak ada,124,2024,0,Tahun,7.53,210541501240,2025-11-05 12:00:46
mean_years_schooling_new_method,415,[Metode Baru] Rata-rata Lama Sekolah,Tahun,Tujuan Pembangunan Berkelanjutan Edisi I,0000,2171,Kota Batam,0,Tidak ada,124,2024,0,Tahun,11.21,217141501240,2025-11-05 12:00:46
mean_years_schooling_new_method,415,[Metode Baru] Rata-rata Lama Sekolah,Tahun,Tujuan Pembangunan Berkelanjutan Edisi I,0000,2172,Kota Tanjung Pinang,0,Tidak ada,124,2024,0,Tahun,10.67,217241501240,2025-11-05 12:00:46
mean_years_schooling_new_method,415,[Metode Baru] Rata-rata Lama Sekolah,Tahun,Tujuan Pembangunan Berkelanjutan Edisi I,0000,3100,DKI JAKARTA,0,Tidak ada,124,2024,0,Tahun,11.49,310041501240,2025-11-05 12:00:46
mean_years_schooling_new_method,415,[Metode Baru] Rata-rata Lama Sekolah,Tahun,Tujuan Pembangunan Berkelanjutan Edisi I,0000,3101,Kep. Seribu,0,Tidak ada,124,2024,0,Tahun,9.26,310141501240,2025-11-05 12:00:46
mean_years_schooling_new_method,415,[Metode Baru] Rata-rata Lama Sekolah,Tahun,Tujuan Pembangunan Berkelanjutan Edisi I,0000,3171,Kota Jakarta Selatan,0,Tidak ada,124,2024,0,Tahun,11.95,317141501240,2025-11-05 12:00:46
mean_years_schooling_new_method,415,[Metode Baru] Rata-rata Lama Sekolah,Tahun,Tujuan Pembangunan Berkelanjutan Edisi I,0000,3172,Kota Jakarta Timur,0,Tidak ada,124,2024,0,Tahun,11.99,317241501240,2025-11-05 12:00:46
mean_years_schooling_new_method,415,[Metode Baru] Rata-rata Lama Sekolah,Tahun,Tujuan Pembangunan Berkelanjutan Edisi I,0000,3173,Kota Jakarta Pusat,0,Tidak ada,124,2024,0,Tahun,11.61,317341501240,2025-11-05 12:00:46
mean_years_schooling_new_method,415,[Metode Baru] Rata-rata Lama Sekolah,Tahun,Tujuan Pembangunan Berkelanjutan Edisi I,0000,3174,Kota Jakarta Barat,0,Tidak ada,124,2024,0,Tahun,11.24,317441501240,2025-11-05 12:00:46
mean_years_schooling_new_method,415,[Metode Baru] Rata-rata Lama Sekolah,Tahun,Tujuan Pembangunan Berkelanjutan Edisi I,0000,3175,Kota Jakarta Utara,0,Tidak ada,124,2024,0,Tahun,10.85,317541501240,2025-11-05 12:00:46
mean_years_schooling_new_method,415,[Metode Baru] Rata-rata Lama Sekolah,Tahun,Tujuan Pembangunan Berkelanjutan Edisi I,0000,3200,JAWA BARAT,0,Tidak ada,124,2024,0,Tahun,8.87,320041501240,2025-11-05 12:00:46
mean_years_schooling_new_method,415,[Metode Baru] Rata-rata Lama Sekolah,Tahun,Tujuan Pembangunan Berkelanjutan Edisi I,0000,3201,Bogor,0,Tidak ada,124,2024,0,Tahun,8.39,320141501240,2025-11-05 12:00:46
mean_years_schooling_new_method,415,[Metode Baru] Rata-rata Lama Sekolah,Tahun,Tujuan Pembangunan Berkelanjutan Edisi I,0000,3202,Sukabumi,0,Tidak ada,124,2024,0,Tahun,7.34,320241501240,2025-11-05 12:00:46
mean_years_schooling_new_method,415,[Metode Baru] Rata-rata Lama Sekolah,Tahun,Tujuan Pembangunan Berkelanjutan Edisi I,0000,3203,Cianjur,0,Tidak ada,124,2024,0,Tahun,7.33,320341501240,2025-11-05 12:00:46
mean_years_schooling_new_method,415,[Metode Baru] Rata-rata Lama Sekolah,Tahun,Tujuan Pembangunan Berkelanjutan Edisi I,0000,3204,Bandung,0,Tidak ada,124,2024,0,Tahun,9.15,320441501240,2025-11-05 12:00:46
mean_years_schooling_new_method,415,[Metode Baru] Rata-rata Lama Sekolah,Tahun,Tujuan Pembangunan Berkelanjutan Edisi I,0000,3205,Garut,0,Tidak ada,124,2024,0,Tahun,7.85,320541501240,2025-11-05 12:00:46
mean_years_schooling_new_method,415,[Metode Baru] Rata-rata Lama Sekolah,Tahun,Tujuan Pembangunan Berkelanjutan Edisi I,0000,3206,Tasikmalaya,0,Tidak ada,124,2024,0,Tahun,7.97,320641501240,2025-11-05 12:00:46
mean_years_schooling_new_method,415,[Metode Baru] Rata-rata Lama Sekolah,Tahun,Tujuan Pembangunan Berkelanjutan Edisi I,0000,3207,Ciamis,0,Tidak ada,124,2024,0,Tahun,8.1,320741501240,2025-11-05 12:00:46
mean_years_schooling_new_method,415,[Metode Baru] Rata-rata Lama Sekolah,Tahun,Tujuan Pembangunan Berkelanjutan Edisi I,0000,3208,Kuningan,0,Tidak ada,124,2024,0,Tahun,7.9,320841501240,2025-11-05 12:00:46
mean_years_schooling_new_method,415,[Metode Baru] Rata-rata Lama Sekolah,Tahun,Tujuan Pembangunan Berkelanjutan Edisi I,0000,3209,Cirebon,0,Tidak ada,124,2024,0,Tahun,7.65,320941501240,2025-11-05 12:00:46
mean_years_schooling_new_method,415,[Metode Baru] Rata-rata Lama Sekolah,Tahun,Tujuan Pembangunan Berkelanjutan Edisi I,0000,3210,Majalengka,0,Tidak ada,124,2024,0,Tahun,7.53,321041501240,2025-11-05 12:00:46
mean_years_schooling_new_method,415,[Metode Baru] Rata-rata Lama Sekolah,Tahun,Tujuan Pembangunan Berkelanjutan Edisi I,0000,3211,Sumedang,0,Tidak ada,124,2024,0,Tahun,8.74,321141501240,2025-11-05 12:00:46
mean_years_schooling_new_method,415,[Metode Baru] Rata-rata Lama Sekolah,Tahun,Tujuan Pembangunan Berkelanjutan Edisi I,0000,3212,Indramayu,0,Tidak ada,124,2024,0,Tahun,6.95,321241501240,2025-11-05 12:00:46
mean_years_schooling_new_method,415,[Metode Baru] Rata-rata Lama Sekolah,Tahun,Tujuan Pembangunan Berkelanjutan Edisi I,0000,3213,Subang,0,Tidak ada,124,2024,0,Tahun,7.46,321341501240,2025-11-05 12:00:46
mean_years_schooling_new_method,415,[Metode Baru] Rata-rata Lama Sekolah,Tahun,Tujuan Pembangunan Berkelanjutan Edisi I,0000,3214,Purwakarta,0,Tidak ada,124,2024,0,Tahun,8.14,321441501240,2025-11-05 12:00:46
mean_years_schooling_new_method,415,[Metode Baru] Rata-rata Lama Sekolah,Tahun,Tujuan Pembangunan Berkelanjutan Edisi I,0000,3215,Karawang,0,Tidak ada,124,2024,0,Tahun,8.05,321541501240,2025-11-05 12:00:46
mean_years_schooling_new_method,415,[Metode Baru] Rata-rata Lama Sekolah,Tahun,Tujuan Pembangunan Berkelanjutan Edisi I,0000,3216,Bekasi,0,Tidak ada,124,2024,0,Tahun,9.76,321641501240,2025-11-05 12:00:46
mean_years_schooling_new_method,415,[Metode Baru] Rata-rata Lama Sekolah,Tahun,Tujuan Pembangunan Berkelanjutan Edisi I,0000,3217,Bandung Barat,0,Tidak ada,124,2024,0,Tahun,8.24,321741501240,2025-11-05 12:00:46
mean_years_schooling_new_method,415,[Metode Baru] Rata-rata Lama Sekolah,Tahun,Tujuan Pembangunan Berkelanjutan Edisi I,0000,3218,Pangandaran,0,Tidak ada,124,2024,0,Tahun,8.1,321841501240,2025-11-05 12:00:46
mean_years_schooling_new_method,415,[Metode Baru] Rata-rata Lama Sekolah,Tahun,Tujuan Pembangunan Berkelanjutan Edisi I,0000,3271,Kota Bogor,0,Tidak ada,124,2024,0,Tahun,10.71,327141501240,2025-11-05 12:00:46
mean_years_schooling_new_method,415,[Metode Baru] Rata-rata Lama Sekolah,Tahun,Tujuan Pembangunan Berkelanjutan Edisi I,0000,3272,Kota Sukabumi,0,Tidak ada,124,2024,0,Tahun,10.38,327241501240,2025-11-05 12:00:46
mean_years_schooling_new_method,415,[Metode Baru] Rata-rata Lama Sekolah,Tahun,Tujuan Pembangunan Berkelanjutan Edisi I,0000,3273,Kota Bandung,0,Tidak ada,124,2024,0,Tahun,11.07,327341501240,2025-11-05 12:00:46
mean_years_schooling_new_method,415,[Metode Baru] Rata-rata Lama Sekolah,Tahun,Tujuan Pembangunan Berkelanjutan Edisi I,0000,3274,Kota Cirebon,0,Tidak ada,124,2024,0,Tahun,10.53,327441501240,2025-11-05 12:00:46
mean_years_schooling_new_method,415,[Metode Baru] Rata-rata Lama Sekolah,Tahun,Tujuan Pembangunan Berkelanjutan Edisi I,0000,3275,Kota Bekasi,0,Tidak ada,124,2024,0,Tahun,11.79,327541501240,2025-11-05 12:00:46
mean_years_schooling_new_method,415,[Metode Baru] Rata-rata Lama Sekolah,Tahun,Tujuan Pembangunan Berkelanjutan Edisi I,0000,3276,Kota Depok,0,Tidak ada,124,2024,0,Tahun,11.59,327641501240,2025-11-05 12:00:46
mean_years_schooling_new_method,415,[Metode Baru] Rata-rata Lama Sekolah,Tahun,Tujuan Pembangunan Berkelanjutan Edisi I,0000,3277,Kota Cimahi,0,Tidak ada,124,2024,0,Tahun,11.52,327741501240,2025-11-05 12:00:46
mean_years_schooling_new_method,415,[Metode Baru] Rata-rata Lama Sekolah,Tahun,Tujuan Pembangunan Berkelanjutan Edisi I,0000,3278,Kota Tasikmalaya,0,Tidak ada,124,2024,0,Tahun,9.63,327841501240,2025-11-05 12:00:46
mean_years_schooling_new_method,415,[Metode Baru] Rata-rata Lama Sekolah,Tahun,Tujuan Pembangunan Berkelanjutan Edisi I,0000,3279,Kota Banjar,0,Tidak ada,124,2024,0,Tahun,8.83,327941501240,2025-11-05 12:00:46
mean_years_schooling_new_method,415,[Metode Baru] Rata-rata Lama Sekolah,Tahun,Tujuan Pembangunan Berkelanjutan Edisi I,0000,3300,JAWA TENGAH,0,Tidak ada,124,2024,0,Tahun,8.02,330041501240,2025-11-05 12:00:46
mean_years_schooling_new_method,415,[Metode Baru] Rata-rata Lama Sekolah,Tahun,Tujuan Pembangunan Berkelanjutan Edisi I,0000,3301,Cilacap,0,Tidak ada,124,2024,0,Tahun,7.4,330141501240,2025-11-05 12:00:46
mean_years_schooling_new_method,415,[Metode Baru] Rata-rata Lama Sekolah,Tahun,Tujuan Pembangunan Berkelanjutan Edisi I,0000,3302,Banyumas,0,Tidak ada,124,2024,0,Tahun,7.91,330241501240,2025-11-05 12:00:46
mean_years_schooling_new_method,415,[Metode Baru] Rata-rata Lama Sekolah,Tahun,Tujuan Pembangunan Berkelanjutan Edisi I,0000,3303,Purbalingga,0,Tidak ada,124,2024,0,Tahun,7.36,330341501240,2025-11-05 12:00:46
mean_years_schooling_new_method,415,[Metode Baru] Rata-rata Lama Sekolah,Tahun,Tujuan Pembangunan Berkelanjutan Edisi I,0000,3304,Banjarnegara,0,Tidak ada,124,2024,0,Tahun,6.87,330441501240,2025-11-05 12:00:46
mean_years_schooling_new_method,415,[Metode Baru] Rata-rata Lama Sekolah,Tahun,Tujuan Pembangunan Berkelanjutan Edisi I,0000,3305,Kebumen,0,Tidak ada,124,2024,0,Tahun,7.87,330541501240,2025-11-05 12:00:46
mean_years_schooling_new_method,415,[Metode Baru] Rata-rata Lama Sekolah,Tahun,Tujuan Pembangunan Berkelanjutan Edisi I,0000,3306,Purworejo,0,Tidak ada,124,2024,0,Tahun,8.65,330641501240,2025-11-05 12:00:46
mean_years_schooling_new_method,415,[Metode Baru] Rata-rata Lama Sekolah,Tahun,Tujuan Pembangunan Berkelanjutan Edisi I,0000,3307,Wonosobo,0,Tidak ada,124,2024,0,Tahun,6.9,330741501240,2025-11-05 12:00:46
mean_years_schooling_new_method,415,[Metode Baru] Rata-rata Lama Sekolah,Tahun,Tujuan Pembangunan Berkelanjutan Edisi I,0000,3308,Magelang,0,Tidak ada,124,2024,0,Tahun,7.83,330841501240,2025-11-05 12:00:46
mean_years_schooling_new_method,415,[Metode Baru] Rata-rata Lama Sekolah,Tahun,Tujuan Pembangunan Berkelanjutan Edisi I,0000,3309,Boyolali,0,Tidak ada,124,2024,0,Tahun,8.17,330941501240,2025-11-05 12:00:46
mean_years_schooling_new_method,415,[Metode Baru] Rata-rata Lama Sekolah,Tahun,Tujuan Pembangunan Berkelanjutan Edisi I,0000,3310,Klaten,0,Tidak ada,124,2024,0,Tahun,9.29,331041501240,2025-11-05 12:00:46
mean_years_schooling_new_method,415,[Metode Baru] Rata-rata Lama Sekolah,Tahun,Tujuan Pembangunan Berkelanjutan Edisi I,0000,3311,Sukoharjo,0,Tidak ada,124,2024,0,Tahun,10.01,331141501240,2025-11-05 12:00:46
mean_years_schooling_new_method,415,[Metode Baru] Rata-rata Lama Sekolah,Tahun,Tujuan Pembangunan Berkelanjutan Edisi I,0000,3312,Wonogiri,0,Tidak ada,124,2024,0,Tahun,7.68,331241501240,2025-11-05 12:00:46
mean_years_schooling_new_method,415,[Metode Baru] Rata-rata Lama Sekolah,Tahun,Tujuan Pembangunan Berkelanjutan Edisi I,0000,3313,Karanganyar,0,Tidak ada,124,2024,0,Tahun,9.26,331341501240,2025-11-05 12:00:46
mean_years_schooling_new_method,415,[Metode Baru] Rata-rata Lama Sekolah,Tahun,Tujuan Pembangunan Berkelanjutan Edisi I,0000,3314,Sragen,0,Tidak ada,124,2024,0,Tahun,7.88,331441501240,2025-11-05 12:00:46
mean_years_schooling_new_method,415,[Metode Baru] Rata-rata Lama Sekolah,Tahun,Tujuan Pembangunan Berkelanjutan Edisi I,0000,3315,Grobogan,0,Tidak ada,124,2024,0,Tahun,7.29,331541501240,2025-11-05 12:00:46
mean_years_schooling_new_method,415,[Metode Baru] Rata-rata Lama Sekolah,Tahun,Tujuan Pembangunan Berkelanjutan Edisi I,0000,3316,Blora,0,Tidak ada,124,2024,0,Tahun,7.26,331641501240,2025-11-05 12:00:46
mean_years_schooling_new_method,415,[Metode Baru] Rata-rata Lama Sekolah,Tahun,Tujuan Pembangunan Berkelanjutan Edisi I,0000,3317,Rembang,0,Tidak ada,124,2024,0,Tahun,7.73,331741501240,2025-11-05 12:00:46
mean_years_schooling_new_method,415,[Metode Baru] Rata-rata Lama Sekolah,Tahun,Tujuan Pembangunan Berkelanjutan Edisi I,0000,3318,Pati,0,Tidak ada,124,2024,0,Tahun,7.82,331841501240,2025-11-05 12:00:46
mean_years_schooling_new_method,415,[Metode Baru] Rata-rata Lama Sekolah,Tahun,Tujuan Pembangunan Berkelanjutan Edisi I,0000,3319,Kudus,0,Tidak ada,124,2024,0,Tahun,9.35,331941501240,2025-11-05 12:00:46
mean_years_schooling_new_method,415,[Metode Baru] Rata-rata Lama Sekolah,Tahun,Tujuan Pembangunan Berkelanjutan Edisi I,0000,3320,Jepara,0,Tidak ada,124,2024,0,Tahun,8.27,332041501240,2025-11-05 12:00:46
mean_years_schooling_new_method,415,[Metode Baru] Rata-rata Lama Sekolah,Tahun,Tujuan Pembangunan Berkelanjutan Edisi I,0000,3321,Demak,0,Tidak ada,124,2024,0,Tahun,8.28,332141501240,2025-11-05 12:00:46
mean_years_schooling_new_method,415,[Metode Baru] Rata-rata Lama Sekolah,Tahun,Tujuan Pembangunan Berkelanjutan Edisi I,0000,3322,Semarang,0,Tidak ada,124,2024,0,Tahun,8.16,332241501240,2025-11-05 12:00:46
mean_years_schooling_new_method,415,[Metode Baru] Rata-rata Lama Sekolah,Tahun,Tujuan Pembangunan Berkelanjutan Edisi I,0000,3323,Temanggung,0,Tidak ada,124,2024,0,Tahun,7.53,332341501240,2025-11-05 12:00:46
mean_years_schooling_new_method,415,[Metode Baru] Rata-rata Lama Sekolah,Tahun,Tujuan Pembangunan Berkelanjutan Edisi I,0000,3324,Kendal,0,Tidak ada,124,2024,0,Tahun,7.74,332441501240,2025-11-05 12:00:46
mean_years_schooling_new_method,415,[Metode Baru] Rata-rata Lama Sekolah,Tahun,Tujuan Pembangunan Berkelanjutan Edisi I,0000,3325,Batang,0,Tidak ada,124,2024,0,Tahun,7.08,332541501240,2025-11-05 12:00:46
mean_years_schooling_new_method,415,[Metode Baru] Rata-rata Lama Sekolah,Tahun,Tujuan Pembangunan Berkelanjutan Edisi I,0000,3326,Pekalongan,0,Tidak ada,124,2024,0,Tahun,7.48,332641501240,2025-11-05 12:00:46
mean_years_schooling_new_method,415,[Metode Baru] Rata-rata Lama Sekolah,Tahun,Tujuan Pembangunan Berkelanjutan Edisi I,0000,3327,Pemalang,0,Tidak ada,124,2024,0,Tahun,6.56,332741501240,2025-11-05 12:00:46
mean_years_schooling_new_method,415,[Metode Baru] Rata-rata Lama Sekolah,Tahun,Tujuan Pembangunan Berkelanjutan Edisi I,0000,3328,Tegal,0,Tidak ada,124,2024,0,Tahun,7.36,332841501240,2025-11-05 12:00:46
mean_years_schooling_new_method,415,[Metode Baru] Rata-rata Lama Sekolah,Tahun,Tujuan Pembangunan Berkelanjutan Edisi I,0000,3329,Brebes,0,Tidak ada,124,2024,0,Tahun,6.41,332941501240,2025-11-05 12:00:46
mean_years_schooling_new_method,415,[Metode Baru] Rata-rata Lama Sekolah,Tahun,Tujuan Pembangunan Berkelanjutan Edisi I,0000,3371,Kota Magelang,0,Tidak ada,124,2024,0,Tahun,11.43,337141501240,2025-11-05 12:00:46
mean_years_schooling_new_method,415,[Metode Baru] Rata-rata Lama Sekolah,Tahun,Tujuan Pembangunan Berkelanjutan Edisi I,0000,3372,Kota Surakarta,0,Tidak ada,124,2024,0,Tahun,11.25,337241501240,2025-11-05 12:00:46
mean_years_schooling_new_method,415,[Metode Baru] Rata-rata Lama Sekolah,Tahun,Tujuan Pembangunan Berkelanjutan Edisi I,0000,3373,Kota Salatiga,0,Tidak ada,124,2024,0,Tahun,11.48,337341501240,2025-11-05 12:00:46
mean_years_schooling_new_method,415,[Metode Baru] Rata-rata Lama Sekolah,Tahun,Tujuan Pembangunan Berkelanjutan Edisi I,0000,3374,Kota Semarang,0,Tidak ada,124,2024,0,Tahun,11.05,337441501240,2025-11-05 12:00:46
mean_years_schooling_new_method,415,[Metode Baru] Rata-rata Lama Sekolah,Tahun,Tujuan Pembangunan Berkelanjutan Edisi I,0000,3375,Kota Pekalongan,0,Tidak ada,124,2024,0,Tahun,9.34,337541501240,2025-11-05 12:00:46
mean_years_schooling_new_method,415,[Metode Baru] Rata-rata Lama Sekolah,Tahun,Tujuan Pembangunan Berkelanjutan Edisi I,0000,3376,Kota Tegal,0,Tidak ada,124,2024,0,Tahun,9.28,337641501240,2025-11-05 12:00:46
mean_years_schooling_new_method,415,[Metode Baru] Rata-rata Lama Sekolah,Tahun,Tujuan Pembangunan Berkelanjutan Edisi I,0000,3400,D I YOGYAKARTA,0,Tidak ada,124,2024,0,Tahun,9.92,340041501240,2025-11-05 12:00:46
mean_years_schooling_new_method,415,[Metode Baru] Rata-rata Lama Sekolah,Tahun,Tujuan Pembangunan Berkelanjutan Edisi I,0000,3401,Kulon Progo,0,Tidak ada,124,2024,0,Tahun,9.2,340141501240,2025-11-05 12:00:46
mean_years_schooling_new_method,415,[Metode Baru] Rata-rata Lama Sekolah,Tahun,Tujuan Pembangunan Berkelanjutan Edisi I,0000,3402,Bantul,0,Tidak ada,124,2024,0,Tahun,9.81,340241501240,2025-11-05 12:00:46
mean_years_schooling_new_method,415,[Metode Baru] Rata-rata Lama Sekolah,Tahun,Tujuan Pembangunan Berkelanjutan Edisi I,0000,3403,Gunung Kidul,0,Tidak ada,124,2024,0,Tahun,7.35,340341501240,2025-11-05 12:00:46
mean_years_schooling_new_method,415,[Metode Baru] Rata-rata Lama Sekolah,Tahun,Tujuan Pembangunan Berkelanjutan Edisi I,0000,3404,Sleman,0,Tidak ada,124,2024,0,Tahun,11.33,340441501240,2025-11-05 12:00:46
mean_years_schooling_new_method,415,[Metode Baru] Rata-rata Lama Sekolah,Tahun,Tujuan Pembangunan Berkelanjutan Edisi I,0000,3471,Kota Yogyakarta,0,Tidak ada,124,2024,0,Tahun,12.12,347141501240,2025-11-05 12:00:46
mean_years_schooling_new_method,415,[Metode Baru] Rata-rata Lama Sekolah,Tahun,Tujuan Pembangunan Berkelanjutan Edisi I,0000,3500,JAWA TIMUR,0,Tidak ada,124,2024,0,Tahun,8.28,350041501240,2025-11-05 12:00:46
mean_years_schooling_new_method,415,[Metode Baru] Rata-rata Lama Sekolah,Tahun,Tujuan Pembangunan Berkelanjutan Edisi I,0000,3501,Pacitan,0,Tidak ada,124,2024,0,Tahun,7.9,350141501240,2025-11-05 12:00:46
mean_years_schooling_new_method,415,[Metode Baru] Rata-rata Lama Sekolah,Tahun,Tujuan Pembangunan Berkelanjutan Edisi I,0000,3502,Ponorogo,0,Tidak ada,124,2024,0,Tahun,7.8,350241501240,2025-11-05 12:00:46
mean_years_schooling_new_method,415,[Metode Baru] Rata-rata Lama Sekolah,Tahun,Tujuan Pembangunan Berkelanjutan Edisi I,0000,3503,Trenggalek,0,Tidak ada,124,2024,0,Tahun,7.92,350341501240,2025-11-05 12:00:46
mean_years_schooling_new_method,415,[Metode Baru] Rata-rata Lama Sekolah,Tahun,Tujuan Pembangunan Berkelanjutan Edisi I,0000,3504,Tulungagung,0,Tidak ada,124,2024,0,Tahun,8.68,350441501240,2025-11-05 12:00:46
mean_years_schooling_new_method,415,[Metode Baru] Rata-rata Lama Sekolah,Tahun,Tujuan Pembangunan Berkelanjutan Edisi I,0000,3505,Blitar,0,Tidak ada,124,2024,0,Tahun,7.87,350541501240,2025-11-05 12:00:46
mean_years_schooling_new_method,415,[Metode Baru] Rata-rata Lama Sekolah,Tahun,Tujuan Pembangunan Berkelanjutan Edisi I,0000,3506,Kediri,0,Tidak ada,124,2024,0,Tahun,8.26,350641501240,2025-11-05 12:00:46
mean_years_schooling_new_method,415,[Metode Baru] Rata-rata Lama Sekolah,Tahun,Tujuan Pembangunan Berkelanjutan Edisi I,0000,3507,Malang,0,Tidak ada,124,2024,0,Tahun,7.8,350741501240,2025-11-05 12:00:46
mean_years_schooling_new_method,415,[Metode Baru] Rata-rata Lama Sekolah,Tahun,Tujuan Pembangunan Berkelanjutan Edisi I,0000,3508,Lumajang,0,Tidak ada,124,2024,0,Tahun,7.27,350841501240,2025-11-05 12:00:46
mean_years_schooling_new_method,415,[Metode Baru] Rata-rata Lama Sekolah,Tahun,Tujuan Pembangunan Berkelanjutan Edisi I,0000,3509,Jember,0,Tidak ada,124,2024,0,Tahun,6.54,350941501240,2025-11-05 12:00:46
mean_years_schooling_new_method,415,[Metode Baru] Rata-rata Lama Sekolah,Tahun,Tujuan Pembangunan Berkelanjutan Edisi I,0000,3510,Banyuwangi,0,Tidak ada,124,2024,0,Tahun,7.78,351041501240,2025-11-05 12:00:46
mean_years_schooling_new_method,415,[Metode Baru] Rata-rata Lama Sekolah,Tahun,Tujuan Pembangunan Berkelanjutan Edisi I,0000,3511,Bondowoso,0,Tidak ada,124,2024,0,Tahun,6.53,351141501240,2025-11-05 12:00:46
mean_years_schooling_new_method,415,[Metode Baru] Rata-rata Lama Sekolah,Tahun,Tujuan Pembangunan Berkelanjutan Edisi I,0000,3512,Situbondo,0,Tidak ada,124,2024,0,Tahun,6.93,351241501240,2025-11-05 12:00:46
mean_years_schooling_new_method,415,[Metode Baru] Rata-rata Lama Sekolah,Tahun,Tujuan Pembangunan Berkelanjutan Edisi I,0000,3513,Probolinggo,0,Tidak ada,124,2024,0,Tahun,6.31,351341501240,2025-11-05 12:00:46
mean_years_schooling_new_method,415,[Metode Baru] Rata-rata Lama Sekolah,Tahun,Tujuan Pembangunan Berkelanjutan Edisi I,0000,3514,Pasuruan,0,Tidak ada,124,2024,0,Tahun,7.46,351441501240,2025-11-05 12:00:46
mean_years_schooling_new_method,415,[Metode Baru] Rata-rata Lama Sekolah,Tahun,Tujuan Pembangunan Berkelanjutan Edisi I,0000,3515,Sidoarjo,0,Tidak ada,124,2024,0,Tahun,10.91,351541501240,2025-11-05 12:00:46
mean_years_schooling_new_method,415,[Metode Baru] Rata-rata Lama Sekolah,Tahun,Tujuan Pembangunan Berkelanjutan Edisi I,0000,3516,Mojokerto,0,Tidak ada,124,2024,0,Tahun,9.13,351641501240,2025-11-05 12:00:46
mean_years_schooling_new_method,415,[Metode Baru] Rata-rata Lama Sekolah,Tahun,Tujuan Pembangunan Berkelanjutan Edisi I,0000,3517,Jombang,0,Tidak ada,124,2024,0,Tahun,8.78,351741501240,2025-11-05 12:00:46
mean_years_schooling_new_method,415,[Metode Baru] Rata-rata Lama Sekolah,Tahun,Tujuan Pembangunan Berkelanjutan Edisi I,0000,3518,Nganjuk,0,Tidak ada,124,2024,0,Tahun,8.25,351841501240,2025-11-05 12:00:46
mean_years_schooling_new_method,415,[Metode Baru] Rata-rata Lama Sekolah,Tahun,Tujuan Pembangunan Berkelanjutan Edisi I,0000,3519,Madiun,0,Tidak ada,124,2024,0,Tahun,8.2,351941501240,2025-11-05 12:00:46
mean_years_schooling_new_method,415,[Metode Baru] Rata-rata Lama Sekolah,Tahun,Tujuan Pembangunan Berkelanjutan Edisi I,0000,3520,Magetan,0,Tidak ada,124,2024,0,Tahun,8.69,352041501240,2025-11-05 12:00:46
mean_years_schooling_new_method,415,[Metode Baru] Rata-rata Lama Sekolah,Tahun,Tujuan Pembangunan Berkelanjutan Edisi I,0000,3521,Ngawi,0,Tidak ada,124,2024,0,Tahun,7.84,352141501240,2025-11-05 12:00:46
mean_years_schooling_new_method,415,[Metode Baru] Rata-rata Lama Sekolah,Tahun,Tujuan Pembangunan Berkelanjutan Edisi I,0000,3522,Bojonegoro,0,Tidak ada,124,2024,0,Tahun,7.59,352241501240,2025-11-05 12:00:46
mean_years_schooling_new_method,415,[Metode Baru] Rata-rata Lama Sekolah,Tahun,Tujuan Pembangunan Berkelanjutan Edisi I,0000,3523,Tuban,0,Tidak ada,124,2024,0,Tahun,7.53,352341501240,2025-11-05 12:00:46
mean_years_schooling_new_method,415,[Metode Baru] Rata-rata Lama Sekolah,Tahun,Tujuan Pembangunan Berkelanjutan Edisi I,0000,3524,Lamongan,0,Tidak ada,124,2024,0,Tahun,8.48,352441501240,2025-11-05 12:00:46
mean_years_schooling_new_method,415,[Metode Baru] Rata-rata Lama Sekolah,Tahun,Tujuan Pembangunan Berkelanjutan Edisi I,0000,3525,Gresik,0,Tidak ada,124,2024,0,Tahun,10.03,352541501240,2025-11-05 12:00:46
mean_years_schooling_new_method,415,[Metode Baru] Rata-rata Lama Sekolah,Tahun,Tujuan Pembangunan Berkelanjutan Edisi I,0000,3526,Bangkalan,0,Tidak ada,124,2024,0,Tahun,6.01,352641501240,2025-11-05 12:00:46
mean_years_schooling_new_method,415,[Metode Baru] Rata-rata Lama Sekolah,Tahun,Tujuan Pembangunan Berkelanjutan Edisi I,0000,3527,Sampang,0,Tidak ada,124,2024,0,Tahun,5.08,352741501240,2025-11-05 12:00:46
mean_years_schooling_new_method,415,[Metode Baru] Rata-rata Lama Sekolah,Tahun,Tujuan Pembangunan Berkelanjutan Edisi I,0000,3528,Pamekasan,0,Tidak ada,124,2024,0,Tahun,7.17,352841501240,2025-11-05 12:00:46
mean_years_schooling_new_method,415,[Metode Baru] Rata-rata Lama Sekolah,Tahun,Tujuan Pembangunan Berkelanjutan Edisi I,0000,3529,Sumenep,0,Tidak ada,124,2024,0,Tahun,6.1,352941501240,2025-11-05 12:00:46
mean_years_schooling_new_method,415,[Metode Baru] Rata-rata Lama Sekolah,Tahun,Tujuan Pembangunan Berkelanjutan Edisi I,0000,3571,Kota Kediri,0,Tidak ada,124,2024,0,Tahun,10.92,357141501240,2025-11-05 12:00:46
mean_years_schooling_new_method,415,[Metode Baru] Rata-rata Lama Sekolah,Tahun,Tujuan Pembangunan Berkelanjutan Edisi I,0000,3572,Kota Blitar,0,Tidak ada,124,2024,0,Tahun,10.82,357241501240,2025-11-05 12:00:46
mean_years_schooling_new_method,415,[Metode Baru] Rata-rata Lama Sekolah,Tahun,Tujuan Pembangunan Berkelanjutan Edisi I,0000,3573,Kota Malang,0,Tidak ada,124,2024,0,Tahun,11.14,357341501240,2025-11-05 12:00:46
mean_years_schooling_new_method,415,[Metode Baru] Rata-rata Lama Sekolah,Tahun,Tujuan Pembangunan Berkelanjutan Edisi I,0000,3574,Kota Probolinggo,0,Tidak ada,124,2024,0,Tahun,9.72,357441501240,2025-11-05 12:00:46
mean_years_schooling_new_method,415,[Metode Baru] Rata-rata Lama Sekolah,Tahun,Tujuan Pembangunan Berkelanjutan Edisi I,0000,3575,Kota Pasuruan,0,Tidak ada,124,2024,0,Tahun,9.94,357541501240,2025-11-05 12:00:46
mean_years_schooling_new_method,415,[Metode Baru] Rata-rata Lama Sekolah,Tahun,Tujuan Pembangunan Berkelanjutan Edisi I,0000,3576,Kota Mojokerto,0,Tidak ada,124,2024,0,Tahun,11.38,357641501240,2025-11-05 12:00:46
mean_years_schooling_new_method,415,[Metode Baru] Rata-rata Lama Sekolah,Tahun,Tujuan Pembangunan Berkelanjutan Edisi I,0000,3577,Kota Madiun,0,Tidak ada,124,2024,0,Tahun,12.11,357741501240,2025-11-05 12:00:46
mean_years_schooling_new_method,415,[Metode Baru] Rata-rata Lama Sekolah,Tahun,Tujuan Pembangunan Berkelanjutan Edisi I,0000,3578,Kota Surabaya,0,Tidak ada,124,2024,0,Tahun,10.89,357841501240,2025-11-05 12:00:46
mean_years_schooling_new_method,415,[Metode Baru] Rata-rata Lama Sekolah,Tahun,Tujuan Pembangunan Berkelanjutan Edisi I,0000,3579,Kota Batu,0,Tidak ada,124,2024,0,Tahun,9.87,357941501240,2025-11-05 12:00:46
mean_years_schooling_new_method,415,[Metode Baru] Rata-rata Lama Sekolah,Tahun,Tujuan Pembangunan Berkelanjutan Edisi I,0000,3600,BANTEN,0,Tidak ada,124,2024,0,Tahun,9.23,360041501240,2025-11-05 12:00:46
mean_years_schooling_new_method,415,[Metode Baru] Rata-rata Lama Sekolah,Tahun,Tujuan Pembangunan Berkelanjutan Edisi I,0000,3601,Pandeglang,0,Tidak ada,124,2024,0,Tahun,7.16,360141501240,2025-11-05 12:00:46
mean_years_schooling_new_method,415,[Metode Baru] Rata-rata Lama Sekolah,Tahun,Tujuan Pembangunan Berkelanjutan Edisi I,0000,3602,Lebak,0,Tidak ada,124,2024,0,Tahun,6.61,360241501240,2025-11-05 12:00:46
mean_years_schooling_new_method,415,[Metode Baru] Rata-rata Lama Sekolah,Tahun,Tujuan Pembangunan Berkelanjutan Edisi I,0000,3603,Tangerang,0,Tidak ada,124,2024,0,Tahun,9.06,360341501240,2025-11-05 12:00:46
mean_years_schooling_new_method,415,[Metode Baru] Rata-rata Lama Sekolah,Tahun,Tujuan Pembangunan Berkelanjutan Edisi I,0000,3604,Serang,0,Tidak ada,124,2024,0,Tahun,7.88,360441501240,2025-11-05 12:00:46
mean_years_schooling_new_method,415,[Metode Baru] Rata-rata Lama Sekolah,Tahun,Tujuan Pembangunan Berkelanjutan Edisi I,0000,3671,Kota Tangerang,0,Tidak ada,124,2024,0,Tahun,11.14,367141501240,2025-11-05 12:00:46
mean_years_schooling_new_method,415,[Metode Baru] Rata-rata Lama Sekolah,Tahun,Tujuan Pembangunan Berkelanjutan Edisi I,0000,3672,Kota Cilegon,0,Tidak ada,124,2024,0,Tahun,10.39,367241501240,2025-11-05 12:00:46
mean_years_schooling_new_method,415,[Metode Baru] Rata-rata Lama Sekolah,Tahun,Tujuan Pembangunan Berkelanjutan Edisi I,0000,3673,Kota Serang,0,Tidak ada,124,2024,0,Tahun,8.93,367341501240,2025-11-05 12:00:46
mean_years_schooling_new_method,415,[Metode Baru] Rata-rata Lama Sekolah,Tahun,Tujuan Pembangunan Berkelanjutan Edisi I,0000,3674,Kota Tangerang Selatan,0,Tidak ada,124,2024,0,Tahun,11.86,367441501240,2025-11-05 12:00:46
mean_years_schooling_new_method,415,[Metode Baru] Rata-rata Lama Sekolah,Tahun,Tujuan Pembangunan Berkelanjutan Edisi I,0000,5100,BALI,0,Tidak ada,124,2024,0,Tahun,9.54,510041501240,2025-11-05 12:00:46
mean_years_schooling_new_method,415,[Metode Baru] Rata-rata Lama Sekolah,Tahun,Tujuan Pembangunan Berkelanjutan Edisi I,0000,5101,Jembrana,0,Tidak ada,124,2024,0,Tahun,8.7,510141501240,2025-11-05 12:00:46
mean_years_schooling_new_method,415,[Metode Baru] Rata-rata Lama Sekolah,Tahun,Tujuan Pembangunan Berkelanjutan Edisi I,0000,5102,Tabanan,0,Tidak ada,124,2024,0,Tahun,9.57,510241501240,2025-11-05 12:00:46
mean_years_schooling_new_method,415,[Metode Baru] Rata-rata Lama Sekolah,Tahun,Tujuan Pembangunan Berkelanjutan Edisi I,0000,5103,Badung,0,Tidak ada,124,2024,0,Tahun,11.14,510341501240,2025-11-05 12:00:46
mean_years_schooling_new_method,415,[Metode Baru] Rata-rata Lama Sekolah,Tahun,Tujuan Pembangunan Berkelanjutan Edisi I,0000,5104,Gianyar,0,Tidak ada,124,2024,0,Tahun,9.84,510441501240,2025-11-05 12:00:46
mean_years_schooling_new_method,415,[Metode Baru] Rata-rata Lama Sekolah,Tahun,Tujuan Pembangunan Berkelanjutan Edisi I,0000,5105,Klungkung,0,Tidak ada,124,2024,0,Tahun,8.74,510541501240,2025-11-05 12:00:46
mean_years_schooling_new_method,415,[Metode Baru] Rata-rata Lama Sekolah,Tahun,Tujuan Pembangunan Berkelanjutan Edisi I,0000,5106,Bangli,0,Tidak ada,124,2024,0,Tahun,7.58,510641501240,2025-11-05 12:00:46
mean_years_schooling_new_method,415,[Metode Baru] Rata-rata Lama Sekolah,Tahun,Tujuan Pembangunan Berkelanjutan Edisi I,0000,5107,Karangasem,0,Tidak ada,124,2024,0,Tahun,6.7,510741501240,2025-11-05 12:00:46
mean_years_schooling_new_method,415,[Metode Baru] Rata-rata Lama Sekolah,Tahun,Tujuan Pembangunan Berkelanjutan Edisi I,0000,5108,Buleleng,0,Tidak ada,124,2024,0,Tahun,7.69,510841501240,2025-11-05 12:00:46
mean_years_schooling_new_method,415,[Metode Baru] Rata-rata Lama Sekolah,Tahun,Tujuan Pembangunan Berkelanjutan Edisi I,0000,5171,Kota Denpasar,0,Tidak ada,124,2024,0,Tahun,11.53,517141501240,2025-11-05 12:00:46
mean_years_schooling_new_method,415,[Metode Baru] Rata-rata Lama Sekolah,Tahun,Tujuan Pembangunan Berkelanjutan Edisi I,0000,5200,NUSA TENGGARA BARAT,0,Tidak ada,124,2024,0,Tahun,7.87,520041501240,2025-11-05 12:00:46
mean_years_schooling_new_method,415,[Metode Baru] Rata-rata Lama Sekolah,Tahun,Tujuan Pembangunan Berkelanjutan Edisi I,0000,5201,Lombok Barat,0,Tidak ada,124,2024,0,Tahun,6.88,520141501240,2025-11-05 12:00:46
mean_years_schooling_new_method,415,[Metode Baru] Rata-rata Lama Sekolah,Tahun,Tujuan Pembangunan Berkelanjutan Edisi I,0000,5202,Lombok Tengah,0,Tidak ada,124,2024,0,Tahun,6.73,520241501240,2025-11-05 12:00:46
mean_years_schooling_new_method,415,[Metode Baru] Rata-rata Lama Sekolah,Tahun,Tujuan Pembangunan Berkelanjutan Edisi I,0000,5203,Lombok Timur,0,Tidak ada,124,2024,0,Tahun,7.36,520341501240,2025-11-05 12:00:46
mean_years_schooling_new_method,415,[Metode Baru] Rata-rata Lama Sekolah,Tahun,Tujuan Pembangunan Berkelanjutan Edisi I,0000,5204,Sumbawa,0,Tidak ada,124,2024,0,Tahun,8.59,520441501240,2025-11-05 12:00:46
mean_years_schooling_new_method,415,[Metode Baru] Rata-rata Lama Sekolah,Tahun,Tujuan Pembangunan Berkelanjutan Edisi I,0000,5205,Dompu,0,Tidak ada,124,2024,0,Tahun,9.04,520541501240,2025-11-05 12:00:46
mean_years_schooling_new_method,415,[Metode Baru] Rata-rata Lama Sekolah,Tahun,Tujuan Pembangunan Berkelanjutan Edisi I,0000,5206,Bima,0,Tidak ada,124,2024,0,Tahun,8.3,520641501240,2025-11-05 12:00:46
mean_years_schooling_new_method,415,[Metode Baru] Rata-rata Lama Sekolah,Tahun,Tujuan Pembangunan Berkelanjutan Edisi I,0000,5207,Sumbawa Barat,0,Tidak ada,124,2024,0,Tahun,8.99,520741501240,2025-11-05 12:00:46
mean_years_schooling_new_method,415,[Metode Baru] Rata-rata Lama Sekolah,Tahun,Tujuan Pembangunan Berkelanjutan Edisi I,0000,5208,Lombok Utara,0,Tidak ada,124,2024,0,Tahun,6.4,520841501240,2025-11-05 12:00:46
mean_years_schooling_new_method,415,[Metode Baru] Rata-rata Lama Sekolah,Tahun,Tujuan Pembangunan Berkelanjutan Edisi I,0000,5271,Kota Mataram,0,Tidak ada,124,2024,0,Tahun,9.58,527141501240,2025-11-05 12:00:46
mean_years_schooling_new_method,415,[Metode Baru] Rata-rata Lama Sekolah,Tahun,Tujuan Pembangunan Berkelanjutan Edisi I,0000,5272,Kota Bima,0,Tidak ada,124,2024,0,Tahun,10.96,527241501240,2025-11-05 12:00:46
mean_years_schooling_new_method,415,[Metode Baru] Rata-rata Lama Sekolah,Tahun,Tujuan Pembangunan Berkelanjutan Edisi I,0000,5300,NUSA TENGGARA TIMUR,0,Tidak ada,124,2024,0,Tahun,8.02,530041501240,2025-11-05 12:00:46
mean_years_schooling_new_method,415,[Metode Baru] Rata-rata Lama Sekolah,Tahun,Tujuan Pembangunan Berkelanjutan Edisi I,0000,5301,Sumba Barat,0,Tidak ada,124,2024,0,Tahun,7.17,530141501240,2025-11-05 12:00:46
mean_years_schooling_new_method,415,[Metode Baru] Rata-rata Lama Sekolah,Tahun,Tujuan Pembangunan Berkelanjutan Edisi I,0000,5302,Sumba Timur,0,Tidak ada,124,2024,0,Tahun,7.77,530241501240,2025-11-05 12:00:46
mean_years_schooling_new_method,415,[Metode Baru] Rata-rata Lama Sekolah,Tahun,Tujuan Pembangunan Berkelanjutan Edisi I,0000,5303,Kupang,0,Tidak ada,124,2024,0,Tahun,7.62,530341501240,2025-11-05 12:00:46
mean_years_schooling_new_method,415,[Metode Baru] Rata-rata Lama Sekolah,Tahun,Tujuan Pembangunan Berkelanjutan Edisi I,0000,5304,Timor Tengah Selatan,0,Tidak ada,124,2024,0,Tahun,7.21,530441501240,2025-11-05 12:00:46
mean_years_schooling_new_method,415,[Metode Baru] Rata-rata Lama Sekolah,Tahun,Tujuan Pembangunan Berkelanjutan Edisi I,0000,5305,Timor Tengah Utara,0,Tidak ada,124,2024,0,Tahun,8.17,530541501240,2025-11-05 12:00:46
mean_years_schooling_new_method,415,[Metode Baru] Rata-rata Lama Sekolah,Tahun,Tujuan Pembangunan Berkelanjutan Edisi I,0000,5306,Belu,0,Tidak ada,124,2024,0,Tahun,7.5,530641501240,2025-11-05 12:00:46
mean_years_schooling_new_method,415,[Metode Baru] Rata-rata Lama Sekolah,Tahun,Tujuan Pembangunan Berkelanjutan Edisi I,0000,5307,Alor,0,Tidak ada,124,2024,0,Tahun,8.61,530741501240,2025-11-05 12:00:46
mean_years_schooling_new_method,415,[Metode Baru] Rata-rata Lama Sekolah,Tahun,Tujuan Pembangunan Berkelanjutan Edisi I,0000,5308,Lembata,0,Tidak ada,124,2024,0,Tahun,8.27,530841501240,2025-11-05 12:00:46
mean_years_schooling_new_method,415,[Metode Baru] Rata-rata Lama Sekolah,Tahun,Tujuan Pembangunan Berkelanjutan Edisi I,0000,5309,Flores Timur,0,Tidak ada,124,2024,0,Tahun,8.06,530941501240,2025-11-05 12:00:46
mean_years_schooling_new_method,415,[Metode Baru] Rata-rata Lama Sekolah,Tahun,Tujuan Pembangunan Berkelanjutan Edisi I,0000,5310,Sikka,0,Tidak ada,124,2024,0,Tahun,6.99,531041501240,2025-11-05 12:00:46
mean_years_schooling_new_method,415,[Metode Baru] Rata-rata Lama Sekolah,Tahun,Tujuan Pembangunan Berkelanjutan Edisi I,0000,5311,Ende,0,Tidak ada,124,2024,0,Tahun,8.29,531141501240,2025-11-05 12:00:46
mean_years_schooling_new_method,415,[Metode Baru] Rata-rata Lama Sekolah,Tahun,Tujuan Pembangunan Berkelanjutan Edisi I,0000,5312,Ngada,0,Tidak ada,124,2024,0,Tahun,8.83,531241501240,2025-11-05 12:00:46
mean_years_schooling_new_method,415,[Metode Baru] Rata-rata Lama Sekolah,Tahun,Tujuan Pembangunan Berkelanjutan Edisi I,0000,5313,Manggarai,0,Tidak ada,124,2024,0,Tahun,7.91,531341501240,2025-11-05 12:00:46
mean_years_schooling_new_method,415,[Metode Baru] Rata-rata Lama Sekolah,Tahun,Tujuan Pembangunan Berkelanjutan Edisi I,0000,5314,Rote Ndao,0,Tidak ada,124,2024,0,Tahun,7.83,531441501240,2025-11-05 12:00:46
mean_years_schooling_new_method,415,[Metode Baru] Rata-rata Lama Sekolah,Tahun,Tujuan Pembangunan Berkelanjutan Edisi I,0000,5315,Manggarai Barat,0,Tidak ada,124,2024,0,Tahun,8.21,531541501240,2025-11-05 12:00:46
mean_years_schooling_new_method,415,[Metode Baru] Rata-rata Lama Sekolah,Tahun,Tujuan Pembangunan Berkelanjutan Edisi I,0000,5316,Sumba Tengah,0,Tidak ada,124,2024,0,Tahun,7.23,531641501240,2025-11-05 12:00:46
mean_years_schooling_new_method,415,[Metode Baru] Rata-rata Lama Sekolah,Tahun,Tujuan Pembangunan Berkelanjutan Edisi I,0000,5317,Sumba Barat Daya,0,Tidak ada,124,2024,0,Tahun,6.39,531741501240,2025-11-05 12:00:46
mean_years_schooling_new_method,415,[Metode Baru] Rata-rata Lama Sekolah,Tahun,Tujuan Pembangunan Berkelanjutan Edisi I,0000,5318,Nagekeo,0,Tidak ada,124,2024,0,Tahun,8.23,531841501240,2025-11-05 12:00:46
mean_years_schooling_new_method,415,[Metode Baru] Rata-rata Lama Sekolah,Tahun,Tujuan Pembangunan Berkelanjutan Edisi I,0000,5319,Manggarai Timur,0,Tidak ada,124,2024,0,Tahun,7.96,531941501240,2025-11-05 12:00:46
mean_years_schooling_new_method,415,[Metode Baru] Rata-rata Lama Sekolah,Tahun,Tujuan Pembangunan Berkelanjutan Edisi I,0000,5320,Sabu Raijua,0,Tidak ada,124,2024,0,Tahun,6.99,532041501240,2025-11-05 12:00:46
mean_years_schooling_new_method,415,[Metode Baru] Rata-rata Lama Sekolah,Tahun,Tujuan Pembangunan Berkelanjutan Edisi I,0000,5321,Malaka,0,Tidak ada,124,2024,0,Tahun,7.14,532141501240,2025-11-05 12:00:46
mean_years_schooling_new_method,415,[Metode Baru] Rata-rata Lama Sekolah,Tahun,Tujuan Pembangunan Berkelanjutan Edisi I,0000,5371,Kota Kupang,0,Tidak ada,124,2024,0,Tahun,11.64,537141501240,2025-11-05 12:00:46
mean_years_schooling_new_method,415,[Metode Baru] Rata-rata Lama Sekolah,Tahun,Tujuan Pembangunan Berkelanjutan Edisi I,0000,6100,KALIMANTAN BARAT,0,Tidak ada,124,2024,0,Tahun,7.78,610041501240,2025-11-05 12:00:46
mean_years_schooling_new_method,415,[Metode Baru] Rata-rata Lama Sekolah,Tahun,Tujuan Pembangunan Berkelanjutan Edisi I,0000,6101,Sambas,0,Tidak ada,124,2024,0,Tahun,6.76,610141501240,2025-11-05 12:00:46
mean_years_schooling_new_method,415,[Metode Baru] Rata-rata Lama Sekolah,Tahun,Tujuan Pembangunan Berkelanjutan Edisi I,0000,6102,Bengkayang,0,Tidak ada,124,2024,0,Tahun,7.41,610241501240,2025-11-05 12:00:46
mean_years_schooling_new_method,415,[Metode Baru] Rata-rata Lama Sekolah,Tahun,Tujuan Pembangunan Berkelanjutan Edisi I,0000,6103,Landak,0,Tidak ada,124,2024,0,Tahun,7.46,610341501240,2025-11-05 12:00:46
mean_years_schooling_new_method,415,[Metode Baru] Rata-rata Lama Sekolah,Tahun,Tujuan Pembangunan Berkelanjutan Edisi I,0000,6104,Mempawah,0,Tidak ada,124,2024,0,Tahun,7.21,610441501240,2025-11-05 12:00:46
mean_years_schooling_new_method,415,[Metode Baru] Rata-rata Lama Sekolah,Tahun,Tujuan Pembangunan Berkelanjutan Edisi I,0000,6105,Sanggau,0,Tidak ada,124,2024,0,Tahun,7.47,610541501240,2025-11-05 12:00:46
mean_years_schooling_new_method,415,[Metode Baru] Rata-rata Lama Sekolah,Tahun,Tujuan Pembangunan Berkelanjutan Edisi I,0000,6106,Ketapang,0,Tidak ada,124,2024,0,Tahun,7.68,610641501240,2025-11-05 12:00:46
mean_years_schooling_new_method,415,[Metode Baru] Rata-rata Lama Sekolah,Tahun,Tujuan Pembangunan Berkelanjutan Edisi I,0000,6107,Sintang,0,Tidak ada,124,2024,0,Tahun,7.65,610741501240,2025-11-05 12:00:46
mean_years_schooling_new_method,415,[Metode Baru] Rata-rata Lama Sekolah,Tahun,Tujuan Pembangunan Berkelanjutan Edisi I,0000,6108,Kapuas Hulu,0,Tidak ada,124,2024,0,Tahun,8.03,610841501240,2025-11-05 12:00:46
mean_years_schooling_new_method,415,[Metode Baru] Rata-rata Lama Sekolah,Tahun,Tujuan Pembangunan Berkelanjutan Edisi I,0000,6109,Sekadau,0,Tidak ada,124,2024,0,Tahun,7.23,610941501240,2025-11-05 12:00:46
mean_years_schooling_new_method,415,[Metode Baru] Rata-rata Lama Sekolah,Tahun,Tujuan Pembangunan Berkelanjutan Edisi I,0000,6110,Melawi,0,Tidak ada,124,2024,0,Tahun,7.66,611041501240,2025-11-05 12:00:46
mean_years_schooling_new_method,415,[Metode Baru] Rata-rata Lama Sekolah,Tahun,Tujuan Pembangunan Berkelanjutan Edisi I,0000,6111,Kayong Utara,0,Tidak ada,124,2024,0,Tahun,6.54,611141501240,2025-11-05 12:00:46
mean_years_schooling_new_method,415,[Metode Baru] Rata-rata Lama Sekolah,Tahun,Tujuan Pembangunan Berkelanjutan Edisi I,0000,6112,Kubu Raya,0,Tidak ada,124,2024,0,Tahun,7.05,611241501240,2025-11-05 12:00:46
mean_years_schooling_new_method,415,[Metode Baru] Rata-rata Lama Sekolah,Tahun,Tujuan Pembangunan Berkelanjutan Edisi I,0000,6171,Kota Pontianak,0,Tidak ada,124,2024,0,Tahun,10.47,617141501240,2025-11-05 12:00:46
mean_years_schooling_new_method,415,[Metode Baru] Rata-rata Lama Sekolah,Tahun,Tujuan Pembangunan Berkelanjutan Edisi I,0000,6172,Kota Singkawang,0,Tidak ada,124,2024,0,Tahun,8.22,617241501240,2025-11-05 12:00:46
mean_years_schooling_new_method,415,[Metode Baru] Rata-rata Lama Sekolah,Tahun,Tujuan Pembangunan Berkelanjutan Edisi I,0000,6200,KALIMANTAN TENGAH,0,Tidak ada,124,2024,0,Tahun,8.81,620041501240,2025-11-05 12:00:46
mean_years_schooling_new_method,415,[Metode Baru] Rata-rata Lama Sekolah,Tahun,Tujuan Pembangunan Berkelanjutan Edisi I,0000,6201,Kotawaringin Barat,0,Tidak ada,124,2024,0,Tahun,8.77,620141501240,2025-11-05 12:00:46
mean_years_schooling_new_method,415,[Metode Baru] Rata-rata Lama Sekolah,Tahun,Tujuan Pembangunan Berkelanjutan Edisi I,0000,6202,Kotawaringin Timur,0,Tidak ada,124,2024,0,Tahun,8.18,620241501240,2025-11-05 12:00:46
mean_years_schooling_new_method,415,[Metode Baru] Rata-rata Lama Sekolah,Tahun,Tujuan Pembangunan Berkelanjutan Edisi I,0000,6203,Kapuas,0,Tidak ada,124,2024,0,Tahun,7.93,620341501240,2025-11-05 12:00:46
mean_years_schooling_new_method,415,[Metode Baru] Rata-rata Lama Sekolah,Tahun,Tujuan Pembangunan Berkelanjutan Edisi I,0000,6204,Barito Selatan,0,Tidak ada,124,2024,0,Tahun,9.22,620441501240,2025-11-05 12:00:46
mean_years_schooling_new_method,415,[Metode Baru] Rata-rata Lama Sekolah,Tahun,Tujuan Pembangunan Berkelanjutan Edisi I,0000,6205,Barito Utara,0,Tidak ada,124,2024,0,Tahun,8.92,620541501240,2025-11-05 12:00:46
mean_years_schooling_new_method,415,[Metode Baru] Rata-rata Lama Sekolah,Tahun,Tujuan Pembangunan Berkelanjutan Edisi I,0000,6206,Sukamara,0,Tidak ada,124,2024,0,Tahun,8.18,620641501240,2025-11-05 12:00:46
mean_years_schooling_new_method,415,[Metode Baru] Rata-rata Lama Sekolah,Tahun,Tujuan Pembangunan Berkelanjutan Edisi I,0000,6207,Lamandau,0,Tidak ada,124,2024,0,Tahun,8.82,620741501240,2025-11-05 12:00:46
mean_years_schooling_new_method,415,[Metode Baru] Rata-rata Lama Sekolah,Tahun,Tujuan Pembangunan Berkelanjutan Edisi I,0000,6208,Seruyan,0,Tidak ada,124,2024,0,Tahun,8.01,620841501240,2025-11-05 12:00:46
mean_years_schooling_new_method,415,[Metode Baru] Rata-rata Lama Sekolah,Tahun,Tujuan Pembangunan Berkelanjutan Edisi I,0000,6209,Katingan,0,Tidak ada,124,2024,0,Tahun,8.95,620941501240,2025-11-05 12:00:46
mean_years_schooling_new_method,415,[Metode Baru] Rata-rata Lama Sekolah,Tahun,Tujuan Pembangunan Berkelanjutan Edisi I,0000,6210,Pulang Pisau,0,Tidak ada,124,2024,0,Tahun,8.42,621041501240,2025-11-05 12:00:46
mean_years_schooling_new_method,415,[Metode Baru] Rata-rata Lama Sekolah,Tahun,Tujuan Pembangunan Berkelanjutan Edisi I,0000,6211,Gunung Mas,0,Tidak ada,124,2024,0,Tahun,9.37,621141501240,2025-11-05 12:00:46
mean_years_schooling_new_method,415,[Metode Baru] Rata-rata Lama Sekolah,Tahun,Tujuan Pembangunan Berkelanjutan Edisi I,0000,6212,Barito Timur,0,Tidak ada,124,2024,0,Tahun,9.54,621241501240,2025-11-05 12:00:46
mean_years_schooling_new_method,415,[Metode Baru] Rata-rata Lama Sekolah,Tahun,Tujuan Pembangunan Berkelanjutan Edisi I,0000,6213,Murung Raya,0,Tidak ada,124,2024,0,Tahun,7.94,621341501240,2025-11-05 12:00:46
mean_years_schooling_new_method,415,[Metode Baru] Rata-rata Lama Sekolah,Tahun,Tujuan Pembangunan Berkelanjutan Edisi I,0000,6271,Kota Palangka Raya,0,Tidak ada,124,2024,0,Tahun,11.66,627141501240,2025-11-05 12:00:46
mean_years_schooling_new_method,415,[Metode Baru] Rata-rata Lama Sekolah,Tahun,Tujuan Pembangunan Berkelanjutan Edisi I,0000,6300,KALIMANTAN SELATAN,0,Tidak ada,124,2024,0,Tahun,8.62,630041501240,2025-11-05 12:00:46
mean_years_schooling_new_method,415,[Metode Baru] Rata-rata Lama Sekolah,Tahun,Tujuan Pembangunan Berkelanjutan Edisi I,0000,6301,Tanah Laut,0,Tidak ada,124,2024,0,Tahun,7.94,630141501240,2025-11-05 12:00:46
mean_years_schooling_new_method,415,[Metode Baru] Rata-rata Lama Sekolah,Tahun,Tujuan Pembangunan Berkelanjutan Edisi I,0000,6302,Kotabaru,0,Tidak ada,124,2024,0,Tahun,7.56,630241501240,2025-11-05 12:00:46
mean_years_schooling_new_method,415,[Metode Baru] Rata-rata Lama Sekolah,Tahun,Tujuan Pembangunan Berkelanjutan Edisi I,0000,6303,Banjar,0,Tidak ada,124,2024,0,Tahun,7.95,630341501240,2025-11-05 12:00:46
mean_years_schooling_new_method,415,[Metode Baru] Rata-rata Lama Sekolah,Tahun,Tujuan Pembangunan Berkelanjutan Edisi I,0000,6304,Barito Kuala,0,Tidak ada,124,2024,0,Tahun,7.92,630441501240,2025-11-05 12:00:46
mean_years_schooling_new_method,415,[Metode Baru] Rata-rata Lama Sekolah,Tahun,Tujuan Pembangunan Berkelanjutan Edisi I,0000,6305,Tapin,0,Tidak ada,124,2024,0,Tahun,8.15,630541501240,2025-11-05 12:00:46
mean_years_schooling_new_method,415,[Metode Baru] Rata-rata Lama Sekolah,Tahun,Tujuan Pembangunan Berkelanjutan Edisi I,0000,6306,Hulu Sungai Selatan,0,Tidak ada,124,2024,0,Tahun,8.09,630641501240,2025-11-05 12:00:46
mean_years_schooling_new_method,415,[Metode Baru] Rata-rata Lama Sekolah,Tahun,Tujuan Pembangunan Berkelanjutan Edisi I,0000,6307,Hulu Sungai Tengah,0,Tidak ada,124,2024,0,Tahun,8.35,630741501240,2025-11-05 12:00:46
mean_years_schooling_new_method,415,[Metode Baru] Rata-rata Lama Sekolah,Tahun,Tujuan Pembangunan Berkelanjutan Edisi I,0000,6308,Hulu Sungai Utara,0,Tidak ada,124,2024,0,Tahun,7.78,630841501240,2025-11-05 12:00:46
mean_years_schooling_new_method,415,[Metode Baru] Rata-rata Lama Sekolah,Tahun,Tujuan Pembangunan Berkelanjutan Edisi I,0000,6309,Tabalong,0,Tidak ada,124,2024,0,Tahun,9.15,630941501240,2025-11-05 12:00:46
mean_years_schooling_new_method,415,[Metode Baru] Rata-rata Lama Sekolah,Tahun,Tujuan Pembangunan Berkelanjutan Edisi I,0000,6310,Tanah Bumbu,0,Tidak ada,124,2024,0,Tahun,8.43,631041501240,2025-11-05 12:00:46
mean_years_schooling_new_method,415,[Metode Baru] Rata-rata Lama Sekolah,Tahun,Tujuan Pembangunan Berkelanjutan Edisi I,0000,6311,Balangan,0,Tidak ada,124,2024,0,Tahun,8.13,631141501240,2025-11-05 12:00:46
mean_years_schooling_new_method,415,[Metode Baru] Rata-rata Lama Sekolah,Tahun,Tujuan Pembangunan Berkelanjutan Edisi I,0000,6371,Kota Banjarmasin,0,Tidak ada,124,2024,0,Tahun,10.35,637141501240,2025-11-05 12:00:46
mean_years_schooling_new_method,415,[Metode Baru] Rata-rata Lama Sekolah,Tahun,Tujuan Pembangunan Berkelanjutan Edisi I,0000,6372,Kota Banjar Baru,0,Tidak ada,124,2024,0,Tahun,11,637241501240,2025-11-05 12:00:46
mean_years_schooling_new_method,415,[Metode Baru] Rata-rata Lama Sekolah,Tahun,Tujuan Pembangunan Berkelanjutan Edisi I,0000,6400,KALIMANTAN TIMUR,0,Tidak ada,124,2024,0,Tahun,10.02,640041501240,2025-11-05 12:00:46
mean_years_schooling_new_method,415,[Metode Baru] Rata-rata Lama Sekolah,Tahun,Tujuan Pembangunan Berkelanjutan Edisi I,0000,6401,Paser,0,Tidak ada,124,2024,0,Tahun,8.92,640141501240,2025-11-05 12:00:46
mean_years_schooling_new_method,415,[Metode Baru] Rata-rata Lama Sekolah,Tahun,Tujuan Pembangunan Berkelanjutan Edisi I,0000,6402,Kutai Barat,0,Tidak ada,124,2024,0,Tahun,8.89,640241501240,2025-11-05 12:00:46
mean_years_schooling_new_method,415,[Metode Baru] Rata-rata Lama Sekolah,Tahun,Tujuan Pembangunan Berkelanjutan Edisi I,0000,6403,Kutai Kartanegara,0,Tidak ada,124,2024,0,Tahun,9.27,640341501240,2025-11-05 12:00:46
mean_years_schooling_new_method,415,[Metode Baru] Rata-rata Lama Sekolah,Tahun,Tujuan Pembangunan Berkelanjutan Edisi I,0000,6404,Kutai Timur,0,Tidak ada,124,2024,0,Tahun,9.47,640441501240,2025-11-05 12:00:46
mean_years_schooling_new_method,415,[Metode Baru] Rata-rata Lama Sekolah,Tahun,Tujuan Pembangunan Berkelanjutan Edisi I,0000,6405,Berau,0,Tidak ada,124,2024,0,Tahun,9.57,640541501240,2025-11-05 12:00:46
mean_years_schooling_new_method,415,[Metode Baru] Rata-rata Lama Sekolah,Tahun,Tujuan Pembangunan Berkelanjutan Edisi I,0000,6409,Penajam Paser Utara,0,Tidak ada,124,2024,0,Tahun,8.57,640941501240,2025-11-05 12:00:46
mean_years_schooling_new_method,415,[Metode Baru] Rata-rata Lama Sekolah,Tahun,Tujuan Pembangunan Berkelanjutan Edisi I,0000,6411,Mahakam Ulu,0,Tidak ada,124,2024,0,Tahun,8.5,641141501240,2025-11-05 12:00:46
mean_years_schooling_new_method,415,[Metode Baru] Rata-rata Lama Sekolah,Tahun,Tujuan Pembangunan Berkelanjutan Edisi I,0000,6471,Kota Balikpapan,0,Tidak ada,124,2024,0,Tahun,10.99,647141501240,2025-11-05 12:00:46
mean_years_schooling_new_method,415,[Metode Baru] Rata-rata Lama Sekolah,Tahun,Tujuan Pembangunan Berkelanjutan Edisi I,0000,6472,Kota Samarinda,0,Tidak ada,124,2024,0,Tahun,10.95,647241501240,2025-11-05 12:00:46
mean_years_schooling_new_method,415,[Metode Baru] Rata-rata Lama Sekolah,Tahun,Tujuan Pembangunan Berkelanjutan Edisi I,0000,6474,Kota Bontang,0,Tidak ada,124,2024,0,Tahun,10.97,647441501240,2025-11-05 12:00:46
mean_years_schooling_new_method,415,[Metode Baru] Rata-rata Lama Sekolah,Tahun,Tujuan Pembangunan Berkelanjutan Edisi I,0000,6500,KALIMANTAN UTARA,0,Tidak ada,124,2024,0,Tahun,9.35,650041501240,2025-11-05 12:00:46
mean_years_schooling_new_method,415,[Metode Baru] Rata-rata Lama Sekolah,Tahun,Tujuan Pembangunan Berkelanjutan Edisi I,0000,6501,Malinau,0,Tidak ada,124,2024,0,Tahun,9.63,650141501240,2025-11-05 12:00:46
mean_years_schooling_new_method,415,[Metode Baru] Rata-rata Lama Sekolah,Tahun,Tujuan Pembangunan Berkelanjutan Edisi I,0000,6502,Bulungan,0,Tidak ada,124,2024,0,Tahun,9.23,650241501240,2025-11-05 12:00:46
mean_years_schooling_new_method,415,[Metode Baru] Rata-rata Lama Sekolah,Tahun,Tujuan Pembangunan Berkelanjutan Edisi I,0000,6503,Tana Tidung,0,Tidak ada,124,2024,0,Tahun,9.24,650341501240,2025-11-05 12:00:46
mean_years_schooling_new_method,415,[Metode Baru] Rata-rata Lama Sekolah,Tahun,Tujuan Pembangunan Berkelanjutan Edisi I,0000,6504,Nunukan,0,Tidak ada,124,2024,0,Tahun,8.39,650441501240,2025-11-05 12:00:46
mean_years_schooling_new_method,415,[Metode Baru] Rata-rata Lama Sekolah,Tahun,Tujuan Pembangunan Berkelanjutan Edisi I,0000,6571,Kota Tarakan,0,Tidak ada,124,2024,0,Tahun,10.37,657141501240,2025-11-05 12:00:46
mean_years_schooling_new_method,415,[Metode Baru] Rata-rata Lama Sekolah,Tahun,Tujuan Pembangunan Berkelanjutan Edisi I,0000,7100,SULAWESI UTARA,0,Tidak ada,124,2024,0,Tahun,9.84,710041501240,2025-11-05 12:00:46
mean_years_schooling_new_method,415,[Metode Baru] Rata-rata Lama Sekolah,Tahun,Tujuan Pembangunan Berkelanjutan Edisi I,0000,7101,Bolaang Mongondow,0,Tidak ada,124,2024,0,Tahun,8.38,710141501240,2025-11-05 12:00:46
mean_years_schooling_new_method,415,[Metode Baru] Rata-rata Lama Sekolah,Tahun,Tujuan Pembangunan Berkelanjutan Edisi I,0000,7102,Minahasa,0,Tidak ada,124,2024,0,Tahun,10.23,710241501240,2025-11-05 12:00:46
mean_years_schooling_new_method,415,[Metode Baru] Rata-rata Lama Sekolah,Tahun,Tujuan Pembangunan Berkelanjutan Edisi I,0000,7103,Kepulauan Sangihe,0,Tidak ada,124,2024,0,Tahun,8.65,710341501240,2025-11-05 12:00:46
mean_years_schooling_new_method,415,[Metode Baru] Rata-rata Lama Sekolah,Tahun,Tujuan Pembangunan Berkelanjutan Edisi I,0000,7104,Kepulauan Talaud,0,Tidak ada,124,2024,0,Tahun,9.96,710441501240,2025-11-05 12:00:46
mean_years_schooling_new_method,415,[Metode Baru] Rata-rata Lama Sekolah,Tahun,Tujuan Pembangunan Berkelanjutan Edisi I,0000,7105,Minahasa Selatan,0,Tidak ada,124,2024,0,Tahun,9.43,710541501240,2025-11-05 12:00:46
mean_years_schooling_new_method,415,[Metode Baru] Rata-rata Lama Sekolah,Tahun,Tujuan Pembangunan Berkelanjutan Edisi I,0000,7106,Minahasa Utara,0,Tidak ada,124,2024,0,Tahun,10.35,710641501240,2025-11-05 12:00:46
mean_years_schooling_new_method,415,[Metode Baru] Rata-rata Lama Sekolah,Tahun,Tujuan Pembangunan Berkelanjutan Edisi I,0000,7107,Bolaang Mongondow Utara,0,Tidak ada,124,2024,0,Tahun,8.61,710741501240,2025-11-05 12:00:46
mean_years_schooling_new_method,415,[Metode Baru] Rata-rata Lama Sekolah,Tahun,Tujuan Pembangunan Berkelanjutan Edisi I,0000,7108,Siau Tagulandang Biaro,0,Tidak ada,124,2024,0,Tahun,9.43,710841501240,2025-11-05 12:00:46
mean_years_schooling_new_method,415,[Metode Baru] Rata-rata Lama Sekolah,Tahun,Tujuan Pembangunan Berkelanjutan Edisi I,0000,7109,Minahasa Tenggara,0,Tidak ada,124,2024,0,Tahun,9.14,710941501240,2025-11-05 12:00:46
mean_years_schooling_new_method,415,[Metode Baru] Rata-rata Lama Sekolah,Tahun,Tujuan Pembangunan Berkelanjutan Edisi I,0000,7110,Bolaang Mongondow Selatan,0,Tidak ada,124,2024,0,Tahun,8.28,711041501240,2025-11-05 12:00:46
mean_years_schooling_new_method,415,[Metode Baru] Rata-rata Lama Sekolah,Tahun,Tujuan Pembangunan Berkelanjutan Edisi I,0000,7111,Bolaang Mongondow Timur,0,Tidak ada,124,2024,0,Tahun,8.29,711141501240,2025-11-05 12:00:46
mean_years_schooling_new_method,415,[Metode Baru] Rata-rata Lama Sekolah,Tahun,Tujuan Pembangunan Berkelanjutan Edisi I,0000,7171,Kota Manado,0,Tidak ada,124,2024,0,Tahun,11.46,717141501240,2025-11-05 12:00:46
mean_years_schooling_new_method,415,[Metode Baru] Rata-rata Lama Sekolah,Tahun,Tujuan Pembangunan Berkelanjutan Edisi I,0000,7172,Kota Bitung,0,Tidak ada,124,2024,0,Tahun,9.96,717241501240,2025-11-05 12:00:46
mean_years_schooling_new_method,415,[Metode Baru] Rata-rata Lama Sekolah,Tahun,Tujuan Pembangunan Berkelanjutan Edisi I,0000,7173,Kota Tomohon,0,Tidak ada,124,2024,0,Tahun,11.03,717341501240,2025-11-05 12:00:46
mean_years_schooling_new_method,415,[Metode Baru] Rata-rata Lama Sekolah,Tahun,Tujuan Pembangunan Berkelanjutan Edisi I,0000,7174,Kota Kotamobagu,0,Tidak ada,124,2024,0,Tahun,10.35,717441501240,2025-11-05 12:00:46
mean_years_schooling_new_method,415,[Metode Baru] Rata-rata Lama Sekolah,Tahun,Tujuan Pembangunan Berkelanjutan Edisi I,0000,7200,SULAWESI TENGAH,0,Tidak ada,124,2024,0,Tahun,9.04,720041501240,2025-11-05 12:00:46
mean_years_schooling_new_method,415,[Metode Baru] Rata-rata Lama Sekolah,Tahun,Tujuan Pembangunan Berkelanjutan Edisi I,0000,7201,Banggai Kepulauan,0,Tidak ada,124,2024,0,Tahun,8.7,720141501240,2025-11-05 12:00:46
mean_years_schooling_new_method,415,[Metode Baru] Rata-rata Lama Sekolah,Tahun,Tujuan Pembangunan Berkelanjutan Edisi I,0000,7202,Banggai,0,Tidak ada,124,2024,0,Tahun,8.81,720241501240,2025-11-05 12:00:46
mean_years_schooling_new_method,415,[Metode Baru] Rata-rata Lama Sekolah,Tahun,Tujuan Pembangunan Berkelanjutan Edisi I,0000,7203,Morowali,0,Tidak ada,124,2024,0,Tahun,9.38,720341501240,2025-11-05 12:00:46
mean_years_schooling_new_method,415,[Metode Baru] Rata-rata Lama Sekolah,Tahun,Tujuan Pembangunan Berkelanjutan Edisi I,0000,7204,Poso,0,Tidak ada,124,2024,0,Tahun,9.54,720441501240,2025-11-05 12:00:46
mean_years_schooling_new_method,415,[Metode Baru] Rata-rata Lama Sekolah,Tahun,Tujuan Pembangunan Berkelanjutan Edisi I,0000,7205,Donggala,0,Tidak ada,124,2024,0,Tahun,8,720541501240,2025-11-05 12:00:46
mean_years_schooling_new_method,415,[Metode Baru] Rata-rata Lama Sekolah,Tahun,Tujuan Pembangunan Berkelanjutan Edisi I,0000,7206,Toli-Toli,0,Tidak ada,124,2024,0,Tahun,8.91,720641501240,2025-11-05 12:00:46
mean_years_schooling_new_method,415,[Metode Baru] Rata-rata Lama Sekolah,Tahun,Tujuan Pembangunan Berkelanjutan Edisi I,0000,7207,Buol,0,Tidak ada,124,2024,0,Tahun,9.2,720741501240,2025-11-05 12:00:46
mean_years_schooling_new_method,415,[Metode Baru] Rata-rata Lama Sekolah,Tahun,Tujuan Pembangunan Berkelanjutan Edisi I,0000,7208,Parigi Moutong,0,Tidak ada,124,2024,0,Tahun,8.05,720841501240,2025-11-05 12:00:46
mean_years_schooling_new_method,415,[Metode Baru] Rata-rata Lama Sekolah,Tahun,Tujuan Pembangunan Berkelanjutan Edisi I,0000,7209,Tojo Una-Una,0,Tidak ada,124,2024,0,Tahun,8.56,720941501240,2025-11-05 12:00:46
mean_years_schooling_new_method,415,[Metode Baru] Rata-rata Lama Sekolah,Tahun,Tujuan Pembangunan Berkelanjutan Edisi I,0000,7210,Sigi,0,Tidak ada,124,2024,0,Tahun,9.04,721041501240,2025-11-05 12:00:46
mean_years_schooling_new_method,415,[Metode Baru] Rata-rata Lama Sekolah,Tahun,Tujuan Pembangunan Berkelanjutan Edisi I,0000,7211,Banggai Laut,0,Tidak ada,124,2024,0,Tahun,8.65,721141501240,2025-11-05 12:00:46
mean_years_schooling_new_method,415,[Metode Baru] Rata-rata Lama Sekolah,Tahun,Tujuan Pembangunan Berkelanjutan Edisi I,0000,7212,Morowali Utara,0,Tidak ada,124,2024,0,Tahun,9.13,721241501240,2025-11-05 12:00:46
mean_years_schooling_new_method,415,[Metode Baru] Rata-rata Lama Sekolah,Tahun,Tujuan Pembangunan Berkelanjutan Edisi I,0000,7271,Kota Palu,0,Tidak ada,124,2024,0,Tahun,11.75,727141501240,2025-11-05 12:00:46
mean_years_schooling_new_method,415,[Metode Baru] Rata-rata Lama Sekolah,Tahun,Tujuan Pembangunan Berkelanjutan Edisi I,0000,7300,SULAWESI SELATAN,0,Tidak ada,124,2024,0,Tahun,8.86,730041501240,2025-11-05 12:00:46
mean_years_schooling_new_method,415,[Metode Baru] Rata-rata Lama Sekolah,Tahun,Tujuan Pembangunan Berkelanjutan Edisi I,0000,7301,Kepulauan Selayar,0,Tidak ada,124,2024,0,Tahun,8.49,730141501240,2025-11-05 12:00:46
mean_years_schooling_new_method,415,[Metode Baru] Rata-rata Lama Sekolah,Tahun,Tujuan Pembangunan Berkelanjutan Edisi I,0000,7302,Bulukumba,0,Tidak ada,124,2024,0,Tahun,8.52,730241501240,2025-11-05 12:00:46
mean_years_schooling_new_method,415,[Metode Baru] Rata-rata Lama Sekolah,Tahun,Tujuan Pembangunan Berkelanjutan Edisi I,0000,7303,Bantaeng,0,Tidak ada,124,2024,0,Tahun,7.26,730341501240,2025-11-05 12:00:46
mean_years_schooling_new_method,415,[Metode Baru] Rata-rata Lama Sekolah,Tahun,Tujuan Pembangunan Berkelanjutan Edisi I,0000,7304,Jeneponto,0,Tidak ada,124,2024,0,Tahun,7.01,730441501240,2025-11-05 12:00:46
mean_years_schooling_new_method,415,[Metode Baru] Rata-rata Lama Sekolah,Tahun,Tujuan Pembangunan Berkelanjutan Edisi I,0000,7305,Takalar,0,Tidak ada,124,2024,0,Tahun,7.73,730541501240,2025-11-05 12:00:46
mean_years_schooling_new_method,415,[Metode Baru] Rata-rata Lama Sekolah,Tahun,Tujuan Pembangunan Berkelanjutan Edisi I,0000,7306,Gowa,0,Tidak ada,124,2024,0,Tahun,8.53,730641501240,2025-11-05 12:00:46
mean_years_schooling_new_method,415,[Metode Baru] Rata-rata Lama Sekolah,Tahun,Tujuan Pembangunan Berkelanjutan Edisi I,0000,7307,Sinjai,0,Tidak ada,124,2024,0,Tahun,7.82,730741501240,2025-11-05 12:00:46
mean_years_schooling_new_method,415,[Metode Baru] Rata-rata Lama Sekolah,Tahun,Tujuan Pembangunan Berkelanjutan Edisi I,0000,7308,Maros,0,Tidak ada,124,2024,0,Tahun,8.05,730841501240,2025-11-05 12:00:46
mean_years_schooling_new_method,415,[Metode Baru] Rata-rata Lama Sekolah,Tahun,Tujuan Pembangunan Berkelanjutan Edisi I,0000,7309,Pangkajene dan Kepulauan,0,Tidak ada,124,2024,0,Tahun,8.47,730941501240,2025-11-05 12:00:46
mean_years_schooling_new_method,415,[Metode Baru] Rata-rata Lama Sekolah,Tahun,Tujuan Pembangunan Berkelanjutan Edisi I,0000,7310,Barru,0,Tidak ada,124,2024,0,Tahun,8.8,731041501240,2025-11-05 12:00:46
mean_years_schooling_new_method,415,[Metode Baru] Rata-rata Lama Sekolah,Tahun,Tujuan Pembangunan Berkelanjutan Edisi I,0000,7311,Bone,0,Tidak ada,124,2024,0,Tahun,7.55,731141501240,2025-11-05 12:00:46
mean_years_schooling_new_method,415,[Metode Baru] Rata-rata Lama Sekolah,Tahun,Tujuan Pembangunan Berkelanjutan Edisi I,0000,7312,Soppeng,0,Tidak ada,124,2024,0,Tahun,8.45,731241501240,2025-11-05 12:00:46
mean_years_schooling_new_method,415,[Metode Baru] Rata-rata Lama Sekolah,Tahun,Tujuan Pembangunan Berkelanjutan Edisi I,0000,7313,Wajo,0,Tidak ada,124,2024,0,Tahun,7.46,731341501240,2025-11-05 12:00:46
mean_years_schooling_new_method,415,[Metode Baru] Rata-rata Lama Sekolah,Tahun,Tujuan Pembangunan Berkelanjutan Edisi I,0000,7314,Sidenreng Rappang,0,Tidak ada,124,2024,0,Tahun,8.21,731441501240,2025-11-05 12:00:46
mean_years_schooling_new_method,415,[Metode Baru] Rata-rata Lama Sekolah,Tahun,Tujuan Pembangunan Berkelanjutan Edisi I,0000,7315,Pinrang,0,Tidak ada,124,2024,0,Tahun,8.53,731541501240,2025-11-05 12:00:46
mean_years_schooling_new_method,415,[Metode Baru] Rata-rata Lama Sekolah,Tahun,Tujuan Pembangunan Berkelanjutan Edisi I,0000,7316,Enrekang,0,Tidak ada,124,2024,0,Tahun,9.11,731641501240,2025-11-05 12:00:46
mean_years_schooling_new_method,415,[Metode Baru] Rata-rata Lama Sekolah,Tahun,Tujuan Pembangunan Berkelanjutan Edisi I,0000,7317,Luwu,0,Tidak ada,124,2024,0,Tahun,8.81,731741501240,2025-11-05 12:00:46
mean_years_schooling_new_method,415,[Metode Baru] Rata-rata Lama Sekolah,Tahun,Tujuan Pembangunan Berkelanjutan Edisi I,0000,7318,Tana Toraja,0,Tidak ada,124,2024,0,Tahun,8.77,731841501240,2025-11-05 12:00:46
mean_years_schooling_new_method,415,[Metode Baru] Rata-rata Lama Sekolah,Tahun,Tujuan Pembangunan Berkelanjutan Edisi I,0000,7322,Luwu Utara,0,Tidak ada,124,2024,0,Tahun,8.37,732241501240,2025-11-05 12:00:46
mean_years_schooling_new_method,415,[Metode Baru] Rata-rata Lama Sekolah,Tahun,Tujuan Pembangunan Berkelanjutan Edisi I,0000,7325,Luwu Timur,0,Tidak ada,124,2024,0,Tahun,8.94,732541501240,2025-11-05 12:00:46
mean_years_schooling_new_method,415,[Metode Baru] Rata-rata Lama Sekolah,Tahun,Tujuan Pembangunan Berkelanjutan Edisi I,0000,7326,Toraja Utara,0,Tidak ada,124,2024,0,Tahun,8.54,732641501240,2025-11-05 12:00:46
mean_years_schooling_new_method,415,[Metode Baru] Rata-rata Lama Sekolah,Tahun,Tujuan Pembangunan Berkelanjutan Edisi I,0000,7371,Kota Makasar,0,Tidak ada,124,2024,0,Tahun,11.57,737141501240,2025-11-05 12:00:46
mean_years_schooling_new_method,415,[Metode Baru] Rata-rata Lama Sekolah,Tahun,Tujuan Pembangunan Berkelanjutan Edisi I,0000,7372,Kota Parepare,0,Tidak ada,124,2024,0,Tahun,10.88,737241501240,2025-11-05 12:00:46
mean_years_schooling_new_method,415,[Metode Baru] Rata-rata Lama Sekolah,Tahun,Tujuan Pembangunan Berkelanjutan Edisi I,0000,7373,Kota Palopo,0,Tidak ada,124,2024,0,Tahun,11.16,737341501240,2025-11-05 12:00:46
mean_years_schooling_new_method,415,[Metode Baru] Rata-rata Lama Sekolah,Tahun,Tujuan Pembangunan Berkelanjutan Edisi I,0000,7400,SULAWESI TENGGARA,0,Tidak ada,124,2024,0,Tahun,9.42,740041501240,2025-11-05 12:00:46
mean_years_schooling_new_method,415,[Metode Baru] Rata-rata Lama Sekolah,Tahun,Tujuan Pembangunan Berkelanjutan Edisi I,0000,7401,Buton,0,Tidak ada,124,2024,0,Tahun,8.63,740141501240,2025-11-05 12:00:46
mean_years_schooling_new_method,415,[Metode Baru] Rata-rata Lama Sekolah,Tahun,Tujuan Pembangunan Berkelanjutan Edisi I,0000,7402,Muna,0,Tidak ada,124,2024,0,Tahun,8.71,740241501240,2025-11-05 12:00:46
mean_years_schooling_new_method,415,[Metode Baru] Rata-rata Lama Sekolah,Tahun,Tujuan Pembangunan Berkelanjutan Edisi I,0000,7403,Konawe,0,Tidak ada,124,2024,0,Tahun,9.69,740341501240,2025-11-05 12:00:46
mean_years_schooling_new_method,415,[Metode Baru] Rata-rata Lama Sekolah,Tahun,Tujuan Pembangunan Berkelanjutan Edisi I,0000,7404,Kolaka,0,Tidak ada,124,2024,0,Tahun,9.38,740441501240,2025-11-05 12:00:46
mean_years_schooling_new_method,415,[Metode Baru] Rata-rata Lama Sekolah,Tahun,Tujuan Pembangunan Berkelanjutan Edisi I,0000,7405,Konawe Selatan,0,Tidak ada,124,2024,0,Tahun,8.76,740541501240,2025-11-05 12:00:46
mean_years_schooling_new_method,415,[Metode Baru] Rata-rata Lama Sekolah,Tahun,Tujuan Pembangunan Berkelanjutan Edisi I,0000,7406,Bombana,0,Tidak ada,124,2024,0,Tahun,8.1,740641501240,2025-11-05 12:00:46
mean_years_schooling_new_method,415,[Metode Baru] Rata-rata Lama Sekolah,Tahun,Tujuan Pembangunan Berkelanjutan Edisi I,0000,7407,Wakatobi,0,Tidak ada,124,2024,0,Tahun,8.53,740741501240,2025-11-05 12:00:46
mean_years_schooling_new_method,415,[Metode Baru] Rata-rata Lama Sekolah,Tahun,Tujuan Pembangunan Berkelanjutan Edisi I,0000,7408,Kolaka Utara,0,Tidak ada,124,2024,0,Tahun,8.82,740841501240,2025-11-05 12:00:46
mean_years_schooling_new_method,415,[Metode Baru] Rata-rata Lama Sekolah,Tahun,Tujuan Pembangunan Berkelanjutan Edisi I,0000,7409,Buton Utara,0,Tidak ada,124,2024,0,Tahun,9.24,740941501240,2025-11-05 12:00:46
mean_years_schooling_new_method,415,[Metode Baru] Rata-rata Lama Sekolah,Tahun,Tujuan Pembangunan Berkelanjutan Edisi I,0000,7410,Konawe Utara,0,Tidak ada,124,2024,0,Tahun,9.61,741041501240,2025-11-05 12:00:46
mean_years_schooling_new_method,415,[Metode Baru] Rata-rata Lama Sekolah,Tahun,Tujuan Pembangunan Berkelanjutan Edisi I,0000,7411,Kolaka Timur,0,Tidak ada,124,2024,0,Tahun,8.43,741141501240,2025-11-05 12:00:46
mean_years_schooling_new_method,415,[Metode Baru] Rata-rata Lama Sekolah,Tahun,Tujuan Pembangunan Berkelanjutan Edisi I,0000,7412,Konawe Kepulauan,0,Tidak ada,124,2024,0,Tahun,9.46,741241501240,2025-11-05 12:00:46
mean_years_schooling_new_method,415,[Metode Baru] Rata-rata Lama Sekolah,Tahun,Tujuan Pembangunan Berkelanjutan Edisi I,0000,7413,Muna Barat,0,Tidak ada,124,2024,0,Tahun,8.09,741341501240,2025-11-05 12:00:46
mean_years_schooling_new_method,415,[Metode Baru] Rata-rata Lama Sekolah,Tahun,Tujuan Pembangunan Berkelanjutan Edisi I,0000,7414,Buton Tengah,0,Tidak ada,124,2024,0,Tahun,7.35,741441501240,2025-11-05 12:00:46
mean_years_schooling_new_method,415,[Metode Baru] Rata-rata Lama Sekolah,Tahun,Tujuan Pembangunan Berkelanjutan Edisi I,0000,7415,Buton Selatan,0,Tidak ada,124,2024,0,Tahun,7.75,741541501240,2025-11-05 12:00:46
mean_years_schooling_new_method,415,[Metode Baru] Rata-rata Lama Sekolah,Tahun,Tujuan Pembangunan Berkelanjutan Edisi I,0000,7471,Kota Kendari,0,Tidak ada,124,2024,0,Tahun,12.55,747141501240,2025-11-05 12:00:46
mean_years_schooling_new_method,415,[Metode Baru] Rata-rata Lama Sekolah,Tahun,Tujuan Pembangunan Berkelanjutan Edisi I,0000,7472,Kota Baubau,0,Tidak ada,124,2024,0,Tahun,11.03,747241501240,2025-11-05 12:00:46
mean_years_schooling_new_method,415,[Metode Baru] Rata-rata Lama Sekolah,Tahun,Tujuan Pembangunan Berkelanjutan Edisi I,0000,7500,GORONTALO,0,Tidak ada,124,2024,0,Tahun,8.29,750041501240,2025-11-05 12:00:46
mean_years_schooling_new_method,415,[Metode Baru] Rata-rata Lama Sekolah,Tahun,Tujuan Pembangunan Berkelanjutan Edisi I,0000,7501,Boalemo,0,Tidak ada,124,2024,0,Tahun,7.31,750141501240,2025-11-05 12:00:46
mean_years_schooling_new_method,415,[Metode Baru] Rata-rata Lama Sekolah,Tahun,Tujuan Pembangunan Berkelanjutan Edisi I,0000,7502,Gorontalo,0,Tidak ada,124,2024,0,Tahun,7.95,750241501240,2025-11-05 12:00:46
mean_years_schooling_new_method,415,[Metode Baru] Rata-rata Lama Sekolah,Tahun,Tujuan Pembangunan Berkelanjutan Edisi I,0000,7503,Pohuwato,0,Tidak ada,124,2024,0,Tahun,7.78,750341501240,2025-11-05 12:00:46
mean_years_schooling_new_method,415,[Metode Baru] Rata-rata Lama Sekolah,Tahun,Tujuan Pembangunan Berkelanjutan Edisi I,0000,7504,Bone Bolango,0,Tidak ada,124,2024,0,Tahun,8.52,750441501240,2025-11-05 12:00:46
mean_years_schooling_new_method,415,[Metode Baru] Rata-rata Lama Sekolah,Tahun,Tujuan Pembangunan Berkelanjutan Edisi I,0000,7505,Gorontalo Utara,0,Tidak ada,124,2024,0,Tahun,7.4,750541501240,2025-11-05 12:00:46
mean_years_schooling_new_method,415,[Metode Baru] Rata-rata Lama Sekolah,Tahun,Tujuan Pembangunan Berkelanjutan Edisi I,0000,7571,Kota Gorontalo,0,Tidak ada,124,2024,0,Tahun,10.41,757141501240,2025-11-05 12:00:46
mean_years_schooling_new_method,415,[Metode Baru] Rata-rata Lama Sekolah,Tahun,Tujuan Pembangunan Berkelanjutan Edisi I,0000,7600,SULAWESI BARAT,0,Tidak ada,124,2024,0,Tahun,8.15,760041501240,2025-11-05 12:00:46
mean_years_schooling_new_method,415,[Metode Baru] Rata-rata Lama Sekolah,Tahun,Tujuan Pembangunan Berkelanjutan Edisi I,0000,7601,Majene,0,Tidak ada,124,2024,0,Tahun,9.46,760141501240,2025-11-05 12:00:46
mean_years_schooling_new_method,415,[Metode Baru] Rata-rata Lama Sekolah,Tahun,Tujuan Pembangunan Berkelanjutan Edisi I,0000,7602,Polewali Mandar,0,Tidak ada,124,2024,0,Tahun,7.72,760241501240,2025-11-05 12:00:46
mean_years_schooling_new_method,415,[Metode Baru] Rata-rata Lama Sekolah,Tahun,Tujuan Pembangunan Berkelanjutan Edisi I,0000,7603,Mamasa,0,Tidak ada,124,2024,0,Tahun,8.13,760341501240,2025-11-05 12:00:46
mean_years_schooling_new_method,415,[Metode Baru] Rata-rata Lama Sekolah,Tahun,Tujuan Pembangunan Berkelanjutan Edisi I,0000,7604,Mamuju,0,Tidak ada,124,2024,0,Tahun,8.35,760441501240,2025-11-05 12:00:46
mean_years_schooling_new_method,415,[Metode Baru] Rata-rata Lama Sekolah,Tahun,Tujuan Pembangunan Berkelanjutan Edisi I,0000,7605,Mamuju Utara / Pasangkayu,0,Tidak ada,124,2024,0,Tahun,8.13,760541501240,2025-11-05 12:00:46
mean_years_schooling_new_method,415,[Metode Baru] Rata-rata Lama Sekolah,Tahun,Tujuan Pembangunan Berkelanjutan Edisi I,0000,7606,Mamuju Tengah,0,Tidak ada,124,2024,0,Tahun,7.94,760641501240,2025-11-05 12:00:46
mean_years_schooling_new_method,415,[Metode Baru] Rata-rata Lama Sekolah,Tahun,Tujuan Pembangunan Berkelanjutan Edisi I,0000,8100,MALUKU,0,Tidak ada,124,2024,0,Tahun,10.26,810041501240,2025-11-05 12:00:46
mean_years_schooling_new_method,415,[Metode Baru] Rata-rata Lama Sekolah,Tahun,Tujuan Pembangunan Berkelanjutan Edisi I,0000,8101,Maluku Tenggara Barat / Kepulauan Tanimbar,0,Tidak ada,124,2024,0,Tahun,9.92,810141501240,2025-11-05 12:00:46
mean_years_schooling_new_method,415,[Metode Baru] Rata-rata Lama Sekolah,Tahun,Tujuan Pembangunan Berkelanjutan Edisi I,0000,8102,Maluku Tenggara,0,Tidak ada,124,2024,0,Tahun,9.84,810241501240,2025-11-05 12:00:46
mean_years_schooling_new_method,415,[Metode Baru] Rata-rata Lama Sekolah,Tahun,Tujuan Pembangunan Berkelanjutan Edisi I,0000,8103,Maluku Tengah,0,Tidak ada,124,2024,0,Tahun,9.79,810341501240,2025-11-05 12:00:46
mean_years_schooling_new_method,415,[Metode Baru] Rata-rata Lama Sekolah,Tahun,Tujuan Pembangunan Berkelanjutan Edisi I,0000,8104,Buru,0,Tidak ada,124,2024,0,Tahun,9.02,810441501240,2025-11-05 12:00:46
mean_years_schooling_new_method,415,[Metode Baru] Rata-rata Lama Sekolah,Tahun,Tujuan Pembangunan Berkelanjutan Edisi I,0000,8105,Kepulauan Aru,0,Tidak ada,124,2024,0,Tahun,9.21,810541501240,2025-11-05 12:00:46
mean_years_schooling_new_method,415,[Metode Baru] Rata-rata Lama Sekolah,Tahun,Tujuan Pembangunan Berkelanjutan Edisi I,0000,8106,Seram Bagian Barat,0,Tidak ada,124,2024,0,Tahun,9.59,810641501240,2025-11-05 12:00:46
mean_years_schooling_new_method,415,[Metode Baru] Rata-rata Lama Sekolah,Tahun,Tujuan Pembangunan Berkelanjutan Edisi I,0000,8107,Seram Bagian Timur,0,Tidak ada,124,2024,0,Tahun,9,810741501240,2025-11-05 12:00:46
mean_years_schooling_new_method,415,[Metode Baru] Rata-rata Lama Sekolah,Tahun,Tujuan Pembangunan Berkelanjutan Edisi I,0000,8108,Maluku Barat Daya,0,Tidak ada,124,2024,0,Tahun,9.13,810841501240,2025-11-05 12:00:46
mean_years_schooling_new_method,415,[Metode Baru] Rata-rata Lama Sekolah,Tahun,Tujuan Pembangunan Berkelanjutan Edisi I,0000,8109,Buru Selatan,0,Tidak ada,124,2024,0,Tahun,8.48,810941501240,2025-11-05 12:00:46
mean_years_schooling_new_method,415,[Metode Baru] Rata-rata Lama Sekolah,Tahun,Tujuan Pembangunan Berkelanjutan Edisi I,0000,8171,Kota Ambon,0,Tidak ada,124,2024,0,Tahun,12.24,817141501240,2025-11-05 12:00:46
mean_years_schooling_new_method,415,[Metode Baru] Rata-rata Lama Sekolah,Tahun,Tujuan Pembangunan Berkelanjutan Edisi I,0000,8172,Kota Tual,0,Tidak ada,124,2024,0,Tahun,10.67,817241501240,2025-11-05 12:00:46
mean_years_schooling_new_method,415,[Metode Baru] Rata-rata Lama Sekolah,Tahun,Tujuan Pembangunan Berkelanjutan Edisi I,0000,8200,MALUKU UTARA,0,Tidak ada,124,2024,0,Tahun,9.37,820041501240,2025-11-05 12:00:46
mean_years_schooling_new_method,415,[Metode Baru] Rata-rata Lama Sekolah,Tahun,Tujuan Pembangunan Berkelanjutan Edisi I,0000,8201,Halmahera Barat,0,Tidak ada,124,2024,0,Tahun,8.59,820141501240,2025-11-05 12:00:46
mean_years_schooling_new_method,415,[Metode Baru] Rata-rata Lama Sekolah,Tahun,Tujuan Pembangunan Berkelanjutan Edisi I,0000,8202,Halmahera Tengah,0,Tidak ada,124,2024,0,Tahun,9.2,820241501240,2025-11-05 12:00:46
mean_years_schooling_new_method,415,[Metode Baru] Rata-rata Lama Sekolah,Tahun,Tujuan Pembangunan Berkelanjutan Edisi I,0000,8203,Kepulauan Sula,0,Tidak ada,124,2024,0,Tahun,9.17,820341501240,2025-11-05 12:00:46
mean_years_schooling_new_method,415,[Metode Baru] Rata-rata Lama Sekolah,Tahun,Tujuan Pembangunan Berkelanjutan Edisi I,0000,8204,Halmahera Selatan,0,Tidak ada,124,2024,0,Tahun,8.42,820441501240,2025-11-05 12:00:46
mean_years_schooling_new_method,415,[Metode Baru] Rata-rata Lama Sekolah,Tahun,Tujuan Pembangunan Berkelanjutan Edisi I,0000,8205,Halmahera Utara,0,Tidak ada,124,2024,0,Tahun,8.67,820541501240,2025-11-05 12:00:46
mean_years_schooling_new_method,415,[Metode Baru] Rata-rata Lama Sekolah,Tahun,Tujuan Pembangunan Berkelanjutan Edisi I,0000,8206,Halmahera Timur,0,Tidak ada,124,2024,0,Tahun,8.88,820641501240,2025-11-05 12:00:46
mean_years_schooling_new_method,415,[Metode Baru] Rata-rata Lama Sekolah,Tahun,Tujuan Pembangunan Berkelanjutan Edisi I,0000,8207,Pulau Morotai,0,Tidak ada,124,2024,0,Tahun,7.73,820741501240,2025-11-05 12:00:46
mean_years_schooling_new_method,415,[Metode Baru] Rata-rata Lama Sekolah,Tahun,Tujuan Pembangunan Berkelanjutan Edisi I,0000,8208,Pulau Taliabu,0,Tidak ada,124,2024,0,Tahun,7.99,820841501240,2025-11-05 12:00:46
mean_years_schooling_new_method,415,[Metode Baru] Rata-rata Lama Sekolah,Tahun,Tujuan Pembangunan Berkelanjutan Edisi I,0000,8271,Kota Ternate,0,Tidak ada,124,2024,0,Tahun,12.08,827141501240,2025-11-05 12:00:46
mean_years_schooling_new_method,415,[Metode Baru] Rata-rata Lama Sekolah,Tahun,Tujuan Pembangunan Berkelanjutan Edisi I,0000,8272,Kota Tidore Kepulauan,0,Tidak ada,124,2024,0,Tahun,10.12,827241501240,2025-11-05 12:00:46
mean_years_schooling_new_method,415,[Metode Baru] Rata-rata Lama Sekolah,Tahun,Tujuan Pembangunan Berkelanjutan Edisi I,0000,9100,PAPUA BARAT,0,Tidak ada,124,2024,0,Tahun,7.86,910041501240,2025-11-05 12:00:46
mean_years_schooling_new_method,415,[Metode Baru] Rata-rata Lama Sekolah,Tahun,Tujuan Pembangunan Berkelanjutan Edisi I,0000,9101,Fakfak,0,Tidak ada,124,2024,0,Tahun,9.32,910141501240,2025-11-05 12:00:46
mean_years_schooling_new_method,415,[Metode Baru] Rata-rata Lama Sekolah,Tahun,Tujuan Pembangunan Berkelanjutan Edisi I,0000,9102,Kaimana,0,Tidak ada,124,2024,0,Tahun,8.97,910241501240,2025-11-05 12:00:46
mean_years_schooling_new_method,415,[Metode Baru] Rata-rata Lama Sekolah,Tahun,Tujuan Pembangunan Berkelanjutan Edisi I,0000,9103,Teluk Wondama,0,Tidak ada,124,2024,0,Tahun,7.38,910341501240,2025-11-05 12:00:46
mean_years_schooling_new_method,415,[Metode Baru] Rata-rata Lama Sekolah,Tahun,Tujuan Pembangunan Berkelanjutan Edisi I,0000,9104,Teluk Bintuni,0,Tidak ada,124,2024,0,Tahun,8.67,910441501240,2025-11-05 12:00:46
mean_years_schooling_new_method,415,[Metode Baru] Rata-rata Lama Sekolah,Tahun,Tujuan Pembangunan Berkelanjutan Edisi I,0000,9105,Manokwari,0,Tidak ada,124,2024,0,Tahun,8.67,910541501240,2025-11-05 12:00:46
mean_years_schooling_new_method,415,[Metode Baru] Rata-rata Lama Sekolah,Tahun,Tujuan Pembangunan Berkelanjutan Edisi I,0000,9111,Manokwari Selatan,0,Tidak ada,124,2024,0,Tahun,7.17,911141501240,2025-11-05 12:00:46
mean_years_schooling_new_method,415,[Metode Baru] Rata-rata Lama Sekolah,Tahun,Tujuan Pembangunan Berkelanjutan Edisi I,0000,9112,Pegunungan Arfak,0,Tidak ada,124,2024,0,Tahun,5.72,911241501240,2025-11-05 12:00:46
mean_years_schooling_new_method,415,[Metode Baru] Rata-rata Lama Sekolah,Tahun,Tujuan Pembangunan Berkelanjutan Edisi I,0000,9200,PAPUA BARAT DAYA,0,Tidak ada,124,2024,0,Tahun,8.39,920041501240,2025-11-05 12:00:46
mean_years_schooling_new_method,415,[Metode Baru] Rata-rata Lama Sekolah,Tahun,Tujuan Pembangunan Berkelanjutan Edisi I,0000,9201,Raja Ampat,0,Tidak ada,124,2024,0,Tahun,8.4,920141501240,2025-11-05 12:00:46
mean_years_schooling_new_method,415,[Metode Baru] Rata-rata Lama Sekolah,Tahun,Tujuan Pembangunan Berkelanjutan Edisi I,0000,9202,Sorong,0,Tidak ada,124,2024,0,Tahun,8.74,920241501240,2025-11-05 12:00:46
mean_years_schooling_new_method,415,[Metode Baru] Rata-rata Lama Sekolah,Tahun,Tujuan Pembangunan Berkelanjutan Edisi I,0000,9203,Sorong Selatan,0,Tidak ada,124,2024,0,Tahun,7.76,920341501240,2025-11-05 12:00:46
mean_years_schooling_new_method,415,[Metode Baru] Rata-rata Lama Sekolah,Tahun,Tujuan Pembangunan Berkelanjutan Edisi I,0000,9204,Maybrat,0,Tidak ada,124,2024,0,Tahun,7.44,920441501240,2025-11-05 12:00:46
mean_years_schooling_new_method,415,[Metode Baru] Rata-rata Lama Sekolah,Tahun,Tujuan Pembangunan Berkelanjutan Edisi I,0000,9205,Tambrauw,0,Tidak ada,124,2024,0,Tahun,5.89,920541501240,2025-11-05 12:00:46
mean_years_schooling_new_method,415,[Metode Baru] Rata-rata Lama Sekolah,Tahun,Tujuan Pembangunan Berkelanjutan Edisi I,0000,9271,Kota Sorong,0,Tidak ada,124,2024,0,Tahun,11.57,927141501240,2025-11-05 12:00:46
mean_years_schooling_new_method,415,[Metode Baru] Rata-rata Lama Sekolah,Tahun,Tujuan Pembangunan Berkelanjutan Edisi I,0000,9400,PAPUA,0,Tidak ada,124,2024,0,Tahun,9.82,940041501240,2025-11-05 12:00:46
mean_years_schooling_new_method,415,[Metode Baru] Rata-rata Lama Sekolah,Tahun,Tujuan Pembangunan Berkelanjutan Edisi I,0000,9403,Jayapura,0,Tidak ada,124,2024,0,Tahun,10.57,940341501240,2025-11-05 12:00:46
mean_years_schooling_new_method,415,[Metode Baru] Rata-rata Lama Sekolah,Tahun,Tujuan Pembangunan Berkelanjutan Edisi I,0000,9408,Kepulauan Yapen,0,Tidak ada,124,2024,0,Tahun,9.71,940841501240,2025-11-05 12:00:46
mean_years_schooling_new_method,415,[Metode Baru] Rata-rata Lama Sekolah,Tahun,Tujuan Pembangunan Berkelanjutan Edisi I,0000,9409,Biak Numfor,0,Tidak ada,124,2024,0,Tahun,10.55,940941501240,2025-11-05 12:00:46
mean_years_schooling_new_method,415,[Metode Baru] Rata-rata Lama Sekolah,Tahun,Tujuan Pembangunan Berkelanjutan Edisi I,0000,9419,Sarmi,0,Tidak ada,124,2024,0,Tahun,9.61,941941501240,2025-11-05 12:00:46
mean_years_schooling_new_method,415,[Metode Baru] Rata-rata Lama Sekolah,Tahun,Tujuan Pembangunan Berkelanjutan Edisi I,0000,9420,Keerom,0,Tidak ada,124,2024,0,Tahun,8.58,942041501240,2025-11-05 12:00:46
mean_years_schooling_new_method,415,[Metode Baru] Rata-rata Lama Sekolah,Tahun,Tujuan Pembangunan Berkelanjutan Edisi I,0000,9426,Waropen,0,Tidak ada,124,2024,0,Tahun,9.42,942641501240,2025-11-05 12:00:46
mean_years_schooling_new_method,415,[Metode Baru] Rata-rata Lama Sekolah,Tahun,Tujuan Pembangunan Berkelanjutan Edisi I,0000,9427,Supiori,0,Tidak ada,124,2024,0,Tahun,9.21,942741501240,2025-11-05 12:00:46
mean_years_schooling_new_method,415,[Metode Baru] Rata-rata Lama Sekolah,Tahun,Tujuan Pembangunan Berkelanjutan Edisi I,0000,9428,Mamberamo Raya,0,Tidak ada,124,2024,0,Tahun,6.49,942841501240,2025-11-05 12:00:46
mean_years_schooling_new_method,415,[Metode Baru] Rata-rata Lama Sekolah,Tahun,Tujuan Pembangunan Berkelanjutan Edisi I,0000,9471,Kota Jayapura,0,Tidak ada,124,2024,0,Tahun,12.07,947141501240,2025-11-05 12:00:46
mean_years_schooling_new_method,415,[Metode Baru] Rata-rata Lama Sekolah,Tahun,Tujuan Pembangunan Berkelanjutan Edisi I,0000,9500,PAPUA SELATAN,0,Tidak ada,124,2024,0,Tahun,8.38,950041501240,2025-11-05 12:00:46
mean_years_schooling_new_method,415,[Metode Baru] Rata-rata Lama Sekolah,Tahun,Tujuan Pembangunan Berkelanjutan Edisi I,0000,9501,Merauke,0,Tidak ada,124,2024,0,Tahun,9.37,950141501240,2025-11-05 12:00:46
mean_years_schooling_new_method,415,[Metode Baru] Rata-rata Lama Sekolah,Tahun,Tujuan Pembangunan Berkelanjutan Edisi I,0000,9502,Boven Digoel,0,Tidak ada,124,2024,0,Tahun,9.42,950241501240,2025-11-05 12:00:46
mean_years_schooling_new_method,415,[Metode Baru] Rata-rata Lama Sekolah,Tahun,Tujuan Pembangunan Berkelanjutan Edisi I,0000,9503,Mappi,0,Tidak ada,124,2024,0,Tahun,7.16,950341501240,2025-11-05 12:00:46
mean_years_schooling_new_method,415,[Metode Baru] Rata-rata Lama Sekolah,Tahun,Tujuan Pembangunan Berkelanjutan Edisi I,0000,9504,Asmat,0,Tidak ada,124,2024,0,Tahun,5.82,950441501240,2025-11-05 12:00:46
mean_years_schooling_new_method,415,[Metode Baru] Rata-rata Lama Sekolah,Tahun,Tujuan Pembangunan Berkelanjutan Edisi I,0000,9600,PAPUA TENGAH,0,Tidak ada,124,2024,0,Tahun,6.12,960041501240,2025-11-05 12:00:46
mean_years_schooling_new_method,415,[Metode Baru] Rata-rata Lama Sekolah,Tahun,Tujuan Pembangunan Berkelanjutan Edisi I,0000,9601,Mimika,0,Tidak ada,124,2024,0,Tahun,10.72,960141501240,2025-11-05 12:00:46
mean_years_schooling_new_method,415,[Metode Baru] Rata-rata Lama Sekolah,Tahun,Tujuan Pembangunan Berkelanjutan Edisi I,0000,9602,Dogiyai,0,Tidak ada,124,2024,0,Tahun,4.98,960241501240,2025-11-05 12:00:46
mean_years_schooling_new_method,415,[Metode Baru] Rata-rata Lama Sekolah,Tahun,Tujuan Pembangunan Berkelanjutan Edisi I,0000,9603,Deiyai,0,Tidak ada,124,2024,0,Tahun,3.29,960341501240,2025-11-05 12:00:46
mean_years_schooling_new_method,415,[Metode Baru] Rata-rata Lama Sekolah,Tahun,Tujuan Pembangunan Berkelanjutan Edisi I,0000,9604,Nabire,0,Tidak ada,124,2024,0,Tahun,10.42,960441501240,2025-11-05 12:00:46
mean_years_schooling_new_method,415,[Metode Baru] Rata-rata Lama Sekolah,Tahun,Tujuan Pembangunan Berkelanjutan Edisi I,0000,9605,Paniai,0,Tidak ada,124,2024,0,Tahun,4.81,960541501240,2025-11-05 12:00:46
mean_years_schooling_new_method,415,[Metode Baru] Rata-rata Lama Sekolah,Tahun,Tujuan Pembangunan Berkelanjutan Edisi I,0000,9606,Intan Jaya,0,Tidak ada,124,2024,0,Tahun,3.28,960641501240,2025-11-05 12:00:46
mean_years_schooling_new_method,415,[Metode Baru] Rata-rata Lama Sekolah,Tahun,Tujuan Pembangunan Berkelanjutan Edisi I,0000,9607,Puncak,0,Tidak ada,124,2024,0,Tahun,2.39,960741501240,2025-11-05 12:00:46
mean_years_schooling_new_method,415,[Metode Baru] Rata-rata Lama Sekolah,Tahun,Tujuan Pembangunan Berkelanjutan Edisi I,0000,9608,Puncak Jaya,0,Tidak ada,124,2024,0,Tahun,4.42,960841501240,2025-11-05 12:00:46
mean_years_schooling_new_method,415,[Metode Baru] Rata-rata Lama Sekolah,Tahun,Tujuan Pembangunan Berkelanjutan Edisi I,0000,9700,PAPUA PEGUNUNGAN,0,Tidak ada,124,2024,0,Tahun,4.21,970041501240,2025-11-05 12:00:46
mean_years_schooling_new_method,415,[Metode Baru] Rata-rata Lama Sekolah,Tahun,Tujuan Pembangunan Berkelanjutan Edisi I,0000,9701,Nduga,0,Tidak ada,124,2024,0,Tahun,1.92,970141501240,2025-11-05 12:00:46
mean_years_schooling_new_method,415,[Metode Baru] Rata-rata Lama Sekolah,Tahun,Tujuan Pembangunan Berkelanjutan Edisi I,0000,9702,Jayawijaya,0,Tidak ada,124,2024,0,Tahun,5.99,970241501240,2025-11-05 12:00:46
mean_years_schooling_new_method,415,[Metode Baru] Rata-rata Lama Sekolah,Tahun,Tujuan Pembangunan Berkelanjutan Edisi I,0000,9703,Lanny Jaya,0,Tidak ada,124,2024,0,Tahun,3.83,970341501240,2025-11-05 12:00:46
mean_years_schooling_new_method,415,[Metode Baru] Rata-rata Lama Sekolah,Tahun,Tujuan Pembangunan Berkelanjutan Edisi I,0000,9704,Tolikara,0,Tidak ada,124,2024,0,Tahun,3.69,970441501240,2025-11-05 12:00:46
mean_years_schooling_new_method,415,[Metode Baru] Rata-rata Lama Sekolah,Tahun,Tujuan Pembangunan Berkelanjutan Edisi I,0000,9705,Mamberamo Tengah,0,Tidak ada,124,2024,0,Tahun,3.7,970541501240,2025-11-05 12:00:46
mean_years_schooling_new_method,415,[Metode Baru] Rata-rata Lama Sekolah,Tahun,Tujuan Pembangunan Berkelanjutan Edisi I,0000,9706,Yalimo,0,Tidak ada,124,2024,0,Tahun,3.55,970641501240,2025-11-05 12:00:46
mean_years_schooling_new_method,415,[Metode Baru] Rata-rata Lama Sekolah,Tahun,Tujuan Pembangunan Berkelanjutan Edisi I,0000,9707,Yahukimo,0,Tidak ada,124,2024,0,Tahun,4.35,970741501240,2025-11-05 12:00:46
mean_years_schooling_new_method,415,[Metode Baru] Rata-rata Lama Sekolah,Tahun,Tujuan Pembangunan Berkelanjutan Edisi I,0000,9708,Pegunungan Bintang,0,Tidak ada,124,2024,0,Tahun,3.51,970841501240,2025-11-05 12:00:46
mean_years_schooling_new_method,415,[Metode Baru] Rata-rata Lama Sekolah,Tahun,Tujuan Pembangunan Berkelanjutan Edisi I,0000,9999,INDONESIA,0,Tidak ada,124,2024,0,Tahun,8.85,999941501240,2025-11-05 12:00:46
mean_years_schooling_new_method,415,[Metode Baru] Rata-rata Lama Sekolah,Tahun,Tujuan Pembangunan Berkelanjutan Edisi I,0000,1100,ACEH,0,Tidak ada,123,2023,0,Tahun,9.55,110041501230,2025-11-05 12:00:46
mean_years_schooling_new_method,415,[Metode Baru] Rata-rata Lama Sekolah,Tahun,Tujuan Pembangunan Berkelanjutan Edisi I,0000,1101,Simeulue,0,Tidak ada,123,2023,0,Tahun,9.81,110141501230,2025-11-05 12:00:46
mean_years_schooling_new_method,415,[Metode Baru] Rata-rata Lama Sekolah,Tahun,Tujuan Pembangunan Berkelanjutan Edisi I,0000,1102,Aceh Singkil,0,Tidak ada,123,2023,0,Tahun,8.7,110241501230,2025-11-05 12:00:46
mean_years_schooling_new_method,415,[Metode Baru] Rata-rata Lama Sekolah,Tahun,Tujuan Pembangunan Berkelanjutan Edisi I,0000,1103,Aceh Selatan,0,Tidak ada,123,2023,0,Tahun,8.91,110341501230,2025-11-05 12:00:46
mean_years_schooling_new_method,415,[Metode Baru] Rata-rata Lama Sekolah,Tahun,Tujuan Pembangunan Berkelanjutan Edisi I,0000,1104,Aceh Tenggara,0,Tidak ada,123,2023,0,Tahun,10.09,110441501230,2025-11-05 12:00:46
mean_years_schooling_new_method,415,[Metode Baru] Rata-rata Lama Sekolah,Tahun,Tujuan Pembangunan Berkelanjutan Edisi I,0000,1105,Aceh Timur,0,Tidak ada,123,2023,0,Tahun,8.47,110541501230,2025-11-05 12:00:46
mean_years_schooling_new_method,415,[Metode Baru] Rata-rata Lama Sekolah,Tahun,Tujuan Pembangunan Berkelanjutan Edisi I,0000,1106,Aceh Tengah,0,Tidak ada,123,2023,0,Tahun,9.89,110641501230,2025-11-05 12:00:46
mean_years_schooling_new_method,415,[Metode Baru] Rata-rata Lama Sekolah,Tahun,Tujuan Pembangunan Berkelanjutan Edisi I,0000,1107,Aceh Barat,0,Tidak ada,123,2023,0,Tahun,9.98,110741501230,2025-11-05 12:00:46
mean_years_schooling_new_method,415,[Metode Baru] Rata-rata Lama Sekolah,Tahun,Tujuan Pembangunan Berkelanjutan Edisi I,0000,1108,Aceh Besar,0,Tidak ada,123,2023,0,Tahun,10.36,110841501230,2025-11-05 12:00:46
mean_years_schooling_new_method,415,[Metode Baru] Rata-rata Lama Sekolah,Tahun,Tujuan Pembangunan Berkelanjutan Edisi I,0000,1109,Pidie,0,Tidak ada,123,2023,0,Tahun,9.03,110941501230,2025-11-05 12:00:46
mean_years_schooling_new_method,415,[Metode Baru] Rata-rata Lama Sekolah,Tahun,Tujuan Pembangunan Berkelanjutan Edisi I,0000,1110,Bireuen,0,Tidak ada,123,2023,0,Tahun,9.32,111041501230,2025-11-05 12:00:46
mean_years_schooling_new_method,415,[Metode Baru] Rata-rata Lama Sekolah,Tahun,Tujuan Pembangunan Berkelanjutan Edisi I,0000,1111,Aceh Utara,0,Tidak ada,123,2023,0,Tahun,8.85,111141501230,2025-11-05 12:00:46
mean_years_schooling_new_method,415,[Metode Baru] Rata-rata Lama Sekolah,Tahun,Tujuan Pembangunan Berkelanjutan Edisi I,0000,1112,Aceh Barat Daya,0,Tidak ada,123,2023,0,Tahun,8.77,111241501230,2025-11-05 12:00:46
mean_years_schooling_new_method,415,[Metode Baru] Rata-rata Lama Sekolah,Tahun,Tujuan Pembangunan Berkelanjutan Edisi I,0000,1113,Gayo Lues,0,Tidak ada,123,2023,0,Tahun,8.42,111341501230,2025-11-05 12:00:46
mean_years_schooling_new_method,415,[Metode Baru] Rata-rata Lama Sekolah,Tahun,Tujuan Pembangunan Berkelanjutan Edisi I,0000,1114,Aceh Tamiang,0,Tidak ada,123,2023,0,Tahun,9.24,111441501230,2025-11-05 12:00:46
mean_years_schooling_new_method,415,[Metode Baru] Rata-rata Lama Sekolah,Tahun,Tujuan Pembangunan Berkelanjutan Edisi I,0000,1115,Nagan Raya,0,Tidak ada,123,2023,0,Tahun,8.96,111541501230,2025-11-05 12:00:46
mean_years_schooling_new_method,415,[Metode Baru] Rata-rata Lama Sekolah,Tahun,Tujuan Pembangunan Berkelanjutan Edisi I,0000,1116,Aceh Jaya,0,Tidak ada,123,2023,0,Tahun,8.74,111641501230,2025-11-05 12:00:46
mean_years_schooling_new_method,415,[Metode Baru] Rata-rata Lama Sekolah,Tahun,Tujuan Pembangunan Berkelanjutan Edisi I,0000,1117,Bener Meriah,0,Tidak ada,123,2023,0,Tahun,10.12,111741501230,2025-11-05 12:00:46
mean_years_schooling_new_method,415,[Metode Baru] Rata-rata Lama Sekolah,Tahun,Tujuan Pembangunan Berkelanjutan Edisi I,0000,1118,Pidie Jaya,0,Tidak ada,123,2023,0,Tahun,9.58,111841501230,2025-11-05 12:00:46
mean_years_schooling_new_method,415,[Metode Baru] Rata-rata Lama Sekolah,Tahun,Tujuan Pembangunan Berkelanjutan Edisi I,0000,1171,Kota Banda Aceh,0,Tidak ada,123,2023,0,Tahun,13.04,117141501230,2025-11-05 12:00:46
mean_years_schooling_new_method,415,[Metode Baru] Rata-rata Lama Sekolah,Tahun,Tujuan Pembangunan Berkelanjutan Edisi I,0000,1172,Kota Sabang,0,Tidak ada,123,2023,0,Tahun,11.2,117241501230,2025-11-05 12:00:46
mean_years_schooling_new_method,415,[Metode Baru] Rata-rata Lama Sekolah,Tahun,Tujuan Pembangunan Berkelanjutan Edisi I,0000,1173,Kota Langsa,0,Tidak ada,123,2023,0,Tahun,11.27,117341501230,2025-11-05 12:00:46
mean_years_schooling_new_method,415,[Metode Baru] Rata-rata Lama Sekolah,Tahun,Tujuan Pembangunan Berkelanjutan Edisi I,0000,1174,Kota Lhokseumawe,0,Tidak ada,123,2023,0,Tahun,11.27,117441501230,2025-11-05 12:00:46
mean_years_schooling_new_method,415,[Metode Baru] Rata-rata Lama Sekolah,Tahun,Tujuan Pembangunan Berkelanjutan Edisi I,0000,1175,Kota Subulussalam,0,Tidak ada,123,2023,0,Tahun,8.32,117541501230,2025-11-05 12:00:46
mean_years_schooling_new_method,415,[Metode Baru] Rata-rata Lama Sekolah,Tahun,Tujuan Pembangunan Berkelanjutan Edisi I,0000,1200,SUMATERA UTARA,0,Tidak ada,123,2023,0,Tahun,9.82,120041501230,2025-11-05 12:00:46
mean_years_schooling_new_method,415,[Metode Baru] Rata-rata Lama Sekolah,Tahun,Tujuan Pembangunan Berkelanjutan Edisi I,0000,1201,Nias,0,Tidak ada,123,2023,0,Tahun,6.14,120141501230,2025-11-05 12:00:46
mean_years_schooling_new_method,415,[Metode Baru] Rata-rata Lama Sekolah,Tahun,Tujuan Pembangunan Berkelanjutan Edisi I,0000,1202,Mandailing Natal,0,Tidak ada,123,2023,0,Tahun,8.84,120241501230,2025-11-05 12:00:46
mean_years_schooling_new_method,415,[Metode Baru] Rata-rata Lama Sekolah,Tahun,Tujuan Pembangunan Berkelanjutan Edisi I,0000,1203,Tapanuli Selatan,0,Tidak ada,123,2023,0,Tahun,9.51,120341501230,2025-11-05 12:00:46
mean_years_schooling_new_method,415,[Metode Baru] Rata-rata Lama Sekolah,Tahun,Tujuan Pembangunan Berkelanjutan Edisi I,0000,1204,Tapanuli Tengah,0,Tidak ada,123,2023,0,Tahun,8.87,120441501230,2025-11-05 12:00:46
mean_years_schooling_new_method,415,[Metode Baru] Rata-rata Lama Sekolah,Tahun,Tujuan Pembangunan Berkelanjutan Edisi I,0000,1205,Tapanuli Utara,0,Tidak ada,123,2023,0,Tahun,10.09,120541501230,2025-11-05 12:00:46
mean_years_schooling_new_method,415,[Metode Baru] Rata-rata Lama Sekolah,Tahun,Tujuan Pembangunan Berkelanjutan Edisi I,0000,1206,Toba Samosir / Toba,0,Tidak ada,123,2023,0,Tahun,10.59,120641501230,2025-11-05 12:00:46
mean_years_schooling_new_method,415,[Metode Baru] Rata-rata Lama Sekolah,Tahun,Tujuan Pembangunan Berkelanjutan Edisi I,0000,1207,Labuhan Batu,0,Tidak ada,123,2023,0,Tahun,9.49,120741501230,2025-11-05 12:00:46
mean_years_schooling_new_method,415,[Metode Baru] Rata-rata Lama Sekolah,Tahun,Tujuan Pembangunan Berkelanjutan Edisi I,0000,1208,Asahan,0,Tidak ada,123,2023,0,Tahun,8.83,120841501230,2025-11-05 12:00:46
mean_years_schooling_new_method,415,[Metode Baru] Rata-rata Lama Sekolah,Tahun,Tujuan Pembangunan Berkelanjutan Edisi I,0000,1209,Simalungun,0,Tidak ada,123,2023,0,Tahun,9.72,120941501230,2025-11-05 12:00:46
mean_years_schooling_new_method,415,[Metode Baru] Rata-rata Lama Sekolah,Tahun,Tujuan Pembangunan Berkelanjutan Edisi I,0000,1210,Dairi,0,Tidak ada,123,2023,0,Tahun,9.88,121041501230,2025-11-05 12:00:46
mean_years_schooling_new_method,415,[Metode Baru] Rata-rata Lama Sekolah,Tahun,Tujuan Pembangunan Berkelanjutan Edisi I,0000,1211,Karo,0,Tidak ada,123,2023,0,Tahun,10.03,121141501230,2025-11-05 12:00:46
mean_years_schooling_new_method,415,[Metode Baru] Rata-rata Lama Sekolah,Tahun,Tujuan Pembangunan Berkelanjutan Edisi I,0000,1212,Deli Serdang,0,Tidak ada,123,2023,0,Tahun,10.28,121241501230,2025-11-05 12:00:46
mean_years_schooling_new_method,415,[Metode Baru] Rata-rata Lama Sekolah,Tahun,Tujuan Pembangunan Berkelanjutan Edisi I,0000,1213,Langkat,0,Tidak ada,123,2023,0,Tahun,8.73,121341501230,2025-11-05 12:00:46
mean_years_schooling_new_method,415,[Metode Baru] Rata-rata Lama Sekolah,Tahun,Tujuan Pembangunan Berkelanjutan Edisi I,0000,1214,Nias Selatan,0,Tidak ada,123,2023,0,Tahun,6.48,121441501230,2025-11-05 12:00:46
mean_years_schooling_new_method,415,[Metode Baru] Rata-rata Lama Sekolah,Tahun,Tujuan Pembangunan Berkelanjutan Edisi I,0000,1215,Humbang Hasundutan,0,Tidak ada,123,2023,0,Tahun,10.01,121541501230,2025-11-05 12:00:46
mean_years_schooling_new_method,415,[Metode Baru] Rata-rata Lama Sekolah,Tahun,Tujuan Pembangunan Berkelanjutan Edisi I,0000,1216,Pakpak Bharat,0,Tidak ada,123,2023,0,Tahun,9.61,121641501230,2025-11-05 12:00:46
mean_years_schooling_new_method,415,[Metode Baru] Rata-rata Lama Sekolah,Tahun,Tujuan Pembangunan Berkelanjutan Edisi I,0000,1217,Samosir,0,Tidak ada,123,2023,0,Tahun,9.47,121741501230,2025-11-05 12:00:46
mean_years_schooling_new_method,415,[Metode Baru] Rata-rata Lama Sekolah,Tahun,Tujuan Pembangunan Berkelanjutan Edisi I,0000,1218,Serdang Bedagai,0,Tidak ada,123,2023,0,Tahun,8.85,121841501230,2025-11-05 12:00:46
mean_years_schooling_new_method,415,[Metode Baru] Rata-rata Lama Sekolah,Tahun,Tujuan Pembangunan Berkelanjutan Edisi I,0000,1219,Batu Bara,0,Tidak ada,123,2023,0,Tahun,8.5,121941501230,2025-11-05 12:00:46
mean_years_schooling_new_method,415,[Metode Baru] Rata-rata Lama Sekolah,Tahun,Tujuan Pembangunan Berkelanjutan Edisi I,0000,1220,Padang Lawas Utara,0,Tidak ada,123,2023,0,Tahun,9.55,122041501230,2025-11-05 12:00:46
mean_years_schooling_new_method,415,[Metode Baru] Rata-rata Lama Sekolah,Tahun,Tujuan Pembangunan Berkelanjutan Edisi I,0000,1221,Padang Lawas,0,Tidak ada,123,2023,0,Tahun,9.43,122141501230,2025-11-05 12:00:46
mean_years_schooling_new_method,415,[Metode Baru] Rata-rata Lama Sekolah,Tahun,Tujuan Pembangunan Berkelanjutan Edisi I,0000,1222,Labuhan Batu Selatan,0,Tidak ada,123,2023,0,Tahun,8.93,122241501230,2025-11-05 12:00:46
mean_years_schooling_new_method,415,[Metode Baru] Rata-rata Lama Sekolah,Tahun,Tujuan Pembangunan Berkelanjutan Edisi I,0000,1223,Labuhan Batu Utara,0,Tidak ada,123,2023,0,Tahun,8.87,122341501230,2025-11-05 12:00:46
mean_years_schooling_new_method,415,[Metode Baru] Rata-rata Lama Sekolah,Tahun,Tujuan Pembangunan Berkelanjutan Edisi I,0000,1224,Nias Utara,0,Tidak ada,123,2023,0,Tahun,6.85,122441501230,2025-11-05 12:00:46
mean_years_schooling_new_method,415,[Metode Baru] Rata-rata Lama Sekolah,Tahun,Tujuan Pembangunan Berkelanjutan Edisi I,0000,1225,Nias Barat,0,Tidak ada,123,2023,0,Tahun,7.07,122541501230,2025-11-05 12:00:46
mean_years_schooling_new_method,415,[Metode Baru] Rata-rata Lama Sekolah,Tahun,Tujuan Pembangunan Berkelanjutan Edisi I,0000,1271,Kota Sibolga,0,Tidak ada,123,2023,0,Tahun,10.44,127141501230,2025-11-05 12:00:46
mean_years_schooling_new_method,415,[Metode Baru] Rata-rata Lama Sekolah,Tahun,Tujuan Pembangunan Berkelanjutan Edisi I,0000,1272,Kota Tanjung Balai,0,Tidak ada,123,2023,0,Tahun,9.68,127241501230,2025-11-05 12:00:46
mean_years_schooling_new_method,415,[Metode Baru] Rata-rata Lama Sekolah,Tahun,Tujuan Pembangunan Berkelanjutan Edisi I,0000,1273,Kota Pematang Siantar,0,Tidak ada,123,2023,0,Tahun,11.58,127341501230,2025-11-05 12:00:46
mean_years_schooling_new_method,415,[Metode Baru] Rata-rata Lama Sekolah,Tahun,Tujuan Pembangunan Berkelanjutan Edisi I,0000,1274,Kota Tebing Tinggi,0,Tidak ada,123,2023,0,Tahun,10.86,127441501230,2025-11-05 12:00:46
mean_years_schooling_new_method,415,[Metode Baru] Rata-rata Lama Sekolah,Tahun,Tujuan Pembangunan Berkelanjutan Edisi I,0000,1275,Kota Medan,0,Tidak ada,123,2023,0,Tahun,11.62,127541501230,2025-11-05 12:00:46
mean_years_schooling_new_method,415,[Metode Baru] Rata-rata Lama Sekolah,Tahun,Tujuan Pembangunan Berkelanjutan Edisi I,0000,1276,Kota Binjai,0,Tidak ada,123,2023,0,Tahun,11.19,127641501230,2025-11-05 12:00:46
mean_years_schooling_new_method,415,[Metode Baru] Rata-rata Lama Sekolah,Tahun,Tujuan Pembangunan Berkelanjutan Edisi I,0000,1277,Kota Padangsidimpuan,0,Tidak ada,123,2023,0,Tahun,11.12,127741501230,2025-11-05 12:00:46
mean_years_schooling_new_method,415,[Metode Baru] Rata-rata Lama Sekolah,Tahun,Tujuan Pembangunan Berkelanjutan Edisi I,0000,1278,Kota Gunungsitoli,0,Tidak ada,123,2023,0,Tahun,8.65,127841501230,2025-11-05 12:00:46
mean_years_schooling_new_method,415,[Metode Baru] Rata-rata Lama Sekolah,Tahun,Tujuan Pembangunan Berkelanjutan Edisi I,0000,1300,SUMATERA BARAT,0,Tidak ada,123,2023,0,Tahun,9.28,130041501230,2025-11-05 12:00:46
mean_years_schooling_new_method,415,[Metode Baru] Rata-rata Lama Sekolah,Tahun,Tujuan Pembangunan Berkelanjutan Edisi I,0000,1301,Kepulauan Mentawai,0,Tidak ada,123,2023,0,Tahun,7.76,130141501230,2025-11-05 12:00:46
mean_years_schooling_new_method,415,[Metode Baru] Rata-rata Lama Sekolah,Tahun,Tujuan Pembangunan Berkelanjutan Edisi I,0000,1302,Pesisir Selatan,0,Tidak ada,123,2023,0,Tahun,8.58,130241501230,2025-11-05 12:00:46
mean_years_schooling_new_method,415,[Metode Baru] Rata-rata Lama Sekolah,Tahun,Tujuan Pembangunan Berkelanjutan Edisi I,0000,1303,Solok,0,Tidak ada,123,2023,0,Tahun,7.9,130341501230,2025-11-05 12:00:46
mean_years_schooling_new_method,415,[Metode Baru] Rata-rata Lama Sekolah,Tahun,Tujuan Pembangunan Berkelanjutan Edisi I,0000,1304,Sijunjung,0,Tidak ada,123,2023,0,Tahun,8.57,130441501230,2025-11-05 12:00:46
mean_years_schooling_new_method,415,[Metode Baru] Rata-rata Lama Sekolah,Tahun,Tujuan Pembangunan Berkelanjutan Edisi I,0000,1305,Tanah Datar,0,Tidak ada,123,2023,0,Tahun,9.02,130541501230,2025-11-05 12:00:46
mean_years_schooling_new_method,415,[Metode Baru] Rata-rata Lama Sekolah,Tahun,Tujuan Pembangunan Berkelanjutan Edisi I,0000,1306,Padang Pariaman,0,Tidak ada,123,2023,0,Tahun,8.41,130641501230,2025-11-05 12:00:46
mean_years_schooling_new_method,415,[Metode Baru] Rata-rata Lama Sekolah,Tahun,Tujuan Pembangunan Berkelanjutan Edisi I,0000,1307,Agam,0,Tidak ada,123,2023,0,Tahun,9.22,130741501230,2025-11-05 12:00:46
mean_years_schooling_new_method,415,[Metode Baru] Rata-rata Lama Sekolah,Tahun,Tujuan Pembangunan Berkelanjutan Edisi I,0000,1308,Lima Puluh Kota,0,Tidak ada,123,2023,0,Tahun,8.12,130841501230,2025-11-05 12:00:46
mean_years_schooling_new_method,415,[Metode Baru] Rata-rata Lama Sekolah,Tahun,Tujuan Pembangunan Berkelanjutan Edisi I,0000,1309,Pasaman,0,Tidak ada,123,2023,0,Tahun,8.13,130941501230,2025-11-05 12:00:46
mean_years_schooling_new_method,415,[Metode Baru] Rata-rata Lama Sekolah,Tahun,Tujuan Pembangunan Berkelanjutan Edisi I,0000,1310,Solok Selatan,0,Tidak ada,123,2023,0,Tahun,8.69,131041501230,2025-11-05 12:00:46
mean_years_schooling_new_method,415,[Metode Baru] Rata-rata Lama Sekolah,Tahun,Tujuan Pembangunan Berkelanjutan Edisi I,0000,1311,Dharmasraya,0,Tidak ada,123,2023,0,Tahun,8.71,131141501230,2025-11-05 12:00:46
mean_years_schooling_new_method,415,[Metode Baru] Rata-rata Lama Sekolah,Tahun,Tujuan Pembangunan Berkelanjutan Edisi I,0000,1312,Pasaman Barat,0,Tidak ada,123,2023,0,Tahun,8.81,131241501230,2025-11-05 12:00:46
mean_years_schooling_new_method,415,[Metode Baru] Rata-rata Lama Sekolah,Tahun,Tujuan Pembangunan Berkelanjutan Edisi I,0000,1371,Kota Padang,0,Tidak ada,123,2023,0,Tahun,11.62,137141501230,2025-11-05 12:00:46
mean_years_schooling_new_method,415,[Metode Baru] Rata-rata Lama Sekolah,Tahun,Tujuan Pembangunan Berkelanjutan Edisi I,0000,1372,Kota Solok,0,Tidak ada,123,2023,0,Tahun,11.36,137241501230,2025-11-05 12:00:46
mean_years_schooling_new_method,415,[Metode Baru] Rata-rata Lama Sekolah,Tahun,Tujuan Pembangunan Berkelanjutan Edisi I,0000,1373,Kota Sawah Lunto,0,Tidak ada,123,2023,0,Tahun,10.44,137341501230,2025-11-05 12:00:46
mean_years_schooling_new_method,415,[Metode Baru] Rata-rata Lama Sekolah,Tahun,Tujuan Pembangunan Berkelanjutan Edisi I,0000,1374,Kota Padang Panjang,0,Tidak ada,123,2023,0,Tahun,11.94,137441501230,2025-11-05 12:00:46
mean_years_schooling_new_method,415,[Metode Baru] Rata-rata Lama Sekolah,Tahun,Tujuan Pembangunan Berkelanjutan Edisi I,0000,1375,Kota Bukittinggi,0,Tidak ada,123,2023,0,Tahun,11.64,137541501230,2025-11-05 12:00:46
mean_years_schooling_new_method,415,[Metode Baru] Rata-rata Lama Sekolah,Tahun,Tujuan Pembangunan Berkelanjutan Edisi I,0000,1376,Kota Payakumbuh,0,Tidak ada,123,2023,0,Tahun,10.88,137641501230,2025-11-05 12:00:46
mean_years_schooling_new_method,415,[Metode Baru] Rata-rata Lama Sekolah,Tahun,Tujuan Pembangunan Berkelanjutan Edisi I,0000,1377,Kota Pariaman,0,Tidak ada,123,2023,0,Tahun,10.79,137741501230,2025-11-05 12:00:46
mean_years_schooling_new_method,415,[Metode Baru] Rata-rata Lama Sekolah,Tahun,Tujuan Pembangunan Berkelanjutan Edisi I,0000,1400,RIAU,0,Tidak ada,123,2023,0,Tahun,9.32,140041501230,2025-11-05 12:00:46
mean_years_schooling_new_method,415,[Metode Baru] Rata-rata Lama Sekolah,Tahun,Tujuan Pembangunan Berkelanjutan Edisi I,0000,1401,Kuantan Singingi,0,Tidak ada,123,2023,0,Tahun,8.9,140141501230,2025-11-05 12:00:46
mean_years_schooling_new_method,415,[Metode Baru] Rata-rata Lama Sekolah,Tahun,Tujuan Pembangunan Berkelanjutan Edisi I,0000,1402,Indragiri Hulu,0,Tidak ada,123,2023,0,Tahun,8.42,140241501230,2025-11-05 12:00:46
mean_years_schooling_new_method,415,[Metode Baru] Rata-rata Lama Sekolah,Tahun,Tujuan Pembangunan Berkelanjutan Edisi I,0000,1403,Indragiri Hilir,0,Tidak ada,123,2023,0,Tahun,7.31,140341501230,2025-11-05 12:00:46
mean_years_schooling_new_method,415,[Metode Baru] Rata-rata Lama Sekolah,Tahun,Tujuan Pembangunan Berkelanjutan Edisi I,0000,1404,Pelalawan,0,Tidak ada,123,2023,0,Tahun,8.73,140441501230,2025-11-05 12:00:46
mean_years_schooling_new_method,415,[Metode Baru] Rata-rata Lama Sekolah,Tahun,Tujuan Pembangunan Berkelanjutan Edisi I,0000,1405,Siak,0,Tidak ada,123,2023,0,Tahun,9.88,140541501230,2025-11-05 12:00:46
mean_years_schooling_new_method,415,[Metode Baru] Rata-rata Lama Sekolah,Tahun,Tujuan Pembangunan Berkelanjutan Edisi I,0000,1406,Kampar,0,Tidak ada,123,2023,0,Tahun,9.4,140641501230,2025-11-05 12:00:46
mean_years_schooling_new_method,415,[Metode Baru] Rata-rata Lama Sekolah,Tahun,Tujuan Pembangunan Berkelanjutan Edisi I,0000,1407,Rokan Hulu,0,Tidak ada,123,2023,0,Tahun,8.81,140741501230,2025-11-05 12:00:46
mean_years_schooling_new_method,415,[Metode Baru] Rata-rata Lama Sekolah,Tahun,Tujuan Pembangunan Berkelanjutan Edisi I,0000,1408,Bengkalis,0,Tidak ada,123,2023,0,Tahun,9.73,140841501230,2025-11-05 12:00:46
mean_years_schooling_new_method,415,[Metode Baru] Rata-rata Lama Sekolah,Tahun,Tujuan Pembangunan Berkelanjutan Edisi I,0000,1409,Rokan Hilir,0,Tidak ada,123,2023,0,Tahun,8.52,140941501230,2025-11-05 12:00:46
mean_years_schooling_new_method,415,[Metode Baru] Rata-rata Lama Sekolah,Tahun,Tujuan Pembangunan Berkelanjutan Edisi I,0000,1410,Kepulauan Meranti,0,Tidak ada,123,2023,0,Tahun,7.99,141041501230,2025-11-05 12:00:46
mean_years_schooling_new_method,415,[Metode Baru] Rata-rata Lama Sekolah,Tahun,Tujuan Pembangunan Berkelanjutan Edisi I,0000,1471,Kota Pekanbaru,0,Tidak ada,123,2023,0,Tahun,11.94,147141501230,2025-11-05 12:00:46
mean_years_schooling_new_method,415,[Metode Baru] Rata-rata Lama Sekolah,Tahun,Tujuan Pembangunan Berkelanjutan Edisi I,0000,1473,Kota Dumai,0,Tidak ada,123,2023,0,Tahun,10.16,147341501230,2025-11-05 12:00:46
mean_years_schooling_new_method,415,[Metode Baru] Rata-rata Lama Sekolah,Tahun,Tujuan Pembangunan Berkelanjutan Edisi I,0000,1500,JAMBI,0,Tidak ada,123,2023,0,Tahun,8.81,150041501230,2025-11-05 12:00:46
mean_years_schooling_new_method,415,[Metode Baru] Rata-rata Lama Sekolah,Tahun,Tujuan Pembangunan Berkelanjutan Edisi I,0000,1501,Kerinci,0,Tidak ada,123,2023,0,Tahun,8.59,150141501230,2025-11-05 12:00:46
mean_years_schooling_new_method,415,[Metode Baru] Rata-rata Lama Sekolah,Tahun,Tujuan Pembangunan Berkelanjutan Edisi I,0000,1502,Merangin,0,Tidak ada,123,2023,0,Tahun,8.13,150241501230,2025-11-05 12:00:46
mean_years_schooling_new_method,415,[Metode Baru] Rata-rata Lama Sekolah,Tahun,Tujuan Pembangunan Berkelanjutan Edisi I,0000,1503,Sarolangun,0,Tidak ada,123,2023,0,Tahun,8.14,150341501230,2025-11-05 12:00:46
mean_years_schooling_new_method,415,[Metode Baru] Rata-rata Lama Sekolah,Tahun,Tujuan Pembangunan Berkelanjutan Edisi I,0000,1504,Batang Hari,0,Tidak ada,123,2023,0,Tahun,8.22,150441501230,2025-11-05 12:00:46
mean_years_schooling_new_method,415,[Metode Baru] Rata-rata Lama Sekolah,Tahun,Tujuan Pembangunan Berkelanjutan Edisi I,0000,1505,Muaro Jambi,0,Tidak ada,123,2023,0,Tahun,8.69,150541501230,2025-11-05 12:00:46
mean_years_schooling_new_method,415,[Metode Baru] Rata-rata Lama Sekolah,Tahun,Tujuan Pembangunan Berkelanjutan Edisi I,0000,1506,Tanjung Jabung Timur,0,Tidak ada,123,2023,0,Tahun,7.43,150641501230,2025-11-05 12:00:46
mean_years_schooling_new_method,415,[Metode Baru] Rata-rata Lama Sekolah,Tahun,Tujuan Pembangunan Berkelanjutan Edisi I,0000,1507,Tanjung Jabung Barat,0,Tidak ada,123,2023,0,Tahun,8.31,150741501230,2025-11-05 12:00:46
mean_years_schooling_new_method,415,[Metode Baru] Rata-rata Lama Sekolah,Tahun,Tujuan Pembangunan Berkelanjutan Edisi I,0000,1508,Tebo,0,Tidak ada,123,2023,0,Tahun,7.94,150841501230,2025-11-05 12:00:46
mean_years_schooling_new_method,415,[Metode Baru] Rata-rata Lama Sekolah,Tahun,Tujuan Pembangunan Berkelanjutan Edisi I,0000,1509,Bungo,0,Tidak ada,123,2023,0,Tahun,8.39,150941501230,2025-11-05 12:00:46
mean_years_schooling_new_method,415,[Metode Baru] Rata-rata Lama Sekolah,Tahun,Tujuan Pembangunan Berkelanjutan Edisi I,0000,1571,Kota Jambi,0,Tidak ada,123,2023,0,Tahun,11.32,157141501230,2025-11-05 12:00:46
mean_years_schooling_new_method,415,[Metode Baru] Rata-rata Lama Sekolah,Tahun,Tujuan Pembangunan Berkelanjutan Edisi I,0000,1572,Kota Sungai Penuh,0,Tidak ada,123,2023,0,Tahun,10.36,157241501230,2025-11-05 12:00:46
mean_years_schooling_new_method,415,[Metode Baru] Rata-rata Lama Sekolah,Tahun,Tujuan Pembangunan Berkelanjutan Edisi I,0000,1600,SUMATERA SELATAN,0,Tidak ada,123,2023,0,Tahun,8.5,160041501230,2025-11-05 12:00:46
mean_years_schooling_new_method,415,[Metode Baru] Rata-rata Lama Sekolah,Tahun,Tujuan Pembangunan Berkelanjutan Edisi I,0000,1601,Ogan Komering Ulu,0,Tidak ada,123,2023,0,Tahun,8.85,160141501230,2025-11-05 12:00:46
mean_years_schooling_new_method,415,[Metode Baru] Rata-rata Lama Sekolah,Tahun,Tujuan Pembangunan Berkelanjutan Edisi I,0000,1602,Ogan Komering Ilir,0,Tidak ada,123,2023,0,Tahun,7.08,160241501230,2025-11-05 12:00:46
mean_years_schooling_new_method,415,[Metode Baru] Rata-rata Lama Sekolah,Tahun,Tujuan Pembangunan Berkelanjutan Edisi I,0000,1603,Muara Enim,0,Tidak ada,123,2023,0,Tahun,8.14,160341501230,2025-11-05 12:00:46
mean_years_schooling_new_method,415,[Metode Baru] Rata-rata Lama Sekolah,Tahun,Tujuan Pembangunan Berkelanjutan Edisi I,0000,1604,Lahat,0,Tidak ada,123,2023,0,Tahun,8.56,160441501230,2025-11-05 12:00:46
mean_years_schooling_new_method,415,[Metode Baru] Rata-rata Lama Sekolah,Tahun,Tujuan Pembangunan Berkelanjutan Edisi I,0000,1605,Musi Rawas,0,Tidak ada,123,2023,0,Tahun,7.56,160541501230,2025-11-05 12:00:46
mean_years_schooling_new_method,415,[Metode Baru] Rata-rata Lama Sekolah,Tahun,Tujuan Pembangunan Berkelanjutan Edisi I,0000,1606,Musi Banyuasin,0,Tidak ada,123,2023,0,Tahun,7.68,160641501230,2025-11-05 12:00:46
mean_years_schooling_new_method,415,[Metode Baru] Rata-rata Lama Sekolah,Tahun,Tujuan Pembangunan Berkelanjutan Edisi I,0000,1607,Banyu Asin,0,Tidak ada,123,2023,0,Tahun,7.46,160741501230,2025-11-05 12:00:46
mean_years_schooling_new_method,415,[Metode Baru] Rata-rata Lama Sekolah,Tahun,Tujuan Pembangunan Berkelanjutan Edisi I,0000,1608,Ogan Komering Ulu Selatan,0,Tidak ada,123,2023,0,Tahun,8.05,160841501230,2025-11-05 12:00:46
mean_years_schooling_new_method,415,[Metode Baru] Rata-rata Lama Sekolah,Tahun,Tujuan Pembangunan Berkelanjutan Edisi I,0000,1609,Ogan Komering Ulu Timur,0,Tidak ada,123,2023,0,Tahun,8.07,160941501230,2025-11-05 12:00:46
mean_years_schooling_new_method,415,[Metode Baru] Rata-rata Lama Sekolah,Tahun,Tujuan Pembangunan Berkelanjutan Edisi I,0000,1610,Ogan Ilir,0,Tidak ada,123,2023,0,Tahun,8.08,161041501230,2025-11-05 12:00:46
mean_years_schooling_new_method,415,[Metode Baru] Rata-rata Lama Sekolah,Tahun,Tujuan Pembangunan Berkelanjutan Edisi I,0000,1611,Empat Lawang,0,Tidak ada,123,2023,0,Tahun,7.66,161141501230,2025-11-05 12:00:46
mean_years_schooling_new_method,415,[Metode Baru] Rata-rata Lama Sekolah,Tahun,Tujuan Pembangunan Berkelanjutan Edisi I,0000,1612,Penukal Abab Lematang Ilir,0,Tidak ada,123,2023,0,Tahun,7.08,161241501230,2025-11-05 12:00:46
mean_years_schooling_new_method,415,[Metode Baru] Rata-rata Lama Sekolah,Tahun,Tujuan Pembangunan Berkelanjutan Edisi I,0000,1613,Musi Rawas Utara,0,Tidak ada,123,2023,0,Tahun,7.5,161341501230,2025-11-05 12:00:46
mean_years_schooling_new_method,415,[Metode Baru] Rata-rata Lama Sekolah,Tahun,Tujuan Pembangunan Berkelanjutan Edisi I,0000,1671,Kota Palembang,0,Tidak ada,123,2023,0,Tahun,10.92,167141501230,2025-11-05 12:00:46
mean_years_schooling_new_method,415,[Metode Baru] Rata-rata Lama Sekolah,Tahun,Tujuan Pembangunan Berkelanjutan Edisi I,0000,1672,Kota Prabumulih,0,Tidak ada,123,2023,0,Tahun,10.35,167241501230,2025-11-05 12:00:46
mean_years_schooling_new_method,415,[Metode Baru] Rata-rata Lama Sekolah,Tahun,Tujuan Pembangunan Berkelanjutan Edisi I,0000,1673,Kota Pagar Alam,0,Tidak ada,123,2023,0,Tahun,9.43,167341501230,2025-11-05 12:00:46
mean_years_schooling_new_method,415,[Metode Baru] Rata-rata Lama Sekolah,Tahun,Tujuan Pembangunan Berkelanjutan Edisi I,0000,1674,Kota Lubuklinggau,0,Tidak ada,123,2023,0,Tahun,9.93,167441501230,2025-11-05 12:00:46
mean_years_schooling_new_method,415,[Metode Baru] Rata-rata Lama Sekolah,Tahun,Tujuan Pembangunan Berkelanjutan Edisi I,0000,1700,BENGKULU,0,Tidak ada,123,2023,0,Tahun,9.03,170041501230,2025-11-05 12:00:46
mean_years_schooling_new_method,415,[Metode Baru] Rata-rata Lama Sekolah,Tahun,Tujuan Pembangunan Berkelanjutan Edisi I,0000,1701,Bengkulu Selatan,0,Tidak ada,123,2023,0,Tahun,9.41,170141501230,2025-11-05 12:00:46
mean_years_schooling_new_method,415,[Metode Baru] Rata-rata Lama Sekolah,Tahun,Tujuan Pembangunan Berkelanjutan Edisi I,0000,1702,Rejang Lebong,0,Tidak ada,123,2023,0,Tahun,8.8,170241501230,2025-11-05 12:00:46
mean_years_schooling_new_method,415,[Metode Baru] Rata-rata Lama Sekolah,Tahun,Tujuan Pembangunan Berkelanjutan Edisi I,0000,1703,Bengkulu Utara,0,Tidak ada,123,2023,0,Tahun,8.11,170341501230,2025-11-05 12:00:46
mean_years_schooling_new_method,415,[Metode Baru] Rata-rata Lama Sekolah,Tahun,Tujuan Pembangunan Berkelanjutan Edisi I,0000,1704,Kaur,0,Tidak ada,123,2023,0,Tahun,8.41,170441501230,2025-11-05 12:00:46
mean_years_schooling_new_method,415,[Metode Baru] Rata-rata Lama Sekolah,Tahun,Tujuan Pembangunan Berkelanjutan Edisi I,0000,1705,Seluma,0,Tidak ada,123,2023,0,Tahun,8.13,170541501230,2025-11-05 12:00:46
mean_years_schooling_new_method,415,[Metode Baru] Rata-rata Lama Sekolah,Tahun,Tujuan Pembangunan Berkelanjutan Edisi I,0000,1706,Mukomuko,0,Tidak ada,123,2023,0,Tahun,8.56,170641501230,2025-11-05 12:00:46
mean_years_schooling_new_method,415,[Metode Baru] Rata-rata Lama Sekolah,Tahun,Tujuan Pembangunan Berkelanjutan Edisi I,0000,1707,Lebong,0,Tidak ada,123,2023,0,Tahun,8.26,170741501230,2025-11-05 12:00:46
mean_years_schooling_new_method,415,[Metode Baru] Rata-rata Lama Sekolah,Tahun,Tujuan Pembangunan Berkelanjutan Edisi I,0000,1708,Kepahiang,0,Tidak ada,123,2023,0,Tahun,8.36,170841501230,2025-11-05 12:00:46
mean_years_schooling_new_method,415,[Metode Baru] Rata-rata Lama Sekolah,Tahun,Tujuan Pembangunan Berkelanjutan Edisi I,0000,1709,Bengkulu Tengah,0,Tidak ada,123,2023,0,Tahun,7.51,170941501230,2025-11-05 12:00:46
mean_years_schooling_new_method,415,[Metode Baru] Rata-rata Lama Sekolah,Tahun,Tujuan Pembangunan Berkelanjutan Edisi I,0000,1771,Kota Bengkulu,0,Tidak ada,123,2023,0,Tahun,11.83,177141501230,2025-11-05 12:00:46
mean_years_schooling_new_method,415,[Metode Baru] Rata-rata Lama Sekolah,Tahun,Tujuan Pembangunan Berkelanjutan Edisi I,0000,1800,LAMPUNG,0,Tidak ada,123,2023,0,Tahun,8.29,180041501230,2025-11-05 12:00:46
mean_years_schooling_new_method,415,[Metode Baru] Rata-rata Lama Sekolah,Tahun,Tujuan Pembangunan Berkelanjutan Edisi I,0000,1801,Lampung Barat,0,Tidak ada,123,2023,0,Tahun,8.36,180141501230,2025-11-05 12:00:46
mean_years_schooling_new_method,415,[Metode Baru] Rata-rata Lama Sekolah,Tahun,Tujuan Pembangunan Berkelanjutan Edisi I,0000,1802,Tanggamus,0,Tidak ada,123,2023,0,Tahun,7.36,180241501230,2025-11-05 12:00:46
mean_years_schooling_new_method,415,[Metode Baru] Rata-rata Lama Sekolah,Tahun,Tujuan Pembangunan Berkelanjutan Edisi I,0000,1803,Lampung Selatan,0,Tidak ada,123,2023,0,Tahun,7.77,180341501230,2025-11-05 12:00:46
mean_years_schooling_new_method,415,[Metode Baru] Rata-rata Lama Sekolah,Tahun,Tujuan Pembangunan Berkelanjutan Edisi I,0000,1804,Lampung Timur,0,Tidak ada,123,2023,0,Tahun,8.14,180441501230,2025-11-05 12:00:46
mean_years_schooling_new_method,415,[Metode Baru] Rata-rata Lama Sekolah,Tahun,Tujuan Pembangunan Berkelanjutan Edisi I,0000,1805,Lampung Tengah,0,Tidak ada,123,2023,0,Tahun,7.81,180541501230,2025-11-05 12:00:46
mean_years_schooling_new_method,415,[Metode Baru] Rata-rata Lama Sekolah,Tahun,Tujuan Pembangunan Berkelanjutan Edisi I,0000,1806,Lampung Utara,0,Tidak ada,123,2023,0,Tahun,8.36,180641501230,2025-11-05 12:00:46
mean_years_schooling_new_method,415,[Metode Baru] Rata-rata Lama Sekolah,Tahun,Tujuan Pembangunan Berkelanjutan Edisi I,0000,1807,Way Kanan,0,Tidak ada,123,2023,0,Tahun,7.74,180741501230,2025-11-05 12:00:46
mean_years_schooling_new_method,415,[Metode Baru] Rata-rata Lama Sekolah,Tahun,Tujuan Pembangunan Berkelanjutan Edisi I,0000,1808,Tulangbawang,0,Tidak ada,123,2023,0,Tahun,7.57,180841501230,2025-11-05 12:00:46
mean_years_schooling_new_method,415,[Metode Baru] Rata-rata Lama Sekolah,Tahun,Tujuan Pembangunan Berkelanjutan Edisi I,0000,1809,Pesawaran,0,Tidak ada,123,2023,0,Tahun,7.99,180941501230,2025-11-05 12:00:46
mean_years_schooling_new_method,415,[Metode Baru] Rata-rata Lama Sekolah,Tahun,Tujuan Pembangunan Berkelanjutan Edisi I,0000,1810,Pringsewu,0,Tidak ada,123,2023,0,Tahun,8.42,181041501230,2025-11-05 12:00:46
mean_years_schooling_new_method,415,[Metode Baru] Rata-rata Lama Sekolah,Tahun,Tujuan Pembangunan Berkelanjutan Edisi I,0000,1811,Mesuji,0,Tidak ada,123,2023,0,Tahun,7.11,181141501230,2025-11-05 12:00:46
mean_years_schooling_new_method,415,[Metode Baru] Rata-rata Lama Sekolah,Tahun,Tujuan Pembangunan Berkelanjutan Edisi I,0000,1812,Tulang Bawang Barat,0,Tidak ada,123,2023,0,Tahun,7.79,181241501230,2025-11-05 12:00:46
mean_years_schooling_new_method,415,[Metode Baru] Rata-rata Lama Sekolah,Tahun,Tujuan Pembangunan Berkelanjutan Edisi I,0000,1813,Pesisir Barat,0,Tidak ada,123,2023,0,Tahun,8.7,181341501230,2025-11-05 12:00:46
mean_years_schooling_new_method,415,[Metode Baru] Rata-rata Lama Sekolah,Tahun,Tujuan Pembangunan Berkelanjutan Edisi I,0000,1871,Kota Bandar Lampung,0,Tidak ada,123,2023,0,Tahun,10.97,187141501230,2025-11-05 12:00:46
mean_years_schooling_new_method,415,[Metode Baru] Rata-rata Lama Sekolah,Tahun,Tujuan Pembangunan Berkelanjutan Edisi I,0000,1872,Kota Metro,0,Tidak ada,123,2023,0,Tahun,11,187241501230,2025-11-05 12:00:46
mean_years_schooling_new_method,415,[Metode Baru] Rata-rata Lama Sekolah,Tahun,Tujuan Pembangunan Berkelanjutan Edisi I,0000,1900,KEP. BANGKA BELITUNG,0,Tidak ada,123,2023,0,Tahun,8.25,190041501230,2025-11-05 12:00:46
mean_years_schooling_new_method,415,[Metode Baru] Rata-rata Lama Sekolah,Tahun,Tujuan Pembangunan Berkelanjutan Edisi I,0000,1901,Bangka,0,Tidak ada,123,2023,0,Tahun,8.32,190141501230,2025-11-05 12:00:46
mean_years_schooling_new_method,415,[Metode Baru] Rata-rata Lama Sekolah,Tahun,Tujuan Pembangunan Berkelanjutan Edisi I,0000,1902,Belitung,0,Tidak ada,123,2023,0,Tahun,8.98,190241501230,2025-11-05 12:00:46
mean_years_schooling_new_method,415,[Metode Baru] Rata-rata Lama Sekolah,Tahun,Tujuan Pembangunan Berkelanjutan Edisi I,0000,1903,Bangka Barat,0,Tidak ada,123,2023,0,Tahun,7.47,190341501230,2025-11-05 12:00:46
mean_years_schooling_new_method,415,[Metode Baru] Rata-rata Lama Sekolah,Tahun,Tujuan Pembangunan Berkelanjutan Edisi I,0000,1904,Bangka Tengah,0,Tidak ada,123,2023,0,Tahun,7.23,190441501230,2025-11-05 12:00:46
mean_years_schooling_new_method,415,[Metode Baru] Rata-rata Lama Sekolah,Tahun,Tujuan Pembangunan Berkelanjutan Edisi I,0000,1905,Bangka Selatan,0,Tidak ada,123,2023,0,Tahun,6.91,190541501230,2025-11-05 12:00:46
mean_years_schooling_new_method,415,[Metode Baru] Rata-rata Lama Sekolah,Tahun,Tujuan Pembangunan Berkelanjutan Edisi I,0000,1906,Belitung Timur,0,Tidak ada,123,2023,0,Tahun,8.9,190641501230,2025-11-05 12:00:46
mean_years_schooling_new_method,415,[Metode Baru] Rata-rata Lama Sekolah,Tahun,Tujuan Pembangunan Berkelanjutan Edisi I,0000,1971,Kota Pangkal Pinang,0,Tidak ada,123,2023,0,Tahun,10.5,197141501230,2025-11-05 12:00:46
mean_years_schooling_new_method,415,[Metode Baru] Rata-rata Lama Sekolah,Tahun,Tujuan Pembangunan Berkelanjutan Edisi I,0000,2100,KEPULAUAN RIAU,0,Tidak ada,123,2023,0,Tahun,10.41,210041501230,2025-11-05 12:00:46
mean_years_schooling_new_method,415,[Metode Baru] Rata-rata Lama Sekolah,Tahun,Tujuan Pembangunan Berkelanjutan Edisi I,0000,2101,Karimun,0,Tidak ada,123,2023,0,Tahun,8.69,210141501230,2025-11-05 12:00:46
mean_years_schooling_new_method,415,[Metode Baru] Rata-rata Lama Sekolah,Tahun,Tujuan Pembangunan Berkelanjutan Edisi I,0000,2102,Bintan,0,Tidak ada,123,2023,0,Tahun,8.92,210241501230,2025-11-05 12:00:46
mean_years_schooling_new_method,415,[Metode Baru] Rata-rata Lama Sekolah,Tahun,Tujuan Pembangunan Berkelanjutan Edisi I,0000,2103,Natuna,0,Tidak ada,123,2023,0,Tahun,9.08,210341501230,2025-11-05 12:00:46
mean_years_schooling_new_method,415,[Metode Baru] Rata-rata Lama Sekolah,Tahun,Tujuan Pembangunan Berkelanjutan Edisi I,0000,2104,Lingga,0,Tidak ada,123,2023,0,Tahun,7.35,210441501230,2025-11-05 12:00:46
mean_years_schooling_new_method,415,[Metode Baru] Rata-rata Lama Sekolah,Tahun,Tujuan Pembangunan Berkelanjutan Edisi I,0000,2105,Kepulauan Anambas,0,Tidak ada,123,2023,0,Tahun,7.4,210541501230,2025-11-05 12:00:46
mean_years_schooling_new_method,415,[Metode Baru] Rata-rata Lama Sekolah,Tahun,Tujuan Pembangunan Berkelanjutan Edisi I,0000,2171,Kota Batam,0,Tidak ada,123,2023,0,Tahun,11.19,217141501230,2025-11-05 12:00:46
mean_years_schooling_new_method,415,[Metode Baru] Rata-rata Lama Sekolah,Tahun,Tujuan Pembangunan Berkelanjutan Edisi I,0000,2172,Kota Tanjung Pinang,0,Tidak ada,123,2023,0,Tahun,10.65,217241501230,2025-11-05 12:00:46
mean_years_schooling_new_method,415,[Metode Baru] Rata-rata Lama Sekolah,Tahun,Tujuan Pembangunan Berkelanjutan Edisi I,0000,3100,DKI JAKARTA,0,Tidak ada,123,2023,0,Tahun,11.45,310041501230,2025-11-05 12:00:46
mean_years_schooling_new_method,415,[Metode Baru] Rata-rata Lama Sekolah,Tahun,Tujuan Pembangunan Berkelanjutan Edisi I,0000,3101,Kep. Seribu,0,Tidak ada,123,2023,0,Tahun,9.03,310141501230,2025-11-05 12:00:46
mean_years_schooling_new_method,415,[Metode Baru] Rata-rata Lama Sekolah,Tahun,Tujuan Pembangunan Berkelanjutan Edisi I,0000,3171,Kota Jakarta Selatan,0,Tidak ada,123,2023,0,Tahun,11.75,317141501230,2025-11-05 12:00:46
mean_years_schooling_new_method,415,[Metode Baru] Rata-rata Lama Sekolah,Tahun,Tujuan Pembangunan Berkelanjutan Edisi I,0000,3172,Kota Jakarta Timur,0,Tidak ada,123,2023,0,Tahun,11.88,317241501230,2025-11-05 12:00:46
mean_years_schooling_new_method,415,[Metode Baru] Rata-rata Lama Sekolah,Tahun,Tujuan Pembangunan Berkelanjutan Edisi I,0000,3173,Kota Jakarta Pusat,0,Tidak ada,123,2023,0,Tahun,11.54,317341501230,2025-11-05 12:00:46
mean_years_schooling_new_method,415,[Metode Baru] Rata-rata Lama Sekolah,Tahun,Tujuan Pembangunan Berkelanjutan Edisi I,0000,3174,Kota Jakarta Barat,0,Tidak ada,123,2023,0,Tahun,11.23,317441501230,2025-11-05 12:00:46
mean_years_schooling_new_method,415,[Metode Baru] Rata-rata Lama Sekolah,Tahun,Tujuan Pembangunan Berkelanjutan Edisi I,0000,3175,Kota Jakarta Utara,0,Tidak ada,123,2023,0,Tahun,10.84,317541501230,2025-11-05 12:00:46
mean_years_schooling_new_method,415,[Metode Baru] Rata-rata Lama Sekolah,Tahun,Tujuan Pembangunan Berkelanjutan Edisi I,0000,3200,JAWA BARAT,0,Tidak ada,123,2023,0,Tahun,8.83,320041501230,2025-11-05 12:00:46
mean_years_schooling_new_method,415,[Metode Baru] Rata-rata Lama Sekolah,Tahun,Tujuan Pembangunan Berkelanjutan Edisi I,0000,3201,Bogor,0,Tidak ada,123,2023,0,Tahun,8.37,320141501230,2025-11-05 12:00:46
mean_years_schooling_new_method,415,[Metode Baru] Rata-rata Lama Sekolah,Tahun,Tujuan Pembangunan Berkelanjutan Edisi I,0000,3202,Sukabumi,0,Tidak ada,123,2023,0,Tahun,7.33,320241501230,2025-11-05 12:00:46
mean_years_schooling_new_method,415,[Metode Baru] Rata-rata Lama Sekolah,Tahun,Tujuan Pembangunan Berkelanjutan Edisi I,0000,3203,Cianjur,0,Tidak ada,123,2023,0,Tahun,7.22,320341501230,2025-11-05 12:00:46
mean_years_schooling_new_method,415,[Metode Baru] Rata-rata Lama Sekolah,Tahun,Tujuan Pembangunan Berkelanjutan Edisi I,0000,3204,Bandung,0,Tidak ada,123,2023,0,Tahun,9.1,320441501230,2025-11-05 12:00:46
mean_years_schooling_new_method,415,[Metode Baru] Rata-rata Lama Sekolah,Tahun,Tujuan Pembangunan Berkelanjutan Edisi I,0000,3205,Garut,0,Tidak ada,123,2023,0,Tahun,7.84,320541501230,2025-11-05 12:00:46
mean_years_schooling_new_method,415,[Metode Baru] Rata-rata Lama Sekolah,Tahun,Tujuan Pembangunan Berkelanjutan Edisi I,0000,3206,Tasikmalaya,0,Tidak ada,123,2023,0,Tahun,7.96,320641501230,2025-11-05 12:00:46
mean_years_schooling_new_method,415,[Metode Baru] Rata-rata Lama Sekolah,Tahun,Tujuan Pembangunan Berkelanjutan Edisi I,0000,3207,Ciamis,0,Tidak ada,123,2023,0,Tahun,8.09,320741501230,2025-11-05 12:00:46
mean_years_schooling_new_method,415,[Metode Baru] Rata-rata Lama Sekolah,Tahun,Tujuan Pembangunan Berkelanjutan Edisi I,0000,3208,Kuningan,0,Tidak ada,123,2023,0,Tahun,7.89,320841501230,2025-11-05 12:00:46
mean_years_schooling_new_method,415,[Metode Baru] Rata-rata Lama Sekolah,Tahun,Tujuan Pembangunan Berkelanjutan Edisi I,0000,3209,Cirebon,0,Tidak ada,123,2023,0,Tahun,7.64,320941501230,2025-11-05 12:00:46
mean_years_schooling_new_method,415,[Metode Baru] Rata-rata Lama Sekolah,Tahun,Tujuan Pembangunan Berkelanjutan Edisi I,0000,3210,Majalengka,0,Tidak ada,123,2023,0,Tahun,7.52,321041501230,2025-11-05 12:00:46
mean_years_schooling_new_method,415,[Metode Baru] Rata-rata Lama Sekolah,Tahun,Tujuan Pembangunan Berkelanjutan Edisi I,0000,3211,Sumedang,0,Tidak ada,123,2023,0,Tahun,8.73,321141501230,2025-11-05 12:00:46
mean_years_schooling_new_method,415,[Metode Baru] Rata-rata Lama Sekolah,Tahun,Tujuan Pembangunan Berkelanjutan Edisi I,0000,3212,Indramayu,0,Tidak ada,123,2023,0,Tahun,6.94,321241501230,2025-11-05 12:00:46
mean_years_schooling_new_method,415,[Metode Baru] Rata-rata Lama Sekolah,Tahun,Tujuan Pembangunan Berkelanjutan Edisi I,0000,3213,Subang,0,Tidak ada,123,2023,0,Tahun,7.45,321341501230,2025-11-05 12:00:46
mean_years_schooling_new_method,415,[Metode Baru] Rata-rata Lama Sekolah,Tahun,Tujuan Pembangunan Berkelanjutan Edisi I,0000,3214,Purwakarta,0,Tidak ada,123,2023,0,Tahun,8.13,321441501230,2025-11-05 12:00:46
mean_years_schooling_new_method,415,[Metode Baru] Rata-rata Lama Sekolah,Tahun,Tujuan Pembangunan Berkelanjutan Edisi I,0000,3215,Karawang,0,Tidak ada,123,2023,0,Tahun,8.04,321541501230,2025-11-05 12:00:46
mean_years_schooling_new_method,415,[Metode Baru] Rata-rata Lama Sekolah,Tahun,Tujuan Pembangunan Berkelanjutan Edisi I,0000,3216,Bekasi,0,Tidak ada,123,2023,0,Tahun,9.57,321641501230,2025-11-05 12:00:46
mean_years_schooling_new_method,415,[Metode Baru] Rata-rata Lama Sekolah,Tahun,Tujuan Pembangunan Berkelanjutan Edisi I,0000,3217,Bandung Barat,0,Tidak ada,123,2023,0,Tahun,8.23,321741501230,2025-11-05 12:00:46
mean_years_schooling_new_method,415,[Metode Baru] Rata-rata Lama Sekolah,Tahun,Tujuan Pembangunan Berkelanjutan Edisi I,0000,3218,Pangandaran,0,Tidak ada,123,2023,0,Tahun,8.04,321841501230,2025-11-05 12:00:46
mean_years_schooling_new_method,415,[Metode Baru] Rata-rata Lama Sekolah,Tahun,Tujuan Pembangunan Berkelanjutan Edisi I,0000,3271,Kota Bogor,0,Tidak ada,123,2023,0,Tahun,10.64,327141501230,2025-11-05 12:00:46
mean_years_schooling_new_method,415,[Metode Baru] Rata-rata Lama Sekolah,Tahun,Tujuan Pembangunan Berkelanjutan Edisi I,0000,3272,Kota Sukabumi,0,Tidak ada,123,2023,0,Tahun,10.37,327241501230,2025-11-05 12:00:46
mean_years_schooling_new_method,415,[Metode Baru] Rata-rata Lama Sekolah,Tahun,Tujuan Pembangunan Berkelanjutan Edisi I,0000,3273,Kota Bandung,0,Tidak ada,123,2023,0,Tahun,11.06,327341501230,2025-11-05 12:00:46
mean_years_schooling_new_method,415,[Metode Baru] Rata-rata Lama Sekolah,Tahun,Tujuan Pembangunan Berkelanjutan Edisi I,0000,3274,Kota Cirebon,0,Tidak ada,123,2023,0,Tahun,10.37,327441501230,2025-11-05 12:00:46
mean_years_schooling_new_method,415,[Metode Baru] Rata-rata Lama Sekolah,Tahun,Tujuan Pembangunan Berkelanjutan Edisi I,0000,3275,Kota Bekasi,0,Tidak ada,123,2023,0,Tahun,11.66,327541501230,2025-11-05 12:00:46
mean_years_schooling_new_method,415,[Metode Baru] Rata-rata Lama Sekolah,Tahun,Tujuan Pembangunan Berkelanjutan Edisi I,0000,3276,Kota Depok,0,Tidak ada,123,2023,0,Tahun,11.58,327641501230,2025-11-05 12:00:46
mean_years_schooling_new_method,415,[Metode Baru] Rata-rata Lama Sekolah,Tahun,Tujuan Pembangunan Berkelanjutan Edisi I,0000,3277,Kota Cimahi,0,Tidak ada,123,2023,0,Tahun,11.39,327741501230,2025-11-05 12:00:46
mean_years_schooling_new_method,415,[Metode Baru] Rata-rata Lama Sekolah,Tahun,Tujuan Pembangunan Berkelanjutan Edisi I,0000,3278,Kota Tasikmalaya,0,Tidak ada,123,2023,0,Tahun,9.54,327841501230,2025-11-05 12:00:46
mean_years_schooling_new_method,415,[Metode Baru] Rata-rata Lama Sekolah,Tahun,Tujuan Pembangunan Berkelanjutan Edisi I,0000,3279,Kota Banjar,0,Tidak ada,123,2023,0,Tahun,8.79,327941501230,2025-11-05 12:00:46
mean_years_schooling_new_method,415,[Metode Baru] Rata-rata Lama Sekolah,Tahun,Tujuan Pembangunan Berkelanjutan Edisi I,0000,3300,JAWA TENGAH,0,Tidak ada,123,2023,0,Tahun,8.01,330041501230,2025-11-05 12:00:46
mean_years_schooling_new_method,415,[Metode Baru] Rata-rata Lama Sekolah,Tahun,Tujuan Pembangunan Berkelanjutan Edisi I,0000,3301,Cilacap,0,Tidak ada,123,2023,0,Tahun,7.39,330141501230,2025-11-05 12:00:46
mean_years_schooling_new_method,415,[Metode Baru] Rata-rata Lama Sekolah,Tahun,Tujuan Pembangunan Berkelanjutan Edisi I,0000,3302,Banyumas,0,Tidak ada,123,2023,0,Tahun,7.87,330241501230,2025-11-05 12:00:46
mean_years_schooling_new_method,415,[Metode Baru] Rata-rata Lama Sekolah,Tahun,Tujuan Pembangunan Berkelanjutan Edisi I,0000,3303,Purbalingga,0,Tidak ada,123,2023,0,Tahun,7.34,330341501230,2025-11-05 12:00:46
mean_years_schooling_new_method,415,[Metode Baru] Rata-rata Lama Sekolah,Tahun,Tujuan Pembangunan Berkelanjutan Edisi I,0000,3304,Banjarnegara,0,Tidak ada,123,2023,0,Tahun,6.86,330441501230,2025-11-05 12:00:46
mean_years_schooling_new_method,415,[Metode Baru] Rata-rata Lama Sekolah,Tahun,Tujuan Pembangunan Berkelanjutan Edisi I,0000,3305,Kebumen,0,Tidak ada,123,2023,0,Tahun,7.86,330541501230,2025-11-05 12:00:46
mean_years_schooling_new_method,415,[Metode Baru] Rata-rata Lama Sekolah,Tahun,Tujuan Pembangunan Berkelanjutan Edisi I,0000,3306,Purworejo,0,Tidak ada,123,2023,0,Tahun,8.46,330641501230,2025-11-05 12:00:46
mean_years_schooling_new_method,415,[Metode Baru] Rata-rata Lama Sekolah,Tahun,Tujuan Pembangunan Berkelanjutan Edisi I,0000,3307,Wonosobo,0,Tidak ada,123,2023,0,Tahun,6.89,330741501230,2025-11-05 12:00:46
mean_years_schooling_new_method,415,[Metode Baru] Rata-rata Lama Sekolah,Tahun,Tujuan Pembangunan Berkelanjutan Edisi I,0000,3308,Magelang,0,Tidak ada,123,2023,0,Tahun,7.82,330841501230,2025-11-05 12:00:46
mean_years_schooling_new_method,415,[Metode Baru] Rata-rata Lama Sekolah,Tahun,Tujuan Pembangunan Berkelanjutan Edisi I,0000,3309,Boyolali,0,Tidak ada,123,2023,0,Tahun,8.09,330941501230,2025-11-05 12:00:46
mean_years_schooling_new_method,415,[Metode Baru] Rata-rata Lama Sekolah,Tahun,Tujuan Pembangunan Berkelanjutan Edisi I,0000,3310,Klaten,0,Tidak ada,123,2023,0,Tahun,9.27,331041501230,2025-11-05 12:00:46
mean_years_schooling_new_method,415,[Metode Baru] Rata-rata Lama Sekolah,Tahun,Tujuan Pembangunan Berkelanjutan Edisi I,0000,3311,Sukoharjo,0,Tidak ada,123,2023,0,Tahun,9.84,331141501230,2025-11-05 12:00:46
mean_years_schooling_new_method,415,[Metode Baru] Rata-rata Lama Sekolah,Tahun,Tujuan Pembangunan Berkelanjutan Edisi I,0000,3312,Wonogiri,0,Tidak ada,123,2023,0,Tahun,7.67,331241501230,2025-11-05 12:00:46
mean_years_schooling_new_method,415,[Metode Baru] Rata-rata Lama Sekolah,Tahun,Tujuan Pembangunan Berkelanjutan Edisi I,0000,3313,Karanganyar,0,Tidak ada,123,2023,0,Tahun,9.02,331341501230,2025-11-05 12:00:46
mean_years_schooling_new_method,415,[Metode Baru] Rata-rata Lama Sekolah,Tahun,Tujuan Pembangunan Berkelanjutan Edisi I,0000,3314,Sragen,0,Tidak ada,123,2023,0,Tahun,7.87,331441501230,2025-11-05 12:00:46
mean_years_schooling_new_method,415,[Metode Baru] Rata-rata Lama Sekolah,Tahun,Tujuan Pembangunan Berkelanjutan Edisi I,0000,3315,Grobogan,0,Tidak ada,123,2023,0,Tahun,7.28,331541501230,2025-11-05 12:00:46
mean_years_schooling_new_method,415,[Metode Baru] Rata-rata Lama Sekolah,Tahun,Tujuan Pembangunan Berkelanjutan Edisi I,0000,3316,Blora,0,Tidak ada,123,2023,0,Tahun,7.08,331641501230,2025-11-05 12:00:46
mean_years_schooling_new_method,415,[Metode Baru] Rata-rata Lama Sekolah,Tahun,Tujuan Pembangunan Berkelanjutan Edisi I,0000,3317,Rembang,0,Tidak ada,123,2023,0,Tahun,7.72,331741501230,2025-11-05 12:00:46
mean_years_schooling_new_method,415,[Metode Baru] Rata-rata Lama Sekolah,Tahun,Tujuan Pembangunan Berkelanjutan Edisi I,0000,3318,Pati,0,Tidak ada,123,2023,0,Tahun,7.8,331841501230,2025-11-05 12:00:46
mean_years_schooling_new_method,415,[Metode Baru] Rata-rata Lama Sekolah,Tahun,Tujuan Pembangunan Berkelanjutan Edisi I,0000,3319,Kudus,0,Tidak ada,123,2023,0,Tahun,9.34,331941501230,2025-11-05 12:00:46
mean_years_schooling_new_method,415,[Metode Baru] Rata-rata Lama Sekolah,Tahun,Tujuan Pembangunan Berkelanjutan Edisi I,0000,3320,Jepara,0,Tidak ada,123,2023,0,Tahun,8.26,332041501230,2025-11-05 12:00:46
mean_years_schooling_new_method,415,[Metode Baru] Rata-rata Lama Sekolah,Tahun,Tujuan Pembangunan Berkelanjutan Edisi I,0000,3321,Demak,0,Tidak ada,123,2023,0,Tahun,8.27,332141501230,2025-11-05 12:00:46
mean_years_schooling_new_method,415,[Metode Baru] Rata-rata Lama Sekolah,Tahun,Tujuan Pembangunan Berkelanjutan Edisi I,0000,3322,Semarang,0,Tidak ada,123,2023,0,Tahun,8.07,332241501230,2025-11-05 12:00:46
mean_years_schooling_new_method,415,[Metode Baru] Rata-rata Lama Sekolah,Tahun,Tujuan Pembangunan Berkelanjutan Edisi I,0000,3323,Temanggung,0,Tidak ada,123,2023,0,Tahun,7.5,332341501230,2025-11-05 12:00:46
mean_years_schooling_new_method,415,[Metode Baru] Rata-rata Lama Sekolah,Tahun,Tujuan Pembangunan Berkelanjutan Edisi I,0000,3324,Kendal,0,Tidak ada,123,2023,0,Tahun,7.73,332441501230,2025-11-05 12:00:46
mean_years_schooling_new_method,415,[Metode Baru] Rata-rata Lama Sekolah,Tahun,Tujuan Pembangunan Berkelanjutan Edisi I,0000,3325,Batang,0,Tidak ada,123,2023,0,Tahun,7.07,332541501230,2025-11-05 12:00:46
mean_years_schooling_new_method,415,[Metode Baru] Rata-rata Lama Sekolah,Tahun,Tujuan Pembangunan Berkelanjutan Edisi I,0000,3326,Pekalongan,0,Tidak ada,123,2023,0,Tahun,7.47,332641501230,2025-11-05 12:00:46
mean_years_schooling_new_method,415,[Metode Baru] Rata-rata Lama Sekolah,Tahun,Tujuan Pembangunan Berkelanjutan Edisi I,0000,3327,Pemalang,0,Tidak ada,123,2023,0,Tahun,6.55,332741501230,2025-11-05 12:00:46
mean_years_schooling_new_method,415,[Metode Baru] Rata-rata Lama Sekolah,Tahun,Tujuan Pembangunan Berkelanjutan Edisi I,0000,3328,Tegal,0,Tidak ada,123,2023,0,Tahun,7.34,332841501230,2025-11-05 12:00:46
mean_years_schooling_new_method,415,[Metode Baru] Rata-rata Lama Sekolah,Tahun,Tujuan Pembangunan Berkelanjutan Edisi I,0000,3329,Brebes,0,Tidak ada,123,2023,0,Tahun,6.4,332941501230,2025-11-05 12:00:46
mean_years_schooling_new_method,415,[Metode Baru] Rata-rata Lama Sekolah,Tahun,Tujuan Pembangunan Berkelanjutan Edisi I,0000,3371,Kota Magelang,0,Tidak ada,123,2023,0,Tahun,11.2,337141501230,2025-11-05 12:00:46
mean_years_schooling_new_method,415,[Metode Baru] Rata-rata Lama Sekolah,Tahun,Tujuan Pembangunan Berkelanjutan Edisi I,0000,3372,Kota Surakarta,0,Tidak ada,123,2023,0,Tahun,11,337241501230,2025-11-05 12:00:46
mean_years_schooling_new_method,415,[Metode Baru] Rata-rata Lama Sekolah,Tahun,Tujuan Pembangunan Berkelanjutan Edisi I,0000,3373,Kota Salatiga,0,Tidak ada,123,2023,0,Tahun,11.24,337341501230,2025-11-05 12:00:46
mean_years_schooling_new_method,415,[Metode Baru] Rata-rata Lama Sekolah,Tahun,Tujuan Pembangunan Berkelanjutan Edisi I,0000,3374,Kota Semarang,0,Tidak ada,123,2023,0,Tahun,10.81,337441501230,2025-11-05 12:00:46
mean_years_schooling_new_method,415,[Metode Baru] Rata-rata Lama Sekolah,Tahun,Tujuan Pembangunan Berkelanjutan Edisi I,0000,3375,Kota Pekalongan,0,Tidak ada,123,2023,0,Tahun,9.29,337541501230,2025-11-05 12:00:46
mean_years_schooling_new_method,415,[Metode Baru] Rata-rata Lama Sekolah,Tahun,Tujuan Pembangunan Berkelanjutan Edisi I,0000,3376,Kota Tegal,0,Tidak ada,123,2023,0,Tahun,9.24,337641501230,2025-11-05 12:00:46
mean_years_schooling_new_method,415,[Metode Baru] Rata-rata Lama Sekolah,Tahun,Tujuan Pembangunan Berkelanjutan Edisi I,0000,3400,D I YOGYAKARTA,0,Tidak ada,123,2023,0,Tahun,9.83,340041501230,2025-11-05 12:00:46
mean_years_schooling_new_method,415,[Metode Baru] Rata-rata Lama Sekolah,Tahun,Tujuan Pembangunan Berkelanjutan Edisi I,0000,3401,Kulon Progo,0,Tidak ada,123,2023,0,Tahun,9.18,340141501230,2025-11-05 12:00:46
mean_years_schooling_new_method,415,[Metode Baru] Rata-rata Lama Sekolah,Tahun,Tujuan Pembangunan Berkelanjutan Edisi I,0000,3402,Bantul,0,Tidak ada,123,2023,0,Tahun,9.79,340241501230,2025-11-05 12:00:46
mean_years_schooling_new_method,415,[Metode Baru] Rata-rata Lama Sekolah,Tahun,Tujuan Pembangunan Berkelanjutan Edisi I,0000,3403,Gunung Kidul,0,Tidak ada,123,2023,0,Tahun,7.32,340341501230,2025-11-05 12:00:46
mean_years_schooling_new_method,415,[Metode Baru] Rata-rata Lama Sekolah,Tahun,Tujuan Pembangunan Berkelanjutan Edisi I,0000,3404,Sleman,0,Tidak ada,123,2023,0,Tahun,11.01,340441501230,2025-11-05 12:00:46
mean_years_schooling_new_method,415,[Metode Baru] Rata-rata Lama Sekolah,Tahun,Tujuan Pembangunan Berkelanjutan Edisi I,0000,3471,Kota Yogyakarta,0,Tidak ada,123,2023,0,Tahun,12.11,347141501230,2025-11-05 12:00:46
mean_years_schooling_new_method,415,[Metode Baru] Rata-rata Lama Sekolah,Tahun,Tujuan Pembangunan Berkelanjutan Edisi I,0000,3500,JAWA TIMUR,0,Tidak ada,123,2023,0,Tahun,8.11,350041501230,2025-11-05 12:00:46
mean_years_schooling_new_method,415,[Metode Baru] Rata-rata Lama Sekolah,Tahun,Tujuan Pembangunan Berkelanjutan Edisi I,0000,3501,Pacitan,0,Tidak ada,123,2023,0,Tahun,7.88,350141501230,2025-11-05 12:00:46
mean_years_schooling_new_method,415,[Metode Baru] Rata-rata Lama Sekolah,Tahun,Tujuan Pembangunan Berkelanjutan Edisi I,0000,3502,Ponorogo,0,Tidak ada,123,2023,0,Tahun,7.78,350241501230,2025-11-05 12:00:46
mean_years_schooling_new_method,415,[Metode Baru] Rata-rata Lama Sekolah,Tahun,Tujuan Pembangunan Berkelanjutan Edisi I,0000,3503,Trenggalek,0,Tidak ada,123,2023,0,Tahun,7.9,350341501230,2025-11-05 12:00:46
mean_years_schooling_new_method,415,[Metode Baru] Rata-rata Lama Sekolah,Tahun,Tujuan Pembangunan Berkelanjutan Edisi I,0000,3504,Tulungagung,0,Tidak ada,123,2023,0,Tahun,8.66,350441501230,2025-11-05 12:00:46
mean_years_schooling_new_method,415,[Metode Baru] Rata-rata Lama Sekolah,Tahun,Tujuan Pembangunan Berkelanjutan Edisi I,0000,3505,Blitar,0,Tidak ada,123,2023,0,Tahun,7.83,350541501230,2025-11-05 12:00:46
mean_years_schooling_new_method,415,[Metode Baru] Rata-rata Lama Sekolah,Tahun,Tujuan Pembangunan Berkelanjutan Edisi I,0000,3506,Kediri,0,Tidak ada,123,2023,0,Tahun,8.24,350641501230,2025-11-05 12:00:46
mean_years_schooling_new_method,415,[Metode Baru] Rata-rata Lama Sekolah,Tahun,Tujuan Pembangunan Berkelanjutan Edisi I,0000,3507,Malang,0,Tidak ada,123,2023,0,Tahun,7.75,350741501230,2025-11-05 12:00:46
mean_years_schooling_new_method,415,[Metode Baru] Rata-rata Lama Sekolah,Tahun,Tujuan Pembangunan Berkelanjutan Edisi I,0000,3508,Lumajang,0,Tidak ada,123,2023,0,Tahun,7.14,350841501230,2025-11-05 12:00:46
mean_years_schooling_new_method,415,[Metode Baru] Rata-rata Lama Sekolah,Tahun,Tujuan Pembangunan Berkelanjutan Edisi I,0000,3509,Jember,0,Tidak ada,123,2023,0,Tahun,6.52,350941501230,2025-11-05 12:00:46
mean_years_schooling_new_method,415,[Metode Baru] Rata-rata Lama Sekolah,Tahun,Tujuan Pembangunan Berkelanjutan Edisi I,0000,3510,Banyuwangi,0,Tidak ada,123,2023,0,Tahun,7.76,351041501230,2025-11-05 12:00:46
mean_years_schooling_new_method,415,[Metode Baru] Rata-rata Lama Sekolah,Tahun,Tujuan Pembangunan Berkelanjutan Edisi I,0000,3511,Bondowoso,0,Tidak ada,123,2023,0,Tahun,6.36,351141501230,2025-11-05 12:00:46
mean_years_schooling_new_method,415,[Metode Baru] Rata-rata Lama Sekolah,Tahun,Tujuan Pembangunan Berkelanjutan Edisi I,0000,3512,Situbondo,0,Tidak ada,123,2023,0,Tahun,6.9,351241501230,2025-11-05 12:00:46
mean_years_schooling_new_method,415,[Metode Baru] Rata-rata Lama Sekolah,Tahun,Tujuan Pembangunan Berkelanjutan Edisi I,0000,3513,Probolinggo,0,Tidak ada,123,2023,0,Tahun,6.29,351341501230,2025-11-05 12:00:46
mean_years_schooling_new_method,415,[Metode Baru] Rata-rata Lama Sekolah,Tahun,Tujuan Pembangunan Berkelanjutan Edisi I,0000,3514,Pasuruan,0,Tidak ada,123,2023,0,Tahun,7.44,351441501230,2025-11-05 12:00:46
mean_years_schooling_new_method,415,[Metode Baru] Rata-rata Lama Sekolah,Tahun,Tujuan Pembangunan Berkelanjutan Edisi I,0000,3515,Sidoarjo,0,Tidak ada,123,2023,0,Tahun,10.78,351541501230,2025-11-05 12:00:46
mean_years_schooling_new_method,415,[Metode Baru] Rata-rata Lama Sekolah,Tahun,Tujuan Pembangunan Berkelanjutan Edisi I,0000,3516,Mojokerto,0,Tidak ada,123,2023,0,Tahun,9.11,351641501230,2025-11-05 12:00:46
mean_years_schooling_new_method,415,[Metode Baru] Rata-rata Lama Sekolah,Tahun,Tujuan Pembangunan Berkelanjutan Edisi I,0000,3517,Jombang,0,Tidak ada,123,2023,0,Tahun,8.77,351741501230,2025-11-05 12:00:46
mean_years_schooling_new_method,415,[Metode Baru] Rata-rata Lama Sekolah,Tahun,Tujuan Pembangunan Berkelanjutan Edisi I,0000,3518,Nganjuk,0,Tidak ada,123,2023,0,Tahun,8.24,351841501230,2025-11-05 12:00:46
mean_years_schooling_new_method,415,[Metode Baru] Rata-rata Lama Sekolah,Tahun,Tujuan Pembangunan Berkelanjutan Edisi I,0000,3519,Madiun,0,Tidak ada,123,2023,0,Tahun,7.95,351941501230,2025-11-05 12:00:46
mean_years_schooling_new_method,415,[Metode Baru] Rata-rata Lama Sekolah,Tahun,Tujuan Pembangunan Berkelanjutan Edisi I,0000,3520,Magetan,0,Tidak ada,123,2023,0,Tahun,8.67,352041501230,2025-11-05 12:00:46
mean_years_schooling_new_method,415,[Metode Baru] Rata-rata Lama Sekolah,Tahun,Tujuan Pembangunan Berkelanjutan Edisi I,0000,3521,Ngawi,0,Tidak ada,123,2023,0,Tahun,7.78,352141501230,2025-11-05 12:00:46
mean_years_schooling_new_method,415,[Metode Baru] Rata-rata Lama Sekolah,Tahun,Tujuan Pembangunan Berkelanjutan Edisi I,0000,3522,Bojonegoro,0,Tidak ada,123,2023,0,Tahun,7.45,352241501230,2025-11-05 12:00:46
mean_years_schooling_new_method,415,[Metode Baru] Rata-rata Lama Sekolah,Tahun,Tujuan Pembangunan Berkelanjutan Edisi I,0000,3523,Tuban,0,Tidak ada,123,2023,0,Tahun,7.4,352341501230,2025-11-05 12:00:46
mean_years_schooling_new_method,415,[Metode Baru] Rata-rata Lama Sekolah,Tahun,Tujuan Pembangunan Berkelanjutan Edisi I,0000,3524,Lamongan,0,Tidak ada,123,2023,0,Tahun,8.34,352441501230,2025-11-05 12:00:46
mean_years_schooling_new_method,415,[Metode Baru] Rata-rata Lama Sekolah,Tahun,Tujuan Pembangunan Berkelanjutan Edisi I,0000,3525,Gresik,0,Tidak ada,123,2023,0,Tahun,10.01,352541501230,2025-11-05 12:00:46
mean_years_schooling_new_method,415,[Metode Baru] Rata-rata Lama Sekolah,Tahun,Tujuan Pembangunan Berkelanjutan Edisi I,0000,3526,Bangkalan,0,Tidak ada,123,2023,0,Tahun,5.99,352641501230,2025-11-05 12:00:46
mean_years_schooling_new_method,415,[Metode Baru] Rata-rata Lama Sekolah,Tahun,Tujuan Pembangunan Berkelanjutan Edisi I,0000,3527,Sampang,0,Tidak ada,123,2023,0,Tahun,5.07,352741501230,2025-11-05 12:00:46
mean_years_schooling_new_method,415,[Metode Baru] Rata-rata Lama Sekolah,Tahun,Tujuan Pembangunan Berkelanjutan Edisi I,0000,3528,Pamekasan,0,Tidak ada,123,2023,0,Tahun,7.15,352841501230,2025-11-05 12:00:46
mean_years_schooling_new_method,415,[Metode Baru] Rata-rata Lama Sekolah,Tahun,Tujuan Pembangunan Berkelanjutan Edisi I,0000,3529,Sumenep,0,Tidak ada,123,2023,0,Tahun,5.94,352941501230,2025-11-05 12:00:46
mean_years_schooling_new_method,415,[Metode Baru] Rata-rata Lama Sekolah,Tahun,Tujuan Pembangunan Berkelanjutan Edisi I,0000,3571,Kota Kediri,0,Tidak ada,123,2023,0,Tahun,10.69,357141501230,2025-11-05 12:00:46
mean_years_schooling_new_method,415,[Metode Baru] Rata-rata Lama Sekolah,Tahun,Tujuan Pembangunan Berkelanjutan Edisi I,0000,3572,Kota Blitar,0,Tidak ada,123,2023,0,Tahun,10.78,357241501230,2025-11-05 12:00:46
mean_years_schooling_new_method,415,[Metode Baru] Rata-rata Lama Sekolah,Tahun,Tujuan Pembangunan Berkelanjutan Edisi I,0000,3573,Kota Malang,0,Tidak ada,123,2023,0,Tahun,10.94,357341501230,2025-11-05 12:00:46
mean_years_schooling_new_method,415,[Metode Baru] Rata-rata Lama Sekolah,Tahun,Tujuan Pembangunan Berkelanjutan Edisi I,0000,3574,Kota Probolinggo,0,Tidak ada,123,2023,0,Tahun,9.56,357441501230,2025-11-05 12:00:46
mean_years_schooling_new_method,415,[Metode Baru] Rata-rata Lama Sekolah,Tahun,Tujuan Pembangunan Berkelanjutan Edisi I,0000,3575,Kota Pasuruan,0,Tidak ada,123,2023,0,Tahun,9.78,357541501230,2025-11-05 12:00:46
mean_years_schooling_new_method,415,[Metode Baru] Rata-rata Lama Sekolah,Tahun,Tujuan Pembangunan Berkelanjutan Edisi I,0000,3576,Kota Mojokerto,0,Tidak ada,123,2023,0,Tahun,11.05,357641501230,2025-11-05 12:00:46
mean_years_schooling_new_method,415,[Metode Baru] Rata-rata Lama Sekolah,Tahun,Tujuan Pembangunan Berkelanjutan Edisi I,0000,3577,Kota Madiun,0,Tidak ada,123,2023,0,Tahun,11.82,357741501230,2025-11-05 12:00:46
mean_years_schooling_new_method,415,[Metode Baru] Rata-rata Lama Sekolah,Tahun,Tujuan Pembangunan Berkelanjutan Edisi I,0000,3578,Kota Surabaya,0,Tidak ada,123,2023,0,Tahun,10.7,357841501230,2025-11-05 12:00:46
mean_years_schooling_new_method,415,[Metode Baru] Rata-rata Lama Sekolah,Tahun,Tujuan Pembangunan Berkelanjutan Edisi I,0000,3579,Kota Batu,0,Tidak ada,123,2023,0,Tahun,9.85,357941501230,2025-11-05 12:00:46
mean_years_schooling_new_method,415,[Metode Baru] Rata-rata Lama Sekolah,Tahun,Tujuan Pembangunan Berkelanjutan Edisi I,0000,3600,BANTEN,0,Tidak ada,123,2023,0,Tahun,9.15,360041501230,2025-11-05 12:00:46
mean_years_schooling_new_method,415,[Metode Baru] Rata-rata Lama Sekolah,Tahun,Tujuan Pembangunan Berkelanjutan Edisi I,0000,3601,Pandeglang,0,Tidak ada,123,2023,0,Tahun,7.15,360141501230,2025-11-05 12:00:46
mean_years_schooling_new_method,415,[Metode Baru] Rata-rata Lama Sekolah,Tahun,Tujuan Pembangunan Berkelanjutan Edisi I,0000,3602,Lebak,0,Tidak ada,123,2023,0,Tahun,6.6,360241501230,2025-11-05 12:00:46
mean_years_schooling_new_method,415,[Metode Baru] Rata-rata Lama Sekolah,Tahun,Tujuan Pembangunan Berkelanjutan Edisi I,0000,3603,Tangerang,0,Tidak ada,123,2023,0,Tahun,8.93,360341501230,2025-11-05 12:00:46
mean_years_schooling_new_method,415,[Metode Baru] Rata-rata Lama Sekolah,Tahun,Tujuan Pembangunan Berkelanjutan Edisi I,0000,3604,Serang,0,Tidak ada,123,2023,0,Tahun,7.79,360441501230,2025-11-05 12:00:46
mean_years_schooling_new_method,415,[Metode Baru] Rata-rata Lama Sekolah,Tahun,Tujuan Pembangunan Berkelanjutan Edisi I,0000,3671,Kota Tangerang,0,Tidak ada,123,2023,0,Tahun,10.91,367141501230,2025-11-05 12:00:46
mean_years_schooling_new_method,415,[Metode Baru] Rata-rata Lama Sekolah,Tahun,Tujuan Pembangunan Berkelanjutan Edisi I,0000,3672,Kota Cilegon,0,Tidak ada,123,2023,0,Tahun,10.38,367241501230,2025-11-05 12:00:46
mean_years_schooling_new_method,415,[Metode Baru] Rata-rata Lama Sekolah,Tahun,Tujuan Pembangunan Berkelanjutan Edisi I,0000,3673,Kota Serang,0,Tidak ada,123,2023,0,Tahun,8.91,367341501230,2025-11-05 12:00:46
mean_years_schooling_new_method,415,[Metode Baru] Rata-rata Lama Sekolah,Tahun,Tujuan Pembangunan Berkelanjutan Edisi I,0000,3674,Kota Tangerang Selatan,0,Tidak ada,123,2023,0,Tahun,11.85,367441501230,2025-11-05 12:00:46
mean_years_schooling_new_method,415,[Metode Baru] Rata-rata Lama Sekolah,Tahun,Tujuan Pembangunan Berkelanjutan Edisi I,0000,5100,BALI,0,Tidak ada,123,2023,0,Tahun,9.45,510041501230,2025-11-05 12:00:46
mean_years_schooling_new_method,415,[Metode Baru] Rata-rata Lama Sekolah,Tahun,Tujuan Pembangunan Berkelanjutan Edisi I,0000,5101,Jembrana,0,Tidak ada,123,2023,0,Tahun,8.65,510141501230,2025-11-05 12:00:46
mean_years_schooling_new_method,415,[Metode Baru] Rata-rata Lama Sekolah,Tahun,Tujuan Pembangunan Berkelanjutan Edisi I,0000,5102,Tabanan,0,Tidak ada,123,2023,0,Tahun,9.35,510241501230,2025-11-05 12:00:46
mean_years_schooling_new_method,415,[Metode Baru] Rata-rata Lama Sekolah,Tahun,Tujuan Pembangunan Berkelanjutan Edisi I,0000,5103,Badung,0,Tidak ada,123,2023,0,Tahun,10.9,510341501230,2025-11-05 12:00:46
mean_years_schooling_new_method,415,[Metode Baru] Rata-rata Lama Sekolah,Tahun,Tujuan Pembangunan Berkelanjutan Edisi I,0000,5104,Gianyar,0,Tidak ada,123,2023,0,Tahun,9.8,510441501230,2025-11-05 12:00:46
mean_years_schooling_new_method,415,[Metode Baru] Rata-rata Lama Sekolah,Tahun,Tujuan Pembangunan Berkelanjutan Edisi I,0000,5105,Klungkung,0,Tidak ada,123,2023,0,Tahun,8.48,510541501230,2025-11-05 12:00:46
mean_years_schooling_new_method,415,[Metode Baru] Rata-rata Lama Sekolah,Tahun,Tujuan Pembangunan Berkelanjutan Edisi I,0000,5106,Bangli,0,Tidak ada,123,2023,0,Tahun,7.57,510641501230,2025-11-05 12:00:46
mean_years_schooling_new_method,415,[Metode Baru] Rata-rata Lama Sekolah,Tahun,Tujuan Pembangunan Berkelanjutan Edisi I,0000,5107,Karangasem,0,Tidak ada,123,2023,0,Tahun,6.68,510741501230,2025-11-05 12:00:46
mean_years_schooling_new_method,415,[Metode Baru] Rata-rata Lama Sekolah,Tahun,Tujuan Pembangunan Berkelanjutan Edisi I,0000,5108,Buleleng,0,Tidak ada,123,2023,0,Tahun,7.57,510841501230,2025-11-05 12:00:46
mean_years_schooling_new_method,415,[Metode Baru] Rata-rata Lama Sekolah,Tahun,Tujuan Pembangunan Berkelanjutan Edisi I,0000,5171,Kota Denpasar,0,Tidak ada,123,2023,0,Tahun,11.52,517141501230,2025-11-05 12:00:46
mean_years_schooling_new_method,415,[Metode Baru] Rata-rata Lama Sekolah,Tahun,Tujuan Pembangunan Berkelanjutan Edisi I,0000,5200,NUSA TENGGARA BARAT,0,Tidak ada,123,2023,0,Tahun,7.74,520041501230,2025-11-05 12:00:46
mean_years_schooling_new_method,415,[Metode Baru] Rata-rata Lama Sekolah,Tahun,Tujuan Pembangunan Berkelanjutan Edisi I,0000,5201,Lombok Barat,0,Tidak ada,123,2023,0,Tahun,6.87,520141501230,2025-11-05 12:00:46
mean_years_schooling_new_method,415,[Metode Baru] Rata-rata Lama Sekolah,Tahun,Tujuan Pembangunan Berkelanjutan Edisi I,0000,5202,Lombok Tengah,0,Tidak ada,123,2023,0,Tahun,6.61,520241501230,2025-11-05 12:00:46
mean_years_schooling_new_method,415,[Metode Baru] Rata-rata Lama Sekolah,Tahun,Tujuan Pembangunan Berkelanjutan Edisi I,0000,5203,Lombok Timur,0,Tidak ada,123,2023,0,Tahun,7.12,520341501230,2025-11-05 12:00:46
mean_years_schooling_new_method,415,[Metode Baru] Rata-rata Lama Sekolah,Tahun,Tujuan Pembangunan Berkelanjutan Edisi I,0000,5204,Sumbawa,0,Tidak ada,123,2023,0,Tahun,8.52,520441501230,2025-11-05 12:00:46
mean_years_schooling_new_method,415,[Metode Baru] Rata-rata Lama Sekolah,Tahun,Tujuan Pembangunan Berkelanjutan Edisi I,0000,5205,Dompu,0,Tidak ada,123,2023,0,Tahun,8.97,520541501230,2025-11-05 12:00:46
mean_years_schooling_new_method,415,[Metode Baru] Rata-rata Lama Sekolah,Tahun,Tujuan Pembangunan Berkelanjutan Edisi I,0000,5206,Bima,0,Tidak ada,123,2023,0,Tahun,8.29,520641501230,2025-11-05 12:00:46
mean_years_schooling_new_method,415,[Metode Baru] Rata-rata Lama Sekolah,Tahun,Tujuan Pembangunan Berkelanjutan Edisi I,0000,5207,Sumbawa Barat,0,Tidak ada,123,2023,0,Tahun,8.98,520741501230,2025-11-05 12:00:46
mean_years_schooling_new_method,415,[Metode Baru] Rata-rata Lama Sekolah,Tahun,Tujuan Pembangunan Berkelanjutan Edisi I,0000,5208,Lombok Utara,0,Tidak ada,123,2023,0,Tahun,6.39,520841501230,2025-11-05 12:00:46
mean_years_schooling_new_method,415,[Metode Baru] Rata-rata Lama Sekolah,Tahun,Tujuan Pembangunan Berkelanjutan Edisi I,0000,5271,Kota Mataram,0,Tidak ada,123,2023,0,Tahun,9.56,527141501230,2025-11-05 12:00:46
mean_years_schooling_new_method,415,[Metode Baru] Rata-rata Lama Sekolah,Tahun,Tujuan Pembangunan Berkelanjutan Edisi I,0000,5272,Kota Bima,0,Tidak ada,123,2023,0,Tahun,10.95,527241501230,2025-11-05 12:00:46
mean_years_schooling_new_method,415,[Metode Baru] Rata-rata Lama Sekolah,Tahun,Tujuan Pembangunan Berkelanjutan Edisi I,0000,5300,NUSA TENGGARA TIMUR,0,Tidak ada,123,2023,0,Tahun,7.82,530041501230,2025-11-05 12:00:46
mean_years_schooling_new_method,415,[Metode Baru] Rata-rata Lama Sekolah,Tahun,Tujuan Pembangunan Berkelanjutan Edisi I,0000,5301,Sumba Barat,0,Tidak ada,123,2023,0,Tahun,6.92,530141501230,2025-11-05 12:00:46
mean_years_schooling_new_method,415,[Metode Baru] Rata-rata Lama Sekolah,Tahun,Tujuan Pembangunan Berkelanjutan Edisi I,0000,5302,Sumba Timur,0,Tidak ada,123,2023,0,Tahun,7.57,530241501230,2025-11-05 12:00:46
mean_years_schooling_new_method,415,[Metode Baru] Rata-rata Lama Sekolah,Tahun,Tujuan Pembangunan Berkelanjutan Edisi I,0000,5303,Kupang,0,Tidak ada,123,2023,0,Tahun,7.42,530341501230,2025-11-05 12:00:46
mean_years_schooling_new_method,415,[Metode Baru] Rata-rata Lama Sekolah,Tahun,Tujuan Pembangunan Berkelanjutan Edisi I,0000,5304,Timor Tengah Selatan,0,Tidak ada,123,2023,0,Tahun,6.97,530441501230,2025-11-05 12:00:46
mean_years_schooling_new_method,415,[Metode Baru] Rata-rata Lama Sekolah,Tahun,Tujuan Pembangunan Berkelanjutan Edisi I,0000,5305,Timor Tengah Utara,0,Tidak ada,123,2023,0,Tahun,8.16,530541501230,2025-11-05 12:00:46
mean_years_schooling_new_method,415,[Metode Baru] Rata-rata Lama Sekolah,Tahun,Tujuan Pembangunan Berkelanjutan Edisi I,0000,5306,Belu,0,Tidak ada,123,2023,0,Tahun,7.39,530641501230,2025-11-05 12:00:46
mean_years_schooling_new_method,415,[Metode Baru] Rata-rata Lama Sekolah,Tahun,Tujuan Pembangunan Berkelanjutan Edisi I,0000,5307,Alor,0,Tidak ada,123,2023,0,Tahun,8.45,530741501230,2025-11-05 12:00:46
mean_years_schooling_new_method,415,[Metode Baru] Rata-rata Lama Sekolah,Tahun,Tujuan Pembangunan Berkelanjutan Edisi I,0000,5308,Lembata,0,Tidak ada,123,2023,0,Tahun,8.26,530841501230,2025-11-05 12:00:46
mean_years_schooling_new_method,415,[Metode Baru] Rata-rata Lama Sekolah,Tahun,Tujuan Pembangunan Berkelanjutan Edisi I,0000,5309,Flores Timur,0,Tidak ada,123,2023,0,Tahun,8.04,530941501230,2025-11-05 12:00:46
mean_years_schooling_new_method,415,[Metode Baru] Rata-rata Lama Sekolah,Tahun,Tujuan Pembangunan Berkelanjutan Edisi I,0000,5310,Sikka,0,Tidak ada,123,2023,0,Tahun,6.98,531041501230,2025-11-05 12:00:46
mean_years_schooling_new_method,415,[Metode Baru] Rata-rata Lama Sekolah,Tahun,Tujuan Pembangunan Berkelanjutan Edisi I,0000,5311,Ende,0,Tidak ada,123,2023,0,Tahun,8.2,531141501230,2025-11-05 12:00:46
mean_years_schooling_new_method,415,[Metode Baru] Rata-rata Lama Sekolah,Tahun,Tujuan Pembangunan Berkelanjutan Edisi I,0000,5312,Ngada,0,Tidak ada,123,2023,0,Tahun,8.82,531241501230,2025-11-05 12:00:46
mean_years_schooling_new_method,415,[Metode Baru] Rata-rata Lama Sekolah,Tahun,Tujuan Pembangunan Berkelanjutan Edisi I,0000,5313,Manggarai,0,Tidak ada,123,2023,0,Tahun,7.63,531341501230,2025-11-05 12:00:46
mean_years_schooling_new_method,415,[Metode Baru] Rata-rata Lama Sekolah,Tahun,Tujuan Pembangunan Berkelanjutan Edisi I,0000,5314,Rote Ndao,0,Tidak ada,123,2023,0,Tahun,7.82,531441501230,2025-11-05 12:00:46
mean_years_schooling_new_method,415,[Metode Baru] Rata-rata Lama Sekolah,Tahun,Tujuan Pembangunan Berkelanjutan Edisi I,0000,5315,Manggarai Barat,0,Tidak ada,123,2023,0,Tahun,7.94,531541501230,2025-11-05 12:00:46
mean_years_schooling_new_method,415,[Metode Baru] Rata-rata Lama Sekolah,Tahun,Tujuan Pembangunan Berkelanjutan Edisi I,0000,5316,Sumba Tengah,0,Tidak ada,123,2023,0,Tahun,7,531641501230,2025-11-05 12:00:46
mean_years_schooling_new_method,415,[Metode Baru] Rata-rata Lama Sekolah,Tahun,Tujuan Pembangunan Berkelanjutan Edisi I,0000,5317,Sumba Barat Daya,0,Tidak ada,123,2023,0,Tahun,6.38,531741501230,2025-11-05 12:00:46
mean_years_schooling_new_method,415,[Metode Baru] Rata-rata Lama Sekolah,Tahun,Tujuan Pembangunan Berkelanjutan Edisi I,0000,5318,Nagekeo,0,Tidak ada,123,2023,0,Tahun,8.14,531841501230,2025-11-05 12:00:46
mean_years_schooling_new_method,415,[Metode Baru] Rata-rata Lama Sekolah,Tahun,Tujuan Pembangunan Berkelanjutan Edisi I,0000,5319,Manggarai Timur,0,Tidak ada,123,2023,0,Tahun,7.7,531941501230,2025-11-05 12:00:46
mean_years_schooling_new_method,415,[Metode Baru] Rata-rata Lama Sekolah,Tahun,Tujuan Pembangunan Berkelanjutan Edisi I,0000,5320,Sabu Raijua,0,Tidak ada,123,2023,0,Tahun,6.98,532041501230,2025-11-05 12:00:46
mean_years_schooling_new_method,415,[Metode Baru] Rata-rata Lama Sekolah,Tahun,Tujuan Pembangunan Berkelanjutan Edisi I,0000,5321,Malaka,0,Tidak ada,123,2023,0,Tahun,7.13,532141501230,2025-11-05 12:00:46
mean_years_schooling_new_method,415,[Metode Baru] Rata-rata Lama Sekolah,Tahun,Tujuan Pembangunan Berkelanjutan Edisi I,0000,5371,Kota Kupang,0,Tidak ada,123,2023,0,Tahun,11.62,537141501230,2025-11-05 12:00:46
mean_years_schooling_new_method,415,[Metode Baru] Rata-rata Lama Sekolah,Tahun,Tujuan Pembangunan Berkelanjutan Edisi I,0000,6100,KALIMANTAN BARAT,0,Tidak ada,123,2023,0,Tahun,7.71,610041501230,2025-11-05 12:00:46
mean_years_schooling_new_method,415,[Metode Baru] Rata-rata Lama Sekolah,Tahun,Tujuan Pembangunan Berkelanjutan Edisi I,0000,6101,Sambas,0,Tidak ada,123,2023,0,Tahun,6.75,610141501230,2025-11-05 12:00:46
mean_years_schooling_new_method,415,[Metode Baru] Rata-rata Lama Sekolah,Tahun,Tujuan Pembangunan Berkelanjutan Edisi I,0000,6102,Bengkayang,0,Tidak ada,123,2023,0,Tahun,7.22,610241501230,2025-11-05 12:00:46
mean_years_schooling_new_method,415,[Metode Baru] Rata-rata Lama Sekolah,Tahun,Tujuan Pembangunan Berkelanjutan Edisi I,0000,6103,Landak,0,Tidak ada,123,2023,0,Tahun,7.24,610341501230,2025-11-05 12:00:46
mean_years_schooling_new_method,415,[Metode Baru] Rata-rata Lama Sekolah,Tahun,Tujuan Pembangunan Berkelanjutan Edisi I,0000,6104,Mempawah,0,Tidak ada,123,2023,0,Tahun,7.2,610441501230,2025-11-05 12:00:46
mean_years_schooling_new_method,415,[Metode Baru] Rata-rata Lama Sekolah,Tahun,Tujuan Pembangunan Berkelanjutan Edisi I,0000,6105,Sanggau,0,Tidak ada,123,2023,0,Tahun,7.44,610541501230,2025-11-05 12:00:46
mean_years_schooling_new_method,415,[Metode Baru] Rata-rata Lama Sekolah,Tahun,Tujuan Pembangunan Berkelanjutan Edisi I,0000,6106,Ketapang,0,Tidak ada,123,2023,0,Tahun,7.55,610641501230,2025-11-05 12:00:46
mean_years_schooling_new_method,415,[Metode Baru] Rata-rata Lama Sekolah,Tahun,Tujuan Pembangunan Berkelanjutan Edisi I,0000,6107,Sintang,0,Tidak ada,123,2023,0,Tahun,7.64,610741501230,2025-11-05 12:00:46
mean_years_schooling_new_method,415,[Metode Baru] Rata-rata Lama Sekolah,Tahun,Tujuan Pembangunan Berkelanjutan Edisi I,0000,6108,Kapuas Hulu,0,Tidak ada,123,2023,0,Tahun,7.82,610841501230,2025-11-05 12:00:46
mean_years_schooling_new_method,415,[Metode Baru] Rata-rata Lama Sekolah,Tahun,Tujuan Pembangunan Berkelanjutan Edisi I,0000,6109,Sekadau,0,Tidak ada,123,2023,0,Tahun,7.13,610941501230,2025-11-05 12:00:46
mean_years_schooling_new_method,415,[Metode Baru] Rata-rata Lama Sekolah,Tahun,Tujuan Pembangunan Berkelanjutan Edisi I,0000,6110,Melawi,0,Tidak ada,123,2023,0,Tahun,7.42,611041501230,2025-11-05 12:00:46
mean_years_schooling_new_method,415,[Metode Baru] Rata-rata Lama Sekolah,Tahun,Tujuan Pembangunan Berkelanjutan Edisi I,0000,6111,Kayong Utara,0,Tidak ada,123,2023,0,Tahun,6.35,611141501230,2025-11-05 12:00:46
mean_years_schooling_new_method,415,[Metode Baru] Rata-rata Lama Sekolah,Tahun,Tujuan Pembangunan Berkelanjutan Edisi I,0000,6112,Kubu Raya,0,Tidak ada,123,2023,0,Tahun,7.04,611241501230,2025-11-05 12:00:46
mean_years_schooling_new_method,415,[Metode Baru] Rata-rata Lama Sekolah,Tahun,Tujuan Pembangunan Berkelanjutan Edisi I,0000,6171,Kota Pontianak,0,Tidak ada,123,2023,0,Tahun,10.45,617141501230,2025-11-05 12:00:46
mean_years_schooling_new_method,415,[Metode Baru] Rata-rata Lama Sekolah,Tahun,Tujuan Pembangunan Berkelanjutan Edisi I,0000,6172,Kota Singkawang,0,Tidak ada,123,2023,0,Tahun,8.21,617241501230,2025-11-05 12:00:46
mean_years_schooling_new_method,415,[Metode Baru] Rata-rata Lama Sekolah,Tahun,Tujuan Pembangunan Berkelanjutan Edisi I,0000,6200,KALIMANTAN TENGAH,0,Tidak ada,123,2023,0,Tahun,8.73,620041501230,2025-11-05 12:00:46
mean_years_schooling_new_method,415,[Metode Baru] Rata-rata Lama Sekolah,Tahun,Tujuan Pembangunan Berkelanjutan Edisi I,0000,6201,Kotawaringin Barat,0,Tidak ada,123,2023,0,Tahun,8.66,620141501230,2025-11-05 12:00:46
mean_years_schooling_new_method,415,[Metode Baru] Rata-rata Lama Sekolah,Tahun,Tujuan Pembangunan Berkelanjutan Edisi I,0000,6202,Kotawaringin Timur,0,Tidak ada,123,2023,0,Tahun,8.17,620241501230,2025-11-05 12:00:46
mean_years_schooling_new_method,415,[Metode Baru] Rata-rata Lama Sekolah,Tahun,Tujuan Pembangunan Berkelanjutan Edisi I,0000,6203,Kapuas,0,Tidak ada,123,2023,0,Tahun,7.84,620341501230,2025-11-05 12:00:46
mean_years_schooling_new_method,415,[Metode Baru] Rata-rata Lama Sekolah,Tahun,Tujuan Pembangunan Berkelanjutan Edisi I,0000,6204,Barito Selatan,0,Tidak ada,123,2023,0,Tahun,9.13,620441501230,2025-11-05 12:00:46
mean_years_schooling_new_method,415,[Metode Baru] Rata-rata Lama Sekolah,Tahun,Tujuan Pembangunan Berkelanjutan Edisi I,0000,6205,Barito Utara,0,Tidak ada,123,2023,0,Tahun,8.91,620541501230,2025-11-05 12:00:46
mean_years_schooling_new_method,415,[Metode Baru] Rata-rata Lama Sekolah,Tahun,Tujuan Pembangunan Berkelanjutan Edisi I,0000,6206,Sukamara,0,Tidak ada,123,2023,0,Tahun,8.17,620641501230,2025-11-05 12:00:46
mean_years_schooling_new_method,415,[Metode Baru] Rata-rata Lama Sekolah,Tahun,Tujuan Pembangunan Berkelanjutan Edisi I,0000,6207,Lamandau,0,Tidak ada,123,2023,0,Tahun,8.67,620741501230,2025-11-05 12:00:46
mean_years_schooling_new_method,415,[Metode Baru] Rata-rata Lama Sekolah,Tahun,Tujuan Pembangunan Berkelanjutan Edisi I,0000,6208,Seruyan,0,Tidak ada,123,2023,0,Tahun,8,620841501230,2025-11-05 12:00:46
mean_years_schooling_new_method,415,[Metode Baru] Rata-rata Lama Sekolah,Tahun,Tujuan Pembangunan Berkelanjutan Edisi I,0000,6209,Katingan,0,Tidak ada,123,2023,0,Tahun,8.85,620941501230,2025-11-05 12:00:46
mean_years_schooling_new_method,415,[Metode Baru] Rata-rata Lama Sekolah,Tahun,Tujuan Pembangunan Berkelanjutan Edisi I,0000,6210,Pulang Pisau,0,Tidak ada,123,2023,0,Tahun,8.27,621041501230,2025-11-05 12:00:46
mean_years_schooling_new_method,415,[Metode Baru] Rata-rata Lama Sekolah,Tahun,Tujuan Pembangunan Berkelanjutan Edisi I,0000,6211,Gunung Mas,0,Tidak ada,123,2023,0,Tahun,9.25,621141501230,2025-11-05 12:00:46
mean_years_schooling_new_method,415,[Metode Baru] Rata-rata Lama Sekolah,Tahun,Tujuan Pembangunan Berkelanjutan Edisi I,0000,6212,Barito Timur,0,Tidak ada,123,2023,0,Tahun,9.45,621241501230,2025-11-05 12:00:46
mean_years_schooling_new_method,415,[Metode Baru] Rata-rata Lama Sekolah,Tahun,Tujuan Pembangunan Berkelanjutan Edisi I,0000,6213,Murung Raya,0,Tidak ada,123,2023,0,Tahun,7.81,621341501230,2025-11-05 12:00:46
mean_years_schooling_new_method,415,[Metode Baru] Rata-rata Lama Sekolah,Tahun,Tujuan Pembangunan Berkelanjutan Edisi I,0000,6271,Kota Palangka Raya,0,Tidak ada,123,2023,0,Tahun,11.65,627141501230,2025-11-05 12:00:46
mean_years_schooling_new_method,415,[Metode Baru] Rata-rata Lama Sekolah,Tahun,Tujuan Pembangunan Berkelanjutan Edisi I,0000,6300,KALIMANTAN SELATAN,0,Tidak ada,123,2023,0,Tahun,8.55,630041501230,2025-11-05 12:00:46
mean_years_schooling_new_method,415,[Metode Baru] Rata-rata Lama Sekolah,Tahun,Tujuan Pembangunan Berkelanjutan Edisi I,0000,6301,Tanah Laut,0,Tidak ada,123,2023,0,Tahun,7.92,630141501230,2025-11-05 12:00:46
mean_years_schooling_new_method,415,[Metode Baru] Rata-rata Lama Sekolah,Tahun,Tujuan Pembangunan Berkelanjutan Edisi I,0000,6302,Kotabaru,0,Tidak ada,123,2023,0,Tahun,7.55,630241501230,2025-11-05 12:00:46
mean_years_schooling_new_method,415,[Metode Baru] Rata-rata Lama Sekolah,Tahun,Tujuan Pembangunan Berkelanjutan Edisi I,0000,6303,Banjar,0,Tidak ada,123,2023,0,Tahun,7.94,630341501230,2025-11-05 12:00:46
mean_years_schooling_new_method,415,[Metode Baru] Rata-rata Lama Sekolah,Tahun,Tujuan Pembangunan Berkelanjutan Edisi I,0000,6304,Barito Kuala,0,Tidak ada,123,2023,0,Tahun,7.74,630441501230,2025-11-05 12:00:46
mean_years_schooling_new_method,415,[Metode Baru] Rata-rata Lama Sekolah,Tahun,Tujuan Pembangunan Berkelanjutan Edisi I,0000,6305,Tapin,0,Tidak ada,123,2023,0,Tahun,8.05,630541501230,2025-11-05 12:00:46
mean_years_schooling_new_method,415,[Metode Baru] Rata-rata Lama Sekolah,Tahun,Tujuan Pembangunan Berkelanjutan Edisi I,0000,6306,Hulu Sungai Selatan,0,Tidak ada,123,2023,0,Tahun,7.86,630641501230,2025-11-05 12:00:46
mean_years_schooling_new_method,415,[Metode Baru] Rata-rata Lama Sekolah,Tahun,Tujuan Pembangunan Berkelanjutan Edisi I,0000,6307,Hulu Sungai Tengah,0,Tidak ada,123,2023,0,Tahun,8.29,630741501230,2025-11-05 12:00:46
mean_years_schooling_new_method,415,[Metode Baru] Rata-rata Lama Sekolah,Tahun,Tujuan Pembangunan Berkelanjutan Edisi I,0000,6308,Hulu Sungai Utara,0,Tidak ada,123,2023,0,Tahun,7.77,630841501230,2025-11-05 12:00:46
mean_years_schooling_new_method,415,[Metode Baru] Rata-rata Lama Sekolah,Tahun,Tujuan Pembangunan Berkelanjutan Edisi I,0000,6309,Tabalong,0,Tidak ada,123,2023,0,Tahun,9.14,630941501230,2025-11-05 12:00:46
mean_years_schooling_new_method,415,[Metode Baru] Rata-rata Lama Sekolah,Tahun,Tujuan Pembangunan Berkelanjutan Edisi I,0000,6310,Tanah Bumbu,0,Tidak ada,123,2023,0,Tahun,8.3,631041501230,2025-11-05 12:00:46
mean_years_schooling_new_method,415,[Metode Baru] Rata-rata Lama Sekolah,Tahun,Tujuan Pembangunan Berkelanjutan Edisi I,0000,6311,Balangan,0,Tidak ada,123,2023,0,Tahun,8.03,631141501230,2025-11-05 12:00:46
mean_years_schooling_new_method,415,[Metode Baru] Rata-rata Lama Sekolah,Tahun,Tujuan Pembangunan Berkelanjutan Edisi I,0000,6371,Kota Banjarmasin,0,Tidak ada,123,2023,0,Tahun,10.24,637141501230,2025-11-05 12:00:46
mean_years_schooling_new_method,415,[Metode Baru] Rata-rata Lama Sekolah,Tahun,Tujuan Pembangunan Berkelanjutan Edisi I,0000,6372,Kota Banjar Baru,0,Tidak ada,123,2023,0,Tahun,10.99,637241501230,2025-11-05 12:00:46
mean_years_schooling_new_method,415,[Metode Baru] Rata-rata Lama Sekolah,Tahun,Tujuan Pembangunan Berkelanjutan Edisi I,0000,6400,KALIMANTAN TIMUR,0,Tidak ada,123,2023,0,Tahun,9.99,640041501230,2025-11-05 12:00:46
mean_years_schooling_new_method,415,[Metode Baru] Rata-rata Lama Sekolah,Tahun,Tujuan Pembangunan Berkelanjutan Edisi I,0000,6401,Paser,0,Tidak ada,123,2023,0,Tahun,8.91,640141501230,2025-11-05 12:00:46
mean_years_schooling_new_method,415,[Metode Baru] Rata-rata Lama Sekolah,Tahun,Tujuan Pembangunan Berkelanjutan Edisi I,0000,6402,Kutai Barat,0,Tidak ada,123,2023,0,Tahun,8.85,640241501230,2025-11-05 12:00:46
mean_years_schooling_new_method,415,[Metode Baru] Rata-rata Lama Sekolah,Tahun,Tujuan Pembangunan Berkelanjutan Edisi I,0000,6403,Kutai Kartanegara,0,Tidak ada,123,2023,0,Tahun,9.26,640341501230,2025-11-05 12:00:46
mean_years_schooling_new_method,415,[Metode Baru] Rata-rata Lama Sekolah,Tahun,Tujuan Pembangunan Berkelanjutan Edisi I,0000,6404,Kutai Timur,0,Tidak ada,123,2023,0,Tahun,9.45,640441501230,2025-11-05 12:00:46
mean_years_schooling_new_method,415,[Metode Baru] Rata-rata Lama Sekolah,Tahun,Tujuan Pembangunan Berkelanjutan Edisi I,0000,6405,Berau,0,Tidak ada,123,2023,0,Tahun,9.56,640541501230,2025-11-05 12:00:46
mean_years_schooling_new_method,415,[Metode Baru] Rata-rata Lama Sekolah,Tahun,Tujuan Pembangunan Berkelanjutan Edisi I,0000,6409,Penajam Paser Utara,0,Tidak ada,123,2023,0,Tahun,8.53,640941501230,2025-11-05 12:00:46
mean_years_schooling_new_method,415,[Metode Baru] Rata-rata Lama Sekolah,Tahun,Tujuan Pembangunan Berkelanjutan Edisi I,0000,6411,Mahakam Ulu,0,Tidak ada,123,2023,0,Tahun,8.49,641141501230,2025-11-05 12:00:46
mean_years_schooling_new_method,415,[Metode Baru] Rata-rata Lama Sekolah,Tahun,Tujuan Pembangunan Berkelanjutan Edisi I,0000,6471,Kota Balikpapan,0,Tidak ada,123,2023,0,Tahun,10.93,647141501230,2025-11-05 12:00:46
mean_years_schooling_new_method,415,[Metode Baru] Rata-rata Lama Sekolah,Tahun,Tujuan Pembangunan Berkelanjutan Edisi I,0000,6472,Kota Samarinda,0,Tidak ada,123,2023,0,Tahun,10.93,647241501230,2025-11-05 12:00:46
mean_years_schooling_new_method,415,[Metode Baru] Rata-rata Lama Sekolah,Tahun,Tujuan Pembangunan Berkelanjutan Edisi I,0000,6474,Kota Bontang,0,Tidak ada,123,2023,0,Tahun,10.92,647441501230,2025-11-05 12:00:46
mean_years_schooling_new_method,415,[Metode Baru] Rata-rata Lama Sekolah,Tahun,Tujuan Pembangunan Berkelanjutan Edisi I,0000,6500,KALIMANTAN UTARA,0,Tidak ada,123,2023,0,Tahun,9.34,650041501230,2025-11-05 12:00:46
mean_years_schooling_new_method,415,[Metode Baru] Rata-rata Lama Sekolah,Tahun,Tujuan Pembangunan Berkelanjutan Edisi I,0000,6501,Malinau,0,Tidak ada,123,2023,0,Tahun,9.43,650141501230,2025-11-05 12:00:46
mean_years_schooling_new_method,415,[Metode Baru] Rata-rata Lama Sekolah,Tahun,Tujuan Pembangunan Berkelanjutan Edisi I,0000,6502,Bulungan,0,Tidak ada,123,2023,0,Tahun,9.21,650241501230,2025-11-05 12:00:46
mean_years_schooling_new_method,415,[Metode Baru] Rata-rata Lama Sekolah,Tahun,Tujuan Pembangunan Berkelanjutan Edisi I,0000,6503,Tana Tidung,0,Tidak ada,123,2023,0,Tahun,9.04,650341501230,2025-11-05 12:00:46
mean_years_schooling_new_method,415,[Metode Baru] Rata-rata Lama Sekolah,Tahun,Tujuan Pembangunan Berkelanjutan Edisi I,0000,6504,Nunukan,0,Tidak ada,123,2023,0,Tahun,8.26,650441501230,2025-11-05 12:00:46
mean_years_schooling_new_method,415,[Metode Baru] Rata-rata Lama Sekolah,Tahun,Tujuan Pembangunan Berkelanjutan Edisi I,0000,6571,Kota Tarakan,0,Tidak ada,123,2023,0,Tahun,10.36,657141501230,2025-11-05 12:00:46
mean_years_schooling_new_method,415,[Metode Baru] Rata-rata Lama Sekolah,Tahun,Tujuan Pembangunan Berkelanjutan Edisi I,0000,7100,SULAWESI UTARA,0,Tidak ada,123,2023,0,Tahun,9.77,710041501230,2025-11-05 12:00:46
mean_years_schooling_new_method,415,[Metode Baru] Rata-rata Lama Sekolah,Tahun,Tujuan Pembangunan Berkelanjutan Edisi I,0000,7101,Bolaang Mongondow,0,Tidak ada,123,2023,0,Tahun,8.36,710141501230,2025-11-05 12:00:46
mean_years_schooling_new_method,415,[Metode Baru] Rata-rata Lama Sekolah,Tahun,Tujuan Pembangunan Berkelanjutan Edisi I,0000,7102,Minahasa,0,Tidak ada,123,2023,0,Tahun,10.11,710241501230,2025-11-05 12:00:46
mean_years_schooling_new_method,415,[Metode Baru] Rata-rata Lama Sekolah,Tahun,Tujuan Pembangunan Berkelanjutan Edisi I,0000,7103,Kepulauan Sangihe,0,Tidak ada,123,2023,0,Tahun,8.64,710341501230,2025-11-05 12:00:46
mean_years_schooling_new_method,415,[Metode Baru] Rata-rata Lama Sekolah,Tahun,Tujuan Pembangunan Berkelanjutan Edisi I,0000,7104,Kepulauan Talaud,0,Tidak ada,123,2023,0,Tahun,9.91,710441501230,2025-11-05 12:00:46
mean_years_schooling_new_method,415,[Metode Baru] Rata-rata Lama Sekolah,Tahun,Tujuan Pembangunan Berkelanjutan Edisi I,0000,7105,Minahasa Selatan,0,Tidak ada,123,2023,0,Tahun,9.41,710541501230,2025-11-05 12:00:46
mean_years_schooling_new_method,415,[Metode Baru] Rata-rata Lama Sekolah,Tahun,Tujuan Pembangunan Berkelanjutan Edisi I,0000,7106,Minahasa Utara,0,Tidak ada,123,2023,0,Tahun,10.3,710641501230,2025-11-05 12:00:46
mean_years_schooling_new_method,415,[Metode Baru] Rata-rata Lama Sekolah,Tahun,Tujuan Pembangunan Berkelanjutan Edisi I,0000,7107,Bolaang Mongondow Utara,0,Tidak ada,123,2023,0,Tahun,8.58,710741501230,2025-11-05 12:00:46
mean_years_schooling_new_method,415,[Metode Baru] Rata-rata Lama Sekolah,Tahun,Tujuan Pembangunan Berkelanjutan Edisi I,0000,7108,Siau Tagulandang Biaro,0,Tidak ada,123,2023,0,Tahun,9.25,710841501230,2025-11-05 12:00:46
mean_years_schooling_new_method,415,[Metode Baru] Rata-rata Lama Sekolah,Tahun,Tujuan Pembangunan Berkelanjutan Edisi I,0000,7109,Minahasa Tenggara,0,Tidak ada,123,2023,0,Tahun,9.13,710941501230,2025-11-05 12:00:46
mean_years_schooling_new_method,415,[Metode Baru] Rata-rata Lama Sekolah,Tahun,Tujuan Pembangunan Berkelanjutan Edisi I,0000,7110,Bolaang Mongondow Selatan,0,Tidak ada,123,2023,0,Tahun,8.17,711041501230,2025-11-05 12:00:46
mean_years_schooling_new_method,415,[Metode Baru] Rata-rata Lama Sekolah,Tahun,Tujuan Pembangunan Berkelanjutan Edisi I,0000,7111,Bolaang Mongondow Timur,0,Tidak ada,123,2023,0,Tahun,8.27,711141501230,2025-11-05 12:00:46
mean_years_schooling_new_method,415,[Metode Baru] Rata-rata Lama Sekolah,Tahun,Tujuan Pembangunan Berkelanjutan Edisi I,0000,7171,Kota Manado,0,Tidak ada,123,2023,0,Tahun,11.44,717141501230,2025-11-05 12:00:46
mean_years_schooling_new_method,415,[Metode Baru] Rata-rata Lama Sekolah,Tahun,Tujuan Pembangunan Berkelanjutan Edisi I,0000,7172,Kota Bitung,0,Tidak ada,123,2023,0,Tahun,9.94,717241501230,2025-11-05 12:00:46
mean_years_schooling_new_method,415,[Metode Baru] Rata-rata Lama Sekolah,Tahun,Tujuan Pembangunan Berkelanjutan Edisi I,0000,7173,Kota Tomohon,0,Tidak ada,123,2023,0,Tahun,10.99,717341501230,2025-11-05 12:00:46
mean_years_schooling_new_method,415,[Metode Baru] Rata-rata Lama Sekolah,Tahun,Tujuan Pembangunan Berkelanjutan Edisi I,0000,7174,Kota Kotamobagu,0,Tidak ada,123,2023,0,Tahun,10.33,717441501230,2025-11-05 12:00:46
mean_years_schooling_new_method,415,[Metode Baru] Rata-rata Lama Sekolah,Tahun,Tujuan Pembangunan Berkelanjutan Edisi I,0000,7200,SULAWESI TENGAH,0,Tidak ada,123,2023,0,Tahun,8.96,720041501230,2025-11-05 12:00:46
mean_years_schooling_new_method,415,[Metode Baru] Rata-rata Lama Sekolah,Tahun,Tujuan Pembangunan Berkelanjutan Edisi I,0000,7201,Banggai Kepulauan,0,Tidak ada,123,2023,0,Tahun,8.62,720141501230,2025-11-05 12:00:46
mean_years_schooling_new_method,415,[Metode Baru] Rata-rata Lama Sekolah,Tahun,Tujuan Pembangunan Berkelanjutan Edisi I,0000,7202,Banggai,0,Tidak ada,123,2023,0,Tahun,8.63,720241501230,2025-11-05 12:00:46
mean_years_schooling_new_method,415,[Metode Baru] Rata-rata Lama Sekolah,Tahun,Tujuan Pembangunan Berkelanjutan Edisi I,0000,7203,Morowali,0,Tidak ada,123,2023,0,Tahun,9.37,720341501230,2025-11-05 12:00:46
mean_years_schooling_new_method,415,[Metode Baru] Rata-rata Lama Sekolah,Tahun,Tujuan Pembangunan Berkelanjutan Edisi I,0000,7204,Poso,0,Tidak ada,123,2023,0,Tahun,9.53,720441501230,2025-11-05 12:00:46
mean_years_schooling_new_method,415,[Metode Baru] Rata-rata Lama Sekolah,Tahun,Tujuan Pembangunan Berkelanjutan Edisi I,0000,7205,Donggala,0,Tidak ada,123,2023,0,Tahun,7.99,720541501230,2025-11-05 12:00:46
mean_years_schooling_new_method,415,[Metode Baru] Rata-rata Lama Sekolah,Tahun,Tujuan Pembangunan Berkelanjutan Edisi I,0000,7206,Toli-Toli,0,Tidak ada,123,2023,0,Tahun,8.77,720641501230,2025-11-05 12:00:46
mean_years_schooling_new_method,415,[Metode Baru] Rata-rata Lama Sekolah,Tahun,Tujuan Pembangunan Berkelanjutan Edisi I,0000,7207,Buol,0,Tidak ada,123,2023,0,Tahun,9.09,720741501230,2025-11-05 12:00:46
mean_years_schooling_new_method,415,[Metode Baru] Rata-rata Lama Sekolah,Tahun,Tujuan Pembangunan Berkelanjutan Edisi I,0000,7208,Parigi Moutong,0,Tidak ada,123,2023,0,Tahun,8.04,720841501230,2025-11-05 12:00:46
mean_years_schooling_new_method,415,[Metode Baru] Rata-rata Lama Sekolah,Tahun,Tujuan Pembangunan Berkelanjutan Edisi I,0000,7209,Tojo Una-Una,0,Tidak ada,123,2023,0,Tahun,8.51,720941501230,2025-11-05 12:00:46
mean_years_schooling_new_method,415,[Metode Baru] Rata-rata Lama Sekolah,Tahun,Tujuan Pembangunan Berkelanjutan Edisi I,0000,7210,Sigi,0,Tidak ada,123,2023,0,Tahun,9.03,721041501230,2025-11-05 12:00:46
mean_years_schooling_new_method,415,[Metode Baru] Rata-rata Lama Sekolah,Tahun,Tujuan Pembangunan Berkelanjutan Edisi I,0000,7211,Banggai Laut,0,Tidak ada,123,2023,0,Tahun,8.64,721141501230,2025-11-05 12:00:46
mean_years_schooling_new_method,415,[Metode Baru] Rata-rata Lama Sekolah,Tahun,Tujuan Pembangunan Berkelanjutan Edisi I,0000,7212,Morowali Utara,0,Tidak ada,123,2023,0,Tahun,8.94,721241501230,2025-11-05 12:00:46
mean_years_schooling_new_method,415,[Metode Baru] Rata-rata Lama Sekolah,Tahun,Tujuan Pembangunan Berkelanjutan Edisi I,0000,7271,Kota Palu,0,Tidak ada,123,2023,0,Tahun,11.74,727141501230,2025-11-05 12:00:46
mean_years_schooling_new_method,415,[Metode Baru] Rata-rata Lama Sekolah,Tahun,Tujuan Pembangunan Berkelanjutan Edisi I,0000,7300,SULAWESI SELATAN,0,Tidak ada,123,2023,0,Tahun,8.76,730041501230,2025-11-05 12:00:46
mean_years_schooling_new_method,415,[Metode Baru] Rata-rata Lama Sekolah,Tahun,Tujuan Pembangunan Berkelanjutan Edisi I,0000,7301,Kepulauan Selayar,0,Tidak ada,123,2023,0,Tahun,8.35,730141501230,2025-11-05 12:00:46
mean_years_schooling_new_method,415,[Metode Baru] Rata-rata Lama Sekolah,Tahun,Tujuan Pembangunan Berkelanjutan Edisi I,0000,7302,Bulukumba,0,Tidak ada,123,2023,0,Tahun,8.26,730241501230,2025-11-05 12:00:46
mean_years_schooling_new_method,415,[Metode Baru] Rata-rata Lama Sekolah,Tahun,Tujuan Pembangunan Berkelanjutan Edisi I,0000,7303,Bantaeng,0,Tidak ada,123,2023,0,Tahun,7.09,730341501230,2025-11-05 12:00:46
mean_years_schooling_new_method,415,[Metode Baru] Rata-rata Lama Sekolah,Tahun,Tujuan Pembangunan Berkelanjutan Edisi I,0000,7304,Jeneponto,0,Tidak ada,123,2023,0,Tahun,7,730441501230,2025-11-05 12:00:46
mean_years_schooling_new_method,415,[Metode Baru] Rata-rata Lama Sekolah,Tahun,Tujuan Pembangunan Berkelanjutan Edisi I,0000,7305,Takalar,0,Tidak ada,123,2023,0,Tahun,7.66,730541501230,2025-11-05 12:00:46
mean_years_schooling_new_method,415,[Metode Baru] Rata-rata Lama Sekolah,Tahun,Tujuan Pembangunan Berkelanjutan Edisi I,0000,7306,Gowa,0,Tidak ada,123,2023,0,Tahun,8.41,730641501230,2025-11-05 12:00:46
mean_years_schooling_new_method,415,[Metode Baru] Rata-rata Lama Sekolah,Tahun,Tujuan Pembangunan Berkelanjutan Edisi I,0000,7307,Sinjai,0,Tidak ada,123,2023,0,Tahun,7.8,730741501230,2025-11-05 12:00:46
mean_years_schooling_new_method,415,[Metode Baru] Rata-rata Lama Sekolah,Tahun,Tujuan Pembangunan Berkelanjutan Edisi I,0000,7308,Maros,0,Tidak ada,123,2023,0,Tahun,8.03,730841501230,2025-11-05 12:00:46
mean_years_schooling_new_method,415,[Metode Baru] Rata-rata Lama Sekolah,Tahun,Tujuan Pembangunan Berkelanjutan Edisi I,0000,7309,Pangkajene dan Kepulauan,0,Tidak ada,123,2023,0,Tahun,8.31,730941501230,2025-11-05 12:00:46
mean_years_schooling_new_method,415,[Metode Baru] Rata-rata Lama Sekolah,Tahun,Tujuan Pembangunan Berkelanjutan Edisi I,0000,7310,Barru,0,Tidak ada,123,2023,0,Tahun,8.54,731041501230,2025-11-05 12:00:46
mean_years_schooling_new_method,415,[Metode Baru] Rata-rata Lama Sekolah,Tahun,Tujuan Pembangunan Berkelanjutan Edisi I,0000,7311,Bone,0,Tidak ada,123,2023,0,Tahun,7.54,731141501230,2025-11-05 12:00:46
mean_years_schooling_new_method,415,[Metode Baru] Rata-rata Lama Sekolah,Tahun,Tujuan Pembangunan Berkelanjutan Edisi I,0000,7312,Soppeng,0,Tidak ada,123,2023,0,Tahun,8.27,731241501230,2025-11-05 12:00:46
mean_years_schooling_new_method,415,[Metode Baru] Rata-rata Lama Sekolah,Tahun,Tujuan Pembangunan Berkelanjutan Edisi I,0000,7313,Wajo,0,Tidak ada,123,2023,0,Tahun,7.45,731341501230,2025-11-05 12:00:46
mean_years_schooling_new_method,415,[Metode Baru] Rata-rata Lama Sekolah,Tahun,Tujuan Pembangunan Berkelanjutan Edisi I,0000,7314,Sidenreng Rappang,0,Tidak ada,123,2023,0,Tahun,8.2,731441501230,2025-11-05 12:00:46
mean_years_schooling_new_method,415,[Metode Baru] Rata-rata Lama Sekolah,Tahun,Tujuan Pembangunan Berkelanjutan Edisi I,0000,7315,Pinrang,0,Tidak ada,123,2023,0,Tahun,8.3,731541501230,2025-11-05 12:00:46
mean_years_schooling_new_method,415,[Metode Baru] Rata-rata Lama Sekolah,Tahun,Tujuan Pembangunan Berkelanjutan Edisi I,0000,7316,Enrekang,0,Tidak ada,123,2023,0,Tahun,8.94,731641501230,2025-11-05 12:00:46
mean_years_schooling_new_method,415,[Metode Baru] Rata-rata Lama Sekolah,Tahun,Tujuan Pembangunan Berkelanjutan Edisi I,0000,7317,Luwu,0,Tidak ada,123,2023,0,Tahun,8.73,731741501230,2025-11-05 12:00:46
mean_years_schooling_new_method,415,[Metode Baru] Rata-rata Lama Sekolah,Tahun,Tujuan Pembangunan Berkelanjutan Edisi I,0000,7318,Tana Toraja,0,Tidak ada,123,2023,0,Tahun,8.6,731841501230,2025-11-05 12:00:46
mean_years_schooling_new_method,415,[Metode Baru] Rata-rata Lama Sekolah,Tahun,Tujuan Pembangunan Berkelanjutan Edisi I,0000,7322,Luwu Utara,0,Tidak ada,123,2023,0,Tahun,8.14,732241501230,2025-11-05 12:00:46
mean_years_schooling_new_method,415,[Metode Baru] Rata-rata Lama Sekolah,Tahun,Tujuan Pembangunan Berkelanjutan Edisi I,0000,7325,Luwu Timur,0,Tidak ada,123,2023,0,Tahun,8.93,732541501230,2025-11-05 12:00:46
mean_years_schooling_new_method,415,[Metode Baru] Rata-rata Lama Sekolah,Tahun,Tujuan Pembangunan Berkelanjutan Edisi I,0000,7326,Toraja Utara,0,Tidak ada,123,2023,0,Tahun,8.51,732641501230,2025-11-05 12:00:46
mean_years_schooling_new_method,415,[Metode Baru] Rata-rata Lama Sekolah,Tahun,Tujuan Pembangunan Berkelanjutan Edisi I,0000,7371,Kota Makasar,0,Tidak ada,123,2023,0,Tahun,11.56,737141501230,2025-11-05 12:00:46
mean_years_schooling_new_method,415,[Metode Baru] Rata-rata Lama Sekolah,Tahun,Tujuan Pembangunan Berkelanjutan Edisi I,0000,7372,Kota Parepare,0,Tidak ada,123,2023,0,Tahun,10.7,737241501230,2025-11-05 12:00:46
mean_years_schooling_new_method,415,[Metode Baru] Rata-rata Lama Sekolah,Tahun,Tujuan Pembangunan Berkelanjutan Edisi I,0000,7373,Kota Palopo,0,Tidak ada,123,2023,0,Tahun,11.13,737341501230,2025-11-05 12:00:46
mean_years_schooling_new_method,415,[Metode Baru] Rata-rata Lama Sekolah,Tahun,Tujuan Pembangunan Berkelanjutan Edisi I,0000,7400,SULAWESI TENGGARA,0,Tidak ada,123,2023,0,Tahun,9.31,740041501230,2025-11-05 12:00:46
mean_years_schooling_new_method,415,[Metode Baru] Rata-rata Lama Sekolah,Tahun,Tujuan Pembangunan Berkelanjutan Edisi I,0000,7401,Buton,0,Tidak ada,123,2023,0,Tahun,8.49,740141501230,2025-11-05 12:00:46
mean_years_schooling_new_method,415,[Metode Baru] Rata-rata Lama Sekolah,Tahun,Tujuan Pembangunan Berkelanjutan Edisi I,0000,7402,Muna,0,Tidak ada,123,2023,0,Tahun,8.53,740241501230,2025-11-05 12:00:46
mean_years_schooling_new_method,415,[Metode Baru] Rata-rata Lama Sekolah,Tahun,Tujuan Pembangunan Berkelanjutan Edisi I,0000,7403,Konawe,0,Tidak ada,123,2023,0,Tahun,9.56,740341501230,2025-11-05 12:00:46
mean_years_schooling_new_method,415,[Metode Baru] Rata-rata Lama Sekolah,Tahun,Tujuan Pembangunan Berkelanjutan Edisi I,0000,7404,Kolaka,0,Tidak ada,123,2023,0,Tahun,9.35,740441501230,2025-11-05 12:00:46
mean_years_schooling_new_method,415,[Metode Baru] Rata-rata Lama Sekolah,Tahun,Tujuan Pembangunan Berkelanjutan Edisi I,0000,7405,Konawe Selatan,0,Tidak ada,123,2023,0,Tahun,8.51,740541501230,2025-11-05 12:00:46
mean_years_schooling_new_method,415,[Metode Baru] Rata-rata Lama Sekolah,Tahun,Tujuan Pembangunan Berkelanjutan Edisi I,0000,7406,Bombana,0,Tidak ada,123,2023,0,Tahun,8.07,740641501230,2025-11-05 12:00:46
mean_years_schooling_new_method,415,[Metode Baru] Rata-rata Lama Sekolah,Tahun,Tujuan Pembangunan Berkelanjutan Edisi I,0000,7407,Wakatobi,0,Tidak ada,123,2023,0,Tahun,8.51,740741501230,2025-11-05 12:00:46
mean_years_schooling_new_method,415,[Metode Baru] Rata-rata Lama Sekolah,Tahun,Tujuan Pembangunan Berkelanjutan Edisi I,0000,7408,Kolaka Utara,0,Tidak ada,123,2023,0,Tahun,8.81,740841501230,2025-11-05 12:00:46
mean_years_schooling_new_method,415,[Metode Baru] Rata-rata Lama Sekolah,Tahun,Tujuan Pembangunan Berkelanjutan Edisi I,0000,7409,Buton Utara,0,Tidak ada,123,2023,0,Tahun,9.12,740941501230,2025-11-05 12:00:46
mean_years_schooling_new_method,415,[Metode Baru] Rata-rata Lama Sekolah,Tahun,Tujuan Pembangunan Berkelanjutan Edisi I,0000,7410,Konawe Utara,0,Tidak ada,123,2023,0,Tahun,9.6,741041501230,2025-11-05 12:00:46
mean_years_schooling_new_method,415,[Metode Baru] Rata-rata Lama Sekolah,Tahun,Tujuan Pembangunan Berkelanjutan Edisi I,0000,7411,Kolaka Timur,0,Tidak ada,123,2023,0,Tahun,8.4,741141501230,2025-11-05 12:00:46
mean_years_schooling_new_method,415,[Metode Baru] Rata-rata Lama Sekolah,Tahun,Tujuan Pembangunan Berkelanjutan Edisi I,0000,7412,Konawe Kepulauan,0,Tidak ada,123,2023,0,Tahun,9.45,741241501230,2025-11-05 12:00:46
mean_years_schooling_new_method,415,[Metode Baru] Rata-rata Lama Sekolah,Tahun,Tujuan Pembangunan Berkelanjutan Edisi I,0000,7413,Muna Barat,0,Tidak ada,123,2023,0,Tahun,7.86,741341501230,2025-11-05 12:00:46
mean_years_schooling_new_method,415,[Metode Baru] Rata-rata Lama Sekolah,Tahun,Tujuan Pembangunan Berkelanjutan Edisi I,0000,7414,Buton Tengah,0,Tidak ada,123,2023,0,Tahun,7.34,741441501230,2025-11-05 12:00:46
mean_years_schooling_new_method,415,[Metode Baru] Rata-rata Lama Sekolah,Tahun,Tujuan Pembangunan Berkelanjutan Edisi I,0000,7415,Buton Selatan,0,Tidak ada,123,2023,0,Tahun,7.65,741541501230,2025-11-05 12:00:46
mean_years_schooling_new_method,415,[Metode Baru] Rata-rata Lama Sekolah,Tahun,Tujuan Pembangunan Berkelanjutan Edisi I,0000,7471,Kota Kendari,0,Tidak ada,123,2023,0,Tahun,12.53,747141501230,2025-11-05 12:00:46
mean_years_schooling_new_method,415,[Metode Baru] Rata-rata Lama Sekolah,Tahun,Tujuan Pembangunan Berkelanjutan Edisi I,0000,7472,Kota Baubau,0,Tidak ada,123,2023,0,Tahun,11.02,747241501230,2025-11-05 12:00:46
mean_years_schooling_new_method,415,[Metode Baru] Rata-rata Lama Sekolah,Tahun,Tujuan Pembangunan Berkelanjutan Edisi I,0000,7500,GORONTALO,0,Tidak ada,123,2023,0,Tahun,8.1,750041501230,2025-11-05 12:00:46
mean_years_schooling_new_method,415,[Metode Baru] Rata-rata Lama Sekolah,Tahun,Tujuan Pembangunan Berkelanjutan Edisi I,0000,7501,Boalemo,0,Tidak ada,123,2023,0,Tahun,7.3,750141501230,2025-11-05 12:00:46
mean_years_schooling_new_method,415,[Metode Baru] Rata-rata Lama Sekolah,Tahun,Tujuan Pembangunan Berkelanjutan Edisi I,0000,7502,Gorontalo,0,Tidak ada,123,2023,0,Tahun,7.79,750241501230,2025-11-05 12:00:46
mean_years_schooling_new_method,415,[Metode Baru] Rata-rata Lama Sekolah,Tahun,Tujuan Pembangunan Berkelanjutan Edisi I,0000,7503,Pohuwato,0,Tidak ada,123,2023,0,Tahun,7.59,750341501230,2025-11-05 12:00:46
mean_years_schooling_new_method,415,[Metode Baru] Rata-rata Lama Sekolah,Tahun,Tujuan Pembangunan Berkelanjutan Edisi I,0000,7504,Bone Bolango,0,Tidak ada,123,2023,0,Tahun,8.35,750441501230,2025-11-05 12:00:46
mean_years_schooling_new_method,415,[Metode Baru] Rata-rata Lama Sekolah,Tahun,Tujuan Pembangunan Berkelanjutan Edisi I,0000,7505,Gorontalo Utara,0,Tidak ada,123,2023,0,Tahun,7.17,750541501230,2025-11-05 12:00:46
mean_years_schooling_new_method,415,[Metode Baru] Rata-rata Lama Sekolah,Tahun,Tujuan Pembangunan Berkelanjutan Edisi I,0000,7571,Kota Gorontalo,0,Tidak ada,123,2023,0,Tahun,10.4,757141501230,2025-11-05 12:00:46
mean_years_schooling_new_method,415,[Metode Baru] Rata-rata Lama Sekolah,Tahun,Tujuan Pembangunan Berkelanjutan Edisi I,0000,7600,SULAWESI BARAT,0,Tidak ada,123,2023,0,Tahun,8.13,760041501230,2025-11-05 12:00:46
mean_years_schooling_new_method,415,[Metode Baru] Rata-rata Lama Sekolah,Tahun,Tujuan Pembangunan Berkelanjutan Edisi I,0000,7601,Majene,0,Tidak ada,123,2023,0,Tahun,9.28,760141501230,2025-11-05 12:00:46
mean_years_schooling_new_method,415,[Metode Baru] Rata-rata Lama Sekolah,Tahun,Tujuan Pembangunan Berkelanjutan Edisi I,0000,7602,Polewali Mandar,0,Tidak ada,123,2023,0,Tahun,7.71,760241501230,2025-11-05 12:00:46
mean_years_schooling_new_method,415,[Metode Baru] Rata-rata Lama Sekolah,Tahun,Tujuan Pembangunan Berkelanjutan Edisi I,0000,7603,Mamasa,0,Tidak ada,123,2023,0,Tahun,8.11,760341501230,2025-11-05 12:00:46
mean_years_schooling_new_method,415,[Metode Baru] Rata-rata Lama Sekolah,Tahun,Tujuan Pembangunan Berkelanjutan Edisi I,0000,7604,Mamuju,0,Tidak ada,123,2023,0,Tahun,8.16,760441501230,2025-11-05 12:00:46
mean_years_schooling_new_method,415,[Metode Baru] Rata-rata Lama Sekolah,Tahun,Tujuan Pembangunan Berkelanjutan Edisi I,0000,7605,Mamuju Utara / Pasangkayu,0,Tidak ada,123,2023,0,Tahun,8.12,760541501230,2025-11-05 12:00:46
mean_years_schooling_new_method,415,[Metode Baru] Rata-rata Lama Sekolah,Tahun,Tujuan Pembangunan Berkelanjutan Edisi I,0000,7606,Mamuju Tengah,0,Tidak ada,123,2023,0,Tahun,7.73,760641501230,2025-11-05 12:00:46
mean_years_schooling_new_method,415,[Metode Baru] Rata-rata Lama Sekolah,Tahun,Tujuan Pembangunan Berkelanjutan Edisi I,0000,8100,MALUKU,0,Tidak ada,123,2023,0,Tahun,10.2,810041501230,2025-11-05 12:00:46
mean_years_schooling_new_method,415,[Metode Baru] Rata-rata Lama Sekolah,Tahun,Tujuan Pembangunan Berkelanjutan Edisi I,0000,8101,Maluku Tenggara Barat / Kepulauan Tanimbar,0,Tidak ada,123,2023,0,Tahun,9.91,810141501230,2025-11-05 12:00:46
mean_years_schooling_new_method,415,[Metode Baru] Rata-rata Lama Sekolah,Tahun,Tujuan Pembangunan Berkelanjutan Edisi I,0000,8102,Maluku Tenggara,0,Tidak ada,123,2023,0,Tahun,9.79,810241501230,2025-11-05 12:00:46
mean_years_schooling_new_method,415,[Metode Baru] Rata-rata Lama Sekolah,Tahun,Tujuan Pembangunan Berkelanjutan Edisi I,0000,8103,Maluku Tengah,0,Tidak ada,123,2023,0,Tahun,9.78,810341501230,2025-11-05 12:00:46
mean_years_schooling_new_method,415,[Metode Baru] Rata-rata Lama Sekolah,Tahun,Tujuan Pembangunan Berkelanjutan Edisi I,0000,8104,Buru,0,Tidak ada,123,2023,0,Tahun,9.01,810441501230,2025-11-05 12:00:46
mean_years_schooling_new_method,415,[Metode Baru] Rata-rata Lama Sekolah,Tahun,Tujuan Pembangunan Berkelanjutan Edisi I,0000,8105,Kepulauan Aru,0,Tidak ada,123,2023,0,Tahun,8.97,810541501230,2025-11-05 12:00:46
mean_years_schooling_new_method,415,[Metode Baru] Rata-rata Lama Sekolah,Tahun,Tujuan Pembangunan Berkelanjutan Edisi I,0000,8106,Seram Bagian Barat,0,Tidak ada,123,2023,0,Tahun,9.35,810641501230,2025-11-05 12:00:46
mean_years_schooling_new_method,415,[Metode Baru] Rata-rata Lama Sekolah,Tahun,Tujuan Pembangunan Berkelanjutan Edisi I,0000,8107,Seram Bagian Timur,0,Tidak ada,123,2023,0,Tahun,8.82,810741501230,2025-11-05 12:00:46
mean_years_schooling_new_method,415,[Metode Baru] Rata-rata Lama Sekolah,Tahun,Tujuan Pembangunan Berkelanjutan Edisi I,0000,8108,Maluku Barat Daya,0,Tidak ada,123,2023,0,Tahun,8.92,810841501230,2025-11-05 12:00:46
mean_years_schooling_new_method,415,[Metode Baru] Rata-rata Lama Sekolah,Tahun,Tujuan Pembangunan Berkelanjutan Edisi I,0000,8109,Buru Selatan,0,Tidak ada,123,2023,0,Tahun,8.23,810941501230,2025-11-05 12:00:46
mean_years_schooling_new_method,415,[Metode Baru] Rata-rata Lama Sekolah,Tahun,Tujuan Pembangunan Berkelanjutan Edisi I,0000,8171,Kota Ambon,0,Tidak ada,123,2023,0,Tahun,12.22,817141501230,2025-11-05 12:00:46
mean_years_schooling_new_method,415,[Metode Baru] Rata-rata Lama Sekolah,Tahun,Tujuan Pembangunan Berkelanjutan Edisi I,0000,8172,Kota Tual,0,Tidak ada,123,2023,0,Tahun,10.66,817241501230,2025-11-05 12:00:46
mean_years_schooling_new_method,415,[Metode Baru] Rata-rata Lama Sekolah,Tahun,Tujuan Pembangunan Berkelanjutan Edisi I,0000,8200,MALUKU UTARA,0,Tidak ada,123,2023,0,Tahun,9.26,820041501230,2025-11-05 12:00:46
mean_years_schooling_new_method,415,[Metode Baru] Rata-rata Lama Sekolah,Tahun,Tujuan Pembangunan Berkelanjutan Edisi I,0000,8201,Halmahera Barat,0,Tidak ada,123,2023,0,Tahun,8.58,820141501230,2025-11-05 12:00:46
mean_years_schooling_new_method,415,[Metode Baru] Rata-rata Lama Sekolah,Tahun,Tujuan Pembangunan Berkelanjutan Edisi I,0000,8202,Halmahera Tengah,0,Tidak ada,123,2023,0,Tahun,9.19,820241501230,2025-11-05 12:00:46
mean_years_schooling_new_method,415,[Metode Baru] Rata-rata Lama Sekolah,Tahun,Tujuan Pembangunan Berkelanjutan Edisi I,0000,8203,Kepulauan Sula,0,Tidak ada,123,2023,0,Tahun,9.04,820341501230,2025-11-05 12:00:46
mean_years_schooling_new_method,415,[Metode Baru] Rata-rata Lama Sekolah,Tahun,Tujuan Pembangunan Berkelanjutan Edisi I,0000,8204,Halmahera Selatan,0,Tidak ada,123,2023,0,Tahun,8.17,820441501230,2025-11-05 12:00:46
mean_years_schooling_new_method,415,[Metode Baru] Rata-rata Lama Sekolah,Tahun,Tujuan Pembangunan Berkelanjutan Edisi I,0000,8205,Halmahera Utara,0,Tidak ada,123,2023,0,Tahun,8.65,820541501230,2025-11-05 12:00:46
mean_years_schooling_new_method,415,[Metode Baru] Rata-rata Lama Sekolah,Tahun,Tujuan Pembangunan Berkelanjutan Edisi I,0000,8206,Halmahera Timur,0,Tidak ada,123,2023,0,Tahun,8.66,820641501230,2025-11-05 12:00:46
mean_years_schooling_new_method,415,[Metode Baru] Rata-rata Lama Sekolah,Tahun,Tujuan Pembangunan Berkelanjutan Edisi I,0000,8207,Pulau Morotai,0,Tidak ada,123,2023,0,Tahun,7.55,820741501230,2025-11-05 12:00:46
mean_years_schooling_new_method,415,[Metode Baru] Rata-rata Lama Sekolah,Tahun,Tujuan Pembangunan Berkelanjutan Edisi I,0000,8208,Pulau Taliabu,0,Tidak ada,123,2023,0,Tahun,7.97,820841501230,2025-11-05 12:00:46
mean_years_schooling_new_method,415,[Metode Baru] Rata-rata Lama Sekolah,Tahun,Tujuan Pembangunan Berkelanjutan Edisi I,0000,8271,Kota Ternate,0,Tidak ada,123,2023,0,Tahun,12.07,827141501230,2025-11-05 12:00:46
mean_years_schooling_new_method,415,[Metode Baru] Rata-rata Lama Sekolah,Tahun,Tujuan Pembangunan Berkelanjutan Edisi I,0000,8272,Kota Tidore Kepulauan,0,Tidak ada,123,2023,0,Tahun,9.97,827241501230,2025-11-05 12:00:46
mean_years_schooling_new_method,415,[Metode Baru] Rata-rata Lama Sekolah,Tahun,Tujuan Pembangunan Berkelanjutan Edisi I,0000,9100,PAPUA BARAT,0,Tidak ada,123,2023,0,Tahun,7.93,910041501230,2025-11-05 12:00:46
mean_years_schooling_new_method,415,[Metode Baru] Rata-rata Lama Sekolah,Tahun,Tujuan Pembangunan Berkelanjutan Edisi I,0000,9101,Fakfak,0,Tidak ada,123,2023,0,Tahun,9.17,910141501230,2025-11-05 12:00:46
mean_years_schooling_new_method,415,[Metode Baru] Rata-rata Lama Sekolah,Tahun,Tujuan Pembangunan Berkelanjutan Edisi I,0000,9102,Kaimana,0,Tidak ada,123,2023,0,Tahun,8.8,910241501230,2025-11-05 12:00:46
mean_years_schooling_new_method,415,[Metode Baru] Rata-rata Lama Sekolah,Tahun,Tujuan Pembangunan Berkelanjutan Edisi I,0000,9103,Teluk Wondama,0,Tidak ada,123,2023,0,Tahun,7.27,910341501230,2025-11-05 12:00:46
mean_years_schooling_new_method,415,[Metode Baru] Rata-rata Lama Sekolah,Tahun,Tujuan Pembangunan Berkelanjutan Edisi I,0000,9104,Teluk Bintuni,0,Tidak ada,123,2023,0,Tahun,8.51,910441501230,2025-11-05 12:00:46
mean_years_schooling_new_method,415,[Metode Baru] Rata-rata Lama Sekolah,Tahun,Tujuan Pembangunan Berkelanjutan Edisi I,0000,9105,Manokwari,0,Tidak ada,123,2023,0,Tahun,8.54,910541501230,2025-11-05 12:00:46
mean_years_schooling_new_method,415,[Metode Baru] Rata-rata Lama Sekolah,Tahun,Tujuan Pembangunan Berkelanjutan Edisi I,0000,9106,Sorong Selatan,0,Tidak ada,123,2023,0,Tahun,7.62,910641501230,2025-11-05 12:00:46
mean_years_schooling_new_method,415,[Metode Baru] Rata-rata Lama Sekolah,Tahun,Tujuan Pembangunan Berkelanjutan Edisi I,0000,9107,Sorong,0,Tidak ada,123,2023,0,Tahun,8.61,910741501230,2025-11-05 12:00:46
mean_years_schooling_new_method,415,[Metode Baru] Rata-rata Lama Sekolah,Tahun,Tujuan Pembangunan Berkelanjutan Edisi I,0000,9108,Raja Ampat,0,Tidak ada,123,2023,0,Tahun,8.24,910841501230,2025-11-05 12:00:46
mean_years_schooling_new_method,415,[Metode Baru] Rata-rata Lama Sekolah,Tahun,Tujuan Pembangunan Berkelanjutan Edisi I,0000,9109,Tambrauw,0,Tidak ada,123,2023,0,Tahun,5.71,910941501230,2025-11-05 12:00:46
mean_years_schooling_new_method,415,[Metode Baru] Rata-rata Lama Sekolah,Tahun,Tujuan Pembangunan Berkelanjutan Edisi I,0000,9110,Maybrat,0,Tidak ada,123,2023,0,Tahun,7.32,911041501230,2025-11-05 12:00:46
mean_years_schooling_new_method,415,[Metode Baru] Rata-rata Lama Sekolah,Tahun,Tujuan Pembangunan Berkelanjutan Edisi I,0000,9111,Manokwari Selatan,0,Tidak ada,123,2023,0,Tahun,6.96,911141501230,2025-11-05 12:00:46
mean_years_schooling_new_method,415,[Metode Baru] Rata-rata Lama Sekolah,Tahun,Tujuan Pembangunan Berkelanjutan Edisi I,0000,9112,Pegunungan Arfak,0,Tidak ada,123,2023,0,Tahun,5.51,911241501230,2025-11-05 12:00:46
mean_years_schooling_new_method,415,[Metode Baru] Rata-rata Lama Sekolah,Tahun,Tujuan Pembangunan Berkelanjutan Edisi I,0000,9171,Kota Sorong,0,Tidak ada,123,2023,0,Tahun,11.5,917141501230,2025-11-05 12:00:46
mean_years_schooling_new_method,415,[Metode Baru] Rata-rata Lama Sekolah,Tahun,Tujuan Pembangunan Berkelanjutan Edisi I,0000,9400,PAPUA,0,Tidak ada,123,2023,0,Tahun,7.15,940041501230,2025-11-05 12:00:46
mean_years_schooling_new_method,415,[Metode Baru] Rata-rata Lama Sekolah,Tahun,Tujuan Pembangunan Berkelanjutan Edisi I,0000,9401,Merauke,0,Tidak ada,123,2023,0,Tahun,9.25,940141501230,2025-11-05 12:00:46
mean_years_schooling_new_method,415,[Metode Baru] Rata-rata Lama Sekolah,Tahun,Tujuan Pembangunan Berkelanjutan Edisi I,0000,9402,Jayawijaya,0,Tidak ada,123,2023,0,Tahun,5.98,940241501230,2025-11-05 12:00:46
mean_years_schooling_new_method,415,[Metode Baru] Rata-rata Lama Sekolah,Tahun,Tujuan Pembangunan Berkelanjutan Edisi I,0000,9403,Jayapura,0,Tidak ada,123,2023,0,Tahun,10.32,940341501230,2025-11-05 12:00:46
mean_years_schooling_new_method,415,[Metode Baru] Rata-rata Lama Sekolah,Tahun,Tujuan Pembangunan Berkelanjutan Edisi I,0000,9404,Nabire,0,Tidak ada,123,2023,0,Tahun,10.33,940441501230,2025-11-05 12:00:46
mean_years_schooling_new_method,415,[Metode Baru] Rata-rata Lama Sekolah,Tahun,Tujuan Pembangunan Berkelanjutan Edisi I,0000,9408,Kepulauan Yapen,0,Tidak ada,123,2023,0,Tahun,9.7,940841501230,2025-11-05 12:00:46
mean_years_schooling_new_method,415,[Metode Baru] Rata-rata Lama Sekolah,Tahun,Tujuan Pembangunan Berkelanjutan Edisi I,0000,9409,Biak Numfor,0,Tidak ada,123,2023,0,Tahun,10.54,940941501230,2025-11-05 12:00:46
mean_years_schooling_new_method,415,[Metode Baru] Rata-rata Lama Sekolah,Tahun,Tujuan Pembangunan Berkelanjutan Edisi I,0000,9410,Paniai,0,Tidak ada,123,2023,0,Tahun,4.79,941041501230,2025-11-05 12:00:46
mean_years_schooling_new_method,415,[Metode Baru] Rata-rata Lama Sekolah,Tahun,Tujuan Pembangunan Berkelanjutan Edisi I,0000,9411,Puncak Jaya,0,Tidak ada,123,2023,0,Tahun,4.23,941141501230,2025-11-05 12:00:46
mean_years_schooling_new_method,415,[Metode Baru] Rata-rata Lama Sekolah,Tahun,Tujuan Pembangunan Berkelanjutan Edisi I,0000,9412,Mimika,0,Tidak ada,123,2023,0,Tahun,10.47,941241501230,2025-11-05 12:00:46
mean_years_schooling_new_method,415,[Metode Baru] Rata-rata Lama Sekolah,Tahun,Tujuan Pembangunan Berkelanjutan Edisi I,0000,9413,Boven Digoel,0,Tidak ada,123,2023,0,Tahun,9.25,941341501230,2025-11-05 12:00:46
mean_years_schooling_new_method,415,[Metode Baru] Rata-rata Lama Sekolah,Tahun,Tujuan Pembangunan Berkelanjutan Edisi I,0000,9414,Mappi,0,Tidak ada,123,2023,0,Tahun,6.95,941441501230,2025-11-05 12:00:46
mean_years_schooling_new_method,415,[Metode Baru] Rata-rata Lama Sekolah,Tahun,Tujuan Pembangunan Berkelanjutan Edisi I,0000,9415,Asmat,0,Tidak ada,123,2023,0,Tahun,5.58,941541501230,2025-11-05 12:00:46
mean_years_schooling_new_method,415,[Metode Baru] Rata-rata Lama Sekolah,Tahun,Tujuan Pembangunan Berkelanjutan Edisi I,0000,9416,Yahukimo,0,Tidak ada,123,2023,0,Tahun,4.34,941641501230,2025-11-05 12:00:46
mean_years_schooling_new_method,415,[Metode Baru] Rata-rata Lama Sekolah,Tahun,Tujuan Pembangunan Berkelanjutan Edisi I,0000,9417,Pegunungan Bintang,0,Tidak ada,123,2023,0,Tahun,3.37,941741501230,2025-11-05 12:00:46
mean_years_schooling_new_method,415,[Metode Baru] Rata-rata Lama Sekolah,Tahun,Tujuan Pembangunan Berkelanjutan Edisi I,0000,9418,Tolikara,0,Tidak ada,123,2023,0,Tahun,3.68,941841501230,2025-11-05 12:00:46
mean_years_schooling_new_method,415,[Metode Baru] Rata-rata Lama Sekolah,Tahun,Tujuan Pembangunan Berkelanjutan Edisi I,0000,9419,Sarmi,0,Tidak ada,123,2023,0,Tahun,9.36,941941501230,2025-11-05 12:00:46
mean_years_schooling_new_method,415,[Metode Baru] Rata-rata Lama Sekolah,Tahun,Tujuan Pembangunan Berkelanjutan Edisi I,0000,9420,Keerom,0,Tidak ada,123,2023,0,Tahun,8.57,942041501230,2025-11-05 12:00:46
mean_years_schooling_new_method,415,[Metode Baru] Rata-rata Lama Sekolah,Tahun,Tujuan Pembangunan Berkelanjutan Edisi I,0000,9426,Waropen,0,Tidak ada,123,2023,0,Tahun,9.41,942641501230,2025-11-05 12:00:46
mean_years_schooling_new_method,415,[Metode Baru] Rata-rata Lama Sekolah,Tahun,Tujuan Pembangunan Berkelanjutan Edisi I,0000,9427,Supiori,0,Tidak ada,123,2023,0,Tahun,9.2,942741501230,2025-11-05 12:00:46
mean_years_schooling_new_method,415,[Metode Baru] Rata-rata Lama Sekolah,Tahun,Tujuan Pembangunan Berkelanjutan Edisi I,0000,9428,Mamberamo Raya,0,Tidak ada,123,2023,0,Tahun,6.28,942841501230,2025-11-05 12:00:46
mean_years_schooling_new_method,415,[Metode Baru] Rata-rata Lama Sekolah,Tahun,Tujuan Pembangunan Berkelanjutan Edisi I,0000,9429,Nduga,0,Tidak ada,123,2023,0,Tahun,1.71,942941501230,2025-11-05 12:00:46
mean_years_schooling_new_method,415,[Metode Baru] Rata-rata Lama Sekolah,Tahun,Tujuan Pembangunan Berkelanjutan Edisi I,0000,9430,Lanny Jaya,0,Tidak ada,123,2023,0,Tahun,3.71,943041501230,2025-11-05 12:00:46
mean_years_schooling_new_method,415,[Metode Baru] Rata-rata Lama Sekolah,Tahun,Tujuan Pembangunan Berkelanjutan Edisi I,0000,9431,Mamberamo Tengah,0,Tidak ada,123,2023,0,Tahun,3.63,943141501230,2025-11-05 12:00:46
mean_years_schooling_new_method,415,[Metode Baru] Rata-rata Lama Sekolah,Tahun,Tujuan Pembangunan Berkelanjutan Edisi I,0000,9432,Yalimo,0,Tidak ada,123,2023,0,Tahun,3.34,943241501230,2025-11-05 12:00:46
mean_years_schooling_new_method,415,[Metode Baru] Rata-rata Lama Sekolah,Tahun,Tujuan Pembangunan Berkelanjutan Edisi I,0000,9433,Puncak,0,Tidak ada,123,2023,0,Tahun,2.19,943341501230,2025-11-05 12:00:46
mean_years_schooling_new_method,415,[Metode Baru] Rata-rata Lama Sekolah,Tahun,Tujuan Pembangunan Berkelanjutan Edisi I,0000,9434,Dogiyai,0,Tidak ada,123,2023,0,Tahun,4.97,943441501230,2025-11-05 12:00:46
mean_years_schooling_new_method,415,[Metode Baru] Rata-rata Lama Sekolah,Tahun,Tujuan Pembangunan Berkelanjutan Edisi I,0000,9435,Intan Jaya,0,Tidak ada,123,2023,0,Tahun,3.27,943541501230,2025-11-05 12:00:46
mean_years_schooling_new_method,415,[Metode Baru] Rata-rata Lama Sekolah,Tahun,Tujuan Pembangunan Berkelanjutan Edisi I,0000,9436,Deiyai,0,Tidak ada,123,2023,0,Tahun,3.27,943641501230,2025-11-05 12:00:46
mean_years_schooling_new_method,415,[Metode Baru] Rata-rata Lama Sekolah,Tahun,Tujuan Pembangunan Berkelanjutan Edisi I,0000,9471,Kota Jayapura,0,Tidak ada,123,2023,0,Tahun,11.84,947141501230,2025-11-05 12:00:46
mean_years_schooling_new_method,415,[Metode Baru] Rata-rata Lama Sekolah,Tahun,Tujuan Pembangunan Berkelanjutan Edisi I,0000,9999,INDONESIA,0,Tidak ada,123,2023,0,Tahun,8.77,999941501230,2025-11-05 12:00:46
mean_years_schooling_new_method,415,[Metode Baru] Rata-rata Lama Sekolah,Tahun,Tujuan Pembangunan Berkelanjutan Edisi I,0000,1100,ACEH,0,Tidak ada,122,2022,0,Tahun,9.44,110041501220,2025-11-05 12:00:46
mean_years_schooling_new_method,415,[Metode Baru] Rata-rata Lama Sekolah,Tahun,Tujuan Pembangunan Berkelanjutan Edisi I,0000,1101,Simeulue,0,Tidak ada,122,2022,0,Tahun,9.73,110141501220,2025-11-05 12:00:46
mean_years_schooling_new_method,415,[Metode Baru] Rata-rata Lama Sekolah,Tahun,Tujuan Pembangunan Berkelanjutan Edisi I,0000,1102,Aceh Singkil,0,Tidak ada,122,2022,0,Tahun,8.69,110241501220,2025-11-05 12:00:46
mean_years_schooling_new_method,415,[Metode Baru] Rata-rata Lama Sekolah,Tahun,Tujuan Pembangunan Berkelanjutan Edisi I,0000,1103,Aceh Selatan,0,Tidak ada,122,2022,0,Tahun,8.89,110341501220,2025-11-05 12:00:46
mean_years_schooling_new_method,415,[Metode Baru] Rata-rata Lama Sekolah,Tahun,Tujuan Pembangunan Berkelanjutan Edisi I,0000,1104,Aceh Tenggara,0,Tidak ada,122,2022,0,Tahun,9.92,110441501220,2025-11-05 12:00:46
mean_years_schooling_new_method,415,[Metode Baru] Rata-rata Lama Sekolah,Tahun,Tujuan Pembangunan Berkelanjutan Edisi I,0000,1105,Aceh Timur,0,Tidak ada,122,2022,0,Tahun,8.32,110541501220,2025-11-05 12:00:46
mean_years_schooling_new_method,415,[Metode Baru] Rata-rata Lama Sekolah,Tahun,Tujuan Pembangunan Berkelanjutan Edisi I,0000,1106,Aceh Tengah,0,Tidak ada,122,2022,0,Tahun,9.87,110641501220,2025-11-05 12:00:46
mean_years_schooling_new_method,415,[Metode Baru] Rata-rata Lama Sekolah,Tahun,Tujuan Pembangunan Berkelanjutan Edisi I,0000,1107,Aceh Barat,0,Tidak ada,122,2022,0,Tahun,9.87,110741501220,2025-11-05 12:00:46
mean_years_schooling_new_method,415,[Metode Baru] Rata-rata Lama Sekolah,Tahun,Tujuan Pembangunan Berkelanjutan Edisi I,0000,1108,Aceh Besar,0,Tidak ada,122,2022,0,Tahun,10.35,110841501220,2025-11-05 12:00:46
mean_years_schooling_new_method,415,[Metode Baru] Rata-rata Lama Sekolah,Tahun,Tujuan Pembangunan Berkelanjutan Edisi I,0000,1109,Pidie,0,Tidak ada,122,2022,0,Tahun,9.02,110941501220,2025-11-05 12:00:46
mean_years_schooling_new_method,415,[Metode Baru] Rata-rata Lama Sekolah,Tahun,Tujuan Pembangunan Berkelanjutan Edisi I,0000,1110,Bireuen,0,Tidak ada,122,2022,0,Tahun,9.31,111041501220,2025-11-05 12:00:46
mean_years_schooling_new_method,415,[Metode Baru] Rata-rata Lama Sekolah,Tahun,Tujuan Pembangunan Berkelanjutan Edisi I,0000,1111,Aceh Utara,0,Tidak ada,122,2022,0,Tahun,8.73,111141501220,2025-11-05 12:00:46
mean_years_schooling_new_method,415,[Metode Baru] Rata-rata Lama Sekolah,Tahun,Tujuan Pembangunan Berkelanjutan Edisi I,0000,1112,Aceh Barat Daya,0,Tidak ada,122,2022,0,Tahun,8.68,111241501220,2025-11-05 12:00:46
mean_years_schooling_new_method,415,[Metode Baru] Rata-rata Lama Sekolah,Tahun,Tujuan Pembangunan Berkelanjutan Edisi I,0000,1113,Gayo Lues,0,Tidak ada,122,2022,0,Tahun,8.41,111341501220,2025-11-05 12:00:46
mean_years_schooling_new_method,415,[Metode Baru] Rata-rata Lama Sekolah,Tahun,Tujuan Pembangunan Berkelanjutan Edisi I,0000,1114,Aceh Tamiang,0,Tidak ada,122,2022,0,Tahun,9.04,111441501220,2025-11-05 12:00:46
mean_years_schooling_new_method,415,[Metode Baru] Rata-rata Lama Sekolah,Tahun,Tujuan Pembangunan Berkelanjutan Edisi I,0000,1115,Nagan Raya,0,Tidak ada,122,2022,0,Tahun,8.95,111541501220,2025-11-05 12:00:46
mean_years_schooling_new_method,415,[Metode Baru] Rata-rata Lama Sekolah,Tahun,Tujuan Pembangunan Berkelanjutan Edisi I,0000,1116,Aceh Jaya,0,Tidak ada,122,2022,0,Tahun,8.72,111641501220,2025-11-05 12:00:46
mean_years_schooling_new_method,415,[Metode Baru] Rata-rata Lama Sekolah,Tahun,Tujuan Pembangunan Berkelanjutan Edisi I,0000,1117,Bener Meriah,0,Tidak ada,122,2022,0,Tahun,10.01,111741501220,2025-11-05 12:00:46
mean_years_schooling_new_method,415,[Metode Baru] Rata-rata Lama Sekolah,Tahun,Tujuan Pembangunan Berkelanjutan Edisi I,0000,1118,Pidie Jaya,0,Tidak ada,122,2022,0,Tahun,9.53,111841501220,2025-11-05 12:00:46
mean_years_schooling_new_method,415,[Metode Baru] Rata-rata Lama Sekolah,Tahun,Tujuan Pembangunan Berkelanjutan Edisi I,0000,1171,Kota Banda Aceh,0,Tidak ada,122,2022,0,Tahun,13.03,117141501220,2025-11-05 12:00:46
mean_years_schooling_new_method,415,[Metode Baru] Rata-rata Lama Sekolah,Tahun,Tujuan Pembangunan Berkelanjutan Edisi I,0000,1172,Kota Sabang,0,Tidak ada,122,2022,0,Tahun,11.19,117241501220,2025-11-05 12:00:46
mean_years_schooling_new_method,415,[Metode Baru] Rata-rata Lama Sekolah,Tahun,Tujuan Pembangunan Berkelanjutan Edisi I,0000,1173,Kota Langsa,0,Tidak ada,122,2022,0,Tahun,11.14,117341501220,2025-11-05 12:00:46
mean_years_schooling_new_method,415,[Metode Baru] Rata-rata Lama Sekolah,Tahun,Tujuan Pembangunan Berkelanjutan Edisi I,0000,1174,Kota Lhokseumawe,0,Tidak ada,122,2022,0,Tahun,11.12,117441501220,2025-11-05 12:00:46
mean_years_schooling_new_method,415,[Metode Baru] Rata-rata Lama Sekolah,Tahun,Tujuan Pembangunan Berkelanjutan Edisi I,0000,1175,Kota Subulussalam,0,Tidak ada,122,2022,0,Tahun,8.22,117541501220,2025-11-05 12:00:46
mean_years_schooling_new_method,415,[Metode Baru] Rata-rata Lama Sekolah,Tahun,Tujuan Pembangunan Berkelanjutan Edisi I,0000,1200,SUMATERA UTARA,0,Tidak ada,122,2022,0,Tahun,9.71,120041501220,2025-11-05 12:00:46
mean_years_schooling_new_method,415,[Metode Baru] Rata-rata Lama Sekolah,Tahun,Tujuan Pembangunan Berkelanjutan Edisi I,0000,1201,Nias,0,Tidak ada,122,2022,0,Tahun,5.88,120141501220,2025-11-05 12:00:46
mean_years_schooling_new_method,415,[Metode Baru] Rata-rata Lama Sekolah,Tahun,Tujuan Pembangunan Berkelanjutan Edisi I,0000,1202,Mandailing Natal,0,Tidak ada,122,2022,0,Tahun,8.76,120241501220,2025-11-05 12:00:46
mean_years_schooling_new_method,415,[Metode Baru] Rata-rata Lama Sekolah,Tahun,Tujuan Pembangunan Berkelanjutan Edisi I,0000,1203,Tapanuli Selatan,0,Tidak ada,122,2022,0,Tahun,9.34,120341501220,2025-11-05 12:00:46
mean_years_schooling_new_method,415,[Metode Baru] Rata-rata Lama Sekolah,Tahun,Tujuan Pembangunan Berkelanjutan Edisi I,0000,1204,Tapanuli Tengah,0,Tidak ada,122,2022,0,Tahun,8.86,120441501220,2025-11-05 12:00:46
mean_years_schooling_new_method,415,[Metode Baru] Rata-rata Lama Sekolah,Tahun,Tujuan Pembangunan Berkelanjutan Edisi I,0000,1205,Tapanuli Utara,0,Tidak ada,122,2022,0,Tahun,10,120541501220,2025-11-05 12:00:46
mean_years_schooling_new_method,415,[Metode Baru] Rata-rata Lama Sekolah,Tahun,Tujuan Pembangunan Berkelanjutan Edisi I,0000,1206,Toba Samosir / Toba,0,Tidak ada,122,2022,0,Tahun,10.58,120641501220,2025-11-05 12:00:46
mean_years_schooling_new_method,415,[Metode Baru] Rata-rata Lama Sekolah,Tahun,Tujuan Pembangunan Berkelanjutan Edisi I,0000,1207,Labuhan Batu,0,Tidak ada,122,2022,0,Tahun,9.4,120741501220,2025-11-05 12:00:46
mean_years_schooling_new_method,415,[Metode Baru] Rata-rata Lama Sekolah,Tahun,Tujuan Pembangunan Berkelanjutan Edisi I,0000,1208,Asahan,0,Tidak ada,122,2022,0,Tahun,8.82,120841501220,2025-11-05 12:00:46
mean_years_schooling_new_method,415,[Metode Baru] Rata-rata Lama Sekolah,Tahun,Tujuan Pembangunan Berkelanjutan Edisi I,0000,1209,Simalungun,0,Tidak ada,122,2022,0,Tahun,9.63,120941501220,2025-11-05 12:00:46
mean_years_schooling_new_method,415,[Metode Baru] Rata-rata Lama Sekolah,Tahun,Tujuan Pembangunan Berkelanjutan Edisi I,0000,1210,Dairi,0,Tidak ada,122,2022,0,Tahun,9.72,121041501220,2025-11-05 12:00:46
mean_years_schooling_new_method,415,[Metode Baru] Rata-rata Lama Sekolah,Tahun,Tujuan Pembangunan Berkelanjutan Edisi I,0000,1211,Karo,0,Tidak ada,122,2022,0,Tahun,10.02,121141501220,2025-11-05 12:00:46
mean_years_schooling_new_method,415,[Metode Baru] Rata-rata Lama Sekolah,Tahun,Tujuan Pembangunan Berkelanjutan Edisi I,0000,1212,Deli Serdang,0,Tidak ada,122,2022,0,Tahun,10.27,121241501220,2025-11-05 12:00:46
mean_years_schooling_new_method,415,[Metode Baru] Rata-rata Lama Sekolah,Tahun,Tujuan Pembangunan Berkelanjutan Edisi I,0000,1213,Langkat,0,Tidak ada,122,2022,0,Tahun,8.68,121341501220,2025-11-05 12:00:46
mean_years_schooling_new_method,415,[Metode Baru] Rata-rata Lama Sekolah,Tahun,Tujuan Pembangunan Berkelanjutan Edisi I,0000,1214,Nias Selatan,0,Tidak ada,122,2022,0,Tahun,6.23,121441501220,2025-11-05 12:00:46
mean_years_schooling_new_method,415,[Metode Baru] Rata-rata Lama Sekolah,Tahun,Tujuan Pembangunan Berkelanjutan Edisi I,0000,1215,Humbang Hasundutan,0,Tidak ada,122,2022,0,Tahun,10,121541501220,2025-11-05 12:00:46
mean_years_schooling_new_method,415,[Metode Baru] Rata-rata Lama Sekolah,Tahun,Tujuan Pembangunan Berkelanjutan Edisi I,0000,1216,Pakpak Bharat,0,Tidak ada,122,2022,0,Tahun,9.39,121641501220,2025-11-05 12:00:46
mean_years_schooling_new_method,415,[Metode Baru] Rata-rata Lama Sekolah,Tahun,Tujuan Pembangunan Berkelanjutan Edisi I,0000,1217,Samosir,0,Tidak ada,122,2022,0,Tahun,9.46,121741501220,2025-11-05 12:00:46
mean_years_schooling_new_method,415,[Metode Baru] Rata-rata Lama Sekolah,Tahun,Tujuan Pembangunan Berkelanjutan Edisi I,0000,1218,Serdang Bedagai,0,Tidak ada,122,2022,0,Tahun,8.71,121841501220,2025-11-05 12:00:46
mean_years_schooling_new_method,415,[Metode Baru] Rata-rata Lama Sekolah,Tahun,Tujuan Pembangunan Berkelanjutan Edisi I,0000,1219,Batu Bara,0,Tidak ada,122,2022,0,Tahun,8.26,121941501220,2025-11-05 12:00:46
mean_years_schooling_new_method,415,[Metode Baru] Rata-rata Lama Sekolah,Tahun,Tujuan Pembangunan Berkelanjutan Edisi I,0000,1220,Padang Lawas Utara,0,Tidak ada,122,2022,0,Tahun,9.46,122041501220,2025-11-05 12:00:46
mean_years_schooling_new_method,415,[Metode Baru] Rata-rata Lama Sekolah,Tahun,Tujuan Pembangunan Berkelanjutan Edisi I,0000,1221,Padang Lawas,0,Tidak ada,122,2022,0,Tahun,9.31,122141501220,2025-11-05 12:00:46
mean_years_schooling_new_method,415,[Metode Baru] Rata-rata Lama Sekolah,Tahun,Tujuan Pembangunan Berkelanjutan Edisi I,0000,1222,Labuhan Batu Selatan,0,Tidak ada,122,2022,0,Tahun,8.92,122241501220,2025-11-05 12:00:46
mean_years_schooling_new_method,415,[Metode Baru] Rata-rata Lama Sekolah,Tahun,Tujuan Pembangunan Berkelanjutan Edisi I,0000,1223,Labuhan Batu Utara,0,Tidak ada,122,2022,0,Tahun,8.64,122341501220,2025-11-05 12:00:46
mean_years_schooling_new_method,415,[Metode Baru] Rata-rata Lama Sekolah,Tahun,Tujuan Pembangunan Berkelanjutan Edisi I,0000,1224,Nias Utara,0,Tidak ada,122,2022,0,Tahun,6.78,122441501220,2025-11-05 12:00:46
mean_years_schooling_new_method,415,[Metode Baru] Rata-rata Lama Sekolah,Tahun,Tujuan Pembangunan Berkelanjutan Edisi I,0000,1225,Nias Barat,0,Tidak ada,122,2022,0,Tahun,6.97,122541501220,2025-11-05 12:00:46
mean_years_schooling_new_method,415,[Metode Baru] Rata-rata Lama Sekolah,Tahun,Tujuan Pembangunan Berkelanjutan Edisi I,0000,1271,Kota Sibolga,0,Tidak ada,122,2022,0,Tahun,10.43,127141501220,2025-11-05 12:00:46
mean_years_schooling_new_method,415,[Metode Baru] Rata-rata Lama Sekolah,Tahun,Tujuan Pembangunan Berkelanjutan Edisi I,0000,1272,Kota Tanjung Balai,0,Tidak ada,122,2022,0,Tahun,9.55,127241501220,2025-11-05 12:00:46
mean_years_schooling_new_method,415,[Metode Baru] Rata-rata Lama Sekolah,Tahun,Tujuan Pembangunan Berkelanjutan Edisi I,0000,1273,Kota Pematang Siantar,0,Tidak ada,122,2022,0,Tahun,11.31,127341501220,2025-11-05 12:00:46
mean_years_schooling_new_method,415,[Metode Baru] Rata-rata Lama Sekolah,Tahun,Tujuan Pembangunan Berkelanjutan Edisi I,0000,1274,Kota Tebing Tinggi,0,Tidak ada,122,2022,0,Tahun,10.65,127441501220,2025-11-05 12:00:46
mean_years_schooling_new_method,415,[Metode Baru] Rata-rata Lama Sekolah,Tahun,Tujuan Pembangunan Berkelanjutan Edisi I,0000,1275,Kota Medan,0,Tidak ada,122,2022,0,Tahun,11.5,127541501220,2025-11-05 12:00:46
mean_years_schooling_new_method,415,[Metode Baru] Rata-rata Lama Sekolah,Tahun,Tujuan Pembangunan Berkelanjutan Edisi I,0000,1276,Kota Binjai,0,Tidak ada,122,2022,0,Tahun,11.18,127641501220,2025-11-05 12:00:46
mean_years_schooling_new_method,415,[Metode Baru] Rata-rata Lama Sekolah,Tahun,Tujuan Pembangunan Berkelanjutan Edisi I,0000,1277,Kota Padangsidimpuan,0,Tidak ada,122,2022,0,Tahun,11.11,127741501220,2025-11-05 12:00:46
mean_years_schooling_new_method,415,[Metode Baru] Rata-rata Lama Sekolah,Tahun,Tujuan Pembangunan Berkelanjutan Edisi I,0000,1278,Kota Gunungsitoli,0,Tidak ada,122,2022,0,Tahun,8.64,127841501220,2025-11-05 12:00:46
mean_years_schooling_new_method,415,[Metode Baru] Rata-rata Lama Sekolah,Tahun,Tujuan Pembangunan Berkelanjutan Edisi I,0000,1300,SUMATERA BARAT,0,Tidak ada,122,2022,0,Tahun,9.18,130041501220,2025-11-05 12:00:46
mean_years_schooling_new_method,415,[Metode Baru] Rata-rata Lama Sekolah,Tahun,Tujuan Pembangunan Berkelanjutan Edisi I,0000,1301,Kepulauan Mentawai,0,Tidak ada,122,2022,0,Tahun,7.48,130141501220,2025-11-05 12:00:46
mean_years_schooling_new_method,415,[Metode Baru] Rata-rata Lama Sekolah,Tahun,Tujuan Pembangunan Berkelanjutan Edisi I,0000,1302,Pesisir Selatan,0,Tidak ada,122,2022,0,Tahun,8.43,130241501220,2025-11-05 12:00:46
mean_years_schooling_new_method,415,[Metode Baru] Rata-rata Lama Sekolah,Tahun,Tujuan Pembangunan Berkelanjutan Edisi I,0000,1303,Solok,0,Tidak ada,122,2022,0,Tahun,7.89,130341501220,2025-11-05 12:00:46
mean_years_schooling_new_method,415,[Metode Baru] Rata-rata Lama Sekolah,Tahun,Tujuan Pembangunan Berkelanjutan Edisi I,0000,1304,Sijunjung,0,Tidak ada,122,2022,0,Tahun,8.3,130441501220,2025-11-05 12:00:46
mean_years_schooling_new_method,415,[Metode Baru] Rata-rata Lama Sekolah,Tahun,Tujuan Pembangunan Berkelanjutan Edisi I,0000,1305,Tanah Datar,0,Tidak ada,122,2022,0,Tahun,8.9,130541501220,2025-11-05 12:00:46
mean_years_schooling_new_method,415,[Metode Baru] Rata-rata Lama Sekolah,Tahun,Tujuan Pembangunan Berkelanjutan Edisi I,0000,1306,Padang Pariaman,0,Tidak ada,122,2022,0,Tahun,8.16,130641501220,2025-11-05 12:00:46
mean_years_schooling_new_method,415,[Metode Baru] Rata-rata Lama Sekolah,Tahun,Tujuan Pembangunan Berkelanjutan Edisi I,0000,1307,Agam,0,Tidak ada,122,2022,0,Tahun,8.98,130741501220,2025-11-05 12:00:46
mean_years_schooling_new_method,415,[Metode Baru] Rata-rata Lama Sekolah,Tahun,Tujuan Pembangunan Berkelanjutan Edisi I,0000,1308,Lima Puluh Kota,0,Tidak ada,122,2022,0,Tahun,8.08,130841501220,2025-11-05 12:00:46
mean_years_schooling_new_method,415,[Metode Baru] Rata-rata Lama Sekolah,Tahun,Tujuan Pembangunan Berkelanjutan Edisi I,0000,1309,Pasaman,0,Tidak ada,122,2022,0,Tahun,8.11,130941501220,2025-11-05 12:00:46
mean_years_schooling_new_method,415,[Metode Baru] Rata-rata Lama Sekolah,Tahun,Tujuan Pembangunan Berkelanjutan Edisi I,0000,1310,Solok Selatan,0,Tidak ada,122,2022,0,Tahun,8.41,131041501220,2025-11-05 12:00:46
mean_years_schooling_new_method,415,[Metode Baru] Rata-rata Lama Sekolah,Tahun,Tujuan Pembangunan Berkelanjutan Edisi I,0000,1311,Dharmasraya,0,Tidak ada,122,2022,0,Tahun,8.56,131141501220,2025-11-05 12:00:46
mean_years_schooling_new_method,415,[Metode Baru] Rata-rata Lama Sekolah,Tahun,Tujuan Pembangunan Berkelanjutan Edisi I,0000,1312,Pasaman Barat,0,Tidak ada,122,2022,0,Tahun,8.55,131241501220,2025-11-05 12:00:46
mean_years_schooling_new_method,415,[Metode Baru] Rata-rata Lama Sekolah,Tahun,Tujuan Pembangunan Berkelanjutan Edisi I,0000,1371,Kota Padang,0,Tidak ada,122,2022,0,Tahun,11.6,137141501220,2025-11-05 12:00:46
mean_years_schooling_new_method,415,[Metode Baru] Rata-rata Lama Sekolah,Tahun,Tujuan Pembangunan Berkelanjutan Edisi I,0000,1372,Kota Solok,0,Tidak ada,122,2022,0,Tahun,11.35,137241501220,2025-11-05 12:00:46
mean_years_schooling_new_method,415,[Metode Baru] Rata-rata Lama Sekolah,Tahun,Tujuan Pembangunan Berkelanjutan Edisi I,0000,1373,Kota Sawah Lunto,0,Tidak ada,122,2022,0,Tahun,10.43,137341501220,2025-11-05 12:00:46
mean_years_schooling_new_method,415,[Metode Baru] Rata-rata Lama Sekolah,Tahun,Tujuan Pembangunan Berkelanjutan Edisi I,0000,1374,Kota Padang Panjang,0,Tidak ada,122,2022,0,Tahun,11.92,137441501220,2025-11-05 12:00:46
mean_years_schooling_new_method,415,[Metode Baru] Rata-rata Lama Sekolah,Tahun,Tujuan Pembangunan Berkelanjutan Edisi I,0000,1375,Kota Bukittinggi,0,Tidak ada,122,2022,0,Tahun,11.63,137541501220,2025-11-05 12:00:46
mean_years_schooling_new_method,415,[Metode Baru] Rata-rata Lama Sekolah,Tahun,Tujuan Pembangunan Berkelanjutan Edisi I,0000,1376,Kota Payakumbuh,0,Tidak ada,122,2022,0,Tahun,10.82,137641501220,2025-11-05 12:00:46
mean_years_schooling_new_method,415,[Metode Baru] Rata-rata Lama Sekolah,Tahun,Tujuan Pembangunan Berkelanjutan Edisi I,0000,1377,Kota Pariaman,0,Tidak ada,122,2022,0,Tahun,10.78,137741501220,2025-11-05 12:00:46
mean_years_schooling_new_method,415,[Metode Baru] Rata-rata Lama Sekolah,Tahun,Tujuan Pembangunan Berkelanjutan Edisi I,0000,1400,RIAU,0,Tidak ada,122,2022,0,Tahun,9.22,140041501220,2025-11-05 12:00:46
mean_years_schooling_new_method,415,[Metode Baru] Rata-rata Lama Sekolah,Tahun,Tujuan Pembangunan Berkelanjutan Edisi I,0000,1401,Kuantan Singingi,0,Tidak ada,122,2022,0,Tahun,8.76,140141501220,2025-11-05 12:00:46
mean_years_schooling_new_method,415,[Metode Baru] Rata-rata Lama Sekolah,Tahun,Tujuan Pembangunan Berkelanjutan Edisi I,0000,1402,Indragiri Hulu,0,Tidak ada,122,2022,0,Tahun,8.4,140241501220,2025-11-05 12:00:46
mean_years_schooling_new_method,415,[Metode Baru] Rata-rata Lama Sekolah,Tahun,Tujuan Pembangunan Berkelanjutan Edisi I,0000,1403,Indragiri Hilir,0,Tidak ada,122,2022,0,Tahun,7.26,140341501220,2025-11-05 12:00:46
mean_years_schooling_new_method,415,[Metode Baru] Rata-rata Lama Sekolah,Tahun,Tujuan Pembangunan Berkelanjutan Edisi I,0000,1404,Pelalawan,0,Tidak ada,122,2022,0,Tahun,8.72,140441501220,2025-11-05 12:00:46
mean_years_schooling_new_method,415,[Metode Baru] Rata-rata Lama Sekolah,Tahun,Tujuan Pembangunan Berkelanjutan Edisi I,0000,1405,Siak,0,Tidak ada,122,2022,0,Tahun,9.87,140541501220,2025-11-05 12:00:46
mean_years_schooling_new_method,415,[Metode Baru] Rata-rata Lama Sekolah,Tahun,Tujuan Pembangunan Berkelanjutan Edisi I,0000,1406,Kampar,0,Tidak ada,122,2022,0,Tahun,9.39,140641501220,2025-11-05 12:00:46
mean_years_schooling_new_method,415,[Metode Baru] Rata-rata Lama Sekolah,Tahun,Tujuan Pembangunan Berkelanjutan Edisi I,0000,1407,Rokan Hulu,0,Tidak ada,122,2022,0,Tahun,8.55,140741501220,2025-11-05 12:00:46
mean_years_schooling_new_method,415,[Metode Baru] Rata-rata Lama Sekolah,Tahun,Tujuan Pembangunan Berkelanjutan Edisi I,0000,1408,Bengkalis,0,Tidak ada,122,2022,0,Tahun,9.71,140841501220,2025-11-05 12:00:46
mean_years_schooling_new_method,415,[Metode Baru] Rata-rata Lama Sekolah,Tahun,Tujuan Pembangunan Berkelanjutan Edisi I,0000,1409,Rokan Hilir,0,Tidak ada,122,2022,0,Tahun,8.28,140941501220,2025-11-05 12:00:46
mean_years_schooling_new_method,415,[Metode Baru] Rata-rata Lama Sekolah,Tahun,Tujuan Pembangunan Berkelanjutan Edisi I,0000,1410,Kepulauan Meranti,0,Tidak ada,122,2022,0,Tahun,7.88,141041501220,2025-11-05 12:00:46
mean_years_schooling_new_method,415,[Metode Baru] Rata-rata Lama Sekolah,Tahun,Tujuan Pembangunan Berkelanjutan Edisi I,0000,1471,Kota Pekanbaru,0,Tidak ada,122,2022,0,Tahun,11.93,147141501220,2025-11-05 12:00:46
mean_years_schooling_new_method,415,[Metode Baru] Rata-rata Lama Sekolah,Tahun,Tujuan Pembangunan Berkelanjutan Edisi I,0000,1473,Kota Dumai,0,Tidak ada,122,2022,0,Tahun,10.15,147341501220,2025-11-05 12:00:46
mean_years_schooling_new_method,415,[Metode Baru] Rata-rata Lama Sekolah,Tahun,Tujuan Pembangunan Berkelanjutan Edisi I,0000,1500,JAMBI,0,Tidak ada,122,2022,0,Tahun,8.68,150041501220,2025-11-05 12:00:46
mean_years_schooling_new_method,415,[Metode Baru] Rata-rata Lama Sekolah,Tahun,Tujuan Pembangunan Berkelanjutan Edisi I,0000,1501,Kerinci,0,Tidak ada,122,2022,0,Tahun,8.57,150141501220,2025-11-05 12:00:46
mean_years_schooling_new_method,415,[Metode Baru] Rata-rata Lama Sekolah,Tahun,Tujuan Pembangunan Berkelanjutan Edisi I,0000,1502,Merangin,0,Tidak ada,122,2022,0,Tahun,7.91,150241501220,2025-11-05 12:00:46
mean_years_schooling_new_method,415,[Metode Baru] Rata-rata Lama Sekolah,Tahun,Tujuan Pembangunan Berkelanjutan Edisi I,0000,1503,Sarolangun,0,Tidak ada,122,2022,0,Tahun,8.12,150341501220,2025-11-05 12:00:46
mean_years_schooling_new_method,415,[Metode Baru] Rata-rata Lama Sekolah,Tahun,Tujuan Pembangunan Berkelanjutan Edisi I,0000,1504,Batang Hari,0,Tidak ada,122,2022,0,Tahun,8.21,150441501220,2025-11-05 12:00:46
mean_years_schooling_new_method,415,[Metode Baru] Rata-rata Lama Sekolah,Tahun,Tujuan Pembangunan Berkelanjutan Edisi I,0000,1505,Muaro Jambi,0,Tidak ada,122,2022,0,Tahun,8.59,150541501220,2025-11-05 12:00:46
mean_years_schooling_new_method,415,[Metode Baru] Rata-rata Lama Sekolah,Tahun,Tujuan Pembangunan Berkelanjutan Edisi I,0000,1506,Tanjung Jabung Timur,0,Tidak ada,122,2022,0,Tahun,7.19,150641501220,2025-11-05 12:00:46
mean_years_schooling_new_method,415,[Metode Baru] Rata-rata Lama Sekolah,Tahun,Tujuan Pembangunan Berkelanjutan Edisi I,0000,1507,Tanjung Jabung Barat,0,Tidak ada,122,2022,0,Tahun,8.18,150741501220,2025-11-05 12:00:46
mean_years_schooling_new_method,415,[Metode Baru] Rata-rata Lama Sekolah,Tahun,Tujuan Pembangunan Berkelanjutan Edisi I,0000,1508,Tebo,0,Tidak ada,122,2022,0,Tahun,7.7,150841501220,2025-11-05 12:00:46
mean_years_schooling_new_method,415,[Metode Baru] Rata-rata Lama Sekolah,Tahun,Tujuan Pembangunan Berkelanjutan Edisi I,0000,1509,Bungo,0,Tidak ada,122,2022,0,Tahun,8.29,150941501220,2025-11-05 12:00:46
mean_years_schooling_new_method,415,[Metode Baru] Rata-rata Lama Sekolah,Tahun,Tujuan Pembangunan Berkelanjutan Edisi I,0000,1571,Kota Jambi,0,Tidak ada,122,2022,0,Tahun,11.21,157141501220,2025-11-05 12:00:46
mean_years_schooling_new_method,415,[Metode Baru] Rata-rata Lama Sekolah,Tahun,Tujuan Pembangunan Berkelanjutan Edisi I,0000,1572,Kota Sungai Penuh,0,Tidak ada,122,2022,0,Tahun,10.34,157241501220,2025-11-05 12:00:46
mean_years_schooling_new_method,415,[Metode Baru] Rata-rata Lama Sekolah,Tahun,Tujuan Pembangunan Berkelanjutan Edisi I,0000,1600,SUMATERA SELATAN,0,Tidak ada,122,2022,0,Tahun,8.37,160041501220,2025-11-05 12:00:46
mean_years_schooling_new_method,415,[Metode Baru] Rata-rata Lama Sekolah,Tahun,Tujuan Pembangunan Berkelanjutan Edisi I,0000,1601,Ogan Komering Ulu,0,Tidak ada,122,2022,0,Tahun,8.73,160141501220,2025-11-05 12:00:46
mean_years_schooling_new_method,415,[Metode Baru] Rata-rata Lama Sekolah,Tahun,Tujuan Pembangunan Berkelanjutan Edisi I,0000,1602,Ogan Komering Ilir,0,Tidak ada,122,2022,0,Tahun,7.07,160241501220,2025-11-05 12:00:46
mean_years_schooling_new_method,415,[Metode Baru] Rata-rata Lama Sekolah,Tahun,Tujuan Pembangunan Berkelanjutan Edisi I,0000,1603,Muara Enim,0,Tidak ada,122,2022,0,Tahun,7.9,160341501220,2025-11-05 12:00:46
mean_years_schooling_new_method,415,[Metode Baru] Rata-rata Lama Sekolah,Tahun,Tujuan Pembangunan Berkelanjutan Edisi I,0000,1604,Lahat,0,Tidak ada,122,2022,0,Tahun,8.53,160441501220,2025-11-05 12:00:46
mean_years_schooling_new_method,415,[Metode Baru] Rata-rata Lama Sekolah,Tahun,Tujuan Pembangunan Berkelanjutan Edisi I,0000,1605,Musi Rawas,0,Tidak ada,122,2022,0,Tahun,7.55,160541501220,2025-11-05 12:00:46
mean_years_schooling_new_method,415,[Metode Baru] Rata-rata Lama Sekolah,Tahun,Tujuan Pembangunan Berkelanjutan Edisi I,0000,1606,Musi Banyuasin,0,Tidak ada,122,2022,0,Tahun,7.65,160641501220,2025-11-05 12:00:46
mean_years_schooling_new_method,415,[Metode Baru] Rata-rata Lama Sekolah,Tahun,Tujuan Pembangunan Berkelanjutan Edisi I,0000,1607,Banyu Asin,0,Tidak ada,122,2022,0,Tahun,7.45,160741501220,2025-11-05 12:00:46
mean_years_schooling_new_method,415,[Metode Baru] Rata-rata Lama Sekolah,Tahun,Tujuan Pembangunan Berkelanjutan Edisi I,0000,1608,Ogan Komering Ulu Selatan,0,Tidak ada,122,2022,0,Tahun,7.86,160841501220,2025-11-05 12:00:46
mean_years_schooling_new_method,415,[Metode Baru] Rata-rata Lama Sekolah,Tahun,Tujuan Pembangunan Berkelanjutan Edisi I,0000,1609,Ogan Komering Ulu Timur,0,Tidak ada,122,2022,0,Tahun,7.8,160941501220,2025-11-05 12:00:46
mean_years_schooling_new_method,415,[Metode Baru] Rata-rata Lama Sekolah,Tahun,Tujuan Pembangunan Berkelanjutan Edisi I,0000,1610,Ogan Ilir,0,Tidak ada,122,2022,0,Tahun,7.91,161041501220,2025-11-05 12:00:46
mean_years_schooling_new_method,415,[Metode Baru] Rata-rata Lama Sekolah,Tahun,Tujuan Pembangunan Berkelanjutan Edisi I,0000,1611,Empat Lawang,0,Tidak ada,122,2022,0,Tahun,7.65,161141501220,2025-11-05 12:00:46
mean_years_schooling_new_method,415,[Metode Baru] Rata-rata Lama Sekolah,Tahun,Tujuan Pembangunan Berkelanjutan Edisi I,0000,1612,Penukal Abab Lematang Ilir,0,Tidak ada,122,2022,0,Tahun,7.06,161241501220,2025-11-05 12:00:46
mean_years_schooling_new_method,415,[Metode Baru] Rata-rata Lama Sekolah,Tahun,Tujuan Pembangunan Berkelanjutan Edisi I,0000,1613,Musi Rawas Utara,0,Tidak ada,122,2022,0,Tahun,7.26,161341501220,2025-11-05 12:00:46
mean_years_schooling_new_method,415,[Metode Baru] Rata-rata Lama Sekolah,Tahun,Tujuan Pembangunan Berkelanjutan Edisi I,0000,1671,Kota Palembang,0,Tidak ada,122,2022,0,Tahun,10.91,167141501220,2025-11-05 12:00:46
mean_years_schooling_new_method,415,[Metode Baru] Rata-rata Lama Sekolah,Tahun,Tujuan Pembangunan Berkelanjutan Edisi I,0000,1672,Kota Prabumulih,0,Tidak ada,122,2022,0,Tahun,10.2,167241501220,2025-11-05 12:00:46
mean_years_schooling_new_method,415,[Metode Baru] Rata-rata Lama Sekolah,Tahun,Tujuan Pembangunan Berkelanjutan Edisi I,0000,1673,Kota Pagar Alam,0,Tidak ada,122,2022,0,Tahun,9.41,167341501220,2025-11-05 12:00:46
mean_years_schooling_new_method,415,[Metode Baru] Rata-rata Lama Sekolah,Tahun,Tujuan Pembangunan Berkelanjutan Edisi I,0000,1674,Kota Lubuklinggau,0,Tidak ada,122,2022,0,Tahun,9.91,167441501220,2025-11-05 12:00:46
mean_years_schooling_new_method,415,[Metode Baru] Rata-rata Lama Sekolah,Tahun,Tujuan Pembangunan Berkelanjutan Edisi I,0000,1700,BENGKULU,0,Tidak ada,122,2022,0,Tahun,8.91,170041501220,2025-11-05 12:00:46
mean_years_schooling_new_method,415,[Metode Baru] Rata-rata Lama Sekolah,Tahun,Tujuan Pembangunan Berkelanjutan Edisi I,0000,1701,Bengkulu Selatan,0,Tidak ada,122,2022,0,Tahun,9.39,170141501220,2025-11-05 12:00:46
mean_years_schooling_new_method,415,[Metode Baru] Rata-rata Lama Sekolah,Tahun,Tujuan Pembangunan Berkelanjutan Edisi I,0000,1702,Rejang Lebong,0,Tidak ada,122,2022,0,Tahun,8.55,170241501220,2025-11-05 12:00:46
mean_years_schooling_new_method,415,[Metode Baru] Rata-rata Lama Sekolah,Tahun,Tujuan Pembangunan Berkelanjutan Edisi I,0000,1703,Bengkulu Utara,0,Tidak ada,122,2022,0,Tahun,8.1,170341501220,2025-11-05 12:00:46
mean_years_schooling_new_method,415,[Metode Baru] Rata-rata Lama Sekolah,Tahun,Tujuan Pembangunan Berkelanjutan Edisi I,0000,1704,Kaur,0,Tidak ada,122,2022,0,Tahun,8.39,170441501220,2025-11-05 12:00:46
mean_years_schooling_new_method,415,[Metode Baru] Rata-rata Lama Sekolah,Tahun,Tujuan Pembangunan Berkelanjutan Edisi I,0000,1705,Seluma,0,Tidak ada,122,2022,0,Tahun,8.09,170541501220,2025-11-05 12:00:46
mean_years_schooling_new_method,415,[Metode Baru] Rata-rata Lama Sekolah,Tahun,Tujuan Pembangunan Berkelanjutan Edisi I,0000,1706,Mukomuko,0,Tidak ada,122,2022,0,Tahun,8.31,170641501220,2025-11-05 12:00:46
mean_years_schooling_new_method,415,[Metode Baru] Rata-rata Lama Sekolah,Tahun,Tujuan Pembangunan Berkelanjutan Edisi I,0000,1707,Lebong,0,Tidak ada,122,2022,0,Tahun,8.24,170741501220,2025-11-05 12:00:46
mean_years_schooling_new_method,415,[Metode Baru] Rata-rata Lama Sekolah,Tahun,Tujuan Pembangunan Berkelanjutan Edisi I,0000,1708,Kepahiang,0,Tidak ada,122,2022,0,Tahun,8.3,170841501220,2025-11-05 12:00:46
mean_years_schooling_new_method,415,[Metode Baru] Rata-rata Lama Sekolah,Tahun,Tujuan Pembangunan Berkelanjutan Edisi I,0000,1709,Bengkulu Tengah,0,Tidak ada,122,2022,0,Tahun,7.49,170941501220,2025-11-05 12:00:46
mean_years_schooling_new_method,415,[Metode Baru] Rata-rata Lama Sekolah,Tahun,Tujuan Pembangunan Berkelanjutan Edisi I,0000,1771,Kota Bengkulu,0,Tidak ada,122,2022,0,Tahun,11.82,177141501220,2025-11-05 12:00:46
mean_years_schooling_new_method,415,[Metode Baru] Rata-rata Lama Sekolah,Tahun,Tujuan Pembangunan Berkelanjutan Edisi I,0000,1800,LAMPUNG,0,Tidak ada,122,2022,0,Tahun,8.18,180041501220,2025-11-05 12:00:46
mean_years_schooling_new_method,415,[Metode Baru] Rata-rata Lama Sekolah,Tahun,Tujuan Pembangunan Berkelanjutan Edisi I,0000,1801,Lampung Barat,0,Tidak ada,122,2022,0,Tahun,8.2,180141501220,2025-11-05 12:00:46
mean_years_schooling_new_method,415,[Metode Baru] Rata-rata Lama Sekolah,Tahun,Tujuan Pembangunan Berkelanjutan Edisi I,0000,1802,Tanggamus,0,Tidak ada,122,2022,0,Tahun,7.35,180241501220,2025-11-05 12:00:46
mean_years_schooling_new_method,415,[Metode Baru] Rata-rata Lama Sekolah,Tahun,Tujuan Pembangunan Berkelanjutan Edisi I,0000,1803,Lampung Selatan,0,Tidak ada,122,2022,0,Tahun,7.72,180341501220,2025-11-05 12:00:46
mean_years_schooling_new_method,415,[Metode Baru] Rata-rata Lama Sekolah,Tahun,Tujuan Pembangunan Berkelanjutan Edisi I,0000,1804,Lampung Timur,0,Tidak ada,122,2022,0,Tahun,8.04,180441501220,2025-11-05 12:00:46
mean_years_schooling_new_method,415,[Metode Baru] Rata-rata Lama Sekolah,Tahun,Tujuan Pembangunan Berkelanjutan Edisi I,0000,1805,Lampung Tengah,0,Tidak ada,122,2022,0,Tahun,7.64,180541501220,2025-11-05 12:00:46
mean_years_schooling_new_method,415,[Metode Baru] Rata-rata Lama Sekolah,Tahun,Tujuan Pembangunan Berkelanjutan Edisi I,0000,1806,Lampung Utara,0,Tidak ada,122,2022,0,Tahun,8.35,180641501220,2025-11-05 12:00:46
mean_years_schooling_new_method,415,[Metode Baru] Rata-rata Lama Sekolah,Tahun,Tujuan Pembangunan Berkelanjutan Edisi I,0000,1807,Way Kanan,0,Tidak ada,122,2022,0,Tahun,7.72,180741501220,2025-11-05 12:00:46
mean_years_schooling_new_method,415,[Metode Baru] Rata-rata Lama Sekolah,Tahun,Tujuan Pembangunan Berkelanjutan Edisi I,0000,1808,Tulangbawang,0,Tidak ada,122,2022,0,Tahun,7.56,180841501220,2025-11-05 12:00:46
mean_years_schooling_new_method,415,[Metode Baru] Rata-rata Lama Sekolah,Tahun,Tujuan Pembangunan Berkelanjutan Edisi I,0000,1809,Pesawaran,0,Tidak ada,122,2022,0,Tahun,7.77,180941501220,2025-11-05 12:00:46
mean_years_schooling_new_method,415,[Metode Baru] Rata-rata Lama Sekolah,Tahun,Tujuan Pembangunan Berkelanjutan Edisi I,0000,1810,Pringsewu,0,Tidak ada,122,2022,0,Tahun,8.4,181041501220,2025-11-05 12:00:46
mean_years_schooling_new_method,415,[Metode Baru] Rata-rata Lama Sekolah,Tahun,Tujuan Pembangunan Berkelanjutan Edisi I,0000,1811,Mesuji,0,Tidak ada,122,2022,0,Tahun,7.09,181141501220,2025-11-05 12:00:46
mean_years_schooling_new_method,415,[Metode Baru] Rata-rata Lama Sekolah,Tahun,Tujuan Pembangunan Berkelanjutan Edisi I,0000,1812,Tulang Bawang Barat,0,Tidak ada,122,2022,0,Tahun,7.72,181241501220,2025-11-05 12:00:46
mean_years_schooling_new_method,415,[Metode Baru] Rata-rata Lama Sekolah,Tahun,Tujuan Pembangunan Berkelanjutan Edisi I,0000,1813,Pesisir Barat,0,Tidak ada,122,2022,0,Tahun,8.53,181341501220,2025-11-05 12:00:46
mean_years_schooling_new_method,415,[Metode Baru] Rata-rata Lama Sekolah,Tahun,Tujuan Pembangunan Berkelanjutan Edisi I,0000,1871,Kota Bandar Lampung,0,Tidak ada,122,2022,0,Tahun,10.96,187141501220,2025-11-05 12:00:46
mean_years_schooling_new_method,415,[Metode Baru] Rata-rata Lama Sekolah,Tahun,Tujuan Pembangunan Berkelanjutan Edisi I,0000,1872,Kota Metro,0,Tidak ada,122,2022,0,Tahun,10.98,187241501220,2025-11-05 12:00:46
mean_years_schooling_new_method,415,[Metode Baru] Rata-rata Lama Sekolah,Tahun,Tujuan Pembangunan Berkelanjutan Edisi I,0000,1900,KEP. BANGKA BELITUNG,0,Tidak ada,122,2022,0,Tahun,8.11,190041501220,2025-11-05 12:00:46
mean_years_schooling_new_method,415,[Metode Baru] Rata-rata Lama Sekolah,Tahun,Tujuan Pembangunan Berkelanjutan Edisi I,0000,1901,Bangka,0,Tidak ada,122,2022,0,Tahun,8.27,190141501220,2025-11-05 12:00:46
mean_years_schooling_new_method,415,[Metode Baru] Rata-rata Lama Sekolah,Tahun,Tujuan Pembangunan Berkelanjutan Edisi I,0000,1902,Belitung,0,Tidak ada,122,2022,0,Tahun,8.74,190241501220,2025-11-05 12:00:46
mean_years_schooling_new_method,415,[Metode Baru] Rata-rata Lama Sekolah,Tahun,Tujuan Pembangunan Berkelanjutan Edisi I,0000,1903,Bangka Barat,0,Tidak ada,122,2022,0,Tahun,7.46,190341501220,2025-11-05 12:00:46
mean_years_schooling_new_method,415,[Metode Baru] Rata-rata Lama Sekolah,Tahun,Tujuan Pembangunan Berkelanjutan Edisi I,0000,1904,Bangka Tengah,0,Tidak ada,122,2022,0,Tahun,7.22,190441501220,2025-11-05 12:00:46
mean_years_schooling_new_method,415,[Metode Baru] Rata-rata Lama Sekolah,Tahun,Tujuan Pembangunan Berkelanjutan Edisi I,0000,1905,Bangka Selatan,0,Tidak ada,122,2022,0,Tahun,6.89,190541501220,2025-11-05 12:00:46
mean_years_schooling_new_method,415,[Metode Baru] Rata-rata Lama Sekolah,Tahun,Tujuan Pembangunan Berkelanjutan Edisi I,0000,1906,Belitung Timur,0,Tidak ada,122,2022,0,Tahun,8.67,190641501220,2025-11-05 12:00:46
mean_years_schooling_new_method,415,[Metode Baru] Rata-rata Lama Sekolah,Tahun,Tujuan Pembangunan Berkelanjutan Edisi I,0000,1971,Kota Pangkal Pinang,0,Tidak ada,122,2022,0,Tahun,10.27,197141501220,2025-11-05 12:00:46
mean_years_schooling_new_method,415,[Metode Baru] Rata-rata Lama Sekolah,Tahun,Tujuan Pembangunan Berkelanjutan Edisi I,0000,2100,KEPULAUAN RIAU,0,Tidak ada,122,2022,0,Tahun,10.37,210041501220,2025-11-05 12:00:46
mean_years_schooling_new_method,415,[Metode Baru] Rata-rata Lama Sekolah,Tahun,Tujuan Pembangunan Berkelanjutan Edisi I,0000,2101,Karimun,0,Tidak ada,122,2022,0,Tahun,8.48,210141501220,2025-11-05 12:00:46
mean_years_schooling_new_method,415,[Metode Baru] Rata-rata Lama Sekolah,Tahun,Tujuan Pembangunan Berkelanjutan Edisi I,0000,2102,Bintan,0,Tidak ada,122,2022,0,Tahun,8.7,210241501220,2025-11-05 12:00:46
mean_years_schooling_new_method,415,[Metode Baru] Rata-rata Lama Sekolah,Tahun,Tujuan Pembangunan Berkelanjutan Edisi I,0000,2103,Natuna,0,Tidak ada,122,2022,0,Tahun,8.96,210341501220,2025-11-05 12:00:46
mean_years_schooling_new_method,415,[Metode Baru] Rata-rata Lama Sekolah,Tahun,Tujuan Pembangunan Berkelanjutan Edisi I,0000,2104,Lingga,0,Tidak ada,122,2022,0,Tahun,7.12,210441501220,2025-11-05 12:00:46
mean_years_schooling_new_method,415,[Metode Baru] Rata-rata Lama Sekolah,Tahun,Tujuan Pembangunan Berkelanjutan Edisi I,0000,2105,Kepulauan Anambas,0,Tidak ada,122,2022,0,Tahun,7.38,210541501220,2025-11-05 12:00:46
mean_years_schooling_new_method,415,[Metode Baru] Rata-rata Lama Sekolah,Tahun,Tujuan Pembangunan Berkelanjutan Edisi I,0000,2171,Kota Batam,0,Tidak ada,122,2022,0,Tahun,11.17,217141501220,2025-11-05 12:00:46
mean_years_schooling_new_method,415,[Metode Baru] Rata-rata Lama Sekolah,Tahun,Tujuan Pembangunan Berkelanjutan Edisi I,0000,2172,Kota Tanjung Pinang,0,Tidak ada,122,2022,0,Tahun,10.49,217241501220,2025-11-05 12:00:46
mean_years_schooling_new_method,415,[Metode Baru] Rata-rata Lama Sekolah,Tahun,Tujuan Pembangunan Berkelanjutan Edisi I,0000,3100,DKI JAKARTA,0,Tidak ada,122,2022,0,Tahun,11.31,310041501220,2025-11-05 12:00:46
mean_years_schooling_new_method,415,[Metode Baru] Rata-rata Lama Sekolah,Tahun,Tujuan Pembangunan Berkelanjutan Edisi I,0000,3101,Kep. Seribu,0,Tidak ada,122,2022,0,Tahun,9.02,310141501220,2025-11-05 12:00:46
mean_years_schooling_new_method,415,[Metode Baru] Rata-rata Lama Sekolah,Tahun,Tujuan Pembangunan Berkelanjutan Edisi I,0000,3171,Kota Jakarta Selatan,0,Tidak ada,122,2022,0,Tahun,11.66,317141501220,2025-11-05 12:00:46
mean_years_schooling_new_method,415,[Metode Baru] Rata-rata Lama Sekolah,Tahun,Tujuan Pembangunan Berkelanjutan Edisi I,0000,3172,Kota Jakarta Timur,0,Tidak ada,122,2022,0,Tahun,11.73,317241501220,2025-11-05 12:00:46
mean_years_schooling_new_method,415,[Metode Baru] Rata-rata Lama Sekolah,Tahun,Tujuan Pembangunan Berkelanjutan Edisi I,0000,3173,Kota Jakarta Pusat,0,Tidak ada,122,2022,0,Tahun,11.53,317341501220,2025-11-05 12:00:46
mean_years_schooling_new_method,415,[Metode Baru] Rata-rata Lama Sekolah,Tahun,Tujuan Pembangunan Berkelanjutan Edisi I,0000,3174,Kota Jakarta Barat,0,Tidak ada,122,2022,0,Tahun,11.13,317441501220,2025-11-05 12:00:46
mean_years_schooling_new_method,415,[Metode Baru] Rata-rata Lama Sekolah,Tahun,Tujuan Pembangunan Berkelanjutan Edisi I,0000,3175,Kota Jakarta Utara,0,Tidak ada,122,2022,0,Tahun,10.82,317541501220,2025-11-05 12:00:46
mean_years_schooling_new_method,415,[Metode Baru] Rata-rata Lama Sekolah,Tahun,Tujuan Pembangunan Berkelanjutan Edisi I,0000,3200,JAWA BARAT,0,Tidak ada,122,2022,0,Tahun,8.78,320041501220,2025-11-05 12:00:46
mean_years_schooling_new_method,415,[Metode Baru] Rata-rata Lama Sekolah,Tahun,Tujuan Pembangunan Berkelanjutan Edisi I,0000,3201,Bogor,0,Tidak ada,122,2022,0,Tahun,8.34,320141501220,2025-11-05 12:00:46
mean_years_schooling_new_method,415,[Metode Baru] Rata-rata Lama Sekolah,Tahun,Tujuan Pembangunan Berkelanjutan Edisi I,0000,3202,Sukabumi,0,Tidak ada,122,2022,0,Tahun,7.11,320241501220,2025-11-05 12:00:46
mean_years_schooling_new_method,415,[Metode Baru] Rata-rata Lama Sekolah,Tahun,Tujuan Pembangunan Berkelanjutan Edisi I,0000,3203,Cianjur,0,Tidak ada,122,2022,0,Tahun,7.2,320341501220,2025-11-05 12:00:46
mean_years_schooling_new_method,415,[Metode Baru] Rata-rata Lama Sekolah,Tahun,Tujuan Pembangunan Berkelanjutan Edisi I,0000,3204,Bandung,0,Tidak ada,122,2022,0,Tahun,9.08,320441501220,2025-11-05 12:00:46
mean_years_schooling_new_method,415,[Metode Baru] Rata-rata Lama Sekolah,Tahun,Tujuan Pembangunan Berkelanjutan Edisi I,0000,3205,Garut,0,Tidak ada,122,2022,0,Tahun,7.83,320541501220,2025-11-05 12:00:46
mean_years_schooling_new_method,415,[Metode Baru] Rata-rata Lama Sekolah,Tahun,Tujuan Pembangunan Berkelanjutan Edisi I,0000,3206,Tasikmalaya,0,Tidak ada,122,2022,0,Tahun,7.73,320641501220,2025-11-05 12:00:46
mean_years_schooling_new_method,415,[Metode Baru] Rata-rata Lama Sekolah,Tahun,Tujuan Pembangunan Berkelanjutan Edisi I,0000,3207,Ciamis,0,Tidak ada,122,2022,0,Tahun,8,320741501220,2025-11-05 12:00:46
mean_years_schooling_new_method,415,[Metode Baru] Rata-rata Lama Sekolah,Tahun,Tujuan Pembangunan Berkelanjutan Edisi I,0000,3208,Kuningan,0,Tidak ada,122,2022,0,Tahun,7.88,320841501220,2025-11-05 12:00:46
mean_years_schooling_new_method,415,[Metode Baru] Rata-rata Lama Sekolah,Tahun,Tujuan Pembangunan Berkelanjutan Edisi I,0000,3209,Cirebon,0,Tidak ada,122,2022,0,Tahun,7.4,320941501220,2025-11-05 12:00:46
mean_years_schooling_new_method,415,[Metode Baru] Rata-rata Lama Sekolah,Tahun,Tujuan Pembangunan Berkelanjutan Edisi I,0000,3210,Majalengka,0,Tidak ada,122,2022,0,Tahun,7.49,321041501220,2025-11-05 12:00:46
mean_years_schooling_new_method,415,[Metode Baru] Rata-rata Lama Sekolah,Tahun,Tujuan Pembangunan Berkelanjutan Edisi I,0000,3211,Sumedang,0,Tidak ada,122,2022,0,Tahun,8.72,321141501220,2025-11-05 12:00:46
mean_years_schooling_new_method,415,[Metode Baru] Rata-rata Lama Sekolah,Tahun,Tujuan Pembangunan Berkelanjutan Edisi I,0000,3212,Indramayu,0,Tidak ada,122,2022,0,Tahun,6.83,321241501220,2025-11-05 12:00:46
mean_years_schooling_new_method,415,[Metode Baru] Rata-rata Lama Sekolah,Tahun,Tujuan Pembangunan Berkelanjutan Edisi I,0000,3213,Subang,0,Tidak ada,122,2022,0,Tahun,7.2,321341501220,2025-11-05 12:00:46
mean_years_schooling_new_method,415,[Metode Baru] Rata-rata Lama Sekolah,Tahun,Tujuan Pembangunan Berkelanjutan Edisi I,0000,3214,Purwakarta,0,Tidak ada,122,2022,0,Tahun,8.11,321441501220,2025-11-05 12:00:46
mean_years_schooling_new_method,415,[Metode Baru] Rata-rata Lama Sekolah,Tahun,Tujuan Pembangunan Berkelanjutan Edisi I,0000,3215,Karawang,0,Tidak ada,122,2022,0,Tahun,7.96,321541501220,2025-11-05 12:00:46
mean_years_schooling_new_method,415,[Metode Baru] Rata-rata Lama Sekolah,Tahun,Tujuan Pembangunan Berkelanjutan Edisi I,0000,3216,Bekasi,0,Tidak ada,122,2022,0,Tahun,9.53,321641501220,2025-11-05 12:00:46
mean_years_schooling_new_method,415,[Metode Baru] Rata-rata Lama Sekolah,Tahun,Tujuan Pembangunan Berkelanjutan Edisi I,0000,3217,Bandung Barat,0,Tidak ada,122,2022,0,Tahun,8.22,321741501220,2025-11-05 12:00:46
mean_years_schooling_new_method,415,[Metode Baru] Rata-rata Lama Sekolah,Tahun,Tujuan Pembangunan Berkelanjutan Edisi I,0000,3218,Pangandaran,0,Tidak ada,122,2022,0,Tahun,8.03,321841501220,2025-11-05 12:00:46
mean_years_schooling_new_method,415,[Metode Baru] Rata-rata Lama Sekolah,Tahun,Tujuan Pembangunan Berkelanjutan Edisi I,0000,3271,Kota Bogor,0,Tidak ada,122,2022,0,Tahun,10.63,327141501220,2025-11-05 12:00:46
mean_years_schooling_new_method,415,[Metode Baru] Rata-rata Lama Sekolah,Tahun,Tujuan Pembangunan Berkelanjutan Edisi I,0000,3272,Kota Sukabumi,0,Tidak ada,122,2022,0,Tahun,10.14,327241501220,2025-11-05 12:00:46
mean_years_schooling_new_method,415,[Metode Baru] Rata-rata Lama Sekolah,Tahun,Tujuan Pembangunan Berkelanjutan Edisi I,0000,3273,Kota Bandung,0,Tidak ada,122,2022,0,Tahun,11,327341501220,2025-11-05 12:00:46
mean_years_schooling_new_method,415,[Metode Baru] Rata-rata Lama Sekolah,Tahun,Tujuan Pembangunan Berkelanjutan Edisi I,0000,3274,Kota Cirebon,0,Tidak ada,122,2022,0,Tahun,10.33,327441501220,2025-11-05 12:00:46
mean_years_schooling_new_method,415,[Metode Baru] Rata-rata Lama Sekolah,Tahun,Tujuan Pembangunan Berkelanjutan Edisi I,0000,3275,Kota Bekasi,0,Tidak ada,122,2022,0,Tahun,11.44,327541501220,2025-11-05 12:00:46
mean_years_schooling_new_method,415,[Metode Baru] Rata-rata Lama Sekolah,Tahun,Tujuan Pembangunan Berkelanjutan Edisi I,0000,3276,Kota Depok,0,Tidak ada,122,2022,0,Tahun,11.47,327641501220,2025-11-05 12:00:46
mean_years_schooling_new_method,415,[Metode Baru] Rata-rata Lama Sekolah,Tahun,Tujuan Pembangunan Berkelanjutan Edisi I,0000,3277,Kota Cimahi,0,Tidak ada,122,2022,0,Tahun,11.21,327741501220,2025-11-05 12:00:46
mean_years_schooling_new_method,415,[Metode Baru] Rata-rata Lama Sekolah,Tahun,Tujuan Pembangunan Berkelanjutan Edisi I,0000,3278,Kota Tasikmalaya,0,Tidak ada,122,2022,0,Tahun,9.53,327841501220,2025-11-05 12:00:46
mean_years_schooling_new_method,415,[Metode Baru] Rata-rata Lama Sekolah,Tahun,Tujuan Pembangunan Berkelanjutan Edisi I,0000,3279,Kota Banjar,0,Tidak ada,122,2022,0,Tahun,8.78,327941501220,2025-11-05 12:00:46
mean_years_schooling_new_method,415,[Metode Baru] Rata-rata Lama Sekolah,Tahun,Tujuan Pembangunan Berkelanjutan Edisi I,0000,3300,JAWA TENGAH,0,Tidak ada,122,2022,0,Tahun,7.93,330041501220,2025-11-05 12:00:46
mean_years_schooling_new_method,415,[Metode Baru] Rata-rata Lama Sekolah,Tahun,Tujuan Pembangunan Berkelanjutan Edisi I,0000,3301,Cilacap,0,Tidak ada,122,2022,0,Tahun,7.18,330141501220,2025-11-05 12:00:46
mean_years_schooling_new_method,415,[Metode Baru] Rata-rata Lama Sekolah,Tahun,Tujuan Pembangunan Berkelanjutan Edisi I,0000,3302,Banyumas,0,Tidak ada,122,2022,0,Tahun,7.78,330241501220,2025-11-05 12:00:46
mean_years_schooling_new_method,415,[Metode Baru] Rata-rata Lama Sekolah,Tahun,Tujuan Pembangunan Berkelanjutan Edisi I,0000,3303,Purbalingga,0,Tidak ada,122,2022,0,Tahun,7.33,330341501220,2025-11-05 12:00:46
mean_years_schooling_new_method,415,[Metode Baru] Rata-rata Lama Sekolah,Tahun,Tujuan Pembangunan Berkelanjutan Edisi I,0000,3304,Banjarnegara,0,Tidak ada,122,2022,0,Tahun,6.84,330441501220,2025-11-05 12:00:46
mean_years_schooling_new_method,415,[Metode Baru] Rata-rata Lama Sekolah,Tahun,Tujuan Pembangunan Berkelanjutan Edisi I,0000,3305,Kebumen,0,Tidak ada,122,2022,0,Tahun,7.85,330541501220,2025-11-05 12:00:46
mean_years_schooling_new_method,415,[Metode Baru] Rata-rata Lama Sekolah,Tahun,Tujuan Pembangunan Berkelanjutan Edisi I,0000,3306,Purworejo,0,Tidak ada,122,2022,0,Tahun,8.32,330641501220,2025-11-05 12:00:46
mean_years_schooling_new_method,415,[Metode Baru] Rata-rata Lama Sekolah,Tahun,Tujuan Pembangunan Berkelanjutan Edisi I,0000,3307,Wonosobo,0,Tidak ada,122,2022,0,Tahun,6.88,330741501220,2025-11-05 12:00:46
mean_years_schooling_new_method,415,[Metode Baru] Rata-rata Lama Sekolah,Tahun,Tujuan Pembangunan Berkelanjutan Edisi I,0000,3308,Magelang,0,Tidak ada,122,2022,0,Tahun,7.81,330841501220,2025-11-05 12:00:46
mean_years_schooling_new_method,415,[Metode Baru] Rata-rata Lama Sekolah,Tahun,Tujuan Pembangunan Berkelanjutan Edisi I,0000,3309,Boyolali,0,Tidak ada,122,2022,0,Tahun,8.08,330941501220,2025-11-05 12:00:46
mean_years_schooling_new_method,415,[Metode Baru] Rata-rata Lama Sekolah,Tahun,Tujuan Pembangunan Berkelanjutan Edisi I,0000,3310,Klaten,0,Tidak ada,122,2022,0,Tahun,9.09,331041501220,2025-11-05 12:00:46
mean_years_schooling_new_method,415,[Metode Baru] Rata-rata Lama Sekolah,Tahun,Tujuan Pembangunan Berkelanjutan Edisi I,0000,3311,Sukoharjo,0,Tidak ada,122,2022,0,Tahun,9.62,331141501220,2025-11-05 12:00:46
mean_years_schooling_new_method,415,[Metode Baru] Rata-rata Lama Sekolah,Tahun,Tujuan Pembangunan Berkelanjutan Edisi I,0000,3312,Wonogiri,0,Tidak ada,122,2022,0,Tahun,7.42,331241501220,2025-11-05 12:00:46
mean_years_schooling_new_method,415,[Metode Baru] Rata-rata Lama Sekolah,Tahun,Tujuan Pembangunan Berkelanjutan Edisi I,0000,3313,Karanganyar,0,Tidak ada,122,2022,0,Tahun,8.79,331341501220,2025-11-05 12:00:46
mean_years_schooling_new_method,415,[Metode Baru] Rata-rata Lama Sekolah,Tahun,Tujuan Pembangunan Berkelanjutan Edisi I,0000,3314,Sragen,0,Tidak ada,122,2022,0,Tahun,7.79,331441501220,2025-11-05 12:00:46
mean_years_schooling_new_method,415,[Metode Baru] Rata-rata Lama Sekolah,Tahun,Tujuan Pembangunan Berkelanjutan Edisi I,0000,3315,Grobogan,0,Tidak ada,122,2022,0,Tahun,7.26,331541501220,2025-11-05 12:00:46
mean_years_schooling_new_method,415,[Metode Baru] Rata-rata Lama Sekolah,Tahun,Tujuan Pembangunan Berkelanjutan Edisi I,0000,3316,Blora,0,Tidak ada,122,2022,0,Tahun,7.01,331641501220,2025-11-05 12:00:46
mean_years_schooling_new_method,415,[Metode Baru] Rata-rata Lama Sekolah,Tahun,Tujuan Pembangunan Berkelanjutan Edisi I,0000,3317,Rembang,0,Tidak ada,122,2022,0,Tahun,7.41,331741501220,2025-11-05 12:00:46
mean_years_schooling_new_method,415,[Metode Baru] Rata-rata Lama Sekolah,Tahun,Tujuan Pembangunan Berkelanjutan Edisi I,0000,3318,Pati,0,Tidak ada,122,2022,0,Tahun,7.79,331841501220,2025-11-05 12:00:46
mean_years_schooling_new_method,415,[Metode Baru] Rata-rata Lama Sekolah,Tahun,Tujuan Pembangunan Berkelanjutan Edisi I,0000,3319,Kudus,0,Tidak ada,122,2022,0,Tahun,9.06,331941501220,2025-11-05 12:00:46
mean_years_schooling_new_method,415,[Metode Baru] Rata-rata Lama Sekolah,Tahun,Tujuan Pembangunan Berkelanjutan Edisi I,0000,3320,Jepara,0,Tidak ada,122,2022,0,Tahun,8.09,332041501220,2025-11-05 12:00:46
mean_years_schooling_new_method,415,[Metode Baru] Rata-rata Lama Sekolah,Tahun,Tujuan Pembangunan Berkelanjutan Edisi I,0000,3321,Demak,0,Tidak ada,122,2022,0,Tahun,8.1,332141501220,2025-11-05 12:00:46
mean_years_schooling_new_method,415,[Metode Baru] Rata-rata Lama Sekolah,Tahun,Tujuan Pembangunan Berkelanjutan Edisi I,0000,3322,Semarang,0,Tidak ada,122,2022,0,Tahun,8.05,332241501220,2025-11-05 12:00:46
mean_years_schooling_new_method,415,[Metode Baru] Rata-rata Lama Sekolah,Tahun,Tujuan Pembangunan Berkelanjutan Edisi I,0000,3323,Temanggung,0,Tidak ada,122,2022,0,Tahun,7.41,332341501220,2025-11-05 12:00:46
mean_years_schooling_new_method,415,[Metode Baru] Rata-rata Lama Sekolah,Tahun,Tujuan Pembangunan Berkelanjutan Edisi I,0000,3324,Kendal,0,Tidak ada,122,2022,0,Tahun,7.71,332441501220,2025-11-05 12:00:46
mean_years_schooling_new_method,415,[Metode Baru] Rata-rata Lama Sekolah,Tahun,Tujuan Pembangunan Berkelanjutan Edisi I,0000,3325,Batang,0,Tidak ada,122,2022,0,Tahun,6.9,332541501220,2025-11-05 12:00:46
mean_years_schooling_new_method,415,[Metode Baru] Rata-rata Lama Sekolah,Tahun,Tujuan Pembangunan Berkelanjutan Edisi I,0000,3326,Pekalongan,0,Tidak ada,122,2022,0,Tahun,7.46,332641501220,2025-11-05 12:00:46
mean_years_schooling_new_method,415,[Metode Baru] Rata-rata Lama Sekolah,Tahun,Tujuan Pembangunan Berkelanjutan Edisi I,0000,3327,Pemalang,0,Tidak ada,122,2022,0,Tahun,6.5,332741501220,2025-11-05 12:00:46
mean_years_schooling_new_method,415,[Metode Baru] Rata-rata Lama Sekolah,Tahun,Tujuan Pembangunan Berkelanjutan Edisi I,0000,3328,Tegal,0,Tidak ada,122,2022,0,Tahun,7.25,332841501220,2025-11-05 12:00:46
mean_years_schooling_new_method,415,[Metode Baru] Rata-rata Lama Sekolah,Tahun,Tujuan Pembangunan Berkelanjutan Edisi I,0000,3329,Brebes,0,Tidak ada,122,2022,0,Tahun,6.35,332941501220,2025-11-05 12:00:46
mean_years_schooling_new_method,415,[Metode Baru] Rata-rata Lama Sekolah,Tahun,Tujuan Pembangunan Berkelanjutan Edisi I,0000,3371,Kota Magelang,0,Tidak ada,122,2022,0,Tahun,10.94,337141501220,2025-11-05 12:00:46
mean_years_schooling_new_method,415,[Metode Baru] Rata-rata Lama Sekolah,Tahun,Tujuan Pembangunan Berkelanjutan Edisi I,0000,3372,Kota Surakarta,0,Tidak ada,122,2022,0,Tahun,10.92,337241501220,2025-11-05 12:00:46
mean_years_schooling_new_method,415,[Metode Baru] Rata-rata Lama Sekolah,Tahun,Tujuan Pembangunan Berkelanjutan Edisi I,0000,3373,Kota Salatiga,0,Tidak ada,122,2022,0,Tahun,10.95,337341501220,2025-11-05 12:00:46
mean_years_schooling_new_method,415,[Metode Baru] Rata-rata Lama Sekolah,Tahun,Tujuan Pembangunan Berkelanjutan Edisi I,0000,3374,Kota Semarang,0,Tidak ada,122,2022,0,Tahun,10.8,337441501220,2025-11-05 12:00:46
mean_years_schooling_new_method,415,[Metode Baru] Rata-rata Lama Sekolah,Tahun,Tujuan Pembangunan Berkelanjutan Edisi I,0000,3375,Kota Pekalongan,0,Tidak ada,122,2022,0,Tahun,9.2,337541501220,2025-11-05 12:00:46
mean_years_schooling_new_method,415,[Metode Baru] Rata-rata Lama Sekolah,Tahun,Tujuan Pembangunan Berkelanjutan Edisi I,0000,3376,Kota Tegal,0,Tidak ada,122,2022,0,Tahun,9,337641501220,2025-11-05 12:00:46
mean_years_schooling_new_method,415,[Metode Baru] Rata-rata Lama Sekolah,Tahun,Tujuan Pembangunan Berkelanjutan Edisi I,0000,3400,D I YOGYAKARTA,0,Tidak ada,122,2022,0,Tahun,9.75,340041501220,2025-11-05 12:00:46
mean_years_schooling_new_method,415,[Metode Baru] Rata-rata Lama Sekolah,Tahun,Tujuan Pembangunan Berkelanjutan Edisi I,0000,3401,Kulon Progo,0,Tidak ada,122,2022,0,Tahun,9.17,340141501220,2025-11-05 12:00:46
mean_years_schooling_new_method,415,[Metode Baru] Rata-rata Lama Sekolah,Tahun,Tujuan Pembangunan Berkelanjutan Edisi I,0000,3402,Bantul,0,Tidak ada,122,2022,0,Tahun,9.59,340241501220,2025-11-05 12:00:46
mean_years_schooling_new_method,415,[Metode Baru] Rata-rata Lama Sekolah,Tahun,Tujuan Pembangunan Berkelanjutan Edisi I,0000,3403,Gunung Kidul,0,Tidak ada,122,2022,0,Tahun,7.31,340341501220,2025-11-05 12:00:46
mean_years_schooling_new_method,415,[Metode Baru] Rata-rata Lama Sekolah,Tahun,Tujuan Pembangunan Berkelanjutan Edisi I,0000,3404,Sleman,0,Tidak ada,122,2022,0,Tahun,10.94,340441501220,2025-11-05 12:00:46
mean_years_schooling_new_method,415,[Metode Baru] Rata-rata Lama Sekolah,Tahun,Tujuan Pembangunan Berkelanjutan Edisi I,0000,3471,Kota Yogyakarta,0,Tidak ada,122,2022,0,Tahun,11.89,347141501220,2025-11-05 12:00:46
mean_years_schooling_new_method,415,[Metode Baru] Rata-rata Lama Sekolah,Tahun,Tujuan Pembangunan Berkelanjutan Edisi I,0000,3500,JAWA TIMUR,0,Tidak ada,122,2022,0,Tahun,8.03,350041501220,2025-11-05 12:00:46
mean_years_schooling_new_method,415,[Metode Baru] Rata-rata Lama Sekolah,Tahun,Tujuan Pembangunan Berkelanjutan Edisi I,0000,3501,Pacitan,0,Tidak ada,122,2022,0,Tahun,7.82,350141501220,2025-11-05 12:00:46
mean_years_schooling_new_method,415,[Metode Baru] Rata-rata Lama Sekolah,Tahun,Tujuan Pembangunan Berkelanjutan Edisi I,0000,3502,Ponorogo,0,Tidak ada,122,2022,0,Tahun,7.77,350241501220,2025-11-05 12:00:46
mean_years_schooling_new_method,415,[Metode Baru] Rata-rata Lama Sekolah,Tahun,Tujuan Pembangunan Berkelanjutan Edisi I,0000,3503,Trenggalek,0,Tidak ada,122,2022,0,Tahun,7.89,350341501220,2025-11-05 12:00:46
mean_years_schooling_new_method,415,[Metode Baru] Rata-rata Lama Sekolah,Tahun,Tujuan Pembangunan Berkelanjutan Edisi I,0000,3504,Tulungagung,0,Tidak ada,122,2022,0,Tahun,8.65,350441501220,2025-11-05 12:00:46
mean_years_schooling_new_method,415,[Metode Baru] Rata-rata Lama Sekolah,Tahun,Tujuan Pembangunan Berkelanjutan Edisi I,0000,3505,Blitar,0,Tidak ada,122,2022,0,Tahun,7.82,350541501220,2025-11-05 12:00:46
mean_years_schooling_new_method,415,[Metode Baru] Rata-rata Lama Sekolah,Tahun,Tujuan Pembangunan Berkelanjutan Edisi I,0000,3506,Kediri,0,Tidak ada,122,2022,0,Tahun,8.23,350641501220,2025-11-05 12:00:46
mean_years_schooling_new_method,415,[Metode Baru] Rata-rata Lama Sekolah,Tahun,Tujuan Pembangunan Berkelanjutan Edisi I,0000,3507,Malang,0,Tidak ada,122,2022,0,Tahun,7.68,350741501220,2025-11-05 12:00:46
mean_years_schooling_new_method,415,[Metode Baru] Rata-rata Lama Sekolah,Tahun,Tujuan Pembangunan Berkelanjutan Edisi I,0000,3508,Lumajang,0,Tidak ada,122,2022,0,Tahun,6.87,350841501220,2025-11-05 12:00:46
mean_years_schooling_new_method,415,[Metode Baru] Rata-rata Lama Sekolah,Tahun,Tujuan Pembangunan Berkelanjutan Edisi I,0000,3509,Jember,0,Tidak ada,122,2022,0,Tahun,6.5,350941501220,2025-11-05 12:00:46
mean_years_schooling_new_method,415,[Metode Baru] Rata-rata Lama Sekolah,Tahun,Tujuan Pembangunan Berkelanjutan Edisi I,0000,3510,Banyuwangi,0,Tidak ada,122,2022,0,Tahun,7.66,351041501220,2025-11-05 12:00:46
mean_years_schooling_new_method,415,[Metode Baru] Rata-rata Lama Sekolah,Tahun,Tujuan Pembangunan Berkelanjutan Edisi I,0000,3511,Bondowoso,0,Tidak ada,122,2022,0,Tahun,6.22,351141501220,2025-11-05 12:00:46
mean_years_schooling_new_method,415,[Metode Baru] Rata-rata Lama Sekolah,Tahun,Tujuan Pembangunan Berkelanjutan Edisi I,0000,3512,Situbondo,0,Tidak ada,122,2022,0,Tahun,6.63,351241501220,2025-11-05 12:00:46
mean_years_schooling_new_method,415,[Metode Baru] Rata-rata Lama Sekolah,Tahun,Tujuan Pembangunan Berkelanjutan Edisi I,0000,3513,Probolinggo,0,Tidak ada,122,2022,0,Tahun,6.13,351341501220,2025-11-05 12:00:46
mean_years_schooling_new_method,415,[Metode Baru] Rata-rata Lama Sekolah,Tahun,Tujuan Pembangunan Berkelanjutan Edisi I,0000,3514,Pasuruan,0,Tidak ada,122,2022,0,Tahun,7.42,351441501220,2025-11-05 12:00:46
mean_years_schooling_new_method,415,[Metode Baru] Rata-rata Lama Sekolah,Tahun,Tujuan Pembangunan Berkelanjutan Edisi I,0000,3515,Sidoarjo,0,Tidak ada,122,2022,0,Tahun,10.77,351541501220,2025-11-05 12:00:46
mean_years_schooling_new_method,415,[Metode Baru] Rata-rata Lama Sekolah,Tahun,Tujuan Pembangunan Berkelanjutan Edisi I,0000,3516,Mojokerto,0,Tidak ada,122,2022,0,Tahun,8.97,351641501220,2025-11-05 12:00:46
mean_years_schooling_new_method,415,[Metode Baru] Rata-rata Lama Sekolah,Tahun,Tujuan Pembangunan Berkelanjutan Edisi I,0000,3517,Jombang,0,Tidak ada,122,2022,0,Tahun,8.76,351741501220,2025-11-05 12:00:46
mean_years_schooling_new_method,415,[Metode Baru] Rata-rata Lama Sekolah,Tahun,Tujuan Pembangunan Berkelanjutan Edisi I,0000,3518,Nganjuk,0,Tidak ada,122,2022,0,Tahun,8.12,351841501220,2025-11-05 12:00:46
mean_years_schooling_new_method,415,[Metode Baru] Rata-rata Lama Sekolah,Tahun,Tujuan Pembangunan Berkelanjutan Edisi I,0000,3519,Madiun,0,Tidak ada,122,2022,0,Tahun,7.94,351941501220,2025-11-05 12:00:46
mean_years_schooling_new_method,415,[Metode Baru] Rata-rata Lama Sekolah,Tahun,Tujuan Pembangunan Berkelanjutan Edisi I,0000,3520,Magetan,0,Tidak ada,122,2022,0,Tahun,8.66,352041501220,2025-11-05 12:00:46
mean_years_schooling_new_method,415,[Metode Baru] Rata-rata Lama Sekolah,Tahun,Tujuan Pembangunan Berkelanjutan Edisi I,0000,3521,Ngawi,0,Tidak ada,122,2022,0,Tahun,7.59,352141501220,2025-11-05 12:00:46
mean_years_schooling_new_method,415,[Metode Baru] Rata-rata Lama Sekolah,Tahun,Tujuan Pembangunan Berkelanjutan Edisi I,0000,3522,Bojonegoro,0,Tidak ada,122,2022,0,Tahun,7.43,352241501220,2025-11-05 12:00:46
mean_years_schooling_new_method,415,[Metode Baru] Rata-rata Lama Sekolah,Tahun,Tujuan Pembangunan Berkelanjutan Edisi I,0000,3523,Tuban,0,Tidak ada,122,2022,0,Tahun,7.37,352341501220,2025-11-05 12:00:46
mean_years_schooling_new_method,415,[Metode Baru] Rata-rata Lama Sekolah,Tahun,Tujuan Pembangunan Berkelanjutan Edisi I,0000,3524,Lamongan,0,Tidak ada,122,2022,0,Tahun,8.33,352441501220,2025-11-05 12:00:46
mean_years_schooling_new_method,415,[Metode Baru] Rata-rata Lama Sekolah,Tahun,Tujuan Pembangunan Berkelanjutan Edisi I,0000,3525,Gresik,0,Tidak ada,122,2022,0,Tahun,9.75,352541501220,2025-11-05 12:00:46
mean_years_schooling_new_method,415,[Metode Baru] Rata-rata Lama Sekolah,Tahun,Tujuan Pembangunan Berkelanjutan Edisi I,0000,3526,Bangkalan,0,Tidak ada,122,2022,0,Tahun,5.97,352641501220,2025-11-05 12:00:46
mean_years_schooling_new_method,415,[Metode Baru] Rata-rata Lama Sekolah,Tahun,Tujuan Pembangunan Berkelanjutan Edisi I,0000,3527,Sampang,0,Tidak ada,122,2022,0,Tahun,5.06,352741501220,2025-11-05 12:00:46
mean_years_schooling_new_method,415,[Metode Baru] Rata-rata Lama Sekolah,Tahun,Tujuan Pembangunan Berkelanjutan Edisi I,0000,3528,Pamekasan,0,Tidak ada,122,2022,0,Tahun,6.88,352841501220,2025-11-05 12:00:46
mean_years_schooling_new_method,415,[Metode Baru] Rata-rata Lama Sekolah,Tahun,Tujuan Pembangunan Berkelanjutan Edisi I,0000,3529,Sumenep,0,Tidak ada,122,2022,0,Tahun,5.93,352941501220,2025-11-05 12:00:46
mean_years_schooling_new_method,415,[Metode Baru] Rata-rata Lama Sekolah,Tahun,Tujuan Pembangunan Berkelanjutan Edisi I,0000,3571,Kota Kediri,0,Tidak ada,122,2022,0,Tahun,10.45,357141501220,2025-11-05 12:00:46
mean_years_schooling_new_method,415,[Metode Baru] Rata-rata Lama Sekolah,Tahun,Tujuan Pembangunan Berkelanjutan Edisi I,0000,3572,Kota Blitar,0,Tidak ada,122,2022,0,Tahun,10.65,357241501220,2025-11-05 12:00:46
mean_years_schooling_new_method,415,[Metode Baru] Rata-rata Lama Sekolah,Tahun,Tujuan Pembangunan Berkelanjutan Edisi I,0000,3573,Kota Malang,0,Tidak ada,122,2022,0,Tahun,10.69,357341501220,2025-11-05 12:00:46
mean_years_schooling_new_method,415,[Metode Baru] Rata-rata Lama Sekolah,Tahun,Tujuan Pembangunan Berkelanjutan Edisi I,0000,3574,Kota Probolinggo,0,Tidak ada,122,2022,0,Tahun,9.29,357441501220,2025-11-05 12:00:46
mean_years_schooling_new_method,415,[Metode Baru] Rata-rata Lama Sekolah,Tahun,Tujuan Pembangunan Berkelanjutan Edisi I,0000,3575,Kota Pasuruan,0,Tidak ada,122,2022,0,Tahun,9.67,357541501220,2025-11-05 12:00:46
mean_years_schooling_new_method,415,[Metode Baru] Rata-rata Lama Sekolah,Tahun,Tujuan Pembangunan Berkelanjutan Edisi I,0000,3576,Kota Mojokerto,0,Tidak ada,122,2022,0,Tahun,10.8,357641501220,2025-11-05 12:00:46
mean_years_schooling_new_method,415,[Metode Baru] Rata-rata Lama Sekolah,Tahun,Tujuan Pembangunan Berkelanjutan Edisi I,0000,3577,Kota Madiun,0,Tidak ada,122,2022,0,Tahun,11.67,357741501220,2025-11-05 12:00:46
mean_years_schooling_new_method,415,[Metode Baru] Rata-rata Lama Sekolah,Tahun,Tujuan Pembangunan Berkelanjutan Edisi I,0000,3578,Kota Surabaya,0,Tidak ada,122,2022,0,Tahun,10.51,357841501220,2025-11-05 12:00:46
mean_years_schooling_new_method,415,[Metode Baru] Rata-rata Lama Sekolah,Tahun,Tujuan Pembangunan Berkelanjutan Edisi I,0000,3579,Kota Batu,0,Tidak ada,122,2022,0,Tahun,9.63,357941501220,2025-11-05 12:00:46
mean_years_schooling_new_method,415,[Metode Baru] Rata-rata Lama Sekolah,Tahun,Tujuan Pembangunan Berkelanjutan Edisi I,0000,3600,BANTEN,0,Tidak ada,122,2022,0,Tahun,9.13,360041501220,2025-11-05 12:00:46
mean_years_schooling_new_method,415,[Metode Baru] Rata-rata Lama Sekolah,Tahun,Tujuan Pembangunan Berkelanjutan Edisi I,0000,3601,Pandeglang,0,Tidak ada,122,2022,0,Tahun,7.13,360141501220,2025-11-05 12:00:46
mean_years_schooling_new_method,415,[Metode Baru] Rata-rata Lama Sekolah,Tahun,Tujuan Pembangunan Berkelanjutan Edisi I,0000,3602,Lebak,0,Tidak ada,122,2022,0,Tahun,6.59,360241501220,2025-11-05 12:00:46
mean_years_schooling_new_method,415,[Metode Baru] Rata-rata Lama Sekolah,Tahun,Tujuan Pembangunan Berkelanjutan Edisi I,0000,3603,Tangerang,0,Tidak ada,122,2022,0,Tahun,8.92,360341501220,2025-11-05 12:00:46
mean_years_schooling_new_method,415,[Metode Baru] Rata-rata Lama Sekolah,Tahun,Tujuan Pembangunan Berkelanjutan Edisi I,0000,3604,Serang,0,Tidak ada,122,2022,0,Tahun,7.78,360441501220,2025-11-05 12:00:46
mean_years_schooling_new_method,415,[Metode Baru] Rata-rata Lama Sekolah,Tahun,Tujuan Pembangunan Berkelanjutan Edisi I,0000,3671,Kota Tangerang,0,Tidak ada,122,2022,0,Tahun,10.84,367141501220,2025-11-05 12:00:46
mean_years_schooling_new_method,415,[Metode Baru] Rata-rata Lama Sekolah,Tahun,Tujuan Pembangunan Berkelanjutan Edisi I,0000,3672,Kota Cilegon,0,Tidak ada,122,2022,0,Tahun,10.34,367241501220,2025-11-05 12:00:46
mean_years_schooling_new_method,415,[Metode Baru] Rata-rata Lama Sekolah,Tahun,Tujuan Pembangunan Berkelanjutan Edisi I,0000,3673,Kota Serang,0,Tidak ada,122,2022,0,Tahun,8.9,367341501220,2025-11-05 12:00:46
mean_years_schooling_new_method,415,[Metode Baru] Rata-rata Lama Sekolah,Tahun,Tujuan Pembangunan Berkelanjutan Edisi I,0000,3674,Kota Tangerang Selatan,0,Tidak ada,122,2022,0,Tahun,11.84,367441501220,2025-11-05 12:00:46
mean_years_schooling_new_method,415,[Metode Baru] Rata-rata Lama Sekolah,Tahun,Tujuan Pembangunan Berkelanjutan Edisi I,0000,5100,BALI,0,Tidak ada,122,2022,0,Tahun,9.39,510041501220,2025-11-05 12:00:46
mean_years_schooling_new_method,415,[Metode Baru] Rata-rata Lama Sekolah,Tahun,Tujuan Pembangunan Berkelanjutan Edisi I,0000,5101,Jembrana,0,Tidak ada,122,2022,0,Tahun,8.64,510141501220,2025-11-05 12:00:46
mean_years_schooling_new_method,415,[Metode Baru] Rata-rata Lama Sekolah,Tahun,Tujuan Pembangunan Berkelanjutan Edisi I,0000,5102,Tabanan,0,Tidak ada,122,2022,0,Tahun,9.15,510241501220,2025-11-05 12:00:46
mean_years_schooling_new_method,415,[Metode Baru] Rata-rata Lama Sekolah,Tahun,Tujuan Pembangunan Berkelanjutan Edisi I,0000,5103,Badung,0,Tidak ada,122,2022,0,Tahun,10.64,510341501220,2025-11-05 12:00:46
mean_years_schooling_new_method,415,[Metode Baru] Rata-rata Lama Sekolah,Tahun,Tujuan Pembangunan Berkelanjutan Edisi I,0000,5104,Gianyar,0,Tidak ada,122,2022,0,Tahun,9.55,510441501220,2025-11-05 12:00:46
mean_years_schooling_new_method,415,[Metode Baru] Rata-rata Lama Sekolah,Tahun,Tujuan Pembangunan Berkelanjutan Edisi I,0000,5105,Klungkung,0,Tidak ada,122,2022,0,Tahun,8.46,510541501220,2025-11-05 12:00:46
mean_years_schooling_new_method,415,[Metode Baru] Rata-rata Lama Sekolah,Tahun,Tujuan Pembangunan Berkelanjutan Edisi I,0000,5106,Bangli,0,Tidak ada,122,2022,0,Tahun,7.47,510641501220,2025-11-05 12:00:46
mean_years_schooling_new_method,415,[Metode Baru] Rata-rata Lama Sekolah,Tahun,Tujuan Pembangunan Berkelanjutan Edisi I,0000,5107,Karangasem,0,Tidak ada,122,2022,0,Tahun,6.67,510741501220,2025-11-05 12:00:46
mean_years_schooling_new_method,415,[Metode Baru] Rata-rata Lama Sekolah,Tahun,Tujuan Pembangunan Berkelanjutan Edisi I,0000,5108,Buleleng,0,Tidak ada,122,2022,0,Tahun,7.56,510841501220,2025-11-05 12:00:46
mean_years_schooling_new_method,415,[Metode Baru] Rata-rata Lama Sekolah,Tahun,Tujuan Pembangunan Berkelanjutan Edisi I,0000,5171,Kota Denpasar,0,Tidak ada,122,2022,0,Tahun,11.5,517141501220,2025-11-05 12:00:46
mean_years_schooling_new_method,415,[Metode Baru] Rata-rata Lama Sekolah,Tahun,Tujuan Pembangunan Berkelanjutan Edisi I,0000,5200,NUSA TENGGARA BARAT,0,Tidak ada,122,2022,0,Tahun,7.61,520041501220,2025-11-05 12:00:46
mean_years_schooling_new_method,415,[Metode Baru] Rata-rata Lama Sekolah,Tahun,Tujuan Pembangunan Berkelanjutan Edisi I,0000,5201,Lombok Barat,0,Tidak ada,122,2022,0,Tahun,6.6,520141501220,2025-11-05 12:00:46
mean_years_schooling_new_method,415,[Metode Baru] Rata-rata Lama Sekolah,Tahun,Tujuan Pembangunan Berkelanjutan Edisi I,0000,5202,Lombok Tengah,0,Tidak ada,122,2022,0,Tahun,6.44,520241501220,2025-11-05 12:00:46
mean_years_schooling_new_method,415,[Metode Baru] Rata-rata Lama Sekolah,Tahun,Tujuan Pembangunan Berkelanjutan Edisi I,0000,5203,Lombok Timur,0,Tidak ada,122,2022,0,Tahun,7.04,520341501220,2025-11-05 12:00:46
mean_years_schooling_new_method,415,[Metode Baru] Rata-rata Lama Sekolah,Tahun,Tujuan Pembangunan Berkelanjutan Edisi I,0000,5204,Sumbawa,0,Tidak ada,122,2022,0,Tahun,8.21,520441501220,2025-11-05 12:00:46
mean_years_schooling_new_method,415,[Metode Baru] Rata-rata Lama Sekolah,Tahun,Tujuan Pembangunan Berkelanjutan Edisi I,0000,5205,Dompu,0,Tidak ada,122,2022,0,Tahun,8.73,520541501220,2025-11-05 12:00:46
mean_years_schooling_new_method,415,[Metode Baru] Rata-rata Lama Sekolah,Tahun,Tujuan Pembangunan Berkelanjutan Edisi I,0000,5206,Bima,0,Tidak ada,122,2022,0,Tahun,8.17,520641501220,2025-11-05 12:00:46
mean_years_schooling_new_method,415,[Metode Baru] Rata-rata Lama Sekolah,Tahun,Tujuan Pembangunan Berkelanjutan Edisi I,0000,5207,Sumbawa Barat,0,Tidak ada,122,2022,0,Tahun,8.9,520741501220,2025-11-05 12:00:46
mean_years_schooling_new_method,415,[Metode Baru] Rata-rata Lama Sekolah,Tahun,Tujuan Pembangunan Berkelanjutan Edisi I,0000,5208,Lombok Utara,0,Tidak ada,122,2022,0,Tahun,6.3,520841501220,2025-11-05 12:00:46
mean_years_schooling_new_method,415,[Metode Baru] Rata-rata Lama Sekolah,Tahun,Tujuan Pembangunan Berkelanjutan Edisi I,0000,5271,Kota Mataram,0,Tidak ada,122,2022,0,Tahun,9.55,527141501220,2025-11-05 12:00:46
mean_years_schooling_new_method,415,[Metode Baru] Rata-rata Lama Sekolah,Tahun,Tujuan Pembangunan Berkelanjutan Edisi I,0000,5272,Kota Bima,0,Tidak ada,122,2022,0,Tahun,10.94,527241501220,2025-11-05 12:00:46
mean_years_schooling_new_method,415,[Metode Baru] Rata-rata Lama Sekolah,Tahun,Tujuan Pembangunan Berkelanjutan Edisi I,0000,5300,NUSA TENGGARA TIMUR,0,Tidak ada,122,2022,0,Tahun,7.7,530041501220,2025-11-05 12:00:46
mean_years_schooling_new_method,415,[Metode Baru] Rata-rata Lama Sekolah,Tahun,Tujuan Pembangunan Berkelanjutan Edisi I,0000,5301,Sumba Barat,0,Tidak ada,122,2022,0,Tahun,6.85,530141501220,2025-11-05 12:00:46
mean_years_schooling_new_method,415,[Metode Baru] Rata-rata Lama Sekolah,Tahun,Tujuan Pembangunan Berkelanjutan Edisi I,0000,5302,Sumba Timur,0,Tidak ada,122,2022,0,Tahun,7.33,530241501220,2025-11-05 12:00:46
mean_years_schooling_new_method,415,[Metode Baru] Rata-rata Lama Sekolah,Tahun,Tujuan Pembangunan Berkelanjutan Edisi I,0000,5303,Kupang,0,Tidak ada,122,2022,0,Tahun,7.41,530341501220,2025-11-05 12:00:46
mean_years_schooling_new_method,415,[Metode Baru] Rata-rata Lama Sekolah,Tahun,Tujuan Pembangunan Berkelanjutan Edisi I,0000,5304,Timor Tengah Selatan,0,Tidak ada,122,2022,0,Tahun,6.76,530441501220,2025-11-05 12:00:46
mean_years_schooling_new_method,415,[Metode Baru] Rata-rata Lama Sekolah,Tahun,Tujuan Pembangunan Berkelanjutan Edisi I,0000,5305,Timor Tengah Utara,0,Tidak ada,122,2022,0,Tahun,7.97,530541501220,2025-11-05 12:00:46
mean_years_schooling_new_method,415,[Metode Baru] Rata-rata Lama Sekolah,Tahun,Tujuan Pembangunan Berkelanjutan Edisi I,0000,5306,Belu,0,Tidak ada,122,2022,0,Tahun,7.38,530641501220,2025-11-05 12:00:46
mean_years_schooling_new_method,415,[Metode Baru] Rata-rata Lama Sekolah,Tahun,Tujuan Pembangunan Berkelanjutan Edisi I,0000,5307,Alor,0,Tidak ada,122,2022,0,Tahun,8.43,530741501220,2025-11-05 12:00:46
mean_years_schooling_new_method,415,[Metode Baru] Rata-rata Lama Sekolah,Tahun,Tujuan Pembangunan Berkelanjutan Edisi I,0000,5308,Lembata,0,Tidak ada,122,2022,0,Tahun,8.25,530841501220,2025-11-05 12:00:46
mean_years_schooling_new_method,415,[Metode Baru] Rata-rata Lama Sekolah,Tahun,Tujuan Pembangunan Berkelanjutan Edisi I,0000,5309,Flores Timur,0,Tidak ada,122,2022,0,Tahun,7.79,530941501220,2025-11-05 12:00:46
mean_years_schooling_new_method,415,[Metode Baru] Rata-rata Lama Sekolah,Tahun,Tujuan Pembangunan Berkelanjutan Edisi I,0000,5310,Sikka,0,Tidak ada,122,2022,0,Tahun,6.96,531041501220,2025-11-05 12:00:46
mean_years_schooling_new_method,415,[Metode Baru] Rata-rata Lama Sekolah,Tahun,Tujuan Pembangunan Berkelanjutan Edisi I,0000,5311,Ende,0,Tidak ada,122,2022,0,Tahun,8.09,531141501220,2025-11-05 12:00:46
mean_years_schooling_new_method,415,[Metode Baru] Rata-rata Lama Sekolah,Tahun,Tujuan Pembangunan Berkelanjutan Edisi I,0000,5312,Ngada,0,Tidak ada,122,2022,0,Tahun,8.54,531241501220,2025-11-05 12:00:46
mean_years_schooling_new_method,415,[Metode Baru] Rata-rata Lama Sekolah,Tahun,Tujuan Pembangunan Berkelanjutan Edisi I,0000,5313,Manggarai,0,Tidak ada,122,2022,0,Tahun,7.62,531341501220,2025-11-05 12:00:46
mean_years_schooling_new_method,415,[Metode Baru] Rata-rata Lama Sekolah,Tahun,Tujuan Pembangunan Berkelanjutan Edisi I,0000,5314,Rote Ndao,0,Tidak ada,122,2022,0,Tahun,7.76,531441501220,2025-11-05 12:00:46
mean_years_schooling_new_method,415,[Metode Baru] Rata-rata Lama Sekolah,Tahun,Tujuan Pembangunan Berkelanjutan Edisi I,0000,5315,Manggarai Barat,0,Tidak ada,122,2022,0,Tahun,7.8,531541501220,2025-11-05 12:00:46
mean_years_schooling_new_method,415,[Metode Baru] Rata-rata Lama Sekolah,Tahun,Tujuan Pembangunan Berkelanjutan Edisi I,0000,5316,Sumba Tengah,0,Tidak ada,122,2022,0,Tahun,6.73,531641501220,2025-11-05 12:00:46
mean_years_schooling_new_method,415,[Metode Baru] Rata-rata Lama Sekolah,Tahun,Tujuan Pembangunan Berkelanjutan Edisi I,0000,5317,Sumba Barat Daya,0,Tidak ada,122,2022,0,Tahun,6.37,531741501220,2025-11-05 12:00:46
mean_years_schooling_new_method,415,[Metode Baru] Rata-rata Lama Sekolah,Tahun,Tujuan Pembangunan Berkelanjutan Edisi I,0000,5318,Nagekeo,0,Tidak ada,122,2022,0,Tahun,7.91,531841501220,2025-11-05 12:00:46
mean_years_schooling_new_method,415,[Metode Baru] Rata-rata Lama Sekolah,Tahun,Tujuan Pembangunan Berkelanjutan Edisi I,0000,5319,Manggarai Timur,0,Tidak ada,122,2022,0,Tahun,7.42,531941501220,2025-11-05 12:00:46
mean_years_schooling_new_method,415,[Metode Baru] Rata-rata Lama Sekolah,Tahun,Tujuan Pembangunan Berkelanjutan Edisi I,0000,5320,Sabu Raijua,0,Tidak ada,122,2022,0,Tahun,6.77,532041501220,2025-11-05 12:00:46
mean_years_schooling_new_method,415,[Metode Baru] Rata-rata Lama Sekolah,Tahun,Tujuan Pembangunan Berkelanjutan Edisi I,0000,5321,Malaka,0,Tidak ada,122,2022,0,Tahun,7.12,532141501220,2025-11-05 12:00:46
mean_years_schooling_new_method,415,[Metode Baru] Rata-rata Lama Sekolah,Tahun,Tujuan Pembangunan Berkelanjutan Edisi I,0000,5371,Kota Kupang,0,Tidak ada,122,2022,0,Tahun,11.61,537141501220,2025-11-05 12:00:46
mean_years_schooling_new_method,415,[Metode Baru] Rata-rata Lama Sekolah,Tahun,Tujuan Pembangunan Berkelanjutan Edisi I,0000,6100,KALIMANTAN BARAT,0,Tidak ada,122,2022,0,Tahun,7.59,610041501220,2025-11-05 12:00:46
mean_years_schooling_new_method,415,[Metode Baru] Rata-rata Lama Sekolah,Tahun,Tujuan Pembangunan Berkelanjutan Edisi I,0000,6101,Sambas,0,Tidak ada,122,2022,0,Tahun,6.74,610141501220,2025-11-05 12:00:46
mean_years_schooling_new_method,415,[Metode Baru] Rata-rata Lama Sekolah,Tahun,Tujuan Pembangunan Berkelanjutan Edisi I,0000,6102,Bengkayang,0,Tidak ada,122,2022,0,Tahun,7,610241501220,2025-11-05 12:00:46
mean_years_schooling_new_method,415,[Metode Baru] Rata-rata Lama Sekolah,Tahun,Tujuan Pembangunan Berkelanjutan Edisi I,0000,6103,Landak,0,Tidak ada,122,2022,0,Tahun,7.15,610341501220,2025-11-05 12:00:46
mean_years_schooling_new_method,415,[Metode Baru] Rata-rata Lama Sekolah,Tahun,Tujuan Pembangunan Berkelanjutan Edisi I,0000,6104,Mempawah,0,Tidak ada,122,2022,0,Tahun,7.17,610441501220,2025-11-05 12:00:46
mean_years_schooling_new_method,415,[Metode Baru] Rata-rata Lama Sekolah,Tahun,Tujuan Pembangunan Berkelanjutan Edisi I,0000,6105,Sanggau,0,Tidak ada,122,2022,0,Tahun,7.41,610541501220,2025-11-05 12:00:46
mean_years_schooling_new_method,415,[Metode Baru] Rata-rata Lama Sekolah,Tahun,Tujuan Pembangunan Berkelanjutan Edisi I,0000,6106,Ketapang,0,Tidak ada,122,2022,0,Tahun,7.48,610641501220,2025-11-05 12:00:46
mean_years_schooling_new_method,415,[Metode Baru] Rata-rata Lama Sekolah,Tahun,Tujuan Pembangunan Berkelanjutan Edisi I,0000,6107,Sintang,0,Tidak ada,122,2022,0,Tahun,7.36,610741501220,2025-11-05 12:00:46
mean_years_schooling_new_method,415,[Metode Baru] Rata-rata Lama Sekolah,Tahun,Tujuan Pembangunan Berkelanjutan Edisi I,0000,6108,Kapuas Hulu,0,Tidak ada,122,2022,0,Tahun,7.59,610841501220,2025-11-05 12:00:46
mean_years_schooling_new_method,415,[Metode Baru] Rata-rata Lama Sekolah,Tahun,Tujuan Pembangunan Berkelanjutan Edisi I,0000,6109,Sekadau,0,Tidak ada,122,2022,0,Tahun,7.12,610941501220,2025-11-05 12:00:46
mean_years_schooling_new_method,415,[Metode Baru] Rata-rata Lama Sekolah,Tahun,Tujuan Pembangunan Berkelanjutan Edisi I,0000,6110,Melawi,0,Tidak ada,122,2022,0,Tahun,7.18,611041501220,2025-11-05 12:00:46
mean_years_schooling_new_method,415,[Metode Baru] Rata-rata Lama Sekolah,Tahun,Tujuan Pembangunan Berkelanjutan Edisi I,0000,6111,Kayong Utara,0,Tidak ada,122,2022,0,Tahun,6.21,611141501220,2025-11-05 12:00:46
mean_years_schooling_new_method,415,[Metode Baru] Rata-rata Lama Sekolah,Tahun,Tujuan Pembangunan Berkelanjutan Edisi I,0000,6112,Kubu Raya,0,Tidak ada,122,2022,0,Tahun,7.02,611241501220,2025-11-05 12:00:46
mean_years_schooling_new_method,415,[Metode Baru] Rata-rata Lama Sekolah,Tahun,Tujuan Pembangunan Berkelanjutan Edisi I,0000,6171,Kota Pontianak,0,Tidak ada,122,2022,0,Tahun,10.44,617141501220,2025-11-05 12:00:46
mean_years_schooling_new_method,415,[Metode Baru] Rata-rata Lama Sekolah,Tahun,Tujuan Pembangunan Berkelanjutan Edisi I,0000,6172,Kota Singkawang,0,Tidak ada,122,2022,0,Tahun,8.19,617241501220,2025-11-05 12:00:46
mean_years_schooling_new_method,415,[Metode Baru] Rata-rata Lama Sekolah,Tahun,Tujuan Pembangunan Berkelanjutan Edisi I,0000,6200,KALIMANTAN TENGAH,0,Tidak ada,122,2022,0,Tahun,8.65,620041501220,2025-11-05 12:00:46
mean_years_schooling_new_method,415,[Metode Baru] Rata-rata Lama Sekolah,Tahun,Tujuan Pembangunan Berkelanjutan Edisi I,0000,6201,Kotawaringin Barat,0,Tidak ada,122,2022,0,Tahun,8.54,620141501220,2025-11-05 12:00:46
mean_years_schooling_new_method,415,[Metode Baru] Rata-rata Lama Sekolah,Tahun,Tujuan Pembangunan Berkelanjutan Edisi I,0000,6202,Kotawaringin Timur,0,Tidak ada,122,2022,0,Tahun,8.16,620241501220,2025-11-05 12:00:46
mean_years_schooling_new_method,415,[Metode Baru] Rata-rata Lama Sekolah,Tahun,Tujuan Pembangunan Berkelanjutan Edisi I,0000,6203,Kapuas,0,Tidak ada,122,2022,0,Tahun,7.64,620341501220,2025-11-05 12:00:46
mean_years_schooling_new_method,415,[Metode Baru] Rata-rata Lama Sekolah,Tahun,Tujuan Pembangunan Berkelanjutan Edisi I,0000,6204,Barito Selatan,0,Tidak ada,122,2022,0,Tahun,9.01,620441501220,2025-11-05 12:00:46
mean_years_schooling_new_method,415,[Metode Baru] Rata-rata Lama Sekolah,Tahun,Tujuan Pembangunan Berkelanjutan Edisi I,0000,6205,Barito Utara,0,Tidak ada,122,2022,0,Tahun,8.9,620541501220,2025-11-05 12:00:46
mean_years_schooling_new_method,415,[Metode Baru] Rata-rata Lama Sekolah,Tahun,Tujuan Pembangunan Berkelanjutan Edisi I,0000,6206,Sukamara,0,Tidak ada,122,2022,0,Tahun,8.1,620641501220,2025-11-05 12:00:46
mean_years_schooling_new_method,415,[Metode Baru] Rata-rata Lama Sekolah,Tahun,Tujuan Pembangunan Berkelanjutan Edisi I,0000,6207,Lamandau,0,Tidak ada,122,2022,0,Tahun,8.53,620741501220,2025-11-05 12:00:46
mean_years_schooling_new_method,415,[Metode Baru] Rata-rata Lama Sekolah,Tahun,Tujuan Pembangunan Berkelanjutan Edisi I,0000,6208,Seruyan,0,Tidak ada,122,2022,0,Tahun,7.99,620841501220,2025-11-05 12:00:46
mean_years_schooling_new_method,415,[Metode Baru] Rata-rata Lama Sekolah,Tahun,Tujuan Pembangunan Berkelanjutan Edisi I,0000,6209,Katingan,0,Tidak ada,122,2022,0,Tahun,8.78,620941501220,2025-11-05 12:00:46
mean_years_schooling_new_method,415,[Metode Baru] Rata-rata Lama Sekolah,Tahun,Tujuan Pembangunan Berkelanjutan Edisi I,0000,6210,Pulang Pisau,0,Tidak ada,122,2022,0,Tahun,8.26,621041501220,2025-11-05 12:00:46
mean_years_schooling_new_method,415,[Metode Baru] Rata-rata Lama Sekolah,Tahun,Tujuan Pembangunan Berkelanjutan Edisi I,0000,6211,Gunung Mas,0,Tidak ada,122,2022,0,Tahun,9.24,621141501220,2025-11-05 12:00:46
mean_years_schooling_new_method,415,[Metode Baru] Rata-rata Lama Sekolah,Tahun,Tujuan Pembangunan Berkelanjutan Edisi I,0000,6212,Barito Timur,0,Tidak ada,122,2022,0,Tahun,9.32,621241501220,2025-11-05 12:00:46
mean_years_schooling_new_method,415,[Metode Baru] Rata-rata Lama Sekolah,Tahun,Tujuan Pembangunan Berkelanjutan Edisi I,0000,6213,Murung Raya,0,Tidak ada,122,2022,0,Tahun,7.66,621341501220,2025-11-05 12:00:46
mean_years_schooling_new_method,415,[Metode Baru] Rata-rata Lama Sekolah,Tahun,Tujuan Pembangunan Berkelanjutan Edisi I,0000,6271,Kota Palangka Raya,0,Tidak ada,122,2022,0,Tahun,11.55,627141501220,2025-11-05 12:00:46
mean_years_schooling_new_method,415,[Metode Baru] Rata-rata Lama Sekolah,Tahun,Tujuan Pembangunan Berkelanjutan Edisi I,0000,6300,KALIMANTAN SELATAN,0,Tidak ada,122,2022,0,Tahun,8.46,630041501220,2025-11-05 12:00:46
mean_years_schooling_new_method,415,[Metode Baru] Rata-rata Lama Sekolah,Tahun,Tujuan Pembangunan Berkelanjutan Edisi I,0000,6301,Tanah Laut,0,Tidak ada,122,2022,0,Tahun,7.9,630141501220,2025-11-05 12:00:46
mean_years_schooling_new_method,415,[Metode Baru] Rata-rata Lama Sekolah,Tahun,Tujuan Pembangunan Berkelanjutan Edisi I,0000,6302,Kotabaru,0,Tidak ada,122,2022,0,Tahun,7.47,630241501220,2025-11-05 12:00:46
mean_years_schooling_new_method,415,[Metode Baru] Rata-rata Lama Sekolah,Tahun,Tujuan Pembangunan Berkelanjutan Edisi I,0000,6303,Banjar,0,Tidak ada,122,2022,0,Tahun,7.71,630341501220,2025-11-05 12:00:46
mean_years_schooling_new_method,415,[Metode Baru] Rata-rata Lama Sekolah,Tahun,Tujuan Pembangunan Berkelanjutan Edisi I,0000,6304,Barito Kuala,0,Tidak ada,122,2022,0,Tahun,7.63,630441501220,2025-11-05 12:00:46
mean_years_schooling_new_method,415,[Metode Baru] Rata-rata Lama Sekolah,Tahun,Tujuan Pembangunan Berkelanjutan Edisi I,0000,6305,Tapin,0,Tidak ada,122,2022,0,Tahun,7.95,630541501220,2025-11-05 12:00:46
mean_years_schooling_new_method,415,[Metode Baru] Rata-rata Lama Sekolah,Tahun,Tujuan Pembangunan Berkelanjutan Edisi I,0000,6306,Hulu Sungai Selatan,0,Tidak ada,122,2022,0,Tahun,7.79,630641501220,2025-11-05 12:00:46
mean_years_schooling_new_method,415,[Metode Baru] Rata-rata Lama Sekolah,Tahun,Tujuan Pembangunan Berkelanjutan Edisi I,0000,6307,Hulu Sungai Tengah,0,Tidak ada,122,2022,0,Tahun,8.28,630741501220,2025-11-05 12:00:46
mean_years_schooling_new_method,415,[Metode Baru] Rata-rata Lama Sekolah,Tahun,Tujuan Pembangunan Berkelanjutan Edisi I,0000,6308,Hulu Sungai Utara,0,Tidak ada,122,2022,0,Tahun,7.76,630841501220,2025-11-05 12:00:46
mean_years_schooling_new_method,415,[Metode Baru] Rata-rata Lama Sekolah,Tahun,Tujuan Pembangunan Berkelanjutan Edisi I,0000,6309,Tabalong,0,Tidak ada,122,2022,0,Tahun,9.12,630941501220,2025-11-05 12:00:46
mean_years_schooling_new_method,415,[Metode Baru] Rata-rata Lama Sekolah,Tahun,Tujuan Pembangunan Berkelanjutan Edisi I,0000,6310,Tanah Bumbu,0,Tidak ada,122,2022,0,Tahun,8.25,631041501220,2025-11-05 12:00:46
mean_years_schooling_new_method,415,[Metode Baru] Rata-rata Lama Sekolah,Tahun,Tujuan Pembangunan Berkelanjutan Edisi I,0000,6311,Balangan,0,Tidak ada,122,2022,0,Tahun,7.85,631141501220,2025-11-05 12:00:46
mean_years_schooling_new_method,415,[Metode Baru] Rata-rata Lama Sekolah,Tahun,Tujuan Pembangunan Berkelanjutan Edisi I,0000,6371,Kota Banjarmasin,0,Tidak ada,122,2022,0,Tahun,10.21,637141501220,2025-11-05 12:00:46
mean_years_schooling_new_method,415,[Metode Baru] Rata-rata Lama Sekolah,Tahun,Tujuan Pembangunan Berkelanjutan Edisi I,0000,6372,Kota Banjar Baru,0,Tidak ada,122,2022,0,Tahun,10.98,637241501220,2025-11-05 12:00:46
mean_years_schooling_new_method,415,[Metode Baru] Rata-rata Lama Sekolah,Tahun,Tujuan Pembangunan Berkelanjutan Edisi I,0000,6400,KALIMANTAN TIMUR,0,Tidak ada,122,2022,0,Tahun,9.92,640041501220,2025-11-05 12:00:46
mean_years_schooling_new_method,415,[Metode Baru] Rata-rata Lama Sekolah,Tahun,Tujuan Pembangunan Berkelanjutan Edisi I,0000,6401,Paser,0,Tidak ada,122,2022,0,Tahun,8.8,640141501220,2025-11-05 12:00:46
mean_years_schooling_new_method,415,[Metode Baru] Rata-rata Lama Sekolah,Tahun,Tujuan Pembangunan Berkelanjutan Edisi I,0000,6402,Kutai Barat,0,Tidak ada,122,2022,0,Tahun,8.78,640241501220,2025-11-05 12:00:46
mean_years_schooling_new_method,415,[Metode Baru] Rata-rata Lama Sekolah,Tahun,Tujuan Pembangunan Berkelanjutan Edisi I,0000,6403,Kutai Kartanegara,0,Tidak ada,122,2022,0,Tahun,9.24,640341501220,2025-11-05 12:00:46
mean_years_schooling_new_method,415,[Metode Baru] Rata-rata Lama Sekolah,Tahun,Tujuan Pembangunan Berkelanjutan Edisi I,0000,6404,Kutai Timur,0,Tidak ada,122,2022,0,Tahun,9.44,640441501220,2025-11-05 12:00:46
mean_years_schooling_new_method,415,[Metode Baru] Rata-rata Lama Sekolah,Tahun,Tujuan Pembangunan Berkelanjutan Edisi I,0000,6405,Berau,0,Tidak ada,122,2022,0,Tahun,9.54,640541501220,2025-11-05 12:00:46
mean_years_schooling_new_method,415,[Metode Baru] Rata-rata Lama Sekolah,Tahun,Tujuan Pembangunan Berkelanjutan Edisi I,0000,6409,Penajam Paser Utara,0,Tidak ada,122,2022,0,Tahun,8.51,640941501220,2025-11-05 12:00:46
mean_years_schooling_new_method,415,[Metode Baru] Rata-rata Lama Sekolah,Tahun,Tujuan Pembangunan Berkelanjutan Edisi I,0000,6411,Mahakam Ulu,0,Tidak ada,122,2022,0,Tahun,8.36,641141501220,2025-11-05 12:00:46
mean_years_schooling_new_method,415,[Metode Baru] Rata-rata Lama Sekolah,Tahun,Tujuan Pembangunan Berkelanjutan Edisi I,0000,6471,Kota Balikpapan,0,Tidak ada,122,2022,0,Tahun,10.92,647141501220,2025-11-05 12:00:46
mean_years_schooling_new_method,415,[Metode Baru] Rata-rata Lama Sekolah,Tahun,Tujuan Pembangunan Berkelanjutan Edisi I,0000,6472,Kota Samarinda,0,Tidak ada,122,2022,0,Tahun,10.71,647241501220,2025-11-05 12:00:46
mean_years_schooling_new_method,415,[Metode Baru] Rata-rata Lama Sekolah,Tahun,Tujuan Pembangunan Berkelanjutan Edisi I,0000,6474,Kota Bontang,0,Tidak ada,122,2022,0,Tahun,10.81,647441501220,2025-11-05 12:00:46
mean_years_schooling_new_method,415,[Metode Baru] Rata-rata Lama Sekolah,Tahun,Tujuan Pembangunan Berkelanjutan Edisi I,0000,6500,KALIMANTAN UTARA,0,Tidak ada,122,2022,0,Tahun,9.27,650041501220,2025-11-05 12:00:46
mean_years_schooling_new_method,415,[Metode Baru] Rata-rata Lama Sekolah,Tahun,Tujuan Pembangunan Berkelanjutan Edisi I,0000,6501,Malinau,0,Tidak ada,122,2022,0,Tahun,9.41,650141501220,2025-11-05 12:00:46
mean_years_schooling_new_method,415,[Metode Baru] Rata-rata Lama Sekolah,Tahun,Tujuan Pembangunan Berkelanjutan Edisi I,0000,6502,Bulungan,0,Tidak ada,122,2022,0,Tahun,9.2,650241501220,2025-11-05 12:00:46
mean_years_schooling_new_method,415,[Metode Baru] Rata-rata Lama Sekolah,Tahun,Tujuan Pembangunan Berkelanjutan Edisi I,0000,6503,Tana Tidung,0,Tidak ada,122,2022,0,Tahun,8.97,650341501220,2025-11-05 12:00:46
mean_years_schooling_new_method,415,[Metode Baru] Rata-rata Lama Sekolah,Tahun,Tujuan Pembangunan Berkelanjutan Edisi I,0000,6504,Nunukan,0,Tidak ada,122,2022,0,Tahun,8.24,650441501220,2025-11-05 12:00:46
mean_years_schooling_new_method,415,[Metode Baru] Rata-rata Lama Sekolah,Tahun,Tujuan Pembangunan Berkelanjutan Edisi I,0000,6571,Kota Tarakan,0,Tidak ada,122,2022,0,Tahun,10.08,657141501220,2025-11-05 12:00:46
mean_years_schooling_new_method,415,[Metode Baru] Rata-rata Lama Sekolah,Tahun,Tujuan Pembangunan Berkelanjutan Edisi I,0000,7100,SULAWESI UTARA,0,Tidak ada,122,2022,0,Tahun,9.68,710041501220,2025-11-05 12:00:46
mean_years_schooling_new_method,415,[Metode Baru] Rata-rata Lama Sekolah,Tahun,Tujuan Pembangunan Berkelanjutan Edisi I,0000,7101,Bolaang Mongondow,0,Tidak ada,122,2022,0,Tahun,8.17,710141501220,2025-11-05 12:00:46
mean_years_schooling_new_method,415,[Metode Baru] Rata-rata Lama Sekolah,Tahun,Tujuan Pembangunan Berkelanjutan Edisi I,0000,7102,Minahasa,0,Tidak ada,122,2022,0,Tahun,9.82,710241501220,2025-11-05 12:00:46
mean_years_schooling_new_method,415,[Metode Baru] Rata-rata Lama Sekolah,Tahun,Tujuan Pembangunan Berkelanjutan Edisi I,0000,7103,Kepulauan Sangihe,0,Tidak ada,122,2022,0,Tahun,8.49,710341501220,2025-11-05 12:00:46
mean_years_schooling_new_method,415,[Metode Baru] Rata-rata Lama Sekolah,Tahun,Tujuan Pembangunan Berkelanjutan Edisi I,0000,7104,Kepulauan Talaud,0,Tidak ada,122,2022,0,Tahun,9.73,710441501220,2025-11-05 12:00:46
mean_years_schooling_new_method,415,[Metode Baru] Rata-rata Lama Sekolah,Tahun,Tujuan Pembangunan Berkelanjutan Edisi I,0000,7105,Minahasa Selatan,0,Tidak ada,122,2022,0,Tahun,9.19,710541501220,2025-11-05 12:00:46
mean_years_schooling_new_method,415,[Metode Baru] Rata-rata Lama Sekolah,Tahun,Tujuan Pembangunan Berkelanjutan Edisi I,0000,7106,Minahasa Utara,0,Tidak ada,122,2022,0,Tahun,10.18,710641501220,2025-11-05 12:00:46
mean_years_schooling_new_method,415,[Metode Baru] Rata-rata Lama Sekolah,Tahun,Tujuan Pembangunan Berkelanjutan Edisi I,0000,7107,Bolaang Mongondow Utara,0,Tidak ada,122,2022,0,Tahun,8.57,710741501220,2025-11-05 12:00:46
mean_years_schooling_new_method,415,[Metode Baru] Rata-rata Lama Sekolah,Tahun,Tujuan Pembangunan Berkelanjutan Edisi I,0000,7108,Siau Tagulandang Biaro,0,Tidak ada,122,2022,0,Tahun,9.21,710841501220,2025-11-05 12:00:46
mean_years_schooling_new_method,415,[Metode Baru] Rata-rata Lama Sekolah,Tahun,Tujuan Pembangunan Berkelanjutan Edisi I,0000,7109,Minahasa Tenggara,0,Tidak ada,122,2022,0,Tahun,9.12,710941501220,2025-11-05 12:00:46
mean_years_schooling_new_method,415,[Metode Baru] Rata-rata Lama Sekolah,Tahun,Tujuan Pembangunan Berkelanjutan Edisi I,0000,7110,Bolaang Mongondow Selatan,0,Tidak ada,122,2022,0,Tahun,8.16,711041501220,2025-11-05 12:00:46
mean_years_schooling_new_method,415,[Metode Baru] Rata-rata Lama Sekolah,Tahun,Tujuan Pembangunan Berkelanjutan Edisi I,0000,7111,Bolaang Mongondow Timur,0,Tidak ada,122,2022,0,Tahun,8.09,711141501220,2025-11-05 12:00:46
mean_years_schooling_new_method,415,[Metode Baru] Rata-rata Lama Sekolah,Tahun,Tujuan Pembangunan Berkelanjutan Edisi I,0000,7171,Kota Manado,0,Tidak ada,122,2022,0,Tahun,11.43,717141501220,2025-11-05 12:00:46
mean_years_schooling_new_method,415,[Metode Baru] Rata-rata Lama Sekolah,Tahun,Tujuan Pembangunan Berkelanjutan Edisi I,0000,7172,Kota Bitung,0,Tidak ada,122,2022,0,Tahun,9.91,717241501220,2025-11-05 12:00:46
mean_years_schooling_new_method,415,[Metode Baru] Rata-rata Lama Sekolah,Tahun,Tujuan Pembangunan Berkelanjutan Edisi I,0000,7173,Kota Tomohon,0,Tidak ada,122,2022,0,Tahun,10.75,717341501220,2025-11-05 12:00:46
mean_years_schooling_new_method,415,[Metode Baru] Rata-rata Lama Sekolah,Tahun,Tujuan Pembangunan Berkelanjutan Edisi I,0000,7174,Kota Kotamobagu,0,Tidak ada,122,2022,0,Tahun,10.32,717441501220,2025-11-05 12:00:46
mean_years_schooling_new_method,415,[Metode Baru] Rata-rata Lama Sekolah,Tahun,Tujuan Pembangunan Berkelanjutan Edisi I,0000,7200,SULAWESI TENGAH,0,Tidak ada,122,2022,0,Tahun,8.89,720041501220,2025-11-05 12:00:46
mean_years_schooling_new_method,415,[Metode Baru] Rata-rata Lama Sekolah,Tahun,Tujuan Pembangunan Berkelanjutan Edisi I,0000,7201,Banggai Kepulauan,0,Tidak ada,122,2022,0,Tahun,8.46,720141501220,2025-11-05 12:00:46
mean_years_schooling_new_method,415,[Metode Baru] Rata-rata Lama Sekolah,Tahun,Tujuan Pembangunan Berkelanjutan Edisi I,0000,7202,Banggai,0,Tidak ada,122,2022,0,Tahun,8.54,720241501220,2025-11-05 12:00:46
mean_years_schooling_new_method,415,[Metode Baru] Rata-rata Lama Sekolah,Tahun,Tujuan Pembangunan Berkelanjutan Edisi I,0000,7203,Morowali,0,Tidak ada,122,2022,0,Tahun,9.35,720341501220,2025-11-05 12:00:46
mean_years_schooling_new_method,415,[Metode Baru] Rata-rata Lama Sekolah,Tahun,Tujuan Pembangunan Berkelanjutan Edisi I,0000,7204,Poso,0,Tidak ada,122,2022,0,Tahun,9.52,720441501220,2025-11-05 12:00:46
mean_years_schooling_new_method,415,[Metode Baru] Rata-rata Lama Sekolah,Tahun,Tujuan Pembangunan Berkelanjutan Edisi I,0000,7205,Donggala,0,Tidak ada,122,2022,0,Tahun,7.98,720541501220,2025-11-05 12:00:46
mean_years_schooling_new_method,415,[Metode Baru] Rata-rata Lama Sekolah,Tahun,Tujuan Pembangunan Berkelanjutan Edisi I,0000,7206,Toli-Toli,0,Tidak ada,122,2022,0,Tahun,8.76,720641501220,2025-11-05 12:00:46
mean_years_schooling_new_method,415,[Metode Baru] Rata-rata Lama Sekolah,Tahun,Tujuan Pembangunan Berkelanjutan Edisi I,0000,7207,Buol,0,Tidak ada,122,2022,0,Tahun,9.08,720741501220,2025-11-05 12:00:46
mean_years_schooling_new_method,415,[Metode Baru] Rata-rata Lama Sekolah,Tahun,Tujuan Pembangunan Berkelanjutan Edisi I,0000,7208,Parigi Moutong,0,Tidak ada,122,2022,0,Tahun,7.77,720841501220,2025-11-05 12:00:46
mean_years_schooling_new_method,415,[Metode Baru] Rata-rata Lama Sekolah,Tahun,Tujuan Pembangunan Berkelanjutan Edisi I,0000,7209,Tojo Una-Una,0,Tidak ada,122,2022,0,Tahun,8.41,720941501220,2025-11-05 12:00:46
mean_years_schooling_new_method,415,[Metode Baru] Rata-rata Lama Sekolah,Tahun,Tujuan Pembangunan Berkelanjutan Edisi I,0000,7210,Sigi,0,Tidak ada,122,2022,0,Tahun,8.84,721041501220,2025-11-05 12:00:46
mean_years_schooling_new_method,415,[Metode Baru] Rata-rata Lama Sekolah,Tahun,Tujuan Pembangunan Berkelanjutan Edisi I,0000,7211,Banggai Laut,0,Tidak ada,122,2022,0,Tahun,8.63,721141501220,2025-11-05 12:00:46
mean_years_schooling_new_method,415,[Metode Baru] Rata-rata Lama Sekolah,Tahun,Tujuan Pembangunan Berkelanjutan Edisi I,0000,7212,Morowali Utara,0,Tidak ada,122,2022,0,Tahun,8.75,721241501220,2025-11-05 12:00:46
mean_years_schooling_new_method,415,[Metode Baru] Rata-rata Lama Sekolah,Tahun,Tujuan Pembangunan Berkelanjutan Edisi I,0000,7271,Kota Palu,0,Tidak ada,122,2022,0,Tahun,11.73,727141501220,2025-11-05 12:00:46
mean_years_schooling_new_method,415,[Metode Baru] Rata-rata Lama Sekolah,Tahun,Tujuan Pembangunan Berkelanjutan Edisi I,0000,7300,SULAWESI SELATAN,0,Tidak ada,122,2022,0,Tahun,8.63,730041501220,2025-11-05 12:00:46
mean_years_schooling_new_method,415,[Metode Baru] Rata-rata Lama Sekolah,Tahun,Tujuan Pembangunan Berkelanjutan Edisi I,0000,7301,Kepulauan Selayar,0,Tidak ada,122,2022,0,Tahun,8.09,730141501220,2025-11-05 12:00:46
mean_years_schooling_new_method,415,[Metode Baru] Rata-rata Lama Sekolah,Tahun,Tujuan Pembangunan Berkelanjutan Edisi I,0000,7302,Bulukumba,0,Tidak ada,122,2022,0,Tahun,8.01,730241501220,2025-11-05 12:00:46
mean_years_schooling_new_method,415,[Metode Baru] Rata-rata Lama Sekolah,Tahun,Tujuan Pembangunan Berkelanjutan Edisi I,0000,7303,Bantaeng,0,Tidak ada,122,2022,0,Tahun,6.81,730341501220,2025-11-05 12:00:46
mean_years_schooling_new_method,415,[Metode Baru] Rata-rata Lama Sekolah,Tahun,Tujuan Pembangunan Berkelanjutan Edisi I,0000,7304,Jeneponto,0,Tidak ada,122,2022,0,Tahun,6.75,730441501220,2025-11-05 12:00:46
mean_years_schooling_new_method,415,[Metode Baru] Rata-rata Lama Sekolah,Tahun,Tujuan Pembangunan Berkelanjutan Edisi I,0000,7305,Takalar,0,Tidak ada,122,2022,0,Tahun,7.64,730541501220,2025-11-05 12:00:46
mean_years_schooling_new_method,415,[Metode Baru] Rata-rata Lama Sekolah,Tahun,Tujuan Pembangunan Berkelanjutan Edisi I,0000,7306,Gowa,0,Tidak ada,122,2022,0,Tahun,8.4,730641501220,2025-11-05 12:00:46
mean_years_schooling_new_method,415,[Metode Baru] Rata-rata Lama Sekolah,Tahun,Tujuan Pembangunan Berkelanjutan Edisi I,0000,7307,Sinjai,0,Tidak ada,122,2022,0,Tahun,7.79,730741501220,2025-11-05 12:00:46
mean_years_schooling_new_method,415,[Metode Baru] Rata-rata Lama Sekolah,Tahun,Tujuan Pembangunan Berkelanjutan Edisi I,0000,7308,Maros,0,Tidak ada,122,2022,0,Tahun,8.02,730841501220,2025-11-05 12:00:46
mean_years_schooling_new_method,415,[Metode Baru] Rata-rata Lama Sekolah,Tahun,Tujuan Pembangunan Berkelanjutan Edisi I,0000,7309,Pangkajene dan Kepulauan,0,Tidak ada,122,2022,0,Tahun,8.05,730941501220,2025-11-05 12:00:46
mean_years_schooling_new_method,415,[Metode Baru] Rata-rata Lama Sekolah,Tahun,Tujuan Pembangunan Berkelanjutan Edisi I,0000,7310,Barru,0,Tidak ada,122,2022,0,Tahun,8.25,731041501220,2025-11-05 12:00:46
mean_years_schooling_new_method,415,[Metode Baru] Rata-rata Lama Sekolah,Tahun,Tujuan Pembangunan Berkelanjutan Edisi I,0000,7311,Bone,0,Tidak ada,122,2022,0,Tahun,7.36,731141501220,2025-11-05 12:00:46
mean_years_schooling_new_method,415,[Metode Baru] Rata-rata Lama Sekolah,Tahun,Tujuan Pembangunan Berkelanjutan Edisi I,0000,7312,Soppeng,0,Tidak ada,122,2022,0,Tahun,7.96,731241501220,2025-11-05 12:00:46
mean_years_schooling_new_method,415,[Metode Baru] Rata-rata Lama Sekolah,Tahun,Tujuan Pembangunan Berkelanjutan Edisi I,0000,7313,Wajo,0,Tidak ada,122,2022,0,Tahun,7.16,731341501220,2025-11-05 12:00:46
mean_years_schooling_new_method,415,[Metode Baru] Rata-rata Lama Sekolah,Tahun,Tujuan Pembangunan Berkelanjutan Edisi I,0000,7314,Sidenreng Rappang,0,Tidak ada,122,2022,0,Tahun,8.04,731441501220,2025-11-05 12:00:46
mean_years_schooling_new_method,415,[Metode Baru] Rata-rata Lama Sekolah,Tahun,Tujuan Pembangunan Berkelanjutan Edisi I,0000,7315,Pinrang,0,Tidak ada,122,2022,0,Tahun,8.04,731541501220,2025-11-05 12:00:46
mean_years_schooling_new_method,415,[Metode Baru] Rata-rata Lama Sekolah,Tahun,Tujuan Pembangunan Berkelanjutan Edisi I,0000,7316,Enrekang,0,Tidak ada,122,2022,0,Tahun,8.93,731641501220,2025-11-05 12:00:46
mean_years_schooling_new_method,415,[Metode Baru] Rata-rata Lama Sekolah,Tahun,Tujuan Pembangunan Berkelanjutan Edisi I,0000,7317,Luwu,0,Tidak ada,122,2022,0,Tahun,8.48,731741501220,2025-11-05 12:00:46
mean_years_schooling_new_method,415,[Metode Baru] Rata-rata Lama Sekolah,Tahun,Tujuan Pembangunan Berkelanjutan Edisi I,0000,7318,Tana Toraja,0,Tidak ada,122,2022,0,Tahun,8.52,731841501220,2025-11-05 12:00:46
mean_years_schooling_new_method,415,[Metode Baru] Rata-rata Lama Sekolah,Tahun,Tujuan Pembangunan Berkelanjutan Edisi I,0000,7322,Luwu Utara,0,Tidak ada,122,2022,0,Tahun,7.87,732241501220,2025-11-05 12:00:46
mean_years_schooling_new_method,415,[Metode Baru] Rata-rata Lama Sekolah,Tahun,Tujuan Pembangunan Berkelanjutan Edisi I,0000,7325,Luwu Timur,0,Tidak ada,122,2022,0,Tahun,8.92,732541501220,2025-11-05 12:00:46
mean_years_schooling_new_method,415,[Metode Baru] Rata-rata Lama Sekolah,Tahun,Tujuan Pembangunan Berkelanjutan Edisi I,0000,7326,Toraja Utara,0,Tidak ada,122,2022,0,Tahun,8.26,732641501220,2025-11-05 12:00:46
mean_years_schooling_new_method,415,[Metode Baru] Rata-rata Lama Sekolah,Tahun,Tujuan Pembangunan Berkelanjutan Edisi I,0000,7371,Kota Makasar,0,Tidak ada,122,2022,0,Tahun,11.55,737141501220,2025-11-05 12:00:46
mean_years_schooling_new_method,415,[Metode Baru] Rata-rata Lama Sekolah,Tahun,Tujuan Pembangunan Berkelanjutan Edisi I,0000,7372,Kota Parepare,0,Tidak ada,122,2022,0,Tahun,10.66,737241501220,2025-11-05 12:00:46
mean_years_schooling_new_method,415,[Metode Baru] Rata-rata Lama Sekolah,Tahun,Tujuan Pembangunan Berkelanjutan Edisi I,0000,7373,Kota Palopo,0,Tidak ada,122,2022,0,Tahun,11.09,737341501220,2025-11-05 12:00:46
mean_years_schooling_new_method,415,[Metode Baru] Rata-rata Lama Sekolah,Tahun,Tujuan Pembangunan Berkelanjutan Edisi I,0000,7400,SULAWESI TENGGARA,0,Tidak ada,122,2022,0,Tahun,9.25,740041501220,2025-11-05 12:00:46
mean_years_schooling_new_method,415,[Metode Baru] Rata-rata Lama Sekolah,Tahun,Tujuan Pembangunan Berkelanjutan Edisi I,0000,7401,Buton,0,Tidak ada,122,2022,0,Tahun,8.25,740141501220,2025-11-05 12:00:46
mean_years_schooling_new_method,415,[Metode Baru] Rata-rata Lama Sekolah,Tahun,Tujuan Pembangunan Berkelanjutan Edisi I,0000,7402,Muna,0,Tidak ada,122,2022,0,Tahun,8.52,740241501220,2025-11-05 12:00:46
mean_years_schooling_new_method,415,[Metode Baru] Rata-rata Lama Sekolah,Tahun,Tujuan Pembangunan Berkelanjutan Edisi I,0000,7403,Konawe,0,Tidak ada,122,2022,0,Tahun,9.3,740341501220,2025-11-05 12:00:46
mean_years_schooling_new_method,415,[Metode Baru] Rata-rata Lama Sekolah,Tahun,Tujuan Pembangunan Berkelanjutan Edisi I,0000,7404,Kolaka,0,Tidak ada,122,2022,0,Tahun,9.06,740441501220,2025-11-05 12:00:46
mean_years_schooling_new_method,415,[Metode Baru] Rata-rata Lama Sekolah,Tahun,Tujuan Pembangunan Berkelanjutan Edisi I,0000,7405,Konawe Selatan,0,Tidak ada,122,2022,0,Tahun,8.27,740541501220,2025-11-05 12:00:46
mean_years_schooling_new_method,415,[Metode Baru] Rata-rata Lama Sekolah,Tahun,Tujuan Pembangunan Berkelanjutan Edisi I,0000,7406,Bombana,0,Tidak ada,122,2022,0,Tahun,8.05,740641501220,2025-11-05 12:00:46
mean_years_schooling_new_method,415,[Metode Baru] Rata-rata Lama Sekolah,Tahun,Tujuan Pembangunan Berkelanjutan Edisi I,0000,7407,Wakatobi,0,Tidak ada,122,2022,0,Tahun,8.5,740741501220,2025-11-05 12:00:46
mean_years_schooling_new_method,415,[Metode Baru] Rata-rata Lama Sekolah,Tahun,Tujuan Pembangunan Berkelanjutan Edisi I,0000,7408,Kolaka Utara,0,Tidak ada,122,2022,0,Tahun,8.54,740841501220,2025-11-05 12:00:46
mean_years_schooling_new_method,415,[Metode Baru] Rata-rata Lama Sekolah,Tahun,Tujuan Pembangunan Berkelanjutan Edisi I,0000,7409,Buton Utara,0,Tidak ada,122,2022,0,Tahun,9.11,740941501220,2025-11-05 12:00:46
mean_years_schooling_new_method,415,[Metode Baru] Rata-rata Lama Sekolah,Tahun,Tujuan Pembangunan Berkelanjutan Edisi I,0000,7410,Konawe Utara,0,Tidak ada,122,2022,0,Tahun,9.53,741041501220,2025-11-05 12:00:46
mean_years_schooling_new_method,415,[Metode Baru] Rata-rata Lama Sekolah,Tahun,Tujuan Pembangunan Berkelanjutan Edisi I,0000,7411,Kolaka Timur,0,Tidak ada,122,2022,0,Tahun,8.15,741141501220,2025-11-05 12:00:46
mean_years_schooling_new_method,415,[Metode Baru] Rata-rata Lama Sekolah,Tahun,Tujuan Pembangunan Berkelanjutan Edisi I,0000,7412,Konawe Kepulauan,0,Tidak ada,122,2022,0,Tahun,9.43,741241501220,2025-11-05 12:00:46
mean_years_schooling_new_method,415,[Metode Baru] Rata-rata Lama Sekolah,Tahun,Tujuan Pembangunan Berkelanjutan Edisi I,0000,7413,Muna Barat,0,Tidak ada,122,2022,0,Tahun,7.6,741341501220,2025-11-05 12:00:46
mean_years_schooling_new_method,415,[Metode Baru] Rata-rata Lama Sekolah,Tahun,Tujuan Pembangunan Berkelanjutan Edisi I,0000,7414,Buton Tengah,0,Tidak ada,122,2022,0,Tahun,7.33,741441501220,2025-11-05 12:00:46
mean_years_schooling_new_method,415,[Metode Baru] Rata-rata Lama Sekolah,Tahun,Tujuan Pembangunan Berkelanjutan Edisi I,0000,7415,Buton Selatan,0,Tidak ada,122,2022,0,Tahun,7.64,741541501220,2025-11-05 12:00:46
mean_years_schooling_new_method,415,[Metode Baru] Rata-rata Lama Sekolah,Tahun,Tujuan Pembangunan Berkelanjutan Edisi I,0000,7471,Kota Kendari,0,Tidak ada,122,2022,0,Tahun,12.52,747141501220,2025-11-05 12:00:46
mean_years_schooling_new_method,415,[Metode Baru] Rata-rata Lama Sekolah,Tahun,Tujuan Pembangunan Berkelanjutan Edisi I,0000,7472,Kota Baubau,0,Tidak ada,122,2022,0,Tahun,10.92,747241501220,2025-11-05 12:00:46
mean_years_schooling_new_method,415,[Metode Baru] Rata-rata Lama Sekolah,Tahun,Tujuan Pembangunan Berkelanjutan Edisi I,0000,7500,GORONTALO,0,Tidak ada,122,2022,0,Tahun,8.02,750041501220,2025-11-05 12:00:46
mean_years_schooling_new_method,415,[Metode Baru] Rata-rata Lama Sekolah,Tahun,Tujuan Pembangunan Berkelanjutan Edisi I,0000,7501,Boalemo,0,Tidak ada,122,2022,0,Tahun,7.03,750141501220,2025-11-05 12:00:46
mean_years_schooling_new_method,415,[Metode Baru] Rata-rata Lama Sekolah,Tahun,Tujuan Pembangunan Berkelanjutan Edisi I,0000,7502,Gorontalo,0,Tidak ada,122,2022,0,Tahun,7.61,750241501220,2025-11-05 12:00:46
mean_years_schooling_new_method,415,[Metode Baru] Rata-rata Lama Sekolah,Tahun,Tujuan Pembangunan Berkelanjutan Edisi I,0000,7503,Pohuwato,0,Tidak ada,122,2022,0,Tahun,7.35,750341501220,2025-11-05 12:00:46
mean_years_schooling_new_method,415,[Metode Baru] Rata-rata Lama Sekolah,Tahun,Tujuan Pembangunan Berkelanjutan Edisi I,0000,7504,Bone Bolango,0,Tidak ada,122,2022,0,Tahun,8.33,750441501220,2025-11-05 12:00:46
mean_years_schooling_new_method,415,[Metode Baru] Rata-rata Lama Sekolah,Tahun,Tujuan Pembangunan Berkelanjutan Edisi I,0000,7505,Gorontalo Utara,0,Tidak ada,122,2022,0,Tahun,7.16,750541501220,2025-11-05 12:00:46
mean_years_schooling_new_method,415,[Metode Baru] Rata-rata Lama Sekolah,Tahun,Tujuan Pembangunan Berkelanjutan Edisi I,0000,7571,Kota Gorontalo,0,Tidak ada,122,2022,0,Tahun,10.39,757141501220,2025-11-05 12:00:46
mean_years_schooling_new_method,415,[Metode Baru] Rata-rata Lama Sekolah,Tahun,Tujuan Pembangunan Berkelanjutan Edisi I,0000,7600,SULAWESI BARAT,0,Tidak ada,122,2022,0,Tahun,8.08,760041501220,2025-11-05 12:00:46
mean_years_schooling_new_method,415,[Metode Baru] Rata-rata Lama Sekolah,Tahun,Tujuan Pembangunan Berkelanjutan Edisi I,0000,7601,Majene,0,Tidak ada,122,2022,0,Tahun,9.1,760141501220,2025-11-05 12:00:46
mean_years_schooling_new_method,415,[Metode Baru] Rata-rata Lama Sekolah,Tahun,Tujuan Pembangunan Berkelanjutan Edisi I,0000,7602,Polewali Mandar,0,Tidak ada,122,2022,0,Tahun,7.6,760241501220,2025-11-05 12:00:46
mean_years_schooling_new_method,415,[Metode Baru] Rata-rata Lama Sekolah,Tahun,Tujuan Pembangunan Berkelanjutan Edisi I,0000,7603,Mamasa,0,Tidak ada,122,2022,0,Tahun,8,760341501220,2025-11-05 12:00:46
mean_years_schooling_new_method,415,[Metode Baru] Rata-rata Lama Sekolah,Tahun,Tujuan Pembangunan Berkelanjutan Edisi I,0000,7604,Mamuju,0,Tidak ada,122,2022,0,Tahun,8.09,760441501220,2025-11-05 12:00:46
mean_years_schooling_new_method,415,[Metode Baru] Rata-rata Lama Sekolah,Tahun,Tujuan Pembangunan Berkelanjutan Edisi I,0000,7605,Mamuju Utara / Pasangkayu,0,Tidak ada,122,2022,0,Tahun,8.11,760541501220,2025-11-05 12:00:46
mean_years_schooling_new_method,415,[Metode Baru] Rata-rata Lama Sekolah,Tahun,Tujuan Pembangunan Berkelanjutan Edisi I,0000,7606,Mamuju Tengah,0,Tidak ada,122,2022,0,Tahun,7.61,760641501220,2025-11-05 12:00:46
mean_years_schooling_new_method,415,[Metode Baru] Rata-rata Lama Sekolah,Tahun,Tujuan Pembangunan Berkelanjutan Edisi I,0000,8100,MALUKU,0,Tidak ada,122,2022,0,Tahun,10.19,810041501220,2025-11-05 12:00:46
mean_years_schooling_new_method,415,[Metode Baru] Rata-rata Lama Sekolah,Tahun,Tujuan Pembangunan Berkelanjutan Edisi I,0000,8101,Maluku Tenggara Barat / Kepulauan Tanimbar,0,Tidak ada,122,2022,0,Tahun,9.77,810141501220,2025-11-05 12:00:46
mean_years_schooling_new_method,415,[Metode Baru] Rata-rata Lama Sekolah,Tahun,Tujuan Pembangunan Berkelanjutan Edisi I,0000,8102,Maluku Tenggara,0,Tidak ada,122,2022,0,Tahun,9.78,810241501220,2025-11-05 12:00:46
mean_years_schooling_new_method,415,[Metode Baru] Rata-rata Lama Sekolah,Tahun,Tujuan Pembangunan Berkelanjutan Edisi I,0000,8103,Maluku Tengah,0,Tidak ada,122,2022,0,Tahun,9.76,810341501220,2025-11-05 12:00:46
mean_years_schooling_new_method,415,[Metode Baru] Rata-rata Lama Sekolah,Tahun,Tujuan Pembangunan Berkelanjutan Edisi I,0000,8104,Buru,0,Tidak ada,122,2022,0,Tahun,8.99,810441501220,2025-11-05 12:00:46
mean_years_schooling_new_method,415,[Metode Baru] Rata-rata Lama Sekolah,Tahun,Tujuan Pembangunan Berkelanjutan Edisi I,0000,8105,Kepulauan Aru,0,Tidak ada,122,2022,0,Tahun,8.87,810541501220,2025-11-05 12:00:46
mean_years_schooling_new_method,415,[Metode Baru] Rata-rata Lama Sekolah,Tahun,Tujuan Pembangunan Berkelanjutan Edisi I,0000,8106,Seram Bagian Barat,0,Tidak ada,122,2022,0,Tahun,9.24,810641501220,2025-11-05 12:00:46
mean_years_schooling_new_method,415,[Metode Baru] Rata-rata Lama Sekolah,Tahun,Tujuan Pembangunan Berkelanjutan Edisi I,0000,8107,Seram Bagian Timur,0,Tidak ada,122,2022,0,Tahun,8.71,810741501220,2025-11-05 12:00:46
mean_years_schooling_new_method,415,[Metode Baru] Rata-rata Lama Sekolah,Tahun,Tujuan Pembangunan Berkelanjutan Edisi I,0000,8108,Maluku Barat Daya,0,Tidak ada,122,2022,0,Tahun,8.77,810841501220,2025-11-05 12:00:46
mean_years_schooling_new_method,415,[Metode Baru] Rata-rata Lama Sekolah,Tahun,Tujuan Pembangunan Berkelanjutan Edisi I,0000,8109,Buru Selatan,0,Tidak ada,122,2022,0,Tahun,8.06,810941501220,2025-11-05 12:00:46
mean_years_schooling_new_method,415,[Metode Baru] Rata-rata Lama Sekolah,Tahun,Tujuan Pembangunan Berkelanjutan Edisi I,0000,8171,Kota Ambon,0,Tidak ada,122,2022,0,Tahun,12.21,817141501220,2025-11-05 12:00:46
mean_years_schooling_new_method,415,[Metode Baru] Rata-rata Lama Sekolah,Tahun,Tujuan Pembangunan Berkelanjutan Edisi I,0000,8172,Kota Tual,0,Tidak ada,122,2022,0,Tahun,10.54,817241501220,2025-11-05 12:00:46
mean_years_schooling_new_method,415,[Metode Baru] Rata-rata Lama Sekolah,Tahun,Tujuan Pembangunan Berkelanjutan Edisi I,0000,8200,MALUKU UTARA,0,Tidak ada,122,2022,0,Tahun,9.24,820041501220,2025-11-05 12:00:46
mean_years_schooling_new_method,415,[Metode Baru] Rata-rata Lama Sekolah,Tahun,Tujuan Pembangunan Berkelanjutan Edisi I,0000,8201,Halmahera Barat,0,Tidak ada,122,2022,0,Tahun,8.57,820141501220,2025-11-05 12:00:46
mean_years_schooling_new_method,415,[Metode Baru] Rata-rata Lama Sekolah,Tahun,Tujuan Pembangunan Berkelanjutan Edisi I,0000,8202,Halmahera Tengah,0,Tidak ada,122,2022,0,Tahun,9.02,820241501220,2025-11-05 12:00:46
mean_years_schooling_new_method,415,[Metode Baru] Rata-rata Lama Sekolah,Tahun,Tujuan Pembangunan Berkelanjutan Edisi I,0000,8203,Kepulauan Sula,0,Tidak ada,122,2022,0,Tahun,9.02,820341501220,2025-11-05 12:00:46
mean_years_schooling_new_method,415,[Metode Baru] Rata-rata Lama Sekolah,Tahun,Tujuan Pembangunan Berkelanjutan Edisi I,0000,8204,Halmahera Selatan,0,Tidak ada,122,2022,0,Tahun,8.16,820441501220,2025-11-05 12:00:46
mean_years_schooling_new_method,415,[Metode Baru] Rata-rata Lama Sekolah,Tahun,Tujuan Pembangunan Berkelanjutan Edisi I,0000,8205,Halmahera Utara,0,Tidak ada,122,2022,0,Tahun,8.63,820541501220,2025-11-05 12:00:46
mean_years_schooling_new_method,415,[Metode Baru] Rata-rata Lama Sekolah,Tahun,Tujuan Pembangunan Berkelanjutan Edisi I,0000,8206,Halmahera Timur,0,Tidak ada,122,2022,0,Tahun,8.52,820641501220,2025-11-05 12:00:46
mean_years_schooling_new_method,415,[Metode Baru] Rata-rata Lama Sekolah,Tahun,Tujuan Pembangunan Berkelanjutan Edisi I,0000,8207,Pulau Morotai,0,Tidak ada,122,2022,0,Tahun,7.42,820741501220,2025-11-05 12:00:46
mean_years_schooling_new_method,415,[Metode Baru] Rata-rata Lama Sekolah,Tahun,Tujuan Pembangunan Berkelanjutan Edisi I,0000,8208,Pulau Taliabu,0,Tidak ada,122,2022,0,Tahun,7.94,820841501220,2025-11-05 12:00:46
mean_years_schooling_new_method,415,[Metode Baru] Rata-rata Lama Sekolah,Tahun,Tujuan Pembangunan Berkelanjutan Edisi I,0000,8271,Kota Ternate,0,Tidak ada,122,2022,0,Tahun,12.06,827141501220,2025-11-05 12:00:46
mean_years_schooling_new_method,415,[Metode Baru] Rata-rata Lama Sekolah,Tahun,Tujuan Pembangunan Berkelanjutan Edisi I,0000,8272,Kota Tidore Kepulauan,0,Tidak ada,122,2022,0,Tahun,9.96,827241501220,2025-11-05 12:00:46
mean_years_schooling_new_method,415,[Metode Baru] Rata-rata Lama Sekolah,Tahun,Tujuan Pembangunan Berkelanjutan Edisi I,0000,9100,PAPUA BARAT,0,Tidak ada,122,2022,0,Tahun,7.84,910041501220,2025-11-05 12:00:46
mean_years_schooling_new_method,415,[Metode Baru] Rata-rata Lama Sekolah,Tahun,Tujuan Pembangunan Berkelanjutan Edisi I,0000,9101,Fakfak,0,Tidak ada,122,2022,0,Tahun,9.08,910141501220,2025-11-05 12:00:46
mean_years_schooling_new_method,415,[Metode Baru] Rata-rata Lama Sekolah,Tahun,Tujuan Pembangunan Berkelanjutan Edisi I,0000,9102,Kaimana,0,Tidak ada,122,2022,0,Tahun,8.74,910241501220,2025-11-05 12:00:46
mean_years_schooling_new_method,415,[Metode Baru] Rata-rata Lama Sekolah,Tahun,Tujuan Pembangunan Berkelanjutan Edisi I,0000,9103,Teluk Wondama,0,Tidak ada,122,2022,0,Tahun,7.2,910341501220,2025-11-05 12:00:46
mean_years_schooling_new_method,415,[Metode Baru] Rata-rata Lama Sekolah,Tahun,Tujuan Pembangunan Berkelanjutan Edisi I,0000,9104,Teluk Bintuni,0,Tidak ada,122,2022,0,Tahun,8.35,910441501220,2025-11-05 12:00:46
mean_years_schooling_new_method,415,[Metode Baru] Rata-rata Lama Sekolah,Tahun,Tujuan Pembangunan Berkelanjutan Edisi I,0000,9105,Manokwari,0,Tidak ada,122,2022,0,Tahun,8.45,910541501220,2025-11-05 12:00:46
mean_years_schooling_new_method,415,[Metode Baru] Rata-rata Lama Sekolah,Tahun,Tujuan Pembangunan Berkelanjutan Edisi I,0000,9106,Sorong Selatan,0,Tidak ada,122,2022,0,Tahun,7.58,910641501220,2025-11-05 12:00:46
mean_years_schooling_new_method,415,[Metode Baru] Rata-rata Lama Sekolah,Tahun,Tujuan Pembangunan Berkelanjutan Edisi I,0000,9107,Sorong,0,Tidak ada,122,2022,0,Tahun,8.52,910741501220,2025-11-05 12:00:46
mean_years_schooling_new_method,415,[Metode Baru] Rata-rata Lama Sekolah,Tahun,Tujuan Pembangunan Berkelanjutan Edisi I,0000,9108,Raja Ampat,0,Tidak ada,122,2022,0,Tahun,8.16,910841501220,2025-11-05 12:00:46
mean_years_schooling_new_method,415,[Metode Baru] Rata-rata Lama Sekolah,Tahun,Tujuan Pembangunan Berkelanjutan Edisi I,0000,9109,Tambrauw,0,Tidak ada,122,2022,0,Tahun,5.64,910941501220,2025-11-05 12:00:46
mean_years_schooling_new_method,415,[Metode Baru] Rata-rata Lama Sekolah,Tahun,Tujuan Pembangunan Berkelanjutan Edisi I,0000,9110,Maybrat,0,Tidak ada,122,2022,0,Tahun,7.19,911041501220,2025-11-05 12:00:46
mean_years_schooling_new_method,415,[Metode Baru] Rata-rata Lama Sekolah,Tahun,Tujuan Pembangunan Berkelanjutan Edisi I,0000,9111,Manokwari Selatan,0,Tidak ada,122,2022,0,Tahun,6.9,911141501220,2025-11-05 12:00:46
mean_years_schooling_new_method,415,[Metode Baru] Rata-rata Lama Sekolah,Tahun,Tujuan Pembangunan Berkelanjutan Edisi I,0000,9112,Pegunungan Arfak,0,Tidak ada,122,2022,0,Tahun,5.34,911241501220,2025-11-05 12:00:46
mean_years_schooling_new_method,415,[Metode Baru] Rata-rata Lama Sekolah,Tahun,Tujuan Pembangunan Berkelanjutan Edisi I,0000,9171,Kota Sorong,0,Tidak ada,122,2022,0,Tahun,11.32,917141501220,2025-11-05 12:00:46
mean_years_schooling_new_method,415,[Metode Baru] Rata-rata Lama Sekolah,Tahun,Tujuan Pembangunan Berkelanjutan Edisi I,0000,9400,PAPUA,0,Tidak ada,122,2022,0,Tahun,7.02,940041501220,2025-11-05 12:00:46
mean_years_schooling_new_method,415,[Metode Baru] Rata-rata Lama Sekolah,Tahun,Tujuan Pembangunan Berkelanjutan Edisi I,0000,9401,Merauke,0,Tidak ada,122,2022,0,Tahun,9.04,940141501220,2025-11-05 12:00:46
mean_years_schooling_new_method,415,[Metode Baru] Rata-rata Lama Sekolah,Tahun,Tujuan Pembangunan Berkelanjutan Edisi I,0000,9402,Jayawijaya,0,Tidak ada,122,2022,0,Tahun,5.74,940241501220,2025-11-05 12:00:46
mean_years_schooling_new_method,415,[Metode Baru] Rata-rata Lama Sekolah,Tahun,Tujuan Pembangunan Berkelanjutan Edisi I,0000,9403,Jayapura,0,Tidak ada,122,2022,0,Tahun,10.27,940341501220,2025-11-05 12:00:46
mean_years_schooling_new_method,415,[Metode Baru] Rata-rata Lama Sekolah,Tahun,Tujuan Pembangunan Berkelanjutan Edisi I,0000,9404,Nabire,0,Tidak ada,122,2022,0,Tahun,10.16,940441501220,2025-11-05 12:00:46
mean_years_schooling_new_method,415,[Metode Baru] Rata-rata Lama Sekolah,Tahun,Tujuan Pembangunan Berkelanjutan Edisi I,0000,9408,Kepulauan Yapen,0,Tidak ada,122,2022,0,Tahun,9.69,940841501220,2025-11-05 12:00:46
mean_years_schooling_new_method,415,[Metode Baru] Rata-rata Lama Sekolah,Tahun,Tujuan Pembangunan Berkelanjutan Edisi I,0000,9409,Biak Numfor,0,Tidak ada,122,2022,0,Tahun,10.53,940941501220,2025-11-05 12:00:46
mean_years_schooling_new_method,415,[Metode Baru] Rata-rata Lama Sekolah,Tahun,Tujuan Pembangunan Berkelanjutan Edisi I,0000,9410,Paniai,0,Tidak ada,122,2022,0,Tahun,4.78,941041501220,2025-11-05 12:00:46
mean_years_schooling_new_method,415,[Metode Baru] Rata-rata Lama Sekolah,Tahun,Tujuan Pembangunan Berkelanjutan Edisi I,0000,9411,Puncak Jaya,0,Tidak ada,122,2022,0,Tahun,4.03,941141501220,2025-11-05 12:00:46
mean_years_schooling_new_method,415,[Metode Baru] Rata-rata Lama Sekolah,Tahun,Tujuan Pembangunan Berkelanjutan Edisi I,0000,9412,Mimika,0,Tidak ada,122,2022,0,Tahun,10.2,941241501220,2025-11-05 12:00:46
mean_years_schooling_new_method,415,[Metode Baru] Rata-rata Lama Sekolah,Tahun,Tujuan Pembangunan Berkelanjutan Edisi I,0000,9413,Boven Digoel,0,Tidak ada,122,2022,0,Tahun,9.03,941341501220,2025-11-05 12:00:46
mean_years_schooling_new_method,415,[Metode Baru] Rata-rata Lama Sekolah,Tahun,Tujuan Pembangunan Berkelanjutan Edisi I,0000,9414,Mappi,0,Tidak ada,122,2022,0,Tahun,6.78,941441501220,2025-11-05 12:00:46
mean_years_schooling_new_method,415,[Metode Baru] Rata-rata Lama Sekolah,Tahun,Tujuan Pembangunan Berkelanjutan Edisi I,0000,9415,Asmat,0,Tidak ada,122,2022,0,Tahun,5.36,941541501220,2025-11-05 12:00:46
mean_years_schooling_new_method,415,[Metode Baru] Rata-rata Lama Sekolah,Tahun,Tujuan Pembangunan Berkelanjutan Edisi I,0000,9416,Yahukimo,0,Tidak ada,122,2022,0,Tahun,4.28,941641501220,2025-11-05 12:00:46
mean_years_schooling_new_method,415,[Metode Baru] Rata-rata Lama Sekolah,Tahun,Tujuan Pembangunan Berkelanjutan Edisi I,0000,9417,Pegunungan Bintang,0,Tidak ada,122,2022,0,Tahun,3.23,941741501220,2025-11-05 12:00:46
mean_years_schooling_new_method,415,[Metode Baru] Rata-rata Lama Sekolah,Tahun,Tujuan Pembangunan Berkelanjutan Edisi I,0000,9418,Tolikara,0,Tidak ada,122,2022,0,Tahun,3.67,941841501220,2025-11-05 12:00:46
mean_years_schooling_new_method,415,[Metode Baru] Rata-rata Lama Sekolah,Tahun,Tujuan Pembangunan Berkelanjutan Edisi I,0000,9419,Sarmi,0,Tidak ada,122,2022,0,Tahun,9.15,941941501220,2025-11-05 12:00:46
mean_years_schooling_new_method,415,[Metode Baru] Rata-rata Lama Sekolah,Tahun,Tujuan Pembangunan Berkelanjutan Edisi I,0000,9420,Keerom,0,Tidak ada,122,2022,0,Tahun,8.31,942041501220,2025-11-05 12:00:46
mean_years_schooling_new_method,415,[Metode Baru] Rata-rata Lama Sekolah,Tahun,Tujuan Pembangunan Berkelanjutan Edisi I,0000,9426,Waropen,0,Tidak ada,122,2022,0,Tahun,9.4,942641501220,2025-11-05 12:00:46
mean_years_schooling_new_method,415,[Metode Baru] Rata-rata Lama Sekolah,Tahun,Tujuan Pembangunan Berkelanjutan Edisi I,0000,9427,Supiori,0,Tidak ada,122,2022,0,Tahun,9.09,942741501220,2025-11-05 12:00:46
mean_years_schooling_new_method,415,[Metode Baru] Rata-rata Lama Sekolah,Tahun,Tujuan Pembangunan Berkelanjutan Edisi I,0000,9428,Mamberamo Raya,0,Tidak ada,122,2022,0,Tahun,6.12,942841501220,2025-11-05 12:00:46
mean_years_schooling_new_method,415,[Metode Baru] Rata-rata Lama Sekolah,Tahun,Tujuan Pembangunan Berkelanjutan Edisi I,0000,9429,Nduga,0,Tidak ada,122,2022,0,Tahun,1.58,942941501220,2025-11-05 12:00:46
mean_years_schooling_new_method,415,[Metode Baru] Rata-rata Lama Sekolah,Tahun,Tujuan Pembangunan Berkelanjutan Edisi I,0000,9430,Lanny Jaya,0,Tidak ada,122,2022,0,Tahun,3.59,943041501220,2025-11-05 12:00:46
mean_years_schooling_new_method,415,[Metode Baru] Rata-rata Lama Sekolah,Tahun,Tujuan Pembangunan Berkelanjutan Edisi I,0000,9431,Mamberamo Tengah,0,Tidak ada,122,2022,0,Tahun,3.48,943141501220,2025-11-05 12:00:46
mean_years_schooling_new_method,415,[Metode Baru] Rata-rata Lama Sekolah,Tahun,Tujuan Pembangunan Berkelanjutan Edisi I,0000,9432,Yalimo,0,Tidak ada,122,2022,0,Tahun,3.19,943241501220,2025-11-05 12:00:46
mean_years_schooling_new_method,415,[Metode Baru] Rata-rata Lama Sekolah,Tahun,Tujuan Pembangunan Berkelanjutan Edisi I,0000,9433,Puncak,0,Tidak ada,122,2022,0,Tahun,2.17,943341501220,2025-11-05 12:00:46
mean_years_schooling_new_method,415,[Metode Baru] Rata-rata Lama Sekolah,Tahun,Tujuan Pembangunan Berkelanjutan Edisi I,0000,9434,Dogiyai,0,Tidak ada,122,2022,0,Tahun,4.96,943441501220,2025-11-05 12:00:46
mean_years_schooling_new_method,415,[Metode Baru] Rata-rata Lama Sekolah,Tahun,Tujuan Pembangunan Berkelanjutan Edisi I,0000,9435,Intan Jaya,0,Tidak ada,122,2022,0,Tahun,3.26,943541501220,2025-11-05 12:00:46
mean_years_schooling_new_method,415,[Metode Baru] Rata-rata Lama Sekolah,Tahun,Tujuan Pembangunan Berkelanjutan Edisi I,0000,9436,Deiyai,0,Tidak ada,122,2022,0,Tahun,3.26,943641501220,2025-11-05 12:00:46
mean_years_schooling_new_method,415,[Metode Baru] Rata-rata Lama Sekolah,Tahun,Tujuan Pembangunan Berkelanjutan Edisi I,0000,9471,Kota Jayapura,0,Tidak ada,122,2022,0,Tahun,11.74,947141501220,2025-11-05 12:00:46
mean_years_schooling_new_method,415,[Metode Baru] Rata-rata Lama Sekolah,Tahun,Tujuan Pembangunan Berkelanjutan Edisi I,0000,9999,INDONESIA,0,Tidak ada,122,2022,0,Tahun,8.69,999941501220,2025-11-05 12:00:46
mean_years_schooling_new_method,415,[Metode Baru] Rata-rata Lama Sekolah,Tahun,Tujuan Pembangunan Berkelanjutan Edisi I,0000,1100,ACEH,0,Tidak ada,121,2021,0,Tahun,9.37,110041501210,2025-11-05 12:00:46
mean_years_schooling_new_method,415,[Metode Baru] Rata-rata Lama Sekolah,Tahun,Tujuan Pembangunan Berkelanjutan Edisi I,0000,1101,Simeulue,0,Tidak ada,121,2021,0,Tahun,9.48,110141501210,2025-11-05 12:00:46
mean_years_schooling_new_method,415,[Metode Baru] Rata-rata Lama Sekolah,Tahun,Tujuan Pembangunan Berkelanjutan Edisi I,0000,1102,Aceh Singkil,0,Tidak ada,121,2021,0,Tahun,8.68,110241501210,2025-11-05 12:00:46
mean_years_schooling_new_method,415,[Metode Baru] Rata-rata Lama Sekolah,Tahun,Tujuan Pembangunan Berkelanjutan Edisi I,0000,1103,Aceh Selatan,0,Tidak ada,121,2021,0,Tahun,8.88,110341501210,2025-11-05 12:00:46
mean_years_schooling_new_method,415,[Metode Baru] Rata-rata Lama Sekolah,Tahun,Tujuan Pembangunan Berkelanjutan Edisi I,0000,1104,Aceh Tenggara,0,Tidak ada,121,2021,0,Tahun,9.67,110441501210,2025-11-05 12:00:46
mean_years_schooling_new_method,415,[Metode Baru] Rata-rata Lama Sekolah,Tahun,Tujuan Pembangunan Berkelanjutan Edisi I,0000,1105,Aceh Timur,0,Tidak ada,121,2021,0,Tahun,8.21,110541501210,2025-11-05 12:00:46
mean_years_schooling_new_method,415,[Metode Baru] Rata-rata Lama Sekolah,Tahun,Tujuan Pembangunan Berkelanjutan Edisi I,0000,1106,Aceh Tengah,0,Tidak ada,121,2021,0,Tahun,9.86,110641501210,2025-11-05 12:00:46
mean_years_schooling_new_method,415,[Metode Baru] Rata-rata Lama Sekolah,Tahun,Tujuan Pembangunan Berkelanjutan Edisi I,0000,1107,Aceh Barat,0,Tidak ada,121,2021,0,Tahun,9.55,110741501210,2025-11-05 12:00:46
mean_years_schooling_new_method,415,[Metode Baru] Rata-rata Lama Sekolah,Tahun,Tujuan Pembangunan Berkelanjutan Edisi I,0000,1108,Aceh Besar,0,Tidak ada,121,2021,0,Tahun,10.33,110841501210,2025-11-05 12:00:46
mean_years_schooling_new_method,415,[Metode Baru] Rata-rata Lama Sekolah,Tahun,Tujuan Pembangunan Berkelanjutan Edisi I,0000,1109,Pidie,0,Tidak ada,121,2021,0,Tahun,9,110941501210,2025-11-05 12:00:46
mean_years_schooling_new_method,415,[Metode Baru] Rata-rata Lama Sekolah,Tahun,Tujuan Pembangunan Berkelanjutan Edisi I,0000,1110,Bireuen,0,Tidak ada,121,2021,0,Tahun,9.29,111041501210,2025-11-05 12:00:46
mean_years_schooling_new_method,415,[Metode Baru] Rata-rata Lama Sekolah,Tahun,Tujuan Pembangunan Berkelanjutan Edisi I,0000,1111,Aceh Utara,0,Tidak ada,121,2021,0,Tahun,8.64,111141501210,2025-11-05 12:00:46
mean_years_schooling_new_method,415,[Metode Baru] Rata-rata Lama Sekolah,Tahun,Tujuan Pembangunan Berkelanjutan Edisi I,0000,1112,Aceh Barat Daya,0,Tidak ada,121,2021,0,Tahun,8.67,111241501210,2025-11-05 12:00:46
mean_years_schooling_new_method,415,[Metode Baru] Rata-rata Lama Sekolah,Tahun,Tujuan Pembangunan Berkelanjutan Edisi I,0000,1113,Gayo Lues,0,Tidak ada,121,2021,0,Tahun,8.4,111341501210,2025-11-05 12:00:46
mean_years_schooling_new_method,415,[Metode Baru] Rata-rata Lama Sekolah,Tahun,Tujuan Pembangunan Berkelanjutan Edisi I,0000,1114,Aceh Tamiang,0,Tidak ada,121,2021,0,Tahun,8.91,111441501210,2025-11-05 12:00:46
mean_years_schooling_new_method,415,[Metode Baru] Rata-rata Lama Sekolah,Tahun,Tujuan Pembangunan Berkelanjutan Edisi I,0000,1115,Nagan Raya,0,Tidak ada,121,2021,0,Tahun,8.69,111541501210,2025-11-05 12:00:46
mean_years_schooling_new_method,415,[Metode Baru] Rata-rata Lama Sekolah,Tahun,Tujuan Pembangunan Berkelanjutan Edisi I,0000,1116,Aceh Jaya,0,Tidak ada,121,2021,0,Tahun,8.71,111641501210,2025-11-05 12:00:46
mean_years_schooling_new_method,415,[Metode Baru] Rata-rata Lama Sekolah,Tahun,Tujuan Pembangunan Berkelanjutan Edisi I,0000,1117,Bener Meriah,0,Tidak ada,121,2021,0,Tahun,10,111741501210,2025-11-05 12:00:46
mean_years_schooling_new_method,415,[Metode Baru] Rata-rata Lama Sekolah,Tahun,Tujuan Pembangunan Berkelanjutan Edisi I,0000,1118,Pidie Jaya,0,Tidak ada,121,2021,0,Tahun,9.34,111841501210,2025-11-05 12:00:46
mean_years_schooling_new_method,415,[Metode Baru] Rata-rata Lama Sekolah,Tahun,Tujuan Pembangunan Berkelanjutan Edisi I,0000,1171,Kota Banda Aceh,0,Tidak ada,121,2021,0,Tahun,12.83,117141501210,2025-11-05 12:00:46
mean_years_schooling_new_method,415,[Metode Baru] Rata-rata Lama Sekolah,Tahun,Tujuan Pembangunan Berkelanjutan Edisi I,0000,1172,Kota Sabang,0,Tidak ada,121,2021,0,Tahun,11.18,117241501210,2025-11-05 12:00:46
mean_years_schooling_new_method,415,[Metode Baru] Rata-rata Lama Sekolah,Tahun,Tujuan Pembangunan Berkelanjutan Edisi I,0000,1173,Kota Langsa,0,Tidak ada,121,2021,0,Tahun,11.12,117341501210,2025-11-05 12:00:46
mean_years_schooling_new_method,415,[Metode Baru] Rata-rata Lama Sekolah,Tahun,Tujuan Pembangunan Berkelanjutan Edisi I,0000,1174,Kota Lhokseumawe,0,Tidak ada,121,2021,0,Tahun,11.11,117441501210,2025-11-05 12:00:46
mean_years_schooling_new_method,415,[Metode Baru] Rata-rata Lama Sekolah,Tahun,Tujuan Pembangunan Berkelanjutan Edisi I,0000,1175,Kota Subulussalam,0,Tidak ada,121,2021,0,Tahun,8.03,117541501210,2025-11-05 12:00:46
mean_years_schooling_new_method,415,[Metode Baru] Rata-rata Lama Sekolah,Tahun,Tujuan Pembangunan Berkelanjutan Edisi I,0000,1200,SUMATERA UTARA,0,Tidak ada,121,2021,0,Tahun,9.58,120041501210,2025-11-05 12:00:46
mean_years_schooling_new_method,415,[Metode Baru] Rata-rata Lama Sekolah,Tahun,Tujuan Pembangunan Berkelanjutan Edisi I,0000,1201,Nias,0,Tidak ada,121,2021,0,Tahun,5.64,120141501210,2025-11-05 12:00:46
mean_years_schooling_new_method,415,[Metode Baru] Rata-rata Lama Sekolah,Tahun,Tujuan Pembangunan Berkelanjutan Edisi I,0000,1202,Mandailing Natal,0,Tidak ada,121,2021,0,Tahun,8.63,120241501210,2025-11-05 12:00:46
mean_years_schooling_new_method,415,[Metode Baru] Rata-rata Lama Sekolah,Tahun,Tujuan Pembangunan Berkelanjutan Edisi I,0000,1203,Tapanuli Selatan,0,Tidak ada,121,2021,0,Tahun,9.29,120341501210,2025-11-05 12:00:46
mean_years_schooling_new_method,415,[Metode Baru] Rata-rata Lama Sekolah,Tahun,Tujuan Pembangunan Berkelanjutan Edisi I,0000,1204,Tapanuli Tengah,0,Tidak ada,121,2021,0,Tahun,8.84,120441501210,2025-11-05 12:00:46
mean_years_schooling_new_method,415,[Metode Baru] Rata-rata Lama Sekolah,Tahun,Tujuan Pembangunan Berkelanjutan Edisi I,0000,1205,Tapanuli Utara,0,Tidak ada,121,2021,0,Tahun,9.99,120541501210,2025-11-05 12:00:46
mean_years_schooling_new_method,415,[Metode Baru] Rata-rata Lama Sekolah,Tahun,Tujuan Pembangunan Berkelanjutan Edisi I,0000,1206,Toba Samosir / Toba,0,Tidak ada,121,2021,0,Tahun,10.57,120641501210,2025-11-05 12:00:46
mean_years_schooling_new_method,415,[Metode Baru] Rata-rata Lama Sekolah,Tahun,Tujuan Pembangunan Berkelanjutan Edisi I,0000,1207,Labuhan Batu,0,Tidak ada,121,2021,0,Tahun,9.25,120741501210,2025-11-05 12:00:46
mean_years_schooling_new_method,415,[Metode Baru] Rata-rata Lama Sekolah,Tahun,Tujuan Pembangunan Berkelanjutan Edisi I,0000,1208,Asahan,0,Tidak ada,121,2021,0,Tahun,8.8,120841501210,2025-11-05 12:00:46
mean_years_schooling_new_method,415,[Metode Baru] Rata-rata Lama Sekolah,Tahun,Tujuan Pembangunan Berkelanjutan Edisi I,0000,1209,Simalungun,0,Tidak ada,121,2021,0,Tahun,9.61,120941501210,2025-11-05 12:00:46
mean_years_schooling_new_method,415,[Metode Baru] Rata-rata Lama Sekolah,Tahun,Tujuan Pembangunan Berkelanjutan Edisi I,0000,1210,Dairi,0,Tidak ada,121,2021,0,Tahun,9.59,121041501210,2025-11-05 12:00:46
mean_years_schooling_new_method,415,[Metode Baru] Rata-rata Lama Sekolah,Tahun,Tujuan Pembangunan Berkelanjutan Edisi I,0000,1211,Karo,0,Tidak ada,121,2021,0,Tahun,10,121141501210,2025-11-05 12:00:46
mean_years_schooling_new_method,415,[Metode Baru] Rata-rata Lama Sekolah,Tahun,Tujuan Pembangunan Berkelanjutan Edisi I,0000,1212,Deli Serdang,0,Tidak ada,121,2021,0,Tahun,10.1,121241501210,2025-11-05 12:00:46
mean_years_schooling_new_method,415,[Metode Baru] Rata-rata Lama Sekolah,Tahun,Tujuan Pembangunan Berkelanjutan Edisi I,0000,1213,Langkat,0,Tidak ada,121,2021,0,Tahun,8.66,121341501210,2025-11-05 12:00:46
mean_years_schooling_new_method,415,[Metode Baru] Rata-rata Lama Sekolah,Tahun,Tujuan Pembangunan Berkelanjutan Edisi I,0000,1214,Nias Selatan,0,Tidak ada,121,2021,0,Tahun,6.06,121441501210,2025-11-05 12:00:46
mean_years_schooling_new_method,415,[Metode Baru] Rata-rata Lama Sekolah,Tahun,Tujuan Pembangunan Berkelanjutan Edisi I,0000,1215,Humbang Hasundutan,0,Tidak ada,121,2021,0,Tahun,9.71,121541501210,2025-11-05 12:00:46
mean_years_schooling_new_method,415,[Metode Baru] Rata-rata Lama Sekolah,Tahun,Tujuan Pembangunan Berkelanjutan Edisi I,0000,1216,Pakpak Bharat,0,Tidak ada,121,2021,0,Tahun,9.14,121641501210,2025-11-05 12:00:46
mean_years_schooling_new_method,415,[Metode Baru] Rata-rata Lama Sekolah,Tahun,Tujuan Pembangunan Berkelanjutan Edisi I,0000,1217,Samosir,0,Tidak ada,121,2021,0,Tahun,9.44,121741501210,2025-11-05 12:00:46
mean_years_schooling_new_method,415,[Metode Baru] Rata-rata Lama Sekolah,Tahun,Tujuan Pembangunan Berkelanjutan Edisi I,0000,1218,Serdang Bedagai,0,Tidak ada,121,2021,0,Tahun,8.69,121841501210,2025-11-05 12:00:46
mean_years_schooling_new_method,415,[Metode Baru] Rata-rata Lama Sekolah,Tahun,Tujuan Pembangunan Berkelanjutan Edisi I,0000,1219,Batu Bara,0,Tidak ada,121,2021,0,Tahun,8.07,121941501210,2025-11-05 12:00:46
mean_years_schooling_new_method,415,[Metode Baru] Rata-rata Lama Sekolah,Tahun,Tujuan Pembangunan Berkelanjutan Edisi I,0000,1220,Padang Lawas Utara,0,Tidak ada,121,2021,0,Tahun,9.38,122041501210,2025-11-05 12:00:46
mean_years_schooling_new_method,415,[Metode Baru] Rata-rata Lama Sekolah,Tahun,Tujuan Pembangunan Berkelanjutan Edisi I,0000,1221,Padang Lawas,0,Tidak ada,121,2021,0,Tahun,9.02,122141501210,2025-11-05 12:00:46
mean_years_schooling_new_method,415,[Metode Baru] Rata-rata Lama Sekolah,Tahun,Tujuan Pembangunan Berkelanjutan Edisi I,0000,1222,Labuhan Batu Selatan,0,Tidak ada,121,2021,0,Tahun,8.9,122241501210,2025-11-05 12:00:46
mean_years_schooling_new_method,415,[Metode Baru] Rata-rata Lama Sekolah,Tahun,Tujuan Pembangunan Berkelanjutan Edisi I,0000,1223,Labuhan Batu Utara,0,Tidak ada,121,2021,0,Tahun,8.41,122341501210,2025-11-05 12:00:46
mean_years_schooling_new_method,415,[Metode Baru] Rata-rata Lama Sekolah,Tahun,Tujuan Pembangunan Berkelanjutan Edisi I,0000,1224,Nias Utara,0,Tidak ada,121,2021,0,Tahun,6.77,122441501210,2025-11-05 12:00:46
mean_years_schooling_new_method,415,[Metode Baru] Rata-rata Lama Sekolah,Tahun,Tujuan Pembangunan Berkelanjutan Edisi I,0000,1225,Nias Barat,0,Tidak ada,121,2021,0,Tahun,6.69,122541501210,2025-11-05 12:00:46
mean_years_schooling_new_method,415,[Metode Baru] Rata-rata Lama Sekolah,Tahun,Tujuan Pembangunan Berkelanjutan Edisi I,0000,1271,Kota Sibolga,0,Tidak ada,121,2021,0,Tahun,10.41,127141501210,2025-11-05 12:00:46
mean_years_schooling_new_method,415,[Metode Baru] Rata-rata Lama Sekolah,Tahun,Tujuan Pembangunan Berkelanjutan Edisi I,0000,1272,Kota Tanjung Balai,0,Tidak ada,121,2021,0,Tahun,9.45,127241501210,2025-11-05 12:00:46
mean_years_schooling_new_method,415,[Metode Baru] Rata-rata Lama Sekolah,Tahun,Tujuan Pembangunan Berkelanjutan Edisi I,0000,1273,Kota Pematang Siantar,0,Tidak ada,121,2021,0,Tahun,11.29,127341501210,2025-11-05 12:00:46
mean_years_schooling_new_method,415,[Metode Baru] Rata-rata Lama Sekolah,Tahun,Tujuan Pembangunan Berkelanjutan Edisi I,0000,1274,Kota Tebing Tinggi,0,Tidak ada,121,2021,0,Tahun,10.44,127441501210,2025-11-05 12:00:46
mean_years_schooling_new_method,415,[Metode Baru] Rata-rata Lama Sekolah,Tahun,Tujuan Pembangunan Berkelanjutan Edisi I,0000,1275,Kota Medan,0,Tidak ada,121,2021,0,Tahun,11.48,127541501210,2025-11-05 12:00:46
mean_years_schooling_new_method,415,[Metode Baru] Rata-rata Lama Sekolah,Tahun,Tujuan Pembangunan Berkelanjutan Edisi I,0000,1276,Kota Binjai,0,Tidak ada,121,2021,0,Tahun,10.94,127641501210,2025-11-05 12:00:46
mean_years_schooling_new_method,415,[Metode Baru] Rata-rata Lama Sekolah,Tahun,Tujuan Pembangunan Berkelanjutan Edisi I,0000,1277,Kota Padangsidimpuan,0,Tidak ada,121,2021,0,Tahun,11.09,127741501210,2025-11-05 12:00:46
mean_years_schooling_new_method,415,[Metode Baru] Rata-rata Lama Sekolah,Tahun,Tujuan Pembangunan Berkelanjutan Edisi I,0000,1278,Kota Gunungsitoli,0,Tidak ada,121,2021,0,Tahun,8.62,127841501210,2025-11-05 12:00:46
mean_years_schooling_new_method,415,[Metode Baru] Rata-rata Lama Sekolah,Tahun,Tujuan Pembangunan Berkelanjutan Edisi I,0000,1300,SUMATERA BARAT,0,Tidak ada,121,2021,0,Tahun,9.07,130041501210,2025-11-05 12:00:46
mean_years_schooling_new_method,415,[Metode Baru] Rata-rata Lama Sekolah,Tahun,Tujuan Pembangunan Berkelanjutan Edisi I,0000,1301,Kepulauan Mentawai,0,Tidak ada,121,2021,0,Tahun,7.2,130141501210,2025-11-05 12:00:46
mean_years_schooling_new_method,415,[Metode Baru] Rata-rata Lama Sekolah,Tahun,Tujuan Pembangunan Berkelanjutan Edisi I,0000,1302,Pesisir Selatan,0,Tidak ada,121,2021,0,Tahun,8.27,130241501210,2025-11-05 12:00:46
mean_years_schooling_new_method,415,[Metode Baru] Rata-rata Lama Sekolah,Tahun,Tujuan Pembangunan Berkelanjutan Edisi I,0000,1303,Solok,0,Tidak ada,121,2021,0,Tahun,7.87,130341501210,2025-11-05 12:00:46
mean_years_schooling_new_method,415,[Metode Baru] Rata-rata Lama Sekolah,Tahun,Tujuan Pembangunan Berkelanjutan Edisi I,0000,1304,Sijunjung,0,Tidak ada,121,2021,0,Tahun,8.12,130441501210,2025-11-05 12:00:46
mean_years_schooling_new_method,415,[Metode Baru] Rata-rata Lama Sekolah,Tahun,Tujuan Pembangunan Berkelanjutan Edisi I,0000,1305,Tanah Datar,0,Tidak ada,121,2021,0,Tahun,8.62,130541501210,2025-11-05 12:00:46
mean_years_schooling_new_method,415,[Metode Baru] Rata-rata Lama Sekolah,Tahun,Tujuan Pembangunan Berkelanjutan Edisi I,0000,1306,Padang Pariaman,0,Tidak ada,121,2021,0,Tahun,7.88,130641501210,2025-11-05 12:00:46
mean_years_schooling_new_method,415,[Metode Baru] Rata-rata Lama Sekolah,Tahun,Tujuan Pembangunan Berkelanjutan Edisi I,0000,1307,Agam,0,Tidak ada,121,2021,0,Tahun,8.97,130741501210,2025-11-05 12:00:46
mean_years_schooling_new_method,415,[Metode Baru] Rata-rata Lama Sekolah,Tahun,Tujuan Pembangunan Berkelanjutan Edisi I,0000,1308,Lima Puluh Kota,0,Tidak ada,121,2021,0,Tahun,8.07,130841501210,2025-11-05 12:00:46
mean_years_schooling_new_method,415,[Metode Baru] Rata-rata Lama Sekolah,Tahun,Tujuan Pembangunan Berkelanjutan Edisi I,0000,1309,Pasaman,0,Tidak ada,121,2021,0,Tahun,8.1,130941501210,2025-11-05 12:00:46
mean_years_schooling_new_method,415,[Metode Baru] Rata-rata Lama Sekolah,Tahun,Tujuan Pembangunan Berkelanjutan Edisi I,0000,1310,Solok Selatan,0,Tidak ada,121,2021,0,Tahun,8.32,131041501210,2025-11-05 12:00:46
mean_years_schooling_new_method,415,[Metode Baru] Rata-rata Lama Sekolah,Tahun,Tujuan Pembangunan Berkelanjutan Edisi I,0000,1311,Dharmasraya,0,Tidak ada,121,2021,0,Tahun,8.55,131141501210,2025-11-05 12:00:46
mean_years_schooling_new_method,415,[Metode Baru] Rata-rata Lama Sekolah,Tahun,Tujuan Pembangunan Berkelanjutan Edisi I,0000,1312,Pasaman Barat,0,Tidak ada,121,2021,0,Tahun,8.27,131241501210,2025-11-05 12:00:46
mean_years_schooling_new_method,415,[Metode Baru] Rata-rata Lama Sekolah,Tahun,Tujuan Pembangunan Berkelanjutan Edisi I,0000,1371,Kota Padang,0,Tidak ada,121,2021,0,Tahun,11.59,137141501210,2025-11-05 12:00:46
mean_years_schooling_new_method,415,[Metode Baru] Rata-rata Lama Sekolah,Tahun,Tujuan Pembangunan Berkelanjutan Edisi I,0000,1372,Kota Solok,0,Tidak ada,121,2021,0,Tahun,11.04,137241501210,2025-11-05 12:00:46
mean_years_schooling_new_method,415,[Metode Baru] Rata-rata Lama Sekolah,Tahun,Tujuan Pembangunan Berkelanjutan Edisi I,0000,1373,Kota Sawah Lunto,0,Tidak ada,121,2021,0,Tahun,10.32,137341501210,2025-11-05 12:00:46
mean_years_schooling_new_method,415,[Metode Baru] Rata-rata Lama Sekolah,Tahun,Tujuan Pembangunan Berkelanjutan Edisi I,0000,1374,Kota Padang Panjang,0,Tidak ada,121,2021,0,Tahun,11.63,137441501210,2025-11-05 12:00:46
mean_years_schooling_new_method,415,[Metode Baru] Rata-rata Lama Sekolah,Tahun,Tujuan Pembangunan Berkelanjutan Edisi I,0000,1375,Kota Bukittinggi,0,Tidak ada,121,2021,0,Tahun,11.34,137541501210,2025-11-05 12:00:46
mean_years_schooling_new_method,415,[Metode Baru] Rata-rata Lama Sekolah,Tahun,Tujuan Pembangunan Berkelanjutan Edisi I,0000,1376,Kota Payakumbuh,0,Tidak ada,121,2021,0,Tahun,10.81,137641501210,2025-11-05 12:00:46
mean_years_schooling_new_method,415,[Metode Baru] Rata-rata Lama Sekolah,Tahun,Tujuan Pembangunan Berkelanjutan Edisi I,0000,1377,Kota Pariaman,0,Tidak ada,121,2021,0,Tahun,10.67,137741501210,2025-11-05 12:00:46
mean_years_schooling_new_method,415,[Metode Baru] Rata-rata Lama Sekolah,Tahun,Tujuan Pembangunan Berkelanjutan Edisi I,0000,1400,RIAU,0,Tidak ada,121,2021,0,Tahun,9.19,140041501210,2025-11-05 12:00:46
mean_years_schooling_new_method,415,[Metode Baru] Rata-rata Lama Sekolah,Tahun,Tujuan Pembangunan Berkelanjutan Edisi I,0000,1401,Kuantan Singingi,0,Tidak ada,121,2021,0,Tahun,8.75,140141501210,2025-11-05 12:00:46
mean_years_schooling_new_method,415,[Metode Baru] Rata-rata Lama Sekolah,Tahun,Tujuan Pembangunan Berkelanjutan Edisi I,0000,1402,Indragiri Hulu,0,Tidak ada,121,2021,0,Tahun,8.39,140241501210,2025-11-05 12:00:46
mean_years_schooling_new_method,415,[Metode Baru] Rata-rata Lama Sekolah,Tahun,Tujuan Pembangunan Berkelanjutan Edisi I,0000,1403,Indragiri Hilir,0,Tidak ada,121,2021,0,Tahun,7.24,140341501210,2025-11-05 12:00:46
mean_years_schooling_new_method,415,[Metode Baru] Rata-rata Lama Sekolah,Tahun,Tujuan Pembangunan Berkelanjutan Edisi I,0000,1404,Pelalawan,0,Tidak ada,121,2021,0,Tahun,8.7,140441501210,2025-11-05 12:00:46
mean_years_schooling_new_method,415,[Metode Baru] Rata-rata Lama Sekolah,Tahun,Tujuan Pembangunan Berkelanjutan Edisi I,0000,1405,Siak,0,Tidak ada,121,2021,0,Tahun,9.86,140541501210,2025-11-05 12:00:46
mean_years_schooling_new_method,415,[Metode Baru] Rata-rata Lama Sekolah,Tahun,Tujuan Pembangunan Berkelanjutan Edisi I,0000,1406,Kampar,0,Tidak ada,121,2021,0,Tahun,9.27,140641501210,2025-11-05 12:00:46
mean_years_schooling_new_method,415,[Metode Baru] Rata-rata Lama Sekolah,Tahun,Tujuan Pembangunan Berkelanjutan Edisi I,0000,1407,Rokan Hulu,0,Tidak ada,121,2021,0,Tahun,8.54,140741501210,2025-11-05 12:00:46
mean_years_schooling_new_method,415,[Metode Baru] Rata-rata Lama Sekolah,Tahun,Tujuan Pembangunan Berkelanjutan Edisi I,0000,1408,Bengkalis,0,Tidak ada,121,2021,0,Tahun,9.7,140841501210,2025-11-05 12:00:46
mean_years_schooling_new_method,415,[Metode Baru] Rata-rata Lama Sekolah,Tahun,Tujuan Pembangunan Berkelanjutan Edisi I,0000,1409,Rokan Hilir,0,Tidak ada,121,2021,0,Tahun,8.26,140941501210,2025-11-05 12:00:46
mean_years_schooling_new_method,415,[Metode Baru] Rata-rata Lama Sekolah,Tahun,Tujuan Pembangunan Berkelanjutan Edisi I,0000,1410,Kepulauan Meranti,0,Tidak ada,121,2021,0,Tahun,7.84,141041501210,2025-11-05 12:00:46
mean_years_schooling_new_method,415,[Metode Baru] Rata-rata Lama Sekolah,Tahun,Tujuan Pembangunan Berkelanjutan Edisi I,0000,1471,Kota Pekanbaru,0,Tidak ada,121,2021,0,Tahun,11.92,147141501210,2025-11-05 12:00:46
mean_years_schooling_new_method,415,[Metode Baru] Rata-rata Lama Sekolah,Tahun,Tujuan Pembangunan Berkelanjutan Edisi I,0000,1473,Kota Dumai,0,Tidak ada,121,2021,0,Tahun,10.14,147341501210,2025-11-05 12:00:46
mean_years_schooling_new_method,415,[Metode Baru] Rata-rata Lama Sekolah,Tahun,Tujuan Pembangunan Berkelanjutan Edisi I,0000,1500,JAMBI,0,Tidak ada,121,2021,0,Tahun,8.6,150041501210,2025-11-05 12:00:46
mean_years_schooling_new_method,415,[Metode Baru] Rata-rata Lama Sekolah,Tahun,Tujuan Pembangunan Berkelanjutan Edisi I,0000,1501,Kerinci,0,Tidak ada,121,2021,0,Tahun,8.56,150141501210,2025-11-05 12:00:46
mean_years_schooling_new_method,415,[Metode Baru] Rata-rata Lama Sekolah,Tahun,Tujuan Pembangunan Berkelanjutan Edisi I,0000,1502,Merangin,0,Tidak ada,121,2021,0,Tahun,7.9,150241501210,2025-11-05 12:00:46
mean_years_schooling_new_method,415,[Metode Baru] Rata-rata Lama Sekolah,Tahun,Tujuan Pembangunan Berkelanjutan Edisi I,0000,1503,Sarolangun,0,Tidak ada,121,2021,0,Tahun,8.04,150341501210,2025-11-05 12:00:46
mean_years_schooling_new_method,415,[Metode Baru] Rata-rata Lama Sekolah,Tahun,Tujuan Pembangunan Berkelanjutan Edisi I,0000,1504,Batang Hari,0,Tidak ada,121,2021,0,Tahun,8.12,150441501210,2025-11-05 12:00:46
mean_years_schooling_new_method,415,[Metode Baru] Rata-rata Lama Sekolah,Tahun,Tujuan Pembangunan Berkelanjutan Edisi I,0000,1505,Muaro Jambi,0,Tidak ada,121,2021,0,Tahun,8.58,150541501210,2025-11-05 12:00:46
mean_years_schooling_new_method,415,[Metode Baru] Rata-rata Lama Sekolah,Tahun,Tujuan Pembangunan Berkelanjutan Edisi I,0000,1506,Tanjung Jabung Timur,0,Tidak ada,121,2021,0,Tahun,6.92,150641501210,2025-11-05 12:00:46
mean_years_schooling_new_method,415,[Metode Baru] Rata-rata Lama Sekolah,Tahun,Tujuan Pembangunan Berkelanjutan Edisi I,0000,1507,Tanjung Jabung Barat,0,Tidak ada,121,2021,0,Tahun,8,150741501210,2025-11-05 12:00:46
mean_years_schooling_new_method,415,[Metode Baru] Rata-rata Lama Sekolah,Tahun,Tujuan Pembangunan Berkelanjutan Edisi I,0000,1508,Tebo,0,Tidak ada,121,2021,0,Tahun,7.59,150841501210,2025-11-05 12:00:46
mean_years_schooling_new_method,415,[Metode Baru] Rata-rata Lama Sekolah,Tahun,Tujuan Pembangunan Berkelanjutan Edisi I,0000,1509,Bungo,0,Tidak ada,121,2021,0,Tahun,8.28,150941501210,2025-11-05 12:00:46
mean_years_schooling_new_method,415,[Metode Baru] Rata-rata Lama Sekolah,Tahun,Tujuan Pembangunan Berkelanjutan Edisi I,0000,1571,Kota Jambi,0,Tidak ada,121,2021,0,Tahun,11.2,157141501210,2025-11-05 12:00:46
mean_years_schooling_new_method,415,[Metode Baru] Rata-rata Lama Sekolah,Tahun,Tujuan Pembangunan Berkelanjutan Edisi I,0000,1572,Kota Sungai Penuh,0,Tidak ada,121,2021,0,Tahun,10.33,157241501210,2025-11-05 12:00:46
mean_years_schooling_new_method,415,[Metode Baru] Rata-rata Lama Sekolah,Tahun,Tujuan Pembangunan Berkelanjutan Edisi I,0000,1600,SUMATERA SELATAN,0,Tidak ada,121,2021,0,Tahun,8.3,160041501210,2025-11-05 12:00:46
mean_years_schooling_new_method,415,[Metode Baru] Rata-rata Lama Sekolah,Tahun,Tujuan Pembangunan Berkelanjutan Edisi I,0000,1601,Ogan Komering Ulu,0,Tidak ada,121,2021,0,Tahun,8.71,160141501210,2025-11-05 12:00:46
mean_years_schooling_new_method,415,[Metode Baru] Rata-rata Lama Sekolah,Tahun,Tujuan Pembangunan Berkelanjutan Edisi I,0000,1602,Ogan Komering Ilir,0,Tidak ada,121,2021,0,Tahun,7.05,160241501210,2025-11-05 12:00:46
mean_years_schooling_new_method,415,[Metode Baru] Rata-rata Lama Sekolah,Tahun,Tujuan Pembangunan Berkelanjutan Edisi I,0000,1603,Muara Enim,0,Tidak ada,121,2021,0,Tahun,7.8,160341501210,2025-11-05 12:00:46
mean_years_schooling_new_method,415,[Metode Baru] Rata-rata Lama Sekolah,Tahun,Tujuan Pembangunan Berkelanjutan Edisi I,0000,1604,Lahat,0,Tidak ada,121,2021,0,Tahun,8.52,160441501210,2025-11-05 12:00:46
mean_years_schooling_new_method,415,[Metode Baru] Rata-rata Lama Sekolah,Tahun,Tujuan Pembangunan Berkelanjutan Edisi I,0000,1605,Musi Rawas,0,Tidak ada,121,2021,0,Tahun,7.53,160541501210,2025-11-05 12:00:46
mean_years_schooling_new_method,415,[Metode Baru] Rata-rata Lama Sekolah,Tahun,Tujuan Pembangunan Berkelanjutan Edisi I,0000,1606,Musi Banyuasin,0,Tidak ada,121,2021,0,Tahun,7.63,160641501210,2025-11-05 12:00:46
mean_years_schooling_new_method,415,[Metode Baru] Rata-rata Lama Sekolah,Tahun,Tujuan Pembangunan Berkelanjutan Edisi I,0000,1607,Banyu Asin,0,Tidak ada,121,2021,0,Tahun,7.44,160741501210,2025-11-05 12:00:46
mean_years_schooling_new_method,415,[Metode Baru] Rata-rata Lama Sekolah,Tahun,Tujuan Pembangunan Berkelanjutan Edisi I,0000,1608,Ogan Komering Ulu Selatan,0,Tidak ada,121,2021,0,Tahun,7.85,160841501210,2025-11-05 12:00:46
mean_years_schooling_new_method,415,[Metode Baru] Rata-rata Lama Sekolah,Tahun,Tujuan Pembangunan Berkelanjutan Edisi I,0000,1609,Ogan Komering Ulu Timur,0,Tidak ada,121,2021,0,Tahun,7.56,160941501210,2025-11-05 12:00:46
mean_years_schooling_new_method,415,[Metode Baru] Rata-rata Lama Sekolah,Tahun,Tujuan Pembangunan Berkelanjutan Edisi I,0000,1610,Ogan Ilir,0,Tidak ada,121,2021,0,Tahun,7.87,161041501210,2025-11-05 12:00:46
mean_years_schooling_new_method,415,[Metode Baru] Rata-rata Lama Sekolah,Tahun,Tujuan Pembangunan Berkelanjutan Edisi I,0000,1611,Empat Lawang,0,Tidak ada,121,2021,0,Tahun,7.64,161141501210,2025-11-05 12:00:46
mean_years_schooling_new_method,415,[Metode Baru] Rata-rata Lama Sekolah,Tahun,Tujuan Pembangunan Berkelanjutan Edisi I,0000,1612,Penukal Abab Lematang Ilir,0,Tidak ada,121,2021,0,Tahun,7.05,161241501210,2025-11-05 12:00:46
mean_years_schooling_new_method,415,[Metode Baru] Rata-rata Lama Sekolah,Tahun,Tujuan Pembangunan Berkelanjutan Edisi I,0000,1613,Musi Rawas Utara,0,Tidak ada,121,2021,0,Tahun,7.09,161341501210,2025-11-05 12:00:46
mean_years_schooling_new_method,415,[Metode Baru] Rata-rata Lama Sekolah,Tahun,Tujuan Pembangunan Berkelanjutan Edisi I,0000,1671,Kota Palembang,0,Tidak ada,121,2021,0,Tahun,10.75,167141501210,2025-11-05 12:00:46
mean_years_schooling_new_method,415,[Metode Baru] Rata-rata Lama Sekolah,Tahun,Tujuan Pembangunan Berkelanjutan Edisi I,0000,1672,Kota Prabumulih,0,Tidak ada,121,2021,0,Tahun,9.97,167241501210,2025-11-05 12:00:46
mean_years_schooling_new_method,415,[Metode Baru] Rata-rata Lama Sekolah,Tahun,Tujuan Pembangunan Berkelanjutan Edisi I,0000,1673,Kota Pagar Alam,0,Tidak ada,121,2021,0,Tahun,9.4,167341501210,2025-11-05 12:00:46
mean_years_schooling_new_method,415,[Metode Baru] Rata-rata Lama Sekolah,Tahun,Tujuan Pembangunan Berkelanjutan Edisi I,0000,1674,Kota Lubuklinggau,0,Tidak ada,121,2021,0,Tahun,9.9,167441501210,2025-11-05 12:00:46
mean_years_schooling_new_method,415,[Metode Baru] Rata-rata Lama Sekolah,Tahun,Tujuan Pembangunan Berkelanjutan Edisi I,0000,1700,BENGKULU,0,Tidak ada,121,2021,0,Tahun,8.87,170041501210,2025-11-05 12:00:46
mean_years_schooling_new_method,415,[Metode Baru] Rata-rata Lama Sekolah,Tahun,Tujuan Pembangunan Berkelanjutan Edisi I,0000,1701,Bengkulu Selatan,0,Tidak ada,121,2021,0,Tahun,9.27,170141501210,2025-11-05 12:00:46
mean_years_schooling_new_method,415,[Metode Baru] Rata-rata Lama Sekolah,Tahun,Tujuan Pembangunan Berkelanjutan Edisi I,0000,1702,Rejang Lebong,0,Tidak ada,121,2021,0,Tahun,8.33,170241501210,2025-11-05 12:00:46
mean_years_schooling_new_method,415,[Metode Baru] Rata-rata Lama Sekolah,Tahun,Tujuan Pembangunan Berkelanjutan Edisi I,0000,1703,Bengkulu Utara,0,Tidak ada,121,2021,0,Tahun,8.09,170341501210,2025-11-05 12:00:46
mean_years_schooling_new_method,415,[Metode Baru] Rata-rata Lama Sekolah,Tahun,Tujuan Pembangunan Berkelanjutan Edisi I,0000,1704,Kaur,0,Tidak ada,121,2021,0,Tahun,8.38,170441501210,2025-11-05 12:00:46
mean_years_schooling_new_method,415,[Metode Baru] Rata-rata Lama Sekolah,Tahun,Tujuan Pembangunan Berkelanjutan Edisi I,0000,1705,Seluma,0,Tidak ada,121,2021,0,Tahun,8,170541501210,2025-11-05 12:00:46
mean_years_schooling_new_method,415,[Metode Baru] Rata-rata Lama Sekolah,Tahun,Tujuan Pembangunan Berkelanjutan Edisi I,0000,1706,Mukomuko,0,Tidak ada,121,2021,0,Tahun,8.3,170641501210,2025-11-05 12:00:46
mean_years_schooling_new_method,415,[Metode Baru] Rata-rata Lama Sekolah,Tahun,Tujuan Pembangunan Berkelanjutan Edisi I,0000,1707,Lebong,0,Tidak ada,121,2021,0,Tahun,8.18,170741501210,2025-11-05 12:00:46
mean_years_schooling_new_method,415,[Metode Baru] Rata-rata Lama Sekolah,Tahun,Tujuan Pembangunan Berkelanjutan Edisi I,0000,1708,Kepahiang,0,Tidak ada,121,2021,0,Tahun,8.29,170841501210,2025-11-05 12:00:46
mean_years_schooling_new_method,415,[Metode Baru] Rata-rata Lama Sekolah,Tahun,Tujuan Pembangunan Berkelanjutan Edisi I,0000,1709,Bengkulu Tengah,0,Tidak ada,121,2021,0,Tahun,7.48,170941501210,2025-11-05 12:00:46
mean_years_schooling_new_method,415,[Metode Baru] Rata-rata Lama Sekolah,Tahun,Tujuan Pembangunan Berkelanjutan Edisi I,0000,1771,Kota Bengkulu,0,Tidak ada,121,2021,0,Tahun,11.8,177141501210,2025-11-05 12:00:46
mean_years_schooling_new_method,415,[Metode Baru] Rata-rata Lama Sekolah,Tahun,Tujuan Pembangunan Berkelanjutan Edisi I,0000,1800,LAMPUNG,0,Tidak ada,121,2021,0,Tahun,8.08,180041501210,2025-11-05 12:00:46
mean_years_schooling_new_method,415,[Metode Baru] Rata-rata Lama Sekolah,Tahun,Tujuan Pembangunan Berkelanjutan Edisi I,0000,1801,Lampung Barat,0,Tidak ada,121,2021,0,Tahun,8.07,180141501210,2025-11-05 12:00:46
mean_years_schooling_new_method,415,[Metode Baru] Rata-rata Lama Sekolah,Tahun,Tujuan Pembangunan Berkelanjutan Edisi I,0000,1802,Tanggamus,0,Tidak ada,121,2021,0,Tahun,7.34,180241501210,2025-11-05 12:00:46
mean_years_schooling_new_method,415,[Metode Baru] Rata-rata Lama Sekolah,Tahun,Tujuan Pembangunan Berkelanjutan Edisi I,0000,1803,Lampung Selatan,0,Tidak ada,121,2021,0,Tahun,7.7,180341501210,2025-11-05 12:00:46
mean_years_schooling_new_method,415,[Metode Baru] Rata-rata Lama Sekolah,Tahun,Tujuan Pembangunan Berkelanjutan Edisi I,0000,1804,Lampung Timur,0,Tidak ada,121,2021,0,Tahun,7.77,180441501210,2025-11-05 12:00:46
mean_years_schooling_new_method,415,[Metode Baru] Rata-rata Lama Sekolah,Tahun,Tujuan Pembangunan Berkelanjutan Edisi I,0000,1805,Lampung Tengah,0,Tidak ada,121,2021,0,Tahun,7.59,180541501210,2025-11-05 12:00:46
mean_years_schooling_new_method,415,[Metode Baru] Rata-rata Lama Sekolah,Tahun,Tujuan Pembangunan Berkelanjutan Edisi I,0000,1806,Lampung Utara,0,Tidak ada,121,2021,0,Tahun,8.34,180641501210,2025-11-05 12:00:46
mean_years_schooling_new_method,415,[Metode Baru] Rata-rata Lama Sekolah,Tahun,Tujuan Pembangunan Berkelanjutan Edisi I,0000,1807,Way Kanan,0,Tidak ada,121,2021,0,Tahun,7.71,180741501210,2025-11-05 12:00:46
mean_years_schooling_new_method,415,[Metode Baru] Rata-rata Lama Sekolah,Tahun,Tujuan Pembangunan Berkelanjutan Edisi I,0000,1808,Tulangbawang,0,Tidak ada,121,2021,0,Tahun,7.55,180841501210,2025-11-05 12:00:46
mean_years_schooling_new_method,415,[Metode Baru] Rata-rata Lama Sekolah,Tahun,Tujuan Pembangunan Berkelanjutan Edisi I,0000,1809,Pesawaran,0,Tidak ada,121,2021,0,Tahun,7.71,180941501210,2025-11-05 12:00:46
mean_years_schooling_new_method,415,[Metode Baru] Rata-rata Lama Sekolah,Tahun,Tujuan Pembangunan Berkelanjutan Edisi I,0000,1810,Pringsewu,0,Tidak ada,121,2021,0,Tahun,8.39,181041501210,2025-11-05 12:00:46
mean_years_schooling_new_method,415,[Metode Baru] Rata-rata Lama Sekolah,Tahun,Tujuan Pembangunan Berkelanjutan Edisi I,0000,1811,Mesuji,0,Tidak ada,121,2021,0,Tahun,7.08,181141501210,2025-11-05 12:00:46
mean_years_schooling_new_method,415,[Metode Baru] Rata-rata Lama Sekolah,Tahun,Tujuan Pembangunan Berkelanjutan Edisi I,0000,1812,Tulang Bawang Barat,0,Tidak ada,121,2021,0,Tahun,7.39,181241501210,2025-11-05 12:00:46
mean_years_schooling_new_method,415,[Metode Baru] Rata-rata Lama Sekolah,Tahun,Tujuan Pembangunan Berkelanjutan Edisi I,0000,1813,Pesisir Barat,0,Tidak ada,121,2021,0,Tahun,8.19,181341501210,2025-11-05 12:00:46
mean_years_schooling_new_method,415,[Metode Baru] Rata-rata Lama Sekolah,Tahun,Tujuan Pembangunan Berkelanjutan Edisi I,0000,1871,Kota Bandar Lampung,0,Tidak ada,121,2021,0,Tahun,10.95,187141501210,2025-11-05 12:00:46
mean_years_schooling_new_method,415,[Metode Baru] Rata-rata Lama Sekolah,Tahun,Tujuan Pembangunan Berkelanjutan Edisi I,0000,1872,Kota Metro,0,Tidak ada,121,2021,0,Tahun,10.97,187241501210,2025-11-05 12:00:46
mean_years_schooling_new_method,415,[Metode Baru] Rata-rata Lama Sekolah,Tahun,Tujuan Pembangunan Berkelanjutan Edisi I,0000,1900,KEP. BANGKA BELITUNG,0,Tidak ada,121,2021,0,Tahun,8.08,190041501210,2025-11-05 12:00:46
mean_years_schooling_new_method,415,[Metode Baru] Rata-rata Lama Sekolah,Tahun,Tujuan Pembangunan Berkelanjutan Edisi I,0000,1901,Bangka,0,Tidak ada,121,2021,0,Tahun,8.25,190141501210,2025-11-05 12:00:46
mean_years_schooling_new_method,415,[Metode Baru] Rata-rata Lama Sekolah,Tahun,Tujuan Pembangunan Berkelanjutan Edisi I,0000,1902,Belitung,0,Tidak ada,121,2021,0,Tahun,8.47,190241501210,2025-11-05 12:00:46
mean_years_schooling_new_method,415,[Metode Baru] Rata-rata Lama Sekolah,Tahun,Tujuan Pembangunan Berkelanjutan Edisi I,0000,1903,Bangka Barat,0,Tidak ada,121,2021,0,Tahun,7.44,190341501210,2025-11-05 12:00:46
mean_years_schooling_new_method,415,[Metode Baru] Rata-rata Lama Sekolah,Tahun,Tujuan Pembangunan Berkelanjutan Edisi I,0000,1904,Bangka Tengah,0,Tidak ada,121,2021,0,Tahun,7.2,190441501210,2025-11-05 12:00:46
mean_years_schooling_new_method,415,[Metode Baru] Rata-rata Lama Sekolah,Tahun,Tujuan Pembangunan Berkelanjutan Edisi I,0000,1905,Bangka Selatan,0,Tidak ada,121,2021,0,Tahun,6.71,190541501210,2025-11-05 12:00:46
mean_years_schooling_new_method,415,[Metode Baru] Rata-rata Lama Sekolah,Tahun,Tujuan Pembangunan Berkelanjutan Edisi I,0000,1906,Belitung Timur,0,Tidak ada,121,2021,0,Tahun,8.47,190641501210,2025-11-05 12:00:46
mean_years_schooling_new_method,415,[Metode Baru] Rata-rata Lama Sekolah,Tahun,Tujuan Pembangunan Berkelanjutan Edisi I,0000,1971,Kota Pangkal Pinang,0,Tidak ada,121,2021,0,Tahun,10.13,197141501210,2025-11-05 12:00:46
mean_years_schooling_new_method,415,[Metode Baru] Rata-rata Lama Sekolah,Tahun,Tujuan Pembangunan Berkelanjutan Edisi I,0000,2100,KEPULAUAN RIAU,0,Tidak ada,121,2021,0,Tahun,10.18,210041501210,2025-11-05 12:00:46
mean_years_schooling_new_method,415,[Metode Baru] Rata-rata Lama Sekolah,Tahun,Tujuan Pembangunan Berkelanjutan Edisi I,0000,2101,Karimun,0,Tidak ada,121,2021,0,Tahun,8.18,210141501210,2025-11-05 12:00:46
mean_years_schooling_new_method,415,[Metode Baru] Rata-rata Lama Sekolah,Tahun,Tujuan Pembangunan Berkelanjutan Edisi I,0000,2102,Bintan,0,Tidak ada,121,2021,0,Tahun,8.67,210241501210,2025-11-05 12:00:46
mean_years_schooling_new_method,415,[Metode Baru] Rata-rata Lama Sekolah,Tahun,Tujuan Pembangunan Berkelanjutan Edisi I,0000,2103,Natuna,0,Tidak ada,121,2021,0,Tahun,8.92,210341501210,2025-11-05 12:00:46
mean_years_schooling_new_method,415,[Metode Baru] Rata-rata Lama Sekolah,Tahun,Tujuan Pembangunan Berkelanjutan Edisi I,0000,2104,Lingga,0,Tidak ada,121,2021,0,Tahun,6.88,210441501210,2025-11-05 12:00:46
mean_years_schooling_new_method,415,[Metode Baru] Rata-rata Lama Sekolah,Tahun,Tujuan Pembangunan Berkelanjutan Edisi I,0000,2105,Kepulauan Anambas,0,Tidak ada,121,2021,0,Tahun,7.34,210541501210,2025-11-05 12:00:46
mean_years_schooling_new_method,415,[Metode Baru] Rata-rata Lama Sekolah,Tahun,Tujuan Pembangunan Berkelanjutan Edisi I,0000,2171,Kota Batam,0,Tidak ada,121,2021,0,Tahun,11.15,217141501210,2025-11-05 12:00:46
mean_years_schooling_new_method,415,[Metode Baru] Rata-rata Lama Sekolah,Tahun,Tujuan Pembangunan Berkelanjutan Edisi I,0000,2172,Kota Tanjung Pinang,0,Tidak ada,121,2021,0,Tahun,10.26,217241501210,2025-11-05 12:00:46
mean_years_schooling_new_method,415,[Metode Baru] Rata-rata Lama Sekolah,Tahun,Tujuan Pembangunan Berkelanjutan Edisi I,0000,3100,DKI JAKARTA,0,Tidak ada,121,2021,0,Tahun,11.17,310041501210,2025-11-05 12:00:46
mean_years_schooling_new_method,415,[Metode Baru] Rata-rata Lama Sekolah,Tahun,Tujuan Pembangunan Berkelanjutan Edisi I,0000,3101,Kep. Seribu,0,Tidak ada,121,2021,0,Tahun,8.81,310141501210,2025-11-05 12:00:46
mean_years_schooling_new_method,415,[Metode Baru] Rata-rata Lama Sekolah,Tahun,Tujuan Pembangunan Berkelanjutan Edisi I,0000,3171,Kota Jakarta Selatan,0,Tidak ada,121,2021,0,Tahun,11.64,317141501210,2025-11-05 12:00:46
mean_years_schooling_new_method,415,[Metode Baru] Rata-rata Lama Sekolah,Tahun,Tujuan Pembangunan Berkelanjutan Edisi I,0000,3172,Kota Jakarta Timur,0,Tidak ada,121,2021,0,Tahun,11.67,317241501210,2025-11-05 12:00:46
mean_years_schooling_new_method,415,[Metode Baru] Rata-rata Lama Sekolah,Tahun,Tujuan Pembangunan Berkelanjutan Edisi I,0000,3173,Kota Jakarta Pusat,0,Tidak ada,121,2021,0,Tahun,11.39,317341501210,2025-11-05 12:00:46
mean_years_schooling_new_method,415,[Metode Baru] Rata-rata Lama Sekolah,Tahun,Tujuan Pembangunan Berkelanjutan Edisi I,0000,3174,Kota Jakarta Barat,0,Tidak ada,121,2021,0,Tahun,10.78,317441501210,2025-11-05 12:00:46
mean_years_schooling_new_method,415,[Metode Baru] Rata-rata Lama Sekolah,Tahun,Tujuan Pembangunan Berkelanjutan Edisi I,0000,3175,Kota Jakarta Utara,0,Tidak ada,121,2021,0,Tahun,10.81,317541501210,2025-11-05 12:00:46
mean_years_schooling_new_method,415,[Metode Baru] Rata-rata Lama Sekolah,Tahun,Tujuan Pembangunan Berkelanjutan Edisi I,0000,3200,JAWA BARAT,0,Tidak ada,121,2021,0,Tahun,8.61,320041501210,2025-11-05 12:00:46
mean_years_schooling_new_method,415,[Metode Baru] Rata-rata Lama Sekolah,Tahun,Tujuan Pembangunan Berkelanjutan Edisi I,0000,3201,Bogor,0,Tidak ada,121,2021,0,Tahun,8.31,320141501210,2025-11-05 12:00:46
mean_years_schooling_new_method,415,[Metode Baru] Rata-rata Lama Sekolah,Tahun,Tujuan Pembangunan Berkelanjutan Edisi I,0000,3202,Sukabumi,0,Tidak ada,121,2021,0,Tahun,7.1,320241501210,2025-11-05 12:00:46
mean_years_schooling_new_method,415,[Metode Baru] Rata-rata Lama Sekolah,Tahun,Tujuan Pembangunan Berkelanjutan Edisi I,0000,3203,Cianjur,0,Tidak ada,121,2021,0,Tahun,7.19,320341501210,2025-11-05 12:00:46
mean_years_schooling_new_method,415,[Metode Baru] Rata-rata Lama Sekolah,Tahun,Tujuan Pembangunan Berkelanjutan Edisi I,0000,3204,Bandung,0,Tidak ada,121,2021,0,Tahun,9.07,320441501210,2025-11-05 12:00:46
mean_years_schooling_new_method,415,[Metode Baru] Rata-rata Lama Sekolah,Tahun,Tujuan Pembangunan Berkelanjutan Edisi I,0000,3205,Garut,0,Tidak ada,121,2021,0,Tahun,7.53,320541501210,2025-11-05 12:00:46
mean_years_schooling_new_method,415,[Metode Baru] Rata-rata Lama Sekolah,Tahun,Tujuan Pembangunan Berkelanjutan Edisi I,0000,3206,Tasikmalaya,0,Tidak ada,121,2021,0,Tahun,7.48,320641501210,2025-11-05 12:00:46
mean_years_schooling_new_method,415,[Metode Baru] Rata-rata Lama Sekolah,Tahun,Tujuan Pembangunan Berkelanjutan Edisi I,0000,3207,Ciamis,0,Tidak ada,121,2021,0,Tahun,7.9,320741501210,2025-11-05 12:00:46
mean_years_schooling_new_method,415,[Metode Baru] Rata-rata Lama Sekolah,Tahun,Tujuan Pembangunan Berkelanjutan Edisi I,0000,3208,Kuningan,0,Tidak ada,121,2021,0,Tahun,7.8,320841501210,2025-11-05 12:00:46
mean_years_schooling_new_method,415,[Metode Baru] Rata-rata Lama Sekolah,Tahun,Tujuan Pembangunan Berkelanjutan Edisi I,0000,3209,Cirebon,0,Tidak ada,121,2021,0,Tahun,7.1,320941501210,2025-11-05 12:00:46
mean_years_schooling_new_method,415,[Metode Baru] Rata-rata Lama Sekolah,Tahun,Tujuan Pembangunan Berkelanjutan Edisi I,0000,3210,Majalengka,0,Tidak ada,121,2021,0,Tahun,7.31,321041501210,2025-11-05 12:00:46
mean_years_schooling_new_method,415,[Metode Baru] Rata-rata Lama Sekolah,Tahun,Tujuan Pembangunan Berkelanjutan Edisi I,0000,3211,Sumedang,0,Tidak ada,121,2021,0,Tahun,8.52,321141501210,2025-11-05 12:00:46
mean_years_schooling_new_method,415,[Metode Baru] Rata-rata Lama Sekolah,Tahun,Tujuan Pembangunan Berkelanjutan Edisi I,0000,3212,Indramayu,0,Tidak ada,121,2021,0,Tahun,6.52,321241501210,2025-11-05 12:00:46
mean_years_schooling_new_method,415,[Metode Baru] Rata-rata Lama Sekolah,Tahun,Tujuan Pembangunan Berkelanjutan Edisi I,0000,3213,Subang,0,Tidak ada,121,2021,0,Tahun,7.11,321341501210,2025-11-05 12:00:46
mean_years_schooling_new_method,415,[Metode Baru] Rata-rata Lama Sekolah,Tahun,Tujuan Pembangunan Berkelanjutan Edisi I,0000,3214,Purwakarta,0,Tidak ada,121,2021,0,Tahun,8.1,321441501210,2025-11-05 12:00:46
mean_years_schooling_new_method,415,[Metode Baru] Rata-rata Lama Sekolah,Tahun,Tujuan Pembangunan Berkelanjutan Edisi I,0000,3215,Karawang,0,Tidak ada,121,2021,0,Tahun,7.78,321541501210,2025-11-05 12:00:46
mean_years_schooling_new_method,415,[Metode Baru] Rata-rata Lama Sekolah,Tahun,Tujuan Pembangunan Berkelanjutan Edisi I,0000,3216,Bekasi,0,Tidak ada,121,2021,0,Tahun,9.3,321641501210,2025-11-05 12:00:46
mean_years_schooling_new_method,415,[Metode Baru] Rata-rata Lama Sekolah,Tahun,Tujuan Pembangunan Berkelanjutan Edisi I,0000,3217,Bandung Barat,0,Tidak ada,121,2021,0,Tahun,8.2,321741501210,2025-11-05 12:00:46
mean_years_schooling_new_method,415,[Metode Baru] Rata-rata Lama Sekolah,Tahun,Tujuan Pembangunan Berkelanjutan Edisi I,0000,3218,Pangandaran,0,Tidak ada,121,2021,0,Tahun,7.85,321841501210,2025-11-05 12:00:46
mean_years_schooling_new_method,415,[Metode Baru] Rata-rata Lama Sekolah,Tahun,Tujuan Pembangunan Berkelanjutan Edisi I,0000,3271,Kota Bogor,0,Tidak ada,121,2021,0,Tahun,10.53,327141501210,2025-11-05 12:00:46
mean_years_schooling_new_method,415,[Metode Baru] Rata-rata Lama Sekolah,Tahun,Tujuan Pembangunan Berkelanjutan Edisi I,0000,3272,Kota Sukabumi,0,Tidak ada,121,2021,0,Tahun,9.81,327241501210,2025-11-05 12:00:46
mean_years_schooling_new_method,415,[Metode Baru] Rata-rata Lama Sekolah,Tahun,Tujuan Pembangunan Berkelanjutan Edisi I,0000,3273,Kota Bandung,0,Tidak ada,121,2021,0,Tahun,10.99,327341501210,2025-11-05 12:00:46
mean_years_schooling_new_method,415,[Metode Baru] Rata-rata Lama Sekolah,Tahun,Tujuan Pembangunan Berkelanjutan Edisi I,0000,3274,Kota Cirebon,0,Tidak ada,121,2021,0,Tahun,10.12,327441501210,2025-11-05 12:00:46
mean_years_schooling_new_method,415,[Metode Baru] Rata-rata Lama Sekolah,Tahun,Tujuan Pembangunan Berkelanjutan Edisi I,0000,3275,Kota Bekasi,0,Tidak ada,121,2021,0,Tahun,11.31,327541501210,2025-11-05 12:00:46
mean_years_schooling_new_method,415,[Metode Baru] Rata-rata Lama Sekolah,Tahun,Tujuan Pembangunan Berkelanjutan Edisi I,0000,3276,Kota Depok,0,Tidak ada,121,2021,0,Tahun,11.46,327641501210,2025-11-05 12:00:46
mean_years_schooling_new_method,415,[Metode Baru] Rata-rata Lama Sekolah,Tahun,Tujuan Pembangunan Berkelanjutan Edisi I,0000,3277,Kota Cimahi,0,Tidak ada,121,2021,0,Tahun,11.08,327741501210,2025-11-05 12:00:46
mean_years_schooling_new_method,415,[Metode Baru] Rata-rata Lama Sekolah,Tahun,Tujuan Pembangunan Berkelanjutan Edisi I,0000,3278,Kota Tasikmalaya,0,Tidak ada,121,2021,0,Tahun,9.52,327841501210,2025-11-05 12:00:46
mean_years_schooling_new_method,415,[Metode Baru] Rata-rata Lama Sekolah,Tahun,Tujuan Pembangunan Berkelanjutan Edisi I,0000,3279,Kota Banjar,0,Tidak ada,121,2021,0,Tahun,8.77,327941501210,2025-11-05 12:00:46
mean_years_schooling_new_method,415,[Metode Baru] Rata-rata Lama Sekolah,Tahun,Tujuan Pembangunan Berkelanjutan Edisi I,0000,3300,JAWA TENGAH,0,Tidak ada,121,2021,0,Tahun,7.75,330041501210,2025-11-05 12:00:46
mean_years_schooling_new_method,415,[Metode Baru] Rata-rata Lama Sekolah,Tahun,Tujuan Pembangunan Berkelanjutan Edisi I,0000,3301,Cilacap,0,Tidak ada,121,2021,0,Tahun,7.09,330141501210,2025-11-05 12:00:46
mean_years_schooling_new_method,415,[Metode Baru] Rata-rata Lama Sekolah,Tahun,Tujuan Pembangunan Berkelanjutan Edisi I,0000,3302,Banyumas,0,Tidak ada,121,2021,0,Tahun,7.63,330241501210,2025-11-05 12:00:46
mean_years_schooling_new_method,415,[Metode Baru] Rata-rata Lama Sekolah,Tahun,Tujuan Pembangunan Berkelanjutan Edisi I,0000,3303,Purbalingga,0,Tidak ada,121,2021,0,Tahun,7.25,330341501210,2025-11-05 12:00:46
mean_years_schooling_new_method,415,[Metode Baru] Rata-rata Lama Sekolah,Tahun,Tujuan Pembangunan Berkelanjutan Edisi I,0000,3304,Banjarnegara,0,Tidak ada,121,2021,0,Tahun,6.75,330441501210,2025-11-05 12:00:46
mean_years_schooling_new_method,415,[Metode Baru] Rata-rata Lama Sekolah,Tahun,Tujuan Pembangunan Berkelanjutan Edisi I,0000,3305,Kebumen,0,Tidak ada,121,2021,0,Tahun,7.55,330541501210,2025-11-05 12:00:46
mean_years_schooling_new_method,415,[Metode Baru] Rata-rata Lama Sekolah,Tahun,Tujuan Pembangunan Berkelanjutan Edisi I,0000,3306,Purworejo,0,Tidak ada,121,2021,0,Tahun,8.21,330641501210,2025-11-05 12:00:46
mean_years_schooling_new_method,415,[Metode Baru] Rata-rata Lama Sekolah,Tahun,Tujuan Pembangunan Berkelanjutan Edisi I,0000,3307,Wonosobo,0,Tidak ada,121,2021,0,Tahun,6.82,330741501210,2025-11-05 12:00:46
mean_years_schooling_new_method,415,[Metode Baru] Rata-rata Lama Sekolah,Tahun,Tujuan Pembangunan Berkelanjutan Edisi I,0000,3308,Magelang,0,Tidak ada,121,2021,0,Tahun,7.79,330841501210,2025-11-05 12:00:46
mean_years_schooling_new_method,415,[Metode Baru] Rata-rata Lama Sekolah,Tahun,Tujuan Pembangunan Berkelanjutan Edisi I,0000,3309,Boyolali,0,Tidak ada,121,2021,0,Tahun,7.85,330941501210,2025-11-05 12:00:46
mean_years_schooling_new_method,415,[Metode Baru] Rata-rata Lama Sekolah,Tahun,Tujuan Pembangunan Berkelanjutan Edisi I,0000,3310,Klaten,0,Tidak ada,121,2021,0,Tahun,8.81,331041501210,2025-11-05 12:00:46
mean_years_schooling_new_method,415,[Metode Baru] Rata-rata Lama Sekolah,Tahun,Tujuan Pembangunan Berkelanjutan Edisi I,0000,3311,Sukoharjo,0,Tidak ada,121,2021,0,Tahun,9.35,331141501210,2025-11-05 12:00:46
mean_years_schooling_new_method,415,[Metode Baru] Rata-rata Lama Sekolah,Tahun,Tujuan Pembangunan Berkelanjutan Edisi I,0000,3312,Wonogiri,0,Tidak ada,121,2021,0,Tahun,7.34,331241501210,2025-11-05 12:00:46
mean_years_schooling_new_method,415,[Metode Baru] Rata-rata Lama Sekolah,Tahun,Tujuan Pembangunan Berkelanjutan Edisi I,0000,3313,Karanganyar,0,Tidak ada,121,2021,0,Tahun,8.57,331341501210,2025-11-05 12:00:46
mean_years_schooling_new_method,415,[Metode Baru] Rata-rata Lama Sekolah,Tahun,Tujuan Pembangunan Berkelanjutan Edisi I,0000,3314,Sragen,0,Tidak ada,121,2021,0,Tahun,7.66,331441501210,2025-11-05 12:00:46
mean_years_schooling_new_method,415,[Metode Baru] Rata-rata Lama Sekolah,Tahun,Tujuan Pembangunan Berkelanjutan Edisi I,0000,3315,Grobogan,0,Tidak ada,121,2021,0,Tahun,7.11,331541501210,2025-11-05 12:00:46
mean_years_schooling_new_method,415,[Metode Baru] Rata-rata Lama Sekolah,Tahun,Tujuan Pembangunan Berkelanjutan Edisi I,0000,3316,Blora,0,Tidak ada,121,2021,0,Tahun,6.99,331641501210,2025-11-05 12:00:46
mean_years_schooling_new_method,415,[Metode Baru] Rata-rata Lama Sekolah,Tahun,Tujuan Pembangunan Berkelanjutan Edisi I,0000,3317,Rembang,0,Tidak ada,121,2021,0,Tahun,7.3,331741501210,2025-11-05 12:00:46
mean_years_schooling_new_method,415,[Metode Baru] Rata-rata Lama Sekolah,Tahun,Tujuan Pembangunan Berkelanjutan Edisi I,0000,3318,Pati,0,Tidak ada,121,2021,0,Tahun,7.48,331841501210,2025-11-05 12:00:46
mean_years_schooling_new_method,415,[Metode Baru] Rata-rata Lama Sekolah,Tahun,Tujuan Pembangunan Berkelanjutan Edisi I,0000,3319,Kudus,0,Tidak ada,121,2021,0,Tahun,8.76,331941501210,2025-11-05 12:00:46
mean_years_schooling_new_method,415,[Metode Baru] Rata-rata Lama Sekolah,Tahun,Tujuan Pembangunan Berkelanjutan Edisi I,0000,3320,Jepara,0,Tidak ada,121,2021,0,Tahun,7.79,332041501210,2025-11-05 12:00:46
mean_years_schooling_new_method,415,[Metode Baru] Rata-rata Lama Sekolah,Tahun,Tujuan Pembangunan Berkelanjutan Edisi I,0000,3321,Demak,0,Tidak ada,121,2021,0,Tahun,7.86,332141501210,2025-11-05 12:00:46
mean_years_schooling_new_method,415,[Metode Baru] Rata-rata Lama Sekolah,Tahun,Tujuan Pembangunan Berkelanjutan Edisi I,0000,3322,Semarang,0,Tidak ada,121,2021,0,Tahun,8.03,332241501210,2025-11-05 12:00:46
mean_years_schooling_new_method,415,[Metode Baru] Rata-rata Lama Sekolah,Tahun,Tujuan Pembangunan Berkelanjutan Edisi I,0000,3323,Temanggung,0,Tidak ada,121,2021,0,Tahun,7.25,332341501210,2025-11-05 12:00:46
mean_years_schooling_new_method,415,[Metode Baru] Rata-rata Lama Sekolah,Tahun,Tujuan Pembangunan Berkelanjutan Edisi I,0000,3324,Kendal,0,Tidak ada,121,2021,0,Tahun,7.46,332441501210,2025-11-05 12:00:46
mean_years_schooling_new_method,415,[Metode Baru] Rata-rata Lama Sekolah,Tahun,Tujuan Pembangunan Berkelanjutan Edisi I,0000,3325,Batang,0,Tidak ada,121,2021,0,Tahun,6.88,332541501210,2025-11-05 12:00:46
mean_years_schooling_new_method,415,[Metode Baru] Rata-rata Lama Sekolah,Tahun,Tujuan Pembangunan Berkelanjutan Edisi I,0000,3326,Pekalongan,0,Tidak ada,121,2021,0,Tahun,7.17,332641501210,2025-11-05 12:00:46
mean_years_schooling_new_method,415,[Metode Baru] Rata-rata Lama Sekolah,Tahun,Tujuan Pembangunan Berkelanjutan Edisi I,0000,3327,Pemalang,0,Tidak ada,121,2021,0,Tahun,6.45,332741501210,2025-11-05 12:00:46
mean_years_schooling_new_method,415,[Metode Baru] Rata-rata Lama Sekolah,Tahun,Tujuan Pembangunan Berkelanjutan Edisi I,0000,3328,Tegal,0,Tidak ada,121,2021,0,Tahun,6.99,332841501210,2025-11-05 12:00:46
mean_years_schooling_new_method,415,[Metode Baru] Rata-rata Lama Sekolah,Tahun,Tujuan Pembangunan Berkelanjutan Edisi I,0000,3329,Brebes,0,Tidak ada,121,2021,0,Tahun,6.22,332941501210,2025-11-05 12:00:46
mean_years_schooling_new_method,415,[Metode Baru] Rata-rata Lama Sekolah,Tahun,Tujuan Pembangunan Berkelanjutan Edisi I,0000,3371,Kota Magelang,0,Tidak ada,121,2021,0,Tahun,10.62,337141501210,2025-11-05 12:00:46
mean_years_schooling_new_method,415,[Metode Baru] Rata-rata Lama Sekolah,Tahun,Tujuan Pembangunan Berkelanjutan Edisi I,0000,3372,Kota Surakarta,0,Tidak ada,121,2021,0,Tahun,10.9,337241501210,2025-11-05 12:00:46
mean_years_schooling_new_method,415,[Metode Baru] Rata-rata Lama Sekolah,Tahun,Tujuan Pembangunan Berkelanjutan Edisi I,0000,3373,Kota Salatiga,0,Tidak ada,121,2021,0,Tahun,10.66,337341501210,2025-11-05 12:00:46
mean_years_schooling_new_method,415,[Metode Baru] Rata-rata Lama Sekolah,Tahun,Tujuan Pembangunan Berkelanjutan Edisi I,0000,3374,Kota Semarang,0,Tidak ada,121,2021,0,Tahun,10.78,337441501210,2025-11-05 12:00:46
mean_years_schooling_new_method,415,[Metode Baru] Rata-rata Lama Sekolah,Tahun,Tujuan Pembangunan Berkelanjutan Edisi I,0000,3375,Kota Pekalongan,0,Tidak ada,121,2021,0,Tahun,9.18,337541501210,2025-11-05 12:00:46
mean_years_schooling_new_method,415,[Metode Baru] Rata-rata Lama Sekolah,Tahun,Tujuan Pembangunan Berkelanjutan Edisi I,0000,3376,Kota Tegal,0,Tidak ada,121,2021,0,Tahun,8.73,337641501210,2025-11-05 12:00:46
mean_years_schooling_new_method,415,[Metode Baru] Rata-rata Lama Sekolah,Tahun,Tujuan Pembangunan Berkelanjutan Edisi I,0000,3400,D I YOGYAKARTA,0,Tidak ada,121,2021,0,Tahun,9.64,340041501210,2025-11-05 12:00:46
mean_years_schooling_new_method,415,[Metode Baru] Rata-rata Lama Sekolah,Tahun,Tujuan Pembangunan Berkelanjutan Edisi I,0000,3401,Kulon Progo,0,Tidak ada,121,2021,0,Tahun,9.02,340141501210,2025-11-05 12:00:46
mean_years_schooling_new_method,415,[Metode Baru] Rata-rata Lama Sekolah,Tahun,Tujuan Pembangunan Berkelanjutan Edisi I,0000,3402,Bantul,0,Tidak ada,121,2021,0,Tahun,9.57,340241501210,2025-11-05 12:00:46
mean_years_schooling_new_method,415,[Metode Baru] Rata-rata Lama Sekolah,Tahun,Tujuan Pembangunan Berkelanjutan Edisi I,0000,3403,Gunung Kidul,0,Tidak ada,121,2021,0,Tahun,7.3,340341501210,2025-11-05 12:00:46
mean_years_schooling_new_method,415,[Metode Baru] Rata-rata Lama Sekolah,Tahun,Tujuan Pembangunan Berkelanjutan Edisi I,0000,3404,Sleman,0,Tidak ada,121,2021,0,Tahun,10.92,340441501210,2025-11-05 12:00:46
mean_years_schooling_new_method,415,[Metode Baru] Rata-rata Lama Sekolah,Tahun,Tujuan Pembangunan Berkelanjutan Edisi I,0000,3471,Kota Yogyakarta,0,Tidak ada,121,2021,0,Tahun,11.72,347141501210,2025-11-05 12:00:46
mean_years_schooling_new_method,415,[Metode Baru] Rata-rata Lama Sekolah,Tahun,Tujuan Pembangunan Berkelanjutan Edisi I,0000,3500,JAWA TIMUR,0,Tidak ada,121,2021,0,Tahun,7.88,350041501210,2025-11-05 12:00:46
mean_years_schooling_new_method,415,[Metode Baru] Rata-rata Lama Sekolah,Tahun,Tujuan Pembangunan Berkelanjutan Edisi I,0000,3501,Pacitan,0,Tidak ada,121,2021,0,Tahun,7.61,350141501210,2025-11-05 12:00:46
mean_years_schooling_new_method,415,[Metode Baru] Rata-rata Lama Sekolah,Tahun,Tujuan Pembangunan Berkelanjutan Edisi I,0000,3502,Ponorogo,0,Tidak ada,121,2021,0,Tahun,7.55,350241501210,2025-11-05 12:00:46
mean_years_schooling_new_method,415,[Metode Baru] Rata-rata Lama Sekolah,Tahun,Tujuan Pembangunan Berkelanjutan Edisi I,0000,3503,Trenggalek,0,Tidak ada,121,2021,0,Tahun,7.56,350341501210,2025-11-05 12:00:46
mean_years_schooling_new_method,415,[Metode Baru] Rata-rata Lama Sekolah,Tahun,Tujuan Pembangunan Berkelanjutan Edisi I,0000,3504,Tulungagung,0,Tidak ada,121,2021,0,Tahun,8.34,350441501210,2025-11-05 12:00:46
mean_years_schooling_new_method,415,[Metode Baru] Rata-rata Lama Sekolah,Tahun,Tujuan Pembangunan Berkelanjutan Edisi I,0000,3505,Blitar,0,Tidak ada,121,2021,0,Tahun,7.5,350541501210,2025-11-05 12:00:46
mean_years_schooling_new_method,415,[Metode Baru] Rata-rata Lama Sekolah,Tahun,Tujuan Pembangunan Berkelanjutan Edisi I,0000,3506,Kediri,0,Tidak ada,121,2021,0,Tahun,8.08,350641501210,2025-11-05 12:00:46
mean_years_schooling_new_method,415,[Metode Baru] Rata-rata Lama Sekolah,Tahun,Tujuan Pembangunan Berkelanjutan Edisi I,0000,3507,Malang,0,Tidak ada,121,2021,0,Tahun,7.43,350741501210,2025-11-05 12:00:46
mean_years_schooling_new_method,415,[Metode Baru] Rata-rata Lama Sekolah,Tahun,Tujuan Pembangunan Berkelanjutan Edisi I,0000,3508,Lumajang,0,Tidak ada,121,2021,0,Tahun,6.67,350841501210,2025-11-05 12:00:46
mean_years_schooling_new_method,415,[Metode Baru] Rata-rata Lama Sekolah,Tahun,Tujuan Pembangunan Berkelanjutan Edisi I,0000,3509,Jember,0,Tidak ada,121,2021,0,Tahun,6.49,350941501210,2025-11-05 12:00:46
mean_years_schooling_new_method,415,[Metode Baru] Rata-rata Lama Sekolah,Tahun,Tujuan Pembangunan Berkelanjutan Edisi I,0000,3510,Banyuwangi,0,Tidak ada,121,2021,0,Tahun,7.42,351041501210,2025-11-05 12:00:46
mean_years_schooling_new_method,415,[Metode Baru] Rata-rata Lama Sekolah,Tahun,Tujuan Pembangunan Berkelanjutan Edisi I,0000,3511,Bondowoso,0,Tidak ada,121,2021,0,Tahun,5.94,351141501210,2025-11-05 12:00:46
mean_years_schooling_new_method,415,[Metode Baru] Rata-rata Lama Sekolah,Tahun,Tujuan Pembangunan Berkelanjutan Edisi I,0000,3512,Situbondo,0,Tidak ada,121,2021,0,Tahun,6.62,351241501210,2025-11-05 12:00:46
mean_years_schooling_new_method,415,[Metode Baru] Rata-rata Lama Sekolah,Tahun,Tujuan Pembangunan Berkelanjutan Edisi I,0000,3513,Probolinggo,0,Tidak ada,121,2021,0,Tahun,6.12,351341501210,2025-11-05 12:00:46
mean_years_schooling_new_method,415,[Metode Baru] Rata-rata Lama Sekolah,Tahun,Tujuan Pembangunan Berkelanjutan Edisi I,0000,3514,Pasuruan,0,Tidak ada,121,2021,0,Tahun,7.41,351441501210,2025-11-05 12:00:46
mean_years_schooling_new_method,415,[Metode Baru] Rata-rata Lama Sekolah,Tahun,Tujuan Pembangunan Berkelanjutan Edisi I,0000,3515,Sidoarjo,0,Tidak ada,121,2021,0,Tahun,10.72,351541501210,2025-11-05 12:00:46
mean_years_schooling_new_method,415,[Metode Baru] Rata-rata Lama Sekolah,Tahun,Tujuan Pembangunan Berkelanjutan Edisi I,0000,3516,Mojokerto,0,Tidak ada,121,2021,0,Tahun,8.64,351641501210,2025-11-05 12:00:46
mean_years_schooling_new_method,415,[Metode Baru] Rata-rata Lama Sekolah,Tahun,Tujuan Pembangunan Berkelanjutan Edisi I,0000,3517,Jombang,0,Tidak ada,121,2021,0,Tahun,8.55,351741501210,2025-11-05 12:00:46
mean_years_schooling_new_method,415,[Metode Baru] Rata-rata Lama Sekolah,Tahun,Tujuan Pembangunan Berkelanjutan Edisi I,0000,3518,Nganjuk,0,Tidak ada,121,2021,0,Tahun,7.78,351841501210,2025-11-05 12:00:46
mean_years_schooling_new_method,415,[Metode Baru] Rata-rata Lama Sekolah,Tahun,Tujuan Pembangunan Berkelanjutan Edisi I,0000,3519,Madiun,0,Tidak ada,121,2021,0,Tahun,7.82,351941501210,2025-11-05 12:00:46
mean_years_schooling_new_method,415,[Metode Baru] Rata-rata Lama Sekolah,Tahun,Tujuan Pembangunan Berkelanjutan Edisi I,0000,3520,Magetan,0,Tidak ada,121,2021,0,Tahun,8.36,352041501210,2025-11-05 12:00:46
mean_years_schooling_new_method,415,[Metode Baru] Rata-rata Lama Sekolah,Tahun,Tujuan Pembangunan Berkelanjutan Edisi I,0000,3521,Ngawi,0,Tidak ada,121,2021,0,Tahun,7.26,352141501210,2025-11-05 12:00:46
mean_years_schooling_new_method,415,[Metode Baru] Rata-rata Lama Sekolah,Tahun,Tujuan Pembangunan Berkelanjutan Edisi I,0000,3522,Bojonegoro,0,Tidak ada,121,2021,0,Tahun,7.38,352241501210,2025-11-05 12:00:46
mean_years_schooling_new_method,415,[Metode Baru] Rata-rata Lama Sekolah,Tahun,Tujuan Pembangunan Berkelanjutan Edisi I,0000,3523,Tuban,0,Tidak ada,121,2021,0,Tahun,7.18,352341501210,2025-11-05 12:00:46
mean_years_schooling_new_method,415,[Metode Baru] Rata-rata Lama Sekolah,Tahun,Tujuan Pembangunan Berkelanjutan Edisi I,0000,3524,Lamongan,0,Tidak ada,121,2021,0,Tahun,8.04,352441501210,2025-11-05 12:00:46
mean_years_schooling_new_method,415,[Metode Baru] Rata-rata Lama Sekolah,Tahun,Tujuan Pembangunan Berkelanjutan Edisi I,0000,3525,Gresik,0,Tidak ada,121,2021,0,Tahun,9.56,352541501210,2025-11-05 12:00:46
mean_years_schooling_new_method,415,[Metode Baru] Rata-rata Lama Sekolah,Tahun,Tujuan Pembangunan Berkelanjutan Edisi I,0000,3526,Bangkalan,0,Tidak ada,121,2021,0,Tahun,5.96,352641501210,2025-11-05 12:00:46
mean_years_schooling_new_method,415,[Metode Baru] Rata-rata Lama Sekolah,Tahun,Tujuan Pembangunan Berkelanjutan Edisi I,0000,3527,Sampang,0,Tidak ada,121,2021,0,Tahun,4.86,352741501210,2025-11-05 12:00:46
mean_years_schooling_new_method,415,[Metode Baru] Rata-rata Lama Sekolah,Tahun,Tujuan Pembangunan Berkelanjutan Edisi I,0000,3528,Pamekasan,0,Tidak ada,121,2021,0,Tahun,6.7,352841501210,2025-11-05 12:00:46
mean_years_schooling_new_method,415,[Metode Baru] Rata-rata Lama Sekolah,Tahun,Tujuan Pembangunan Berkelanjutan Edisi I,0000,3529,Sumenep,0,Tidak ada,121,2021,0,Tahun,5.92,352941501210,2025-11-05 12:00:46
mean_years_schooling_new_method,415,[Metode Baru] Rata-rata Lama Sekolah,Tahun,Tujuan Pembangunan Berkelanjutan Edisi I,0000,3571,Kota Kediri,0,Tidak ada,121,2021,0,Tahun,10.15,357141501210,2025-11-05 12:00:46
mean_years_schooling_new_method,415,[Metode Baru] Rata-rata Lama Sekolah,Tahun,Tujuan Pembangunan Berkelanjutan Edisi I,0000,3572,Kota Blitar,0,Tidak ada,121,2021,0,Tahun,10.35,357241501210,2025-11-05 12:00:46
mean_years_schooling_new_method,415,[Metode Baru] Rata-rata Lama Sekolah,Tahun,Tujuan Pembangunan Berkelanjutan Edisi I,0000,3573,Kota Malang,0,Tidak ada,121,2021,0,Tahun,10.41,357341501210,2025-11-05 12:00:46
mean_years_schooling_new_method,415,[Metode Baru] Rata-rata Lama Sekolah,Tahun,Tujuan Pembangunan Berkelanjutan Edisi I,0000,3574,Kota Probolinggo,0,Tidak ada,121,2021,0,Tahun,8.95,357441501210,2025-11-05 12:00:46
mean_years_schooling_new_method,415,[Metode Baru] Rata-rata Lama Sekolah,Tahun,Tujuan Pembangunan Berkelanjutan Edisi I,0000,3575,Kota Pasuruan,0,Tidak ada,121,2021,0,Tahun,9.33,357541501210,2025-11-05 12:00:46
mean_years_schooling_new_method,415,[Metode Baru] Rata-rata Lama Sekolah,Tahun,Tujuan Pembangunan Berkelanjutan Edisi I,0000,3576,Kota Mojokerto,0,Tidak ada,121,2021,0,Tahun,10.47,357641501210,2025-11-05 12:00:46
mean_years_schooling_new_method,415,[Metode Baru] Rata-rata Lama Sekolah,Tahun,Tujuan Pembangunan Berkelanjutan Edisi I,0000,3577,Kota Madiun,0,Tidak ada,121,2021,0,Tahun,11.37,357741501210,2025-11-05 12:00:46
mean_years_schooling_new_method,415,[Metode Baru] Rata-rata Lama Sekolah,Tahun,Tujuan Pembangunan Berkelanjutan Edisi I,0000,3578,Kota Surabaya,0,Tidak ada,121,2021,0,Tahun,10.5,357841501210,2025-11-05 12:00:46
mean_years_schooling_new_method,415,[Metode Baru] Rata-rata Lama Sekolah,Tahun,Tujuan Pembangunan Berkelanjutan Edisi I,0000,3579,Kota Batu,0,Tidak ada,121,2021,0,Tahun,9.31,357941501210,2025-11-05 12:00:46
mean_years_schooling_new_method,415,[Metode Baru] Rata-rata Lama Sekolah,Tahun,Tujuan Pembangunan Berkelanjutan Edisi I,0000,3600,BANTEN,0,Tidak ada,121,2021,0,Tahun,8.93,360041501210,2025-11-05 12:00:46
mean_years_schooling_new_method,415,[Metode Baru] Rata-rata Lama Sekolah,Tahun,Tujuan Pembangunan Berkelanjutan Edisi I,0000,3601,Pandeglang,0,Tidak ada,121,2021,0,Tahun,7.11,360141501210,2025-11-05 12:00:46
mean_years_schooling_new_method,415,[Metode Baru] Rata-rata Lama Sekolah,Tahun,Tujuan Pembangunan Berkelanjutan Edisi I,0000,3602,Lebak,0,Tidak ada,121,2021,0,Tahun,6.41,360241501210,2025-11-05 12:00:46
mean_years_schooling_new_method,415,[Metode Baru] Rata-rata Lama Sekolah,Tahun,Tujuan Pembangunan Berkelanjutan Edisi I,0000,3603,Tangerang,0,Tidak ada,121,2021,0,Tahun,8.61,360341501210,2025-11-05 12:00:46
mean_years_schooling_new_method,415,[Metode Baru] Rata-rata Lama Sekolah,Tahun,Tujuan Pembangunan Berkelanjutan Edisi I,0000,3604,Serang,0,Tidak ada,121,2021,0,Tahun,7.51,360441501210,2025-11-05 12:00:46
mean_years_schooling_new_method,415,[Metode Baru] Rata-rata Lama Sekolah,Tahun,Tujuan Pembangunan Berkelanjutan Edisi I,0000,3671,Kota Tangerang,0,Tidak ada,121,2021,0,Tahun,10.83,367141501210,2025-11-05 12:00:46
mean_years_schooling_new_method,415,[Metode Baru] Rata-rata Lama Sekolah,Tahun,Tujuan Pembangunan Berkelanjutan Edisi I,0000,3672,Kota Cilegon,0,Tidak ada,121,2021,0,Tahun,10.08,367241501210,2025-11-05 12:00:46
mean_years_schooling_new_method,415,[Metode Baru] Rata-rata Lama Sekolah,Tahun,Tujuan Pembangunan Berkelanjutan Edisi I,0000,3673,Kota Serang,0,Tidak ada,121,2021,0,Tahun,8.89,367341501210,2025-11-05 12:00:46
mean_years_schooling_new_method,415,[Metode Baru] Rata-rata Lama Sekolah,Tahun,Tujuan Pembangunan Berkelanjutan Edisi I,0000,3674,Kota Tangerang Selatan,0,Tidak ada,121,2021,0,Tahun,11.82,367441501210,2025-11-05 12:00:46
mean_years_schooling_new_method,415,[Metode Baru] Rata-rata Lama Sekolah,Tahun,Tujuan Pembangunan Berkelanjutan Edisi I,0000,5100,BALI,0,Tidak ada,121,2021,0,Tahun,9.06,510041501210,2025-11-05 12:00:46
mean_years_schooling_new_method,415,[Metode Baru] Rata-rata Lama Sekolah,Tahun,Tujuan Pembangunan Berkelanjutan Edisi I,0000,5101,Jembrana,0,Tidak ada,121,2021,0,Tahun,8.35,510141501210,2025-11-05 12:00:46
mean_years_schooling_new_method,415,[Metode Baru] Rata-rata Lama Sekolah,Tahun,Tujuan Pembangunan Berkelanjutan Edisi I,0000,5102,Tabanan,0,Tidak ada,121,2021,0,Tahun,9.14,510241501210,2025-11-05 12:00:46
mean_years_schooling_new_method,415,[Metode Baru] Rata-rata Lama Sekolah,Tahun,Tujuan Pembangunan Berkelanjutan Edisi I,0000,5103,Badung,0,Tidak ada,121,2021,0,Tahun,10.62,510341501210,2025-11-05 12:00:46
mean_years_schooling_new_method,415,[Metode Baru] Rata-rata Lama Sekolah,Tahun,Tujuan Pembangunan Berkelanjutan Edisi I,0000,5104,Gianyar,0,Tidak ada,121,2021,0,Tahun,9.29,510441501210,2025-11-05 12:00:46
mean_years_schooling_new_method,415,[Metode Baru] Rata-rata Lama Sekolah,Tahun,Tujuan Pembangunan Berkelanjutan Edisi I,0000,5105,Klungkung,0,Tidak ada,121,2021,0,Tahun,8.14,510541501210,2025-11-05 12:00:46
mean_years_schooling_new_method,415,[Metode Baru] Rata-rata Lama Sekolah,Tahun,Tujuan Pembangunan Berkelanjutan Edisi I,0000,5106,Bangli,0,Tidak ada,121,2021,0,Tahun,7.18,510641501210,2025-11-05 12:00:46
mean_years_schooling_new_method,415,[Metode Baru] Rata-rata Lama Sekolah,Tahun,Tujuan Pembangunan Berkelanjutan Edisi I,0000,5107,Karangasem,0,Tidak ada,121,2021,0,Tahun,6.33,510741501210,2025-11-05 12:00:46
mean_years_schooling_new_method,415,[Metode Baru] Rata-rata Lama Sekolah,Tahun,Tujuan Pembangunan Berkelanjutan Edisi I,0000,5108,Buleleng,0,Tidak ada,121,2021,0,Tahun,7.25,510841501210,2025-11-05 12:00:46
mean_years_schooling_new_method,415,[Metode Baru] Rata-rata Lama Sekolah,Tahun,Tujuan Pembangunan Berkelanjutan Edisi I,0000,5171,Kota Denpasar,0,Tidak ada,121,2021,0,Tahun,11.48,517141501210,2025-11-05 12:00:46
mean_years_schooling_new_method,415,[Metode Baru] Rata-rata Lama Sekolah,Tahun,Tujuan Pembangunan Berkelanjutan Edisi I,0000,5200,NUSA TENGGARA BARAT,0,Tidak ada,121,2021,0,Tahun,7.38,520041501210,2025-11-05 12:00:46
mean_years_schooling_new_method,415,[Metode Baru] Rata-rata Lama Sekolah,Tahun,Tujuan Pembangunan Berkelanjutan Edisi I,0000,5201,Lombok Barat,0,Tidak ada,121,2021,0,Tahun,6.42,520141501210,2025-11-05 12:00:46
mean_years_schooling_new_method,415,[Metode Baru] Rata-rata Lama Sekolah,Tahun,Tujuan Pembangunan Berkelanjutan Edisi I,0000,5202,Lombok Tengah,0,Tidak ada,121,2021,0,Tahun,6.29,520241501210,2025-11-05 12:00:46
mean_years_schooling_new_method,415,[Metode Baru] Rata-rata Lama Sekolah,Tahun,Tujuan Pembangunan Berkelanjutan Edisi I,0000,5203,Lombok Timur,0,Tidak ada,121,2021,0,Tahun,6.71,520341501210,2025-11-05 12:00:46
mean_years_schooling_new_method,415,[Metode Baru] Rata-rata Lama Sekolah,Tahun,Tujuan Pembangunan Berkelanjutan Edisi I,0000,5204,Sumbawa,0,Tidak ada,121,2021,0,Tahun,8.15,520441501210,2025-11-05 12:00:46
mean_years_schooling_new_method,415,[Metode Baru] Rata-rata Lama Sekolah,Tahun,Tujuan Pembangunan Berkelanjutan Edisi I,0000,5205,Dompu,0,Tidak ada,121,2021,0,Tahun,8.72,520541501210,2025-11-05 12:00:46
mean_years_schooling_new_method,415,[Metode Baru] Rata-rata Lama Sekolah,Tahun,Tujuan Pembangunan Berkelanjutan Edisi I,0000,5206,Bima,0,Tidak ada,121,2021,0,Tahun,7.91,520641501210,2025-11-05 12:00:46
mean_years_schooling_new_method,415,[Metode Baru] Rata-rata Lama Sekolah,Tahun,Tujuan Pembangunan Berkelanjutan Edisi I,0000,5207,Sumbawa Barat,0,Tidak ada,121,2021,0,Tahun,8.72,520741501210,2025-11-05 12:00:46
mean_years_schooling_new_method,415,[Metode Baru] Rata-rata Lama Sekolah,Tahun,Tujuan Pembangunan Berkelanjutan Edisi I,0000,5208,Lombok Utara,0,Tidak ada,121,2021,0,Tahun,6.04,520841501210,2025-11-05 12:00:46
mean_years_schooling_new_method,415,[Metode Baru] Rata-rata Lama Sekolah,Tahun,Tujuan Pembangunan Berkelanjutan Edisi I,0000,5271,Kota Mataram,0,Tidak ada,121,2021,0,Tahun,9.54,527141501210,2025-11-05 12:00:46
mean_years_schooling_new_method,415,[Metode Baru] Rata-rata Lama Sekolah,Tahun,Tujuan Pembangunan Berkelanjutan Edisi I,0000,5272,Kota Bima,0,Tidak ada,121,2021,0,Tahun,10.65,527241501210,2025-11-05 12:00:46
mean_years_schooling_new_method,415,[Metode Baru] Rata-rata Lama Sekolah,Tahun,Tujuan Pembangunan Berkelanjutan Edisi I,0000,5300,NUSA TENGGARA TIMUR,0,Tidak ada,121,2021,0,Tahun,7.69,530041501210,2025-11-05 12:00:46
mean_years_schooling_new_method,415,[Metode Baru] Rata-rata Lama Sekolah,Tahun,Tujuan Pembangunan Berkelanjutan Edisi I,0000,5301,Sumba Barat,0,Tidak ada,121,2021,0,Tahun,6.84,530141501210,2025-11-05 12:00:46
mean_years_schooling_new_method,415,[Metode Baru] Rata-rata Lama Sekolah,Tahun,Tujuan Pembangunan Berkelanjutan Edisi I,0000,5302,Sumba Timur,0,Tidak ada,121,2021,0,Tahun,7.32,530241501210,2025-11-05 12:00:46
mean_years_schooling_new_method,415,[Metode Baru] Rata-rata Lama Sekolah,Tahun,Tujuan Pembangunan Berkelanjutan Edisi I,0000,5303,Kupang,0,Tidak ada,121,2021,0,Tahun,7.39,530341501210,2025-11-05 12:00:46
mean_years_schooling_new_method,415,[Metode Baru] Rata-rata Lama Sekolah,Tahun,Tujuan Pembangunan Berkelanjutan Edisi I,0000,5304,Timor Tengah Selatan,0,Tidak ada,121,2021,0,Tahun,6.74,530441501210,2025-11-05 12:00:46
mean_years_schooling_new_method,415,[Metode Baru] Rata-rata Lama Sekolah,Tahun,Tujuan Pembangunan Berkelanjutan Edisi I,0000,5305,Timor Tengah Utara,0,Tidak ada,121,2021,0,Tahun,7.96,530541501210,2025-11-05 12:00:46
mean_years_schooling_new_method,415,[Metode Baru] Rata-rata Lama Sekolah,Tahun,Tujuan Pembangunan Berkelanjutan Edisi I,0000,5306,Belu,0,Tidak ada,121,2021,0,Tahun,7.36,530641501210,2025-11-05 12:00:46
mean_years_schooling_new_method,415,[Metode Baru] Rata-rata Lama Sekolah,Tahun,Tujuan Pembangunan Berkelanjutan Edisi I,0000,5307,Alor,0,Tidak ada,121,2021,0,Tahun,8.42,530741501210,2025-11-05 12:00:46
mean_years_schooling_new_method,415,[Metode Baru] Rata-rata Lama Sekolah,Tahun,Tujuan Pembangunan Berkelanjutan Edisi I,0000,5308,Lembata,0,Tidak ada,121,2021,0,Tahun,8.23,530841501210,2025-11-05 12:00:46
mean_years_schooling_new_method,415,[Metode Baru] Rata-rata Lama Sekolah,Tahun,Tujuan Pembangunan Berkelanjutan Edisi I,0000,5309,Flores Timur,0,Tidak ada,121,2021,0,Tahun,7.72,530941501210,2025-11-05 12:00:46
mean_years_schooling_new_method,415,[Metode Baru] Rata-rata Lama Sekolah,Tahun,Tujuan Pembangunan Berkelanjutan Edisi I,0000,5310,Sikka,0,Tidak ada,121,2021,0,Tahun,6.95,531041501210,2025-11-05 12:00:46
mean_years_schooling_new_method,415,[Metode Baru] Rata-rata Lama Sekolah,Tahun,Tujuan Pembangunan Berkelanjutan Edisi I,0000,5311,Ende,0,Tidak ada,121,2021,0,Tahun,8.03,531141501210,2025-11-05 12:00:46
mean_years_schooling_new_method,415,[Metode Baru] Rata-rata Lama Sekolah,Tahun,Tujuan Pembangunan Berkelanjutan Edisi I,0000,5312,Ngada,0,Tidak ada,121,2021,0,Tahun,8.53,531241501210,2025-11-05 12:00:46
mean_years_schooling_new_method,415,[Metode Baru] Rata-rata Lama Sekolah,Tahun,Tujuan Pembangunan Berkelanjutan Edisi I,0000,5313,Manggarai,0,Tidak ada,121,2021,0,Tahun,7.61,531341501210,2025-11-05 12:00:46
mean_years_schooling_new_method,415,[Metode Baru] Rata-rata Lama Sekolah,Tahun,Tujuan Pembangunan Berkelanjutan Edisi I,0000,5314,Rote Ndao,0,Tidak ada,121,2021,0,Tahun,7.71,531441501210,2025-11-05 12:00:46
mean_years_schooling_new_method,415,[Metode Baru] Rata-rata Lama Sekolah,Tahun,Tujuan Pembangunan Berkelanjutan Edisi I,0000,5315,Manggarai Barat,0,Tidak ada,121,2021,0,Tahun,7.56,531541501210,2025-11-05 12:00:46
mean_years_schooling_new_method,415,[Metode Baru] Rata-rata Lama Sekolah,Tahun,Tujuan Pembangunan Berkelanjutan Edisi I,0000,5316,Sumba Tengah,0,Tidak ada,121,2021,0,Tahun,6.47,531641501210,2025-11-05 12:00:46
mean_years_schooling_new_method,415,[Metode Baru] Rata-rata Lama Sekolah,Tahun,Tujuan Pembangunan Berkelanjutan Edisi I,0000,5317,Sumba Barat Daya,0,Tidak ada,121,2021,0,Tahun,6.35,531741501210,2025-11-05 12:00:46
mean_years_schooling_new_method,415,[Metode Baru] Rata-rata Lama Sekolah,Tahun,Tujuan Pembangunan Berkelanjutan Edisi I,0000,5318,Nagekeo,0,Tidak ada,121,2021,0,Tahun,7.9,531841501210,2025-11-05 12:00:46
mean_years_schooling_new_method,415,[Metode Baru] Rata-rata Lama Sekolah,Tahun,Tujuan Pembangunan Berkelanjutan Edisi I,0000,5319,Manggarai Timur,0,Tidak ada,121,2021,0,Tahun,7.35,531941501210,2025-11-05 12:00:46
mean_years_schooling_new_method,415,[Metode Baru] Rata-rata Lama Sekolah,Tahun,Tujuan Pembangunan Berkelanjutan Edisi I,0000,5320,Sabu Raijua,0,Tidak ada,121,2021,0,Tahun,6.66,532041501210,2025-11-05 12:00:46
mean_years_schooling_new_method,415,[Metode Baru] Rata-rata Lama Sekolah,Tahun,Tujuan Pembangunan Berkelanjutan Edisi I,0000,5321,Malaka,0,Tidak ada,121,2021,0,Tahun,7.1,532141501210,2025-11-05 12:00:46
mean_years_schooling_new_method,415,[Metode Baru] Rata-rata Lama Sekolah,Tahun,Tujuan Pembangunan Berkelanjutan Edisi I,0000,5371,Kota Kupang,0,Tidak ada,121,2021,0,Tahun,11.6,537141501210,2025-11-05 12:00:46
mean_years_schooling_new_method,415,[Metode Baru] Rata-rata Lama Sekolah,Tahun,Tujuan Pembangunan Berkelanjutan Edisi I,0000,6100,KALIMANTAN BARAT,0,Tidak ada,121,2021,0,Tahun,7.45,610041501210,2025-11-05 12:00:46
mean_years_schooling_new_method,415,[Metode Baru] Rata-rata Lama Sekolah,Tahun,Tujuan Pembangunan Berkelanjutan Edisi I,0000,6101,Sambas,0,Tidak ada,121,2021,0,Tahun,6.72,610141501210,2025-11-05 12:00:46
mean_years_schooling_new_method,415,[Metode Baru] Rata-rata Lama Sekolah,Tahun,Tujuan Pembangunan Berkelanjutan Edisi I,0000,6102,Bengkayang,0,Tidak ada,121,2021,0,Tahun,6.8,610241501210,2025-11-05 12:00:46
mean_years_schooling_new_method,415,[Metode Baru] Rata-rata Lama Sekolah,Tahun,Tujuan Pembangunan Berkelanjutan Edisi I,0000,6103,Landak,0,Tidak ada,121,2021,0,Tahun,7.12,610341501210,2025-11-05 12:00:46
mean_years_schooling_new_method,415,[Metode Baru] Rata-rata Lama Sekolah,Tahun,Tujuan Pembangunan Berkelanjutan Edisi I,0000,6104,Mempawah,0,Tidak ada,121,2021,0,Tahun,7.04,610441501210,2025-11-05 12:00:46
mean_years_schooling_new_method,415,[Metode Baru] Rata-rata Lama Sekolah,Tahun,Tujuan Pembangunan Berkelanjutan Edisi I,0000,6105,Sanggau,0,Tidak ada,121,2021,0,Tahun,7.39,610541501210,2025-11-05 12:00:46
mean_years_schooling_new_method,415,[Metode Baru] Rata-rata Lama Sekolah,Tahun,Tujuan Pembangunan Berkelanjutan Edisi I,0000,6106,Ketapang,0,Tidak ada,121,2021,0,Tahun,7.46,610641501210,2025-11-05 12:00:46
mean_years_schooling_new_method,415,[Metode Baru] Rata-rata Lama Sekolah,Tahun,Tujuan Pembangunan Berkelanjutan Edisi I,0000,6107,Sintang,0,Tidak ada,121,2021,0,Tahun,7.08,610741501210,2025-11-05 12:00:46
mean_years_schooling_new_method,415,[Metode Baru] Rata-rata Lama Sekolah,Tahun,Tujuan Pembangunan Berkelanjutan Edisi I,0000,6108,Kapuas Hulu,0,Tidak ada,121,2021,0,Tahun,7.53,610841501210,2025-11-05 12:00:46
mean_years_schooling_new_method,415,[Metode Baru] Rata-rata Lama Sekolah,Tahun,Tujuan Pembangunan Berkelanjutan Edisi I,0000,6109,Sekadau,0,Tidak ada,121,2021,0,Tahun,6.85,610941501210,2025-11-05 12:00:46
mean_years_schooling_new_method,415,[Metode Baru] Rata-rata Lama Sekolah,Tahun,Tujuan Pembangunan Berkelanjutan Edisi I,0000,6110,Melawi,0,Tidak ada,121,2021,0,Tahun,6.91,611041501210,2025-11-05 12:00:46
mean_years_schooling_new_method,415,[Metode Baru] Rata-rata Lama Sekolah,Tahun,Tujuan Pembangunan Berkelanjutan Edisi I,0000,6111,Kayong Utara,0,Tidak ada,121,2021,0,Tahun,6.02,611141501210,2025-11-05 12:00:46
mean_years_schooling_new_method,415,[Metode Baru] Rata-rata Lama Sekolah,Tahun,Tujuan Pembangunan Berkelanjutan Edisi I,0000,6112,Kubu Raya,0,Tidak ada,121,2021,0,Tahun,7,611241501210,2025-11-05 12:00:46
mean_years_schooling_new_method,415,[Metode Baru] Rata-rata Lama Sekolah,Tahun,Tujuan Pembangunan Berkelanjutan Edisi I,0000,6171,Kota Pontianak,0,Tidak ada,121,2021,0,Tahun,10.43,617141501210,2025-11-05 12:00:46
mean_years_schooling_new_method,415,[Metode Baru] Rata-rata Lama Sekolah,Tahun,Tujuan Pembangunan Berkelanjutan Edisi I,0000,6172,Kota Singkawang,0,Tidak ada,121,2021,0,Tahun,7.9,617241501210,2025-11-05 12:00:46
mean_years_schooling_new_method,415,[Metode Baru] Rata-rata Lama Sekolah,Tahun,Tujuan Pembangunan Berkelanjutan Edisi I,0000,6200,KALIMANTAN TENGAH,0,Tidak ada,121,2021,0,Tahun,8.64,620041501210,2025-11-05 12:00:46
mean_years_schooling_new_method,415,[Metode Baru] Rata-rata Lama Sekolah,Tahun,Tujuan Pembangunan Berkelanjutan Edisi I,0000,6201,Kotawaringin Barat,0,Tidak ada,121,2021,0,Tahun,8.53,620141501210,2025-11-05 12:00:46
mean_years_schooling_new_method,415,[Metode Baru] Rata-rata Lama Sekolah,Tahun,Tujuan Pembangunan Berkelanjutan Edisi I,0000,6202,Kotawaringin Timur,0,Tidak ada,121,2021,0,Tahun,8.15,620241501210,2025-11-05 12:00:46
mean_years_schooling_new_method,415,[Metode Baru] Rata-rata Lama Sekolah,Tahun,Tujuan Pembangunan Berkelanjutan Edisi I,0000,6203,Kapuas,0,Tidak ada,121,2021,0,Tahun,7.6,620341501210,2025-11-05 12:00:46
mean_years_schooling_new_method,415,[Metode Baru] Rata-rata Lama Sekolah,Tahun,Tujuan Pembangunan Berkelanjutan Edisi I,0000,6204,Barito Selatan,0,Tidak ada,121,2021,0,Tahun,8.95,620441501210,2025-11-05 12:00:46
mean_years_schooling_new_method,415,[Metode Baru] Rata-rata Lama Sekolah,Tahun,Tujuan Pembangunan Berkelanjutan Edisi I,0000,6205,Barito Utara,0,Tidak ada,121,2021,0,Tahun,8.85,620541501210,2025-11-05 12:00:46
mean_years_schooling_new_method,415,[Metode Baru] Rata-rata Lama Sekolah,Tahun,Tujuan Pembangunan Berkelanjutan Edisi I,0000,6206,Sukamara,0,Tidak ada,121,2021,0,Tahun,8.09,620641501210,2025-11-05 12:00:46
mean_years_schooling_new_method,415,[Metode Baru] Rata-rata Lama Sekolah,Tahun,Tujuan Pembangunan Berkelanjutan Edisi I,0000,6207,Lamandau,0,Tidak ada,121,2021,0,Tahun,8.43,620741501210,2025-11-05 12:00:46
mean_years_schooling_new_method,415,[Metode Baru] Rata-rata Lama Sekolah,Tahun,Tujuan Pembangunan Berkelanjutan Edisi I,0000,6208,Seruyan,0,Tidak ada,121,2021,0,Tahun,7.96,620841501210,2025-11-05 12:00:46
mean_years_schooling_new_method,415,[Metode Baru] Rata-rata Lama Sekolah,Tahun,Tujuan Pembangunan Berkelanjutan Edisi I,0000,6209,Katingan,0,Tidak ada,121,2021,0,Tahun,8.68,620941501210,2025-11-05 12:00:46
mean_years_schooling_new_method,415,[Metode Baru] Rata-rata Lama Sekolah,Tahun,Tujuan Pembangunan Berkelanjutan Edisi I,0000,6210,Pulang Pisau,0,Tidak ada,121,2021,0,Tahun,8.19,621041501210,2025-11-05 12:00:46
mean_years_schooling_new_method,415,[Metode Baru] Rata-rata Lama Sekolah,Tahun,Tujuan Pembangunan Berkelanjutan Edisi I,0000,6211,Gunung Mas,0,Tidak ada,121,2021,0,Tahun,9.18,621141501210,2025-11-05 12:00:46
mean_years_schooling_new_method,415,[Metode Baru] Rata-rata Lama Sekolah,Tahun,Tujuan Pembangunan Berkelanjutan Edisi I,0000,6212,Barito Timur,0,Tidak ada,121,2021,0,Tahun,9.23,621241501210,2025-11-05 12:00:46
mean_years_schooling_new_method,415,[Metode Baru] Rata-rata Lama Sekolah,Tahun,Tujuan Pembangunan Berkelanjutan Edisi I,0000,6213,Murung Raya,0,Tidak ada,121,2021,0,Tahun,7.61,621341501210,2025-11-05 12:00:46
mean_years_schooling_new_method,415,[Metode Baru] Rata-rata Lama Sekolah,Tahun,Tujuan Pembangunan Berkelanjutan Edisi I,0000,6271,Kota Palangka Raya,0,Tidak ada,121,2021,0,Tahun,11.53,627141501210,2025-11-05 12:00:46
mean_years_schooling_new_method,415,[Metode Baru] Rata-rata Lama Sekolah,Tahun,Tujuan Pembangunan Berkelanjutan Edisi I,0000,6300,KALIMANTAN SELATAN,0,Tidak ada,121,2021,0,Tahun,8.34,630041501210,2025-11-05 12:00:46
mean_years_schooling_new_method,415,[Metode Baru] Rata-rata Lama Sekolah,Tahun,Tujuan Pembangunan Berkelanjutan Edisi I,0000,6301,Tanah Laut,0,Tidak ada,121,2021,0,Tahun,7.89,630141501210,2025-11-05 12:00:46
mean_years_schooling_new_method,415,[Metode Baru] Rata-rata Lama Sekolah,Tahun,Tujuan Pembangunan Berkelanjutan Edisi I,0000,6302,Kotabaru,0,Tidak ada,121,2021,0,Tahun,7.46,630241501210,2025-11-05 12:00:46
mean_years_schooling_new_method,415,[Metode Baru] Rata-rata Lama Sekolah,Tahun,Tujuan Pembangunan Berkelanjutan Edisi I,0000,6303,Banjar,0,Tidak ada,121,2021,0,Tahun,7.52,630341501210,2025-11-05 12:00:46
mean_years_schooling_new_method,415,[Metode Baru] Rata-rata Lama Sekolah,Tahun,Tujuan Pembangunan Berkelanjutan Edisi I,0000,6304,Barito Kuala,0,Tidak ada,121,2021,0,Tahun,7.55,630441501210,2025-11-05 12:00:46
mean_years_schooling_new_method,415,[Metode Baru] Rata-rata Lama Sekolah,Tahun,Tujuan Pembangunan Berkelanjutan Edisi I,0000,6305,Tapin,0,Tidak ada,121,2021,0,Tahun,7.77,630541501210,2025-11-05 12:00:46
mean_years_schooling_new_method,415,[Metode Baru] Rata-rata Lama Sekolah,Tahun,Tujuan Pembangunan Berkelanjutan Edisi I,0000,6306,Hulu Sungai Selatan,0,Tidak ada,121,2021,0,Tahun,7.76,630641501210,2025-11-05 12:00:46
mean_years_schooling_new_method,415,[Metode Baru] Rata-rata Lama Sekolah,Tahun,Tujuan Pembangunan Berkelanjutan Edisi I,0000,6307,Hulu Sungai Tengah,0,Tidak ada,121,2021,0,Tahun,8.01,630741501210,2025-11-05 12:00:46
mean_years_schooling_new_method,415,[Metode Baru] Rata-rata Lama Sekolah,Tahun,Tujuan Pembangunan Berkelanjutan Edisi I,0000,6308,Hulu Sungai Utara,0,Tidak ada,121,2021,0,Tahun,7.75,630841501210,2025-11-05 12:00:46
mean_years_schooling_new_method,415,[Metode Baru] Rata-rata Lama Sekolah,Tahun,Tujuan Pembangunan Berkelanjutan Edisi I,0000,6309,Tabalong,0,Tidak ada,121,2021,0,Tahun,9.11,630941501210,2025-11-05 12:00:46
mean_years_schooling_new_method,415,[Metode Baru] Rata-rata Lama Sekolah,Tahun,Tujuan Pembangunan Berkelanjutan Edisi I,0000,6310,Tanah Bumbu,0,Tidak ada,121,2021,0,Tahun,7.97,631041501210,2025-11-05 12:00:46
mean_years_schooling_new_method,415,[Metode Baru] Rata-rata Lama Sekolah,Tahun,Tujuan Pembangunan Berkelanjutan Edisi I,0000,6311,Balangan,0,Tidak ada,121,2021,0,Tahun,7.69,631141501210,2025-11-05 12:00:46
mean_years_schooling_new_method,415,[Metode Baru] Rata-rata Lama Sekolah,Tahun,Tujuan Pembangunan Berkelanjutan Edisi I,0000,6371,Kota Banjarmasin,0,Tidak ada,121,2021,0,Tahun,10.2,637141501210,2025-11-05 12:00:46
mean_years_schooling_new_method,415,[Metode Baru] Rata-rata Lama Sekolah,Tahun,Tujuan Pembangunan Berkelanjutan Edisi I,0000,6372,Kota Banjar Baru,0,Tidak ada,121,2021,0,Tahun,10.96,637241501210,2025-11-05 12:00:46
mean_years_schooling_new_method,415,[Metode Baru] Rata-rata Lama Sekolah,Tahun,Tujuan Pembangunan Berkelanjutan Edisi I,0000,6400,KALIMANTAN TIMUR,0,Tidak ada,121,2021,0,Tahun,9.84,640041501210,2025-11-05 12:00:46
mean_years_schooling_new_method,415,[Metode Baru] Rata-rata Lama Sekolah,Tahun,Tujuan Pembangunan Berkelanjutan Edisi I,0000,6401,Paser,0,Tidak ada,121,2021,0,Tahun,8.79,640141501210,2025-11-05 12:00:46
mean_years_schooling_new_method,415,[Metode Baru] Rata-rata Lama Sekolah,Tahun,Tujuan Pembangunan Berkelanjutan Edisi I,0000,6402,Kutai Barat,0,Tidak ada,121,2021,0,Tahun,8.7,640241501210,2025-11-05 12:00:46
mean_years_schooling_new_method,415,[Metode Baru] Rata-rata Lama Sekolah,Tahun,Tujuan Pembangunan Berkelanjutan Edisi I,0000,6403,Kutai Kartanegara,0,Tidak ada,121,2021,0,Tahun,9.23,640341501210,2025-11-05 12:00:46
mean_years_schooling_new_method,415,[Metode Baru] Rata-rata Lama Sekolah,Tahun,Tujuan Pembangunan Berkelanjutan Edisi I,0000,6404,Kutai Timur,0,Tidak ada,121,2021,0,Tahun,9.43,640441501210,2025-11-05 12:00:46
mean_years_schooling_new_method,415,[Metode Baru] Rata-rata Lama Sekolah,Tahun,Tujuan Pembangunan Berkelanjutan Edisi I,0000,6405,Berau,0,Tidak ada,121,2021,0,Tahun,9.53,640541501210,2025-11-05 12:00:46
mean_years_schooling_new_method,415,[Metode Baru] Rata-rata Lama Sekolah,Tahun,Tujuan Pembangunan Berkelanjutan Edisi I,0000,6409,Penajam Paser Utara,0,Tidak ada,121,2021,0,Tahun,8.36,640941501210,2025-11-05 12:00:46
mean_years_schooling_new_method,415,[Metode Baru] Rata-rata Lama Sekolah,Tahun,Tujuan Pembangunan Berkelanjutan Edisi I,0000,6411,Mahakam Ulu,0,Tidak ada,121,2021,0,Tahun,8.18,641141501210,2025-11-05 12:00:46
mean_years_schooling_new_method,415,[Metode Baru] Rata-rata Lama Sekolah,Tahun,Tujuan Pembangunan Berkelanjutan Edisi I,0000,6471,Kota Balikpapan,0,Tidak ada,121,2021,0,Tahun,10.91,647141501210,2025-11-05 12:00:46
mean_years_schooling_new_method,415,[Metode Baru] Rata-rata Lama Sekolah,Tahun,Tujuan Pembangunan Berkelanjutan Edisi I,0000,6472,Kota Samarinda,0,Tidak ada,121,2021,0,Tahun,10.49,647241501210,2025-11-05 12:00:46
mean_years_schooling_new_method,415,[Metode Baru] Rata-rata Lama Sekolah,Tahun,Tujuan Pembangunan Berkelanjutan Edisi I,0000,6474,Kota Bontang,0,Tidak ada,121,2021,0,Tahun,10.8,647441501210,2025-11-05 12:00:46
mean_years_schooling_new_method,415,[Metode Baru] Rata-rata Lama Sekolah,Tahun,Tujuan Pembangunan Berkelanjutan Edisi I,0000,6500,KALIMANTAN UTARA,0,Tidak ada,121,2021,0,Tahun,9.11,650041501210,2025-11-05 12:00:46
mean_years_schooling_new_method,415,[Metode Baru] Rata-rata Lama Sekolah,Tahun,Tujuan Pembangunan Berkelanjutan Edisi I,0000,6501,Malinau,0,Tidak ada,121,2021,0,Tahun,9.4,650141501210,2025-11-05 12:00:46
mean_years_schooling_new_method,415,[Metode Baru] Rata-rata Lama Sekolah,Tahun,Tujuan Pembangunan Berkelanjutan Edisi I,0000,6502,Bulungan,0,Tidak ada,121,2021,0,Tahun,9.19,650241501210,2025-11-05 12:00:46
mean_years_schooling_new_method,415,[Metode Baru] Rata-rata Lama Sekolah,Tahun,Tujuan Pembangunan Berkelanjutan Edisi I,0000,6503,Tana Tidung,0,Tidak ada,121,2021,0,Tahun,8.8,650341501210,2025-11-05 12:00:46
mean_years_schooling_new_method,415,[Metode Baru] Rata-rata Lama Sekolah,Tahun,Tujuan Pembangunan Berkelanjutan Edisi I,0000,6504,Nunukan,0,Tidak ada,121,2021,0,Tahun,8.17,650441501210,2025-11-05 12:00:46
mean_years_schooling_new_method,415,[Metode Baru] Rata-rata Lama Sekolah,Tahun,Tujuan Pembangunan Berkelanjutan Edisi I,0000,6571,Kota Tarakan,0,Tidak ada,121,2021,0,Tahun,9.98,657141501210,2025-11-05 12:00:46
mean_years_schooling_new_method,415,[Metode Baru] Rata-rata Lama Sekolah,Tahun,Tujuan Pembangunan Berkelanjutan Edisi I,0000,7100,SULAWESI UTARA,0,Tidak ada,121,2021,0,Tahun,9.62,710041501210,2025-11-05 12:00:46
mean_years_schooling_new_method,415,[Metode Baru] Rata-rata Lama Sekolah,Tahun,Tujuan Pembangunan Berkelanjutan Edisi I,0000,7101,Bolaang Mongondow,0,Tidak ada,121,2021,0,Tahun,8.03,710141501210,2025-11-05 12:00:46
mean_years_schooling_new_method,415,[Metode Baru] Rata-rata Lama Sekolah,Tahun,Tujuan Pembangunan Berkelanjutan Edisi I,0000,7102,Minahasa,0,Tidak ada,121,2021,0,Tahun,9.73,710241501210,2025-11-05 12:00:46
mean_years_schooling_new_method,415,[Metode Baru] Rata-rata Lama Sekolah,Tahun,Tujuan Pembangunan Berkelanjutan Edisi I,0000,7103,Kepulauan Sangihe,0,Tidak ada,121,2021,0,Tahun,8.34,710341501210,2025-11-05 12:00:46
mean_years_schooling_new_method,415,[Metode Baru] Rata-rata Lama Sekolah,Tahun,Tujuan Pembangunan Berkelanjutan Edisi I,0000,7104,Kepulauan Talaud,0,Tidak ada,121,2021,0,Tahun,9.72,710441501210,2025-11-05 12:00:46
mean_years_schooling_new_method,415,[Metode Baru] Rata-rata Lama Sekolah,Tahun,Tujuan Pembangunan Berkelanjutan Edisi I,0000,7105,Minahasa Selatan,0,Tidak ada,121,2021,0,Tahun,9.09,710541501210,2025-11-05 12:00:46
mean_years_schooling_new_method,415,[Metode Baru] Rata-rata Lama Sekolah,Tahun,Tujuan Pembangunan Berkelanjutan Edisi I,0000,7106,Minahasa Utara,0,Tidak ada,121,2021,0,Tahun,10,710641501210,2025-11-05 12:00:46
mean_years_schooling_new_method,415,[Metode Baru] Rata-rata Lama Sekolah,Tahun,Tujuan Pembangunan Berkelanjutan Edisi I,0000,7107,Bolaang Mongondow Utara,0,Tidak ada,121,2021,0,Tahun,8.41,710741501210,2025-11-05 12:00:46
mean_years_schooling_new_method,415,[Metode Baru] Rata-rata Lama Sekolah,Tahun,Tujuan Pembangunan Berkelanjutan Edisi I,0000,7108,Siau Tagulandang Biaro,0,Tidak ada,121,2021,0,Tahun,9.03,710841501210,2025-11-05 12:00:46
mean_years_schooling_new_method,415,[Metode Baru] Rata-rata Lama Sekolah,Tahun,Tujuan Pembangunan Berkelanjutan Edisi I,0000,7109,Minahasa Tenggara,0,Tidak ada,121,2021,0,Tahun,9.11,710941501210,2025-11-05 12:00:46
mean_years_schooling_new_method,415,[Metode Baru] Rata-rata Lama Sekolah,Tahun,Tujuan Pembangunan Berkelanjutan Edisi I,0000,7110,Bolaang Mongondow Selatan,0,Tidak ada,121,2021,0,Tahun,8.15,711041501210,2025-11-05 12:00:46
mean_years_schooling_new_method,415,[Metode Baru] Rata-rata Lama Sekolah,Tahun,Tujuan Pembangunan Berkelanjutan Edisi I,0000,7111,Bolaang Mongondow Timur,0,Tidak ada,121,2021,0,Tahun,7.93,711141501210,2025-11-05 12:00:46
mean_years_schooling_new_method,415,[Metode Baru] Rata-rata Lama Sekolah,Tahun,Tujuan Pembangunan Berkelanjutan Edisi I,0000,7171,Kota Manado,0,Tidak ada,121,2021,0,Tahun,11.42,717141501210,2025-11-05 12:00:46
mean_years_schooling_new_method,415,[Metode Baru] Rata-rata Lama Sekolah,Tahun,Tujuan Pembangunan Berkelanjutan Edisi I,0000,7172,Kota Bitung,0,Tidak ada,121,2021,0,Tahun,9.89,717241501210,2025-11-05 12:00:46
mean_years_schooling_new_method,415,[Metode Baru] Rata-rata Lama Sekolah,Tahun,Tujuan Pembangunan Berkelanjutan Edisi I,0000,7173,Kota Tomohon,0,Tidak ada,121,2021,0,Tahun,10.74,717341501210,2025-11-05 12:00:46
mean_years_schooling_new_method,415,[Metode Baru] Rata-rata Lama Sekolah,Tahun,Tujuan Pembangunan Berkelanjutan Edisi I,0000,7174,Kota Kotamobagu,0,Tidak ada,121,2021,0,Tahun,10.31,717441501210,2025-11-05 12:00:46
mean_years_schooling_new_method,415,[Metode Baru] Rata-rata Lama Sekolah,Tahun,Tujuan Pembangunan Berkelanjutan Edisi I,0000,7200,SULAWESI TENGAH,0,Tidak ada,121,2021,0,Tahun,8.89,720041501210,2025-11-05 12:00:46
mean_years_schooling_new_method,415,[Metode Baru] Rata-rata Lama Sekolah,Tahun,Tujuan Pembangunan Berkelanjutan Edisi I,0000,7201,Banggai Kepulauan,0,Tidak ada,121,2021,0,Tahun,8.44,720141501210,2025-11-05 12:00:46
mean_years_schooling_new_method,415,[Metode Baru] Rata-rata Lama Sekolah,Tahun,Tujuan Pembangunan Berkelanjutan Edisi I,0000,7202,Banggai,0,Tidak ada,121,2021,0,Tahun,8.53,720241501210,2025-11-05 12:00:46
mean_years_schooling_new_method,415,[Metode Baru] Rata-rata Lama Sekolah,Tahun,Tujuan Pembangunan Berkelanjutan Edisi I,0000,7203,Morowali,0,Tidak ada,121,2021,0,Tahun,9.34,720341501210,2025-11-05 12:00:46
mean_years_schooling_new_method,415,[Metode Baru] Rata-rata Lama Sekolah,Tahun,Tujuan Pembangunan Berkelanjutan Edisi I,0000,7204,Poso,0,Tidak ada,121,2021,0,Tahun,9.5,720441501210,2025-11-05 12:00:46
mean_years_schooling_new_method,415,[Metode Baru] Rata-rata Lama Sekolah,Tahun,Tujuan Pembangunan Berkelanjutan Edisi I,0000,7205,Donggala,0,Tidak ada,121,2021,0,Tahun,7.98,720541501210,2025-11-05 12:00:46
mean_years_schooling_new_method,415,[Metode Baru] Rata-rata Lama Sekolah,Tahun,Tujuan Pembangunan Berkelanjutan Edisi I,0000,7206,Toli-Toli,0,Tidak ada,121,2021,0,Tahun,8.76,720641501210,2025-11-05 12:00:46
mean_years_schooling_new_method,415,[Metode Baru] Rata-rata Lama Sekolah,Tahun,Tujuan Pembangunan Berkelanjutan Edisi I,0000,7207,Buol,0,Tidak ada,121,2021,0,Tahun,9.08,720741501210,2025-11-05 12:00:46
mean_years_schooling_new_method,415,[Metode Baru] Rata-rata Lama Sekolah,Tahun,Tujuan Pembangunan Berkelanjutan Edisi I,0000,7208,Parigi Moutong,0,Tidak ada,121,2021,0,Tahun,7.74,720841501210,2025-11-05 12:00:46
mean_years_schooling_new_method,415,[Metode Baru] Rata-rata Lama Sekolah,Tahun,Tujuan Pembangunan Berkelanjutan Edisi I,0000,7209,Tojo Una-Una,0,Tidak ada,121,2021,0,Tahun,8.4,720941501210,2025-11-05 12:00:46
mean_years_schooling_new_method,415,[Metode Baru] Rata-rata Lama Sekolah,Tahun,Tujuan Pembangunan Berkelanjutan Edisi I,0000,7210,Sigi,0,Tidak ada,121,2021,0,Tahun,8.82,721041501210,2025-11-05 12:00:46
mean_years_schooling_new_method,415,[Metode Baru] Rata-rata Lama Sekolah,Tahun,Tujuan Pembangunan Berkelanjutan Edisi I,0000,7211,Banggai Laut,0,Tidak ada,121,2021,0,Tahun,8.63,721141501210,2025-11-05 12:00:46
mean_years_schooling_new_method,415,[Metode Baru] Rata-rata Lama Sekolah,Tahun,Tujuan Pembangunan Berkelanjutan Edisi I,0000,7212,Morowali Utara,0,Tidak ada,121,2021,0,Tahun,8.72,721241501210,2025-11-05 12:00:46
mean_years_schooling_new_method,415,[Metode Baru] Rata-rata Lama Sekolah,Tahun,Tujuan Pembangunan Berkelanjutan Edisi I,0000,7271,Kota Palu,0,Tidak ada,121,2021,0,Tahun,11.72,727141501210,2025-11-05 12:00:46
mean_years_schooling_new_method,415,[Metode Baru] Rata-rata Lama Sekolah,Tahun,Tujuan Pembangunan Berkelanjutan Edisi I,0000,7300,SULAWESI SELATAN,0,Tidak ada,121,2021,0,Tahun,8.46,730041501210,2025-11-05 12:00:46
mean_years_schooling_new_method,415,[Metode Baru] Rata-rata Lama Sekolah,Tahun,Tujuan Pembangunan Berkelanjutan Edisi I,0000,7301,Kepulauan Selayar,0,Tidak ada,121,2021,0,Tahun,8.08,730141501210,2025-11-05 12:00:46
mean_years_schooling_new_method,415,[Metode Baru] Rata-rata Lama Sekolah,Tahun,Tujuan Pembangunan Berkelanjutan Edisi I,0000,7302,Bulukumba,0,Tidak ada,121,2021,0,Tahun,7.82,730241501210,2025-11-05 12:00:46
mean_years_schooling_new_method,415,[Metode Baru] Rata-rata Lama Sekolah,Tahun,Tujuan Pembangunan Berkelanjutan Edisi I,0000,7303,Bantaeng,0,Tidak ada,121,2021,0,Tahun,6.77,730341501210,2025-11-05 12:00:46
mean_years_schooling_new_method,415,[Metode Baru] Rata-rata Lama Sekolah,Tahun,Tujuan Pembangunan Berkelanjutan Edisi I,0000,7304,Jeneponto,0,Tidak ada,121,2021,0,Tahun,6.6,730441501210,2025-11-05 12:00:46
mean_years_schooling_new_method,415,[Metode Baru] Rata-rata Lama Sekolah,Tahun,Tujuan Pembangunan Berkelanjutan Edisi I,0000,7305,Takalar,0,Tidak ada,121,2021,0,Tahun,7.49,730541501210,2025-11-05 12:00:46
mean_years_schooling_new_method,415,[Metode Baru] Rata-rata Lama Sekolah,Tahun,Tujuan Pembangunan Berkelanjutan Edisi I,0000,7306,Gowa,0,Tidak ada,121,2021,0,Tahun,8.2,730641501210,2025-11-05 12:00:46
mean_years_schooling_new_method,415,[Metode Baru] Rata-rata Lama Sekolah,Tahun,Tujuan Pembangunan Berkelanjutan Edisi I,0000,7307,Sinjai,0,Tidak ada,121,2021,0,Tahun,7.78,730741501210,2025-11-05 12:00:46
mean_years_schooling_new_method,415,[Metode Baru] Rata-rata Lama Sekolah,Tahun,Tujuan Pembangunan Berkelanjutan Edisi I,0000,7308,Maros,0,Tidak ada,121,2021,0,Tahun,8.01,730841501210,2025-11-05 12:00:46
mean_years_schooling_new_method,415,[Metode Baru] Rata-rata Lama Sekolah,Tahun,Tujuan Pembangunan Berkelanjutan Edisi I,0000,7309,Pangkajene dan Kepulauan,0,Tidak ada,121,2021,0,Tahun,7.92,730941501210,2025-11-05 12:00:46
mean_years_schooling_new_method,415,[Metode Baru] Rata-rata Lama Sekolah,Tahun,Tujuan Pembangunan Berkelanjutan Edisi I,0000,7310,Barru,0,Tidak ada,121,2021,0,Tahun,8.24,731041501210,2025-11-05 12:00:46
mean_years_schooling_new_method,415,[Metode Baru] Rata-rata Lama Sekolah,Tahun,Tujuan Pembangunan Berkelanjutan Edisi I,0000,7311,Bone,0,Tidak ada,121,2021,0,Tahun,7.23,731141501210,2025-11-05 12:00:46
mean_years_schooling_new_method,415,[Metode Baru] Rata-rata Lama Sekolah,Tahun,Tujuan Pembangunan Berkelanjutan Edisi I,0000,7312,Soppeng,0,Tidak ada,121,2021,0,Tahun,7.82,731241501210,2025-11-05 12:00:46
mean_years_schooling_new_method,415,[Metode Baru] Rata-rata Lama Sekolah,Tahun,Tujuan Pembangunan Berkelanjutan Edisi I,0000,7313,Wajo,0,Tidak ada,121,2021,0,Tahun,7.05,731341501210,2025-11-05 12:00:46
mean_years_schooling_new_method,415,[Metode Baru] Rata-rata Lama Sekolah,Tahun,Tujuan Pembangunan Berkelanjutan Edisi I,0000,7314,Sidenreng Rappang,0,Tidak ada,121,2021,0,Tahun,7.94,731441501210,2025-11-05 12:00:46
mean_years_schooling_new_method,415,[Metode Baru] Rata-rata Lama Sekolah,Tahun,Tujuan Pembangunan Berkelanjutan Edisi I,0000,7315,Pinrang,0,Tidak ada,121,2021,0,Tahun,7.87,731541501210,2025-11-05 12:00:46
mean_years_schooling_new_method,415,[Metode Baru] Rata-rata Lama Sekolah,Tahun,Tujuan Pembangunan Berkelanjutan Edisi I,0000,7316,Enrekang,0,Tidak ada,121,2021,0,Tahun,8.91,731641501210,2025-11-05 12:00:46
mean_years_schooling_new_method,415,[Metode Baru] Rata-rata Lama Sekolah,Tahun,Tujuan Pembangunan Berkelanjutan Edisi I,0000,7317,Luwu,0,Tidak ada,121,2021,0,Tahun,8.35,731741501210,2025-11-05 12:00:46
mean_years_schooling_new_method,415,[Metode Baru] Rata-rata Lama Sekolah,Tahun,Tujuan Pembangunan Berkelanjutan Edisi I,0000,7318,Tana Toraja,0,Tidak ada,121,2021,0,Tahun,8.51,731841501210,2025-11-05 12:00:46
mean_years_schooling_new_method,415,[Metode Baru] Rata-rata Lama Sekolah,Tahun,Tujuan Pembangunan Berkelanjutan Edisi I,0000,7322,Luwu Utara,0,Tidak ada,121,2021,0,Tahun,7.86,732241501210,2025-11-05 12:00:46
mean_years_schooling_new_method,415,[Metode Baru] Rata-rata Lama Sekolah,Tahun,Tujuan Pembangunan Berkelanjutan Edisi I,0000,7325,Luwu Timur,0,Tidak ada,121,2021,0,Tahun,8.81,732541501210,2025-11-05 12:00:46
mean_years_schooling_new_method,415,[Metode Baru] Rata-rata Lama Sekolah,Tahun,Tujuan Pembangunan Berkelanjutan Edisi I,0000,7326,Toraja Utara,0,Tidak ada,121,2021,0,Tahun,8.25,732641501210,2025-11-05 12:00:46
mean_years_schooling_new_method,415,[Metode Baru] Rata-rata Lama Sekolah,Tahun,Tujuan Pembangunan Berkelanjutan Edisi I,0000,7371,Kota Makasar,0,Tidak ada,121,2021,0,Tahun,11.43,737141501210,2025-11-05 12:00:46
mean_years_schooling_new_method,415,[Metode Baru] Rata-rata Lama Sekolah,Tahun,Tujuan Pembangunan Berkelanjutan Edisi I,0000,7372,Kota Parepare,0,Tidak ada,121,2021,0,Tahun,10.65,737241501210,2025-11-05 12:00:46
mean_years_schooling_new_method,415,[Metode Baru] Rata-rata Lama Sekolah,Tahun,Tujuan Pembangunan Berkelanjutan Edisi I,0000,7373,Kota Palopo,0,Tidak ada,121,2021,0,Tahun,10.94,737341501210,2025-11-05 12:00:46
mean_years_schooling_new_method,415,[Metode Baru] Rata-rata Lama Sekolah,Tahun,Tujuan Pembangunan Berkelanjutan Edisi I,0000,7400,SULAWESI TENGGARA,0,Tidak ada,121,2021,0,Tahun,9.13,740041501210,2025-11-05 12:00:46
mean_years_schooling_new_method,415,[Metode Baru] Rata-rata Lama Sekolah,Tahun,Tujuan Pembangunan Berkelanjutan Edisi I,0000,7401,Buton,0,Tidak ada,121,2021,0,Tahun,7.92,740141501210,2025-11-05 12:00:46
mean_years_schooling_new_method,415,[Metode Baru] Rata-rata Lama Sekolah,Tahun,Tujuan Pembangunan Berkelanjutan Edisi I,0000,7402,Muna,0,Tidak ada,121,2021,0,Tahun,8.46,740241501210,2025-11-05 12:00:46
mean_years_schooling_new_method,415,[Metode Baru] Rata-rata Lama Sekolah,Tahun,Tujuan Pembangunan Berkelanjutan Edisi I,0000,7403,Konawe,0,Tidak ada,121,2021,0,Tahun,9.21,740341501210,2025-11-05 12:00:46
mean_years_schooling_new_method,415,[Metode Baru] Rata-rata Lama Sekolah,Tahun,Tujuan Pembangunan Berkelanjutan Edisi I,0000,7404,Kolaka,0,Tidak ada,121,2021,0,Tahun,8.99,740441501210,2025-11-05 12:00:46
mean_years_schooling_new_method,415,[Metode Baru] Rata-rata Lama Sekolah,Tahun,Tujuan Pembangunan Berkelanjutan Edisi I,0000,7405,Konawe Selatan,0,Tidak ada,121,2021,0,Tahun,8.11,740541501210,2025-11-05 12:00:46
mean_years_schooling_new_method,415,[Metode Baru] Rata-rata Lama Sekolah,Tahun,Tujuan Pembangunan Berkelanjutan Edisi I,0000,7406,Bombana,0,Tidak ada,121,2021,0,Tahun,8.04,740641501210,2025-11-05 12:00:46
mean_years_schooling_new_method,415,[Metode Baru] Rata-rata Lama Sekolah,Tahun,Tujuan Pembangunan Berkelanjutan Edisi I,0000,7407,Wakatobi,0,Tidak ada,121,2021,0,Tahun,8.16,740741501210,2025-11-05 12:00:46
mean_years_schooling_new_method,415,[Metode Baru] Rata-rata Lama Sekolah,Tahun,Tujuan Pembangunan Berkelanjutan Edisi I,0000,7408,Kolaka Utara,0,Tidak ada,121,2021,0,Tahun,8.22,740841501210,2025-11-05 12:00:46
mean_years_schooling_new_method,415,[Metode Baru] Rata-rata Lama Sekolah,Tahun,Tujuan Pembangunan Berkelanjutan Edisi I,0000,7409,Buton Utara,0,Tidak ada,121,2021,0,Tahun,8.93,740941501210,2025-11-05 12:00:46
mean_years_schooling_new_method,415,[Metode Baru] Rata-rata Lama Sekolah,Tahun,Tujuan Pembangunan Berkelanjutan Edisi I,0000,7410,Konawe Utara,0,Tidak ada,121,2021,0,Tahun,9.3,741041501210,2025-11-05 12:00:46
mean_years_schooling_new_method,415,[Metode Baru] Rata-rata Lama Sekolah,Tahun,Tujuan Pembangunan Berkelanjutan Edisi I,0000,7411,Kolaka Timur,0,Tidak ada,121,2021,0,Tahun,7.84,741141501210,2025-11-05 12:00:46
mean_years_schooling_new_method,415,[Metode Baru] Rata-rata Lama Sekolah,Tahun,Tujuan Pembangunan Berkelanjutan Edisi I,0000,7412,Konawe Kepulauan,0,Tidak ada,121,2021,0,Tahun,9.42,741241501210,2025-11-05 12:00:46
mean_years_schooling_new_method,415,[Metode Baru] Rata-rata Lama Sekolah,Tahun,Tujuan Pembangunan Berkelanjutan Edisi I,0000,7413,Muna Barat,0,Tidak ada,121,2021,0,Tahun,7.3,741341501210,2025-11-05 12:00:46
mean_years_schooling_new_method,415,[Metode Baru] Rata-rata Lama Sekolah,Tahun,Tujuan Pembangunan Berkelanjutan Edisi I,0000,7414,Buton Tengah,0,Tidak ada,121,2021,0,Tahun,7.31,741441501210,2025-11-05 12:00:46
mean_years_schooling_new_method,415,[Metode Baru] Rata-rata Lama Sekolah,Tahun,Tujuan Pembangunan Berkelanjutan Edisi I,0000,7415,Buton Selatan,0,Tidak ada,121,2021,0,Tahun,7.54,741541501210,2025-11-05 12:00:46
mean_years_schooling_new_method,415,[Metode Baru] Rata-rata Lama Sekolah,Tahun,Tujuan Pembangunan Berkelanjutan Edisi I,0000,7471,Kota Kendari,0,Tidak ada,121,2021,0,Tahun,12.51,747141501210,2025-11-05 12:00:46
mean_years_schooling_new_method,415,[Metode Baru] Rata-rata Lama Sekolah,Tahun,Tujuan Pembangunan Berkelanjutan Edisi I,0000,7472,Kota Baubau,0,Tidak ada,121,2021,0,Tahun,10.91,747241501210,2025-11-05 12:00:46
mean_years_schooling_new_method,415,[Metode Baru] Rata-rata Lama Sekolah,Tahun,Tujuan Pembangunan Berkelanjutan Edisi I,0000,7500,GORONTALO,0,Tidak ada,121,2021,0,Tahun,7.9,750041501210,2025-11-05 12:00:46
mean_years_schooling_new_method,415,[Metode Baru] Rata-rata Lama Sekolah,Tahun,Tujuan Pembangunan Berkelanjutan Edisi I,0000,7501,Boalemo,0,Tidak ada,121,2021,0,Tahun,7,750141501210,2025-11-05 12:00:46
mean_years_schooling_new_method,415,[Metode Baru] Rata-rata Lama Sekolah,Tahun,Tujuan Pembangunan Berkelanjutan Edisi I,0000,7502,Gorontalo,0,Tidak ada,121,2021,0,Tahun,7.3,750241501210,2025-11-05 12:00:46
mean_years_schooling_new_method,415,[Metode Baru] Rata-rata Lama Sekolah,Tahun,Tujuan Pembangunan Berkelanjutan Edisi I,0000,7503,Pohuwato,0,Tidak ada,121,2021,0,Tahun,7.26,750341501210,2025-11-05 12:00:46
mean_years_schooling_new_method,415,[Metode Baru] Rata-rata Lama Sekolah,Tahun,Tujuan Pembangunan Berkelanjutan Edisi I,0000,7504,Bone Bolango,0,Tidak ada,121,2021,0,Tahun,8.32,750441501210,2025-11-05 12:00:46
mean_years_schooling_new_method,415,[Metode Baru] Rata-rata Lama Sekolah,Tahun,Tujuan Pembangunan Berkelanjutan Edisi I,0000,7505,Gorontalo Utara,0,Tidak ada,121,2021,0,Tahun,7.15,750541501210,2025-11-05 12:00:46
mean_years_schooling_new_method,415,[Metode Baru] Rata-rata Lama Sekolah,Tahun,Tujuan Pembangunan Berkelanjutan Edisi I,0000,7571,Kota Gorontalo,0,Tidak ada,121,2021,0,Tahun,10.37,757141501210,2025-11-05 12:00:46
mean_years_schooling_new_method,415,[Metode Baru] Rata-rata Lama Sekolah,Tahun,Tujuan Pembangunan Berkelanjutan Edisi I,0000,7600,SULAWESI BARAT,0,Tidak ada,121,2021,0,Tahun,7.96,760041501210,2025-11-05 12:00:46
mean_years_schooling_new_method,415,[Metode Baru] Rata-rata Lama Sekolah,Tahun,Tujuan Pembangunan Berkelanjutan Edisi I,0000,7601,Majene,0,Tidak ada,121,2021,0,Tahun,8.91,760141501210,2025-11-05 12:00:46
mean_years_schooling_new_method,415,[Metode Baru] Rata-rata Lama Sekolah,Tahun,Tujuan Pembangunan Berkelanjutan Edisi I,0000,7602,Polewali Mandar,0,Tidak ada,121,2021,0,Tahun,7.44,760241501210,2025-11-05 12:00:46
mean_years_schooling_new_method,415,[Metode Baru] Rata-rata Lama Sekolah,Tahun,Tujuan Pembangunan Berkelanjutan Edisi I,0000,7603,Mamasa,0,Tidak ada,121,2021,0,Tahun,7.88,760341501210,2025-11-05 12:00:46
mean_years_schooling_new_method,415,[Metode Baru] Rata-rata Lama Sekolah,Tahun,Tujuan Pembangunan Berkelanjutan Edisi I,0000,7604,Mamuju,0,Tidak ada,121,2021,0,Tahun,7.96,760441501210,2025-11-05 12:00:46
mean_years_schooling_new_method,415,[Metode Baru] Rata-rata Lama Sekolah,Tahun,Tujuan Pembangunan Berkelanjutan Edisi I,0000,7605,Mamuju Utara / Pasangkayu,0,Tidak ada,121,2021,0,Tahun,8.09,760541501210,2025-11-05 12:00:46
mean_years_schooling_new_method,415,[Metode Baru] Rata-rata Lama Sekolah,Tahun,Tujuan Pembangunan Berkelanjutan Edisi I,0000,7606,Mamuju Tengah,0,Tidak ada,121,2021,0,Tahun,7.51,760641501210,2025-11-05 12:00:46
mean_years_schooling_new_method,415,[Metode Baru] Rata-rata Lama Sekolah,Tahun,Tujuan Pembangunan Berkelanjutan Edisi I,0000,8100,MALUKU,0,Tidak ada,121,2021,0,Tahun,10.03,810041501210,2025-11-05 12:00:46
mean_years_schooling_new_method,415,[Metode Baru] Rata-rata Lama Sekolah,Tahun,Tujuan Pembangunan Berkelanjutan Edisi I,0000,8101,Maluku Tenggara Barat / Kepulauan Tanimbar,0,Tidak ada,121,2021,0,Tahun,9.69,810141501210,2025-11-05 12:00:46
mean_years_schooling_new_method,415,[Metode Baru] Rata-rata Lama Sekolah,Tahun,Tujuan Pembangunan Berkelanjutan Edisi I,0000,8102,Maluku Tenggara,0,Tidak ada,121,2021,0,Tahun,9.76,810241501210,2025-11-05 12:00:46
mean_years_schooling_new_method,415,[Metode Baru] Rata-rata Lama Sekolah,Tahun,Tujuan Pembangunan Berkelanjutan Edisi I,0000,8103,Maluku Tengah,0,Tidak ada,121,2021,0,Tahun,9.68,810341501210,2025-11-05 12:00:46
mean_years_schooling_new_method,415,[Metode Baru] Rata-rata Lama Sekolah,Tahun,Tujuan Pembangunan Berkelanjutan Edisi I,0000,8104,Buru,0,Tidak ada,121,2021,0,Tahun,8.79,810441501210,2025-11-05 12:00:46
mean_years_schooling_new_method,415,[Metode Baru] Rata-rata Lama Sekolah,Tahun,Tujuan Pembangunan Berkelanjutan Edisi I,0000,8105,Kepulauan Aru,0,Tidak ada,121,2021,0,Tahun,8.83,810541501210,2025-11-05 12:00:46
mean_years_schooling_new_method,415,[Metode Baru] Rata-rata Lama Sekolah,Tahun,Tujuan Pembangunan Berkelanjutan Edisi I,0000,8106,Seram Bagian Barat,0,Tidak ada,121,2021,0,Tahun,8.92,810641501210,2025-11-05 12:00:46
mean_years_schooling_new_method,415,[Metode Baru] Rata-rata Lama Sekolah,Tahun,Tujuan Pembangunan Berkelanjutan Edisi I,0000,8107,Seram Bagian Timur,0,Tidak ada,121,2021,0,Tahun,8.46,810741501210,2025-11-05 12:00:46
mean_years_schooling_new_method,415,[Metode Baru] Rata-rata Lama Sekolah,Tahun,Tujuan Pembangunan Berkelanjutan Edisi I,0000,8108,Maluku Barat Daya,0,Tidak ada,121,2021,0,Tahun,8.59,810841501210,2025-11-05 12:00:46
mean_years_schooling_new_method,415,[Metode Baru] Rata-rata Lama Sekolah,Tahun,Tujuan Pembangunan Berkelanjutan Edisi I,0000,8109,Buru Selatan,0,Tidak ada,121,2021,0,Tahun,7.95,810941501210,2025-11-05 12:00:46
mean_years_schooling_new_method,415,[Metode Baru] Rata-rata Lama Sekolah,Tahun,Tujuan Pembangunan Berkelanjutan Edisi I,0000,8171,Kota Ambon,0,Tidak ada,121,2021,0,Tahun,12.2,817141501210,2025-11-05 12:00:46
mean_years_schooling_new_method,415,[Metode Baru] Rata-rata Lama Sekolah,Tahun,Tujuan Pembangunan Berkelanjutan Edisi I,0000,8172,Kota Tual,0,Tidak ada,121,2021,0,Tahun,10.53,817241501210,2025-11-05 12:00:46
mean_years_schooling_new_method,415,[Metode Baru] Rata-rata Lama Sekolah,Tahun,Tujuan Pembangunan Berkelanjutan Edisi I,0000,8200,MALUKU UTARA,0,Tidak ada,121,2021,0,Tahun,9.09,820041501210,2025-11-05 12:00:46
mean_years_schooling_new_method,415,[Metode Baru] Rata-rata Lama Sekolah,Tahun,Tujuan Pembangunan Berkelanjutan Edisi I,0000,8201,Halmahera Barat,0,Tidak ada,121,2021,0,Tahun,8.37,820141501210,2025-11-05 12:00:46
mean_years_schooling_new_method,415,[Metode Baru] Rata-rata Lama Sekolah,Tahun,Tujuan Pembangunan Berkelanjutan Edisi I,0000,8202,Halmahera Tengah,0,Tidak ada,121,2021,0,Tahun,9.01,820241501210,2025-11-05 12:00:46
mean_years_schooling_new_method,415,[Metode Baru] Rata-rata Lama Sekolah,Tahun,Tujuan Pembangunan Berkelanjutan Edisi I,0000,8203,Kepulauan Sula,0,Tidak ada,121,2021,0,Tahun,9,820341501210,2025-11-05 12:00:46
mean_years_schooling_new_method,415,[Metode Baru] Rata-rata Lama Sekolah,Tahun,Tujuan Pembangunan Berkelanjutan Edisi I,0000,8204,Halmahera Selatan,0,Tidak ada,121,2021,0,Tahun,8.1,820441501210,2025-11-05 12:00:46
mean_years_schooling_new_method,415,[Metode Baru] Rata-rata Lama Sekolah,Tahun,Tujuan Pembangunan Berkelanjutan Edisi I,0000,8205,Halmahera Utara,0,Tidak ada,121,2021,0,Tahun,8.62,820541501210,2025-11-05 12:00:46
mean_years_schooling_new_method,415,[Metode Baru] Rata-rata Lama Sekolah,Tahun,Tujuan Pembangunan Berkelanjutan Edisi I,0000,8206,Halmahera Timur,0,Tidak ada,121,2021,0,Tahun,8.27,820641501210,2025-11-05 12:00:46
mean_years_schooling_new_method,415,[Metode Baru] Rata-rata Lama Sekolah,Tahun,Tujuan Pembangunan Berkelanjutan Edisi I,0000,8207,Pulau Morotai,0,Tidak ada,121,2021,0,Tahun,7.4,820741501210,2025-11-05 12:00:46
mean_years_schooling_new_method,415,[Metode Baru] Rata-rata Lama Sekolah,Tahun,Tujuan Pembangunan Berkelanjutan Edisi I,0000,8208,Pulau Taliabu,0,Tidak ada,121,2021,0,Tahun,7.67,820841501210,2025-11-05 12:00:46
mean_years_schooling_new_method,415,[Metode Baru] Rata-rata Lama Sekolah,Tahun,Tujuan Pembangunan Berkelanjutan Edisi I,0000,8271,Kota Ternate,0,Tidak ada,121,2021,0,Tahun,11.81,827141501210,2025-11-05 12:00:46
mean_years_schooling_new_method,415,[Metode Baru] Rata-rata Lama Sekolah,Tahun,Tujuan Pembangunan Berkelanjutan Edisi I,0000,8272,Kota Tidore Kepulauan,0,Tidak ada,121,2021,0,Tahun,9.95,827241501210,2025-11-05 12:00:46
mean_years_schooling_new_method,415,[Metode Baru] Rata-rata Lama Sekolah,Tahun,Tujuan Pembangunan Berkelanjutan Edisi I,0000,9100,PAPUA BARAT,0,Tidak ada,121,2021,0,Tahun,7.69,910041501210,2025-11-05 12:00:46
mean_years_schooling_new_method,415,[Metode Baru] Rata-rata Lama Sekolah,Tahun,Tujuan Pembangunan Berkelanjutan Edisi I,0000,9101,Fakfak,0,Tidak ada,121,2021,0,Tahun,8.97,910141501210,2025-11-05 12:00:46
mean_years_schooling_new_method,415,[Metode Baru] Rata-rata Lama Sekolah,Tahun,Tujuan Pembangunan Berkelanjutan Edisi I,0000,9102,Kaimana,0,Tidak ada,121,2021,0,Tahun,8.58,910241501210,2025-11-05 12:00:46
mean_years_schooling_new_method,415,[Metode Baru] Rata-rata Lama Sekolah,Tahun,Tujuan Pembangunan Berkelanjutan Edisi I,0000,9103,Teluk Wondama,0,Tidak ada,121,2021,0,Tahun,7.08,910341501210,2025-11-05 12:00:46
mean_years_schooling_new_method,415,[Metode Baru] Rata-rata Lama Sekolah,Tahun,Tujuan Pembangunan Berkelanjutan Edisi I,0000,9104,Teluk Bintuni,0,Tidak ada,121,2021,0,Tahun,8.22,910441501210,2025-11-05 12:00:46
mean_years_schooling_new_method,415,[Metode Baru] Rata-rata Lama Sekolah,Tahun,Tujuan Pembangunan Berkelanjutan Edisi I,0000,9105,Manokwari,0,Tidak ada,121,2021,0,Tahun,8.34,910541501210,2025-11-05 12:00:46
mean_years_schooling_new_method,415,[Metode Baru] Rata-rata Lama Sekolah,Tahun,Tujuan Pembangunan Berkelanjutan Edisi I,0000,9106,Sorong Selatan,0,Tidak ada,121,2021,0,Tahun,7.49,910641501210,2025-11-05 12:00:46
mean_years_schooling_new_method,415,[Metode Baru] Rata-rata Lama Sekolah,Tahun,Tujuan Pembangunan Berkelanjutan Edisi I,0000,9107,Sorong,0,Tidak ada,121,2021,0,Tahun,8.33,910741501210,2025-11-05 12:00:46
mean_years_schooling_new_method,415,[Metode Baru] Rata-rata Lama Sekolah,Tahun,Tujuan Pembangunan Berkelanjutan Edisi I,0000,9108,Raja Ampat,0,Tidak ada,121,2021,0,Tahun,8.02,910841501210,2025-11-05 12:00:46
mean_years_schooling_new_method,415,[Metode Baru] Rata-rata Lama Sekolah,Tahun,Tujuan Pembangunan Berkelanjutan Edisi I,0000,9109,Tambrauw,0,Tidak ada,121,2021,0,Tahun,5.39,910941501210,2025-11-05 12:00:46
mean_years_schooling_new_method,415,[Metode Baru] Rata-rata Lama Sekolah,Tahun,Tujuan Pembangunan Berkelanjutan Edisi I,0000,9110,Maybrat,0,Tidak ada,121,2021,0,Tahun,6.96,911041501210,2025-11-05 12:00:46
mean_years_schooling_new_method,415,[Metode Baru] Rata-rata Lama Sekolah,Tahun,Tujuan Pembangunan Berkelanjutan Edisi I,0000,9111,Manokwari Selatan,0,Tidak ada,121,2021,0,Tahun,6.63,911141501210,2025-11-05 12:00:46
mean_years_schooling_new_method,415,[Metode Baru] Rata-rata Lama Sekolah,Tahun,Tujuan Pembangunan Berkelanjutan Edisi I,0000,9112,Pegunungan Arfak,0,Tidak ada,121,2021,0,Tahun,5.12,911241501210,2025-11-05 12:00:46
mean_years_schooling_new_method,415,[Metode Baru] Rata-rata Lama Sekolah,Tahun,Tujuan Pembangunan Berkelanjutan Edisi I,0000,9171,Kota Sorong,0,Tidak ada,121,2021,0,Tahun,11.19,917141501210,2025-11-05 12:00:46
mean_years_schooling_new_method,415,[Metode Baru] Rata-rata Lama Sekolah,Tahun,Tujuan Pembangunan Berkelanjutan Edisi I,0000,9400,PAPUA,0,Tidak ada,121,2021,0,Tahun,6.76,940041501210,2025-11-05 12:00:46
mean_years_schooling_new_method,415,[Metode Baru] Rata-rata Lama Sekolah,Tahun,Tujuan Pembangunan Berkelanjutan Edisi I,0000,9401,Merauke,0,Tidak ada,121,2021,0,Tahun,8.73,940141501210,2025-11-05 12:00:46
mean_years_schooling_new_method,415,[Metode Baru] Rata-rata Lama Sekolah,Tahun,Tujuan Pembangunan Berkelanjutan Edisi I,0000,9402,Jayawijaya,0,Tidak ada,121,2021,0,Tahun,5.6,940241501210,2025-11-05 12:00:46
mean_years_schooling_new_method,415,[Metode Baru] Rata-rata Lama Sekolah,Tahun,Tujuan Pembangunan Berkelanjutan Edisi I,0000,9403,Jayapura,0,Tidak ada,121,2021,0,Tahun,10.05,940341501210,2025-11-05 12:00:46
mean_years_schooling_new_method,415,[Metode Baru] Rata-rata Lama Sekolah,Tahun,Tujuan Pembangunan Berkelanjutan Edisi I,0000,9404,Nabire,0,Tidak ada,121,2021,0,Tahun,10.01,940441501210,2025-11-05 12:00:46
mean_years_schooling_new_method,415,[Metode Baru] Rata-rata Lama Sekolah,Tahun,Tujuan Pembangunan Berkelanjutan Edisi I,0000,9408,Kepulauan Yapen,0,Tidak ada,121,2021,0,Tahun,9.47,940841501210,2025-11-05 12:00:46
mean_years_schooling_new_method,415,[Metode Baru] Rata-rata Lama Sekolah,Tahun,Tujuan Pembangunan Berkelanjutan Edisi I,0000,9409,Biak Numfor,0,Tidak ada,121,2021,0,Tahun,10.34,940941501210,2025-11-05 12:00:46
mean_years_schooling_new_method,415,[Metode Baru] Rata-rata Lama Sekolah,Tahun,Tujuan Pembangunan Berkelanjutan Edisi I,0000,9410,Paniai,0,Tidak ada,121,2021,0,Tahun,4.77,941041501210,2025-11-05 12:00:46
mean_years_schooling_new_method,415,[Metode Baru] Rata-rata Lama Sekolah,Tahun,Tujuan Pembangunan Berkelanjutan Edisi I,0000,9411,Puncak Jaya,0,Tidak ada,121,2021,0,Tahun,3.74,941141501210,2025-11-05 12:00:46
mean_years_schooling_new_method,415,[Metode Baru] Rata-rata Lama Sekolah,Tahun,Tujuan Pembangunan Berkelanjutan Edisi I,0000,9412,Mimika,0,Tidak ada,121,2021,0,Tahun,10.18,941241501210,2025-11-05 12:00:46
mean_years_schooling_new_method,415,[Metode Baru] Rata-rata Lama Sekolah,Tahun,Tujuan Pembangunan Berkelanjutan Edisi I,0000,9413,Boven Digoel,0,Tidak ada,121,2021,0,Tahun,8.79,941341501210,2025-11-05 12:00:46
mean_years_schooling_new_method,415,[Metode Baru] Rata-rata Lama Sekolah,Tahun,Tujuan Pembangunan Berkelanjutan Edisi I,0000,9414,Mappi,0,Tidak ada,121,2021,0,Tahun,6.51,941441501210,2025-11-05 12:00:46
mean_years_schooling_new_method,415,[Metode Baru] Rata-rata Lama Sekolah,Tahun,Tujuan Pembangunan Berkelanjutan Edisi I,0000,9415,Asmat,0,Tidak ada,121,2021,0,Tahun,5.08,941541501210,2025-11-05 12:00:46
mean_years_schooling_new_method,415,[Metode Baru] Rata-rata Lama Sekolah,Tahun,Tujuan Pembangunan Berkelanjutan Edisi I,0000,9416,Yahukimo,0,Tidak ada,121,2021,0,Tahun,4.27,941641501210,2025-11-05 12:00:46
mean_years_schooling_new_method,415,[Metode Baru] Rata-rata Lama Sekolah,Tahun,Tujuan Pembangunan Berkelanjutan Edisi I,0000,9417,Pegunungan Bintang,0,Tidak ada,121,2021,0,Tahun,3.04,941741501210,2025-11-05 12:00:46
mean_years_schooling_new_method,415,[Metode Baru] Rata-rata Lama Sekolah,Tahun,Tujuan Pembangunan Berkelanjutan Edisi I,0000,9418,Tolikara,0,Tidak ada,121,2021,0,Tahun,3.65,941841501210,2025-11-05 12:00:46
mean_years_schooling_new_method,415,[Metode Baru] Rata-rata Lama Sekolah,Tahun,Tujuan Pembangunan Berkelanjutan Edisi I,0000,9419,Sarmi,0,Tidak ada,121,2021,0,Tahun,8.83,941941501210,2025-11-05 12:00:46
mean_years_schooling_new_method,415,[Metode Baru] Rata-rata Lama Sekolah,Tahun,Tujuan Pembangunan Berkelanjutan Edisi I,0000,9420,Keerom,0,Tidak ada,121,2021,0,Tahun,8.02,942041501210,2025-11-05 12:00:46
mean_years_schooling_new_method,415,[Metode Baru] Rata-rata Lama Sekolah,Tahun,Tujuan Pembangunan Berkelanjutan Edisi I,0000,9426,Waropen,0,Tidak ada,121,2021,0,Tahun,9.21,942641501210,2025-11-05 12:00:46
mean_years_schooling_new_method,415,[Metode Baru] Rata-rata Lama Sekolah,Tahun,Tujuan Pembangunan Berkelanjutan Edisi I,0000,9427,Supiori,0,Tidak ada,121,2021,0,Tahun,8.87,942741501210,2025-11-05 12:00:46
mean_years_schooling_new_method,415,[Metode Baru] Rata-rata Lama Sekolah,Tahun,Tujuan Pembangunan Berkelanjutan Edisi I,0000,9428,Mamberamo Raya,0,Tidak ada,121,2021,0,Tahun,5.87,942841501210,2025-11-05 12:00:46
mean_years_schooling_new_method,415,[Metode Baru] Rata-rata Lama Sekolah,Tahun,Tujuan Pembangunan Berkelanjutan Edisi I,0000,9429,Nduga,0,Tidak ada,121,2021,0,Tahun,1.42,942941501210,2025-11-05 12:00:46
mean_years_schooling_new_method,415,[Metode Baru] Rata-rata Lama Sekolah,Tahun,Tujuan Pembangunan Berkelanjutan Edisi I,0000,9430,Lanny Jaya,0,Tidak ada,121,2021,0,Tahun,3.43,943041501210,2025-11-05 12:00:46
mean_years_schooling_new_method,415,[Metode Baru] Rata-rata Lama Sekolah,Tahun,Tujuan Pembangunan Berkelanjutan Edisi I,0000,9431,Mamberamo Tengah,0,Tidak ada,121,2021,0,Tahun,3.33,943141501210,2025-11-05 12:00:46
mean_years_schooling_new_method,415,[Metode Baru] Rata-rata Lama Sekolah,Tahun,Tujuan Pembangunan Berkelanjutan Edisi I,0000,9432,Yalimo,0,Tidak ada,121,2021,0,Tahun,3.01,943241501210,2025-11-05 12:00:46
mean_years_schooling_new_method,415,[Metode Baru] Rata-rata Lama Sekolah,Tahun,Tujuan Pembangunan Berkelanjutan Edisi I,0000,9433,Puncak,0,Tidak ada,121,2021,0,Tahun,2.16,943341501210,2025-11-05 12:00:46
mean_years_schooling_new_method,415,[Metode Baru] Rata-rata Lama Sekolah,Tahun,Tujuan Pembangunan Berkelanjutan Edisi I,0000,9434,Dogiyai,0,Tidak ada,121,2021,0,Tahun,4.94,943441501210,2025-11-05 12:00:46
mean_years_schooling_new_method,415,[Metode Baru] Rata-rata Lama Sekolah,Tahun,Tujuan Pembangunan Berkelanjutan Edisi I,0000,9435,Intan Jaya,0,Tidak ada,121,2021,0,Tahun,3.09,943541501210,2025-11-05 12:00:46
mean_years_schooling_new_method,415,[Metode Baru] Rata-rata Lama Sekolah,Tahun,Tujuan Pembangunan Berkelanjutan Edisi I,0000,9436,Deiyai,0,Tidak ada,121,2021,0,Tahun,3.25,943641501210,2025-11-05 12:00:46
mean_years_schooling_new_method,415,[Metode Baru] Rata-rata Lama Sekolah,Tahun,Tujuan Pembangunan Berkelanjutan Edisi I,0000,9471,Kota Jayapura,0,Tidak ada,121,2021,0,Tahun,11.57,947141501210,2025-11-05 12:00:46
mean_years_schooling_new_method,415,[Metode Baru] Rata-rata Lama Sekolah,Tahun,Tujuan Pembangunan Berkelanjutan Edisi I,0000,9999,INDONESIA,0,Tidak ada,121,2021,0,Tahun,8.54,999941501210,2025-11-05 12:00:46
human_development_index_new_method,494,[Metode Baru] Indeks Pembangunan Manusia (IPM) menurut Provinsi,,Indeks Pembangunan Manusia,0000,1100,ACEH,0,Tidak ada,124,2024,0,Tahun,74.03,110049401240,2025-05-15 15:16:29
human_development_index_new_method,494,[Metode Baru] Indeks Pembangunan Manusia (IPM) menurut Provinsi,,Indeks Pembangunan Manusia,0000,1200,SUMATERA UTARA,0,Tidak ada,124,2024,0,Tahun,74.02,120049401240,2025-05-15 15:16:29
human_development_index_new_method,494,[Metode Baru] Indeks Pembangunan Manusia (IPM) menurut Provinsi,,Indeks Pembangunan Manusia,0000,1300,SUMATERA BARAT,0,Tidak ada,124,2024,0,Tahun,74.49,130049401240,2025-05-15 15:16:29
human_development_index_new_method,494,[Metode Baru] Indeks Pembangunan Manusia (IPM) menurut Provinsi,,Indeks Pembangunan Manusia,0000,1400,RIAU,0,Tidak ada,124,2024,0,Tahun,74.79,140049401240,2025-05-15 15:16:29
human_development_index_new_method,494,[Metode Baru] Indeks Pembangunan Manusia (IPM) menurut Provinsi,,Indeks Pembangunan Manusia,0000,1500,JAMBI,0,Tidak ada,124,2024,0,Tahun,73.43,150049401240,2025-05-15 15:16:29
human_development_index_new_method,494,[Metode Baru] Indeks Pembangunan Manusia (IPM) menurut Provinsi,,Indeks Pembangunan Manusia,0000,1600,SUMATERA SELATAN,0,Tidak ada,124,2024,0,Tahun,72.3,160049401240,2025-05-15 15:16:29
human_development_index_new_method,494,[Metode Baru] Indeks Pembangunan Manusia (IPM) menurut Provinsi,,Indeks Pembangunan Manusia,0000,1700,BENGKULU,0,Tidak ada,124,2024,0,Tahun,73.39,170049401240,2025-05-15 15:16:29
human_development_index_new_method,494,[Metode Baru] Indeks Pembangunan Manusia (IPM) menurut Provinsi,,Indeks Pembangunan Manusia,0000,1800,LAMPUNG,0,Tidak ada,124,2024,0,Tahun,71.81,180049401240,2025-05-15 15:16:29
human_development_index_new_method,494,[Metode Baru] Indeks Pembangunan Manusia (IPM) menurut Provinsi,,Indeks Pembangunan Manusia,0000,1900,KEP. BANGKA BELITUNG,0,Tidak ada,124,2024,0,Tahun,73.33,190049401240,2025-05-15 15:16:29
human_development_index_new_method,494,[Metode Baru] Indeks Pembangunan Manusia (IPM) menurut Provinsi,,Indeks Pembangunan Manusia,0000,2100,KEP. RIAU,0,Tidak ada,124,2024,0,Tahun,77.97,210049401240,2025-05-15 15:16:29
human_development_index_new_method,494,[Metode Baru] Indeks Pembangunan Manusia (IPM) menurut Provinsi,,Indeks Pembangunan Manusia,0000,3100,DKI JAKARTA,0,Tidak ada,124,2024,0,Tahun,83.08,310049401240,2025-05-15 15:16:29
human_development_index_new_method,494,[Metode Baru] Indeks Pembangunan Manusia (IPM) menurut Provinsi,,Indeks Pembangunan Manusia,0000,3200,JAWA BARAT,0,Tidak ada,124,2024,0,Tahun,74.43,320049401240,2025-05-15 15:16:29
human_development_index_new_method,494,[Metode Baru] Indeks Pembangunan Manusia (IPM) menurut Provinsi,,Indeks Pembangunan Manusia,0000,3300,JAWA TENGAH,0,Tidak ada,124,2024,0,Tahun,73.88,330049401240,2025-05-15 15:16:29
human_development_index_new_method,494,[Metode Baru] Indeks Pembangunan Manusia (IPM) menurut Provinsi,,Indeks Pembangunan Manusia,0000,3400,DI YOGYAKARTA,0,Tidak ada,124,2024,0,Tahun,81.55,340049401240,2025-05-15 15:16:29
human_development_index_new_method,494,[Metode Baru] Indeks Pembangunan Manusia (IPM) menurut Provinsi,,Indeks Pembangunan Manusia,0000,3500,JAWA TIMUR,0,Tidak ada,124,2024,0,Tahun,74.09,350049401240,2025-05-15 15:16:29
human_development_index_new_method,494,[Metode Baru] Indeks Pembangunan Manusia (IPM) menurut Provinsi,,Indeks Pembangunan Manusia,0000,3600,BANTEN,0,Tidak ada,124,2024,0,Tahun,74.48,360049401240,2025-05-15 15:16:29
human_development_index_new_method,494,[Metode Baru] Indeks Pembangunan Manusia (IPM) menurut Provinsi,,Indeks Pembangunan Manusia,0000,5100,BALI,0,Tidak ada,124,2024,0,Tahun,77.76,510049401240,2025-05-15 15:16:29
human_development_index_new_method,494,[Metode Baru] Indeks Pembangunan Manusia (IPM) menurut Provinsi,,Indeks Pembangunan Manusia,0000,5200,NUSA TENGGARA BARAT,0,Tidak ada,124,2024,0,Tahun,70.93,520049401240,2025-05-15 15:16:29
human_development_index_new_method,494,[Metode Baru] Indeks Pembangunan Manusia (IPM) menurut Provinsi,,Indeks Pembangunan Manusia,0000,5300,NUSA TENGGARA TIMUR,0,Tidak ada,124,2024,0,Tahun,67.39,530049401240,2025-05-15 15:16:29
human_development_index_new_method,494,[Metode Baru] Indeks Pembangunan Manusia (IPM) menurut Provinsi,,Indeks Pembangunan Manusia,0000,6100,KALIMANTAN BARAT,0,Tidak ada,124,2024,0,Tahun,70.13,610049401240,2025-05-15 15:16:29
human_development_index_new_method,494,[Metode Baru] Indeks Pembangunan Manusia (IPM) menurut Provinsi,,Indeks Pembangunan Manusia,0000,6200,KALIMANTAN TENGAH,0,Tidak ada,124,2024,0,Tahun,72.73,620049401240,2025-05-15 15:16:29
human_development_index_new_method,494,[Metode Baru] Indeks Pembangunan Manusia (IPM) menurut Provinsi,,Indeks Pembangunan Manusia,0000,6300,KALIMANTAN SELATAN,0,Tidak ada,124,2024,0,Tahun,73.03,630049401240,2025-05-15 15:16:29
human_development_index_new_method,494,[Metode Baru] Indeks Pembangunan Manusia (IPM) menurut Provinsi,,Indeks Pembangunan Manusia,0000,6400,KALIMANTAN TIMUR,0,Tidak ada,124,2024,0,Tahun,78.83,640049401240,2025-05-15 15:16:29
human_development_index_new_method,494,[Metode Baru] Indeks Pembangunan Manusia (IPM) menurut Provinsi,,Indeks Pembangunan Manusia,0000,6500,KALIMANTAN UTARA,0,Tidak ada,124,2024,0,Tahun,73.02,650049401240,2025-05-15 15:16:29
human_development_index_new_method,494,[Metode Baru] Indeks Pembangunan Manusia (IPM) menurut Provinsi,,Indeks Pembangunan Manusia,0000,7100,SULAWESI UTARA,0,Tidak ada,124,2024,0,Tahun,75.03,710049401240,2025-05-15 15:16:29
human_development_index_new_method,494,[Metode Baru] Indeks Pembangunan Manusia (IPM) menurut Provinsi,,Indeks Pembangunan Manusia,0000,7200,SULAWESI TENGAH,0,Tidak ada,124,2024,0,Tahun,71.56,720049401240,2025-05-15 15:16:29
human_development_index_new_method,494,[Metode Baru] Indeks Pembangunan Manusia (IPM) menurut Provinsi,,Indeks Pembangunan Manusia,0000,7300,SULAWESI SELATAN,0,Tidak ada,124,2024,0,Tahun,74.05,730049401240,2025-05-15 15:16:29
human_development_index_new_method,494,[Metode Baru] Indeks Pembangunan Manusia (IPM) menurut Provinsi,,Indeks Pembangunan Manusia,0000,7400,SULAWESI TENGGARA,0,Tidak ada,124,2024,0,Tahun,73.48,740049401240,2025-05-15 15:16:29
human_development_index_new_method,494,[Metode Baru] Indeks Pembangunan Manusia (IPM) menurut Provinsi,,Indeks Pembangunan Manusia,0000,7500,GORONTALO,0,Tidak ada,124,2024,0,Tahun,71.23,750049401240,2025-05-15 15:16:29
human_development_index_new_method,494,[Metode Baru] Indeks Pembangunan Manusia (IPM) menurut Provinsi,,Indeks Pembangunan Manusia,0000,7600,SULAWESI BARAT,0,Tidak ada,124,2024,0,Tahun,68.2,760049401240,2025-05-15 15:16:29
human_development_index_new_method,494,[Metode Baru] Indeks Pembangunan Manusia (IPM) menurut Provinsi,,Indeks Pembangunan Manusia,0000,8100,MALUKU,0,Tidak ada,124,2024,0,Tahun,71.57,810049401240,2025-05-15 15:16:29
human_development_index_new_method,494,[Metode Baru] Indeks Pembangunan Manusia (IPM) menurut Provinsi,,Indeks Pembangunan Manusia,0000,8200,MALUKU UTARA,0,Tidak ada,124,2024,0,Tahun,71.03,820049401240,2025-05-15 15:16:29
human_development_index_new_method,494,[Metode Baru] Indeks Pembangunan Manusia (IPM) menurut Provinsi,,Indeks Pembangunan Manusia,0000,9100,PAPUA BARAT,0,Tidak ada,124,2024,0,Tahun,67.02,910049401240,2025-05-15 15:16:29
human_development_index_new_method,494,[Metode Baru] Indeks Pembangunan Manusia (IPM) menurut Provinsi,,Indeks Pembangunan Manusia,0000,9200,PAPUA BARAT DAYA,0,Tidak ada,124,2024,0,Tahun,68.63,920049401240,2025-05-15 15:16:29
human_development_index_new_method,494,[Metode Baru] Indeks Pembangunan Manusia (IPM) menurut Provinsi,,Indeks Pembangunan Manusia,0000,9400,PAPUA,0,Tidak ada,124,2024,0,Tahun,73,940049401240,2025-05-15 15:16:29
human_development_index_new_method,494,[Metode Baru] Indeks Pembangunan Manusia (IPM) menurut Provinsi,,Indeks Pembangunan Manusia,0000,9500,PAPUA SELATAN,0,Tidak ada,124,2024,0,Tahun,67.9,950049401240,2025-05-15 15:16:29
human_development_index_new_method,494,[Metode Baru] Indeks Pembangunan Manusia (IPM) menurut Provinsi,,Indeks Pembangunan Manusia,0000,9600,PAPUA TENGAH,0,Tidak ada,124,2024,0,Tahun,59.75,960049401240,2025-05-15 15:16:29
human_development_index_new_method,494,[Metode Baru] Indeks Pembangunan Manusia (IPM) menurut Provinsi,,Indeks Pembangunan Manusia,0000,9700,PAPUA PEGUNUNGAN,0,Tidak ada,124,2024,0,Tahun,53.42,970049401240,2025-05-15 15:16:29
human_development_index_new_method,494,[Metode Baru] Indeks Pembangunan Manusia (IPM) menurut Provinsi,,Indeks Pembangunan Manusia,0000,9999,INDONESIA,0,Tidak ada,124,2024,0,Tahun,74.2,999949401240,2025-05-15 15:16:29
human_development_index_new_method,494,[Metode Baru] Indeks Pembangunan Manusia (IPM) menurut Provinsi,,Indeks Pembangunan Manusia,0000,1100,ACEH,0,Tidak ada,123,2023,0,Tahun,73.4,110049401230,2025-05-15 15:16:29
human_development_index_new_method,494,[Metode Baru] Indeks Pembangunan Manusia (IPM) menurut Provinsi,,Indeks Pembangunan Manusia,0000,1200,SUMATERA UTARA,0,Tidak ada,123,2023,0,Tahun,73.37,120049401230,2025-05-15 15:16:29
human_development_index_new_method,494,[Metode Baru] Indeks Pembangunan Manusia (IPM) menurut Provinsi,,Indeks Pembangunan Manusia,0000,1300,SUMATERA BARAT,0,Tidak ada,123,2023,0,Tahun,73.75,130049401230,2025-05-15 15:16:29
human_development_index_new_method,494,[Metode Baru] Indeks Pembangunan Manusia (IPM) menurut Provinsi,,Indeks Pembangunan Manusia,0000,1400,RIAU,0,Tidak ada,123,2023,0,Tahun,74.04,140049401230,2025-05-15 15:16:29
human_development_index_new_method,494,[Metode Baru] Indeks Pembangunan Manusia (IPM) menurut Provinsi,,Indeks Pembangunan Manusia,0000,1500,JAMBI,0,Tidak ada,123,2023,0,Tahun,72.77,150049401230,2025-05-15 15:16:29
human_development_index_new_method,494,[Metode Baru] Indeks Pembangunan Manusia (IPM) menurut Provinsi,,Indeks Pembangunan Manusia,0000,1600,SUMATERA SELATAN,0,Tidak ada,123,2023,0,Tahun,71.62,160049401230,2025-05-15 15:16:29
human_development_index_new_method,494,[Metode Baru] Indeks Pembangunan Manusia (IPM) menurut Provinsi,,Indeks Pembangunan Manusia,0000,1700,BENGKULU,0,Tidak ada,123,2023,0,Tahun,72.78,170049401230,2025-05-15 15:16:29
human_development_index_new_method,494,[Metode Baru] Indeks Pembangunan Manusia (IPM) menurut Provinsi,,Indeks Pembangunan Manusia,0000,1800,LAMPUNG,0,Tidak ada,123,2023,0,Tahun,71.15,180049401230,2025-05-15 15:16:29
human_development_index_new_method,494,[Metode Baru] Indeks Pembangunan Manusia (IPM) menurut Provinsi,,Indeks Pembangunan Manusia,0000,1900,KEP. BANGKA BELITUNG,0,Tidak ada,123,2023,0,Tahun,72.85,190049401230,2025-05-15 15:16:29
human_development_index_new_method,494,[Metode Baru] Indeks Pembangunan Manusia (IPM) menurut Provinsi,,Indeks Pembangunan Manusia,0000,2100,KEP. RIAU,0,Tidak ada,123,2023,0,Tahun,77.11,210049401230,2025-05-15 15:16:29
human_development_index_new_method,494,[Metode Baru] Indeks Pembangunan Manusia (IPM) menurut Provinsi,,Indeks Pembangunan Manusia,0000,3100,DKI JAKARTA,0,Tidak ada,123,2023,0,Tahun,82.46,310049401230,2025-05-15 15:16:29
human_development_index_new_method,494,[Metode Baru] Indeks Pembangunan Manusia (IPM) menurut Provinsi,,Indeks Pembangunan Manusia,0000,3200,JAWA BARAT,0,Tidak ada,123,2023,0,Tahun,73.74,320049401230,2025-05-15 15:16:29
human_development_index_new_method,494,[Metode Baru] Indeks Pembangunan Manusia (IPM) menurut Provinsi,,Indeks Pembangunan Manusia,0000,3300,JAWA TENGAH,0,Tidak ada,123,2023,0,Tahun,73.39,330049401230,2025-05-15 15:16:29
human_development_index_new_method,494,[Metode Baru] Indeks Pembangunan Manusia (IPM) menurut Provinsi,,Indeks Pembangunan Manusia,0000,3400,DI YOGYAKARTA,0,Tidak ada,123,2023,0,Tahun,81.07,340049401230,2025-05-15 15:16:29
human_development_index_new_method,494,[Metode Baru] Indeks Pembangunan Manusia (IPM) menurut Provinsi,,Indeks Pembangunan Manusia,0000,3500,JAWA TIMUR,0,Tidak ada,123,2023,0,Tahun,73.38,350049401230,2025-05-15 15:16:29
human_development_index_new_method,494,[Metode Baru] Indeks Pembangunan Manusia (IPM) menurut Provinsi,,Indeks Pembangunan Manusia,0000,3600,BANTEN,0,Tidak ada,123,2023,0,Tahun,73.87,360049401230,2025-05-15 15:16:29
human_development_index_new_method,494,[Metode Baru] Indeks Pembangunan Manusia (IPM) menurut Provinsi,,Indeks Pembangunan Manusia,0000,5100,BALI,0,Tidak ada,123,2023,0,Tahun,77.1,510049401230,2025-05-15 15:16:29
human_development_index_new_method,494,[Metode Baru] Indeks Pembangunan Manusia (IPM) menurut Provinsi,,Indeks Pembangunan Manusia,0000,5200,NUSA TENGGARA BARAT,0,Tidak ada,123,2023,0,Tahun,70.2,520049401230,2025-05-15 15:16:29
human_development_index_new_method,494,[Metode Baru] Indeks Pembangunan Manusia (IPM) menurut Provinsi,,Indeks Pembangunan Manusia,0000,5300,NUSA TENGGARA TIMUR,0,Tidak ada,123,2023,0,Tahun,66.68,530049401230,2025-05-15 15:16:29
human_development_index_new_method,494,[Metode Baru] Indeks Pembangunan Manusia (IPM) menurut Provinsi,,Indeks Pembangunan Manusia,0000,6100,KALIMANTAN BARAT,0,Tidak ada,123,2023,0,Tahun,69.41,610049401230,2025-05-15 15:16:29
human_development_index_new_method,494,[Metode Baru] Indeks Pembangunan Manusia (IPM) menurut Provinsi,,Indeks Pembangunan Manusia,0000,6200,KALIMANTAN TENGAH,0,Tidak ada,123,2023,0,Tahun,72.2,620049401230,2025-05-15 15:16:29
human_development_index_new_method,494,[Metode Baru] Indeks Pembangunan Manusia (IPM) menurut Provinsi,,Indeks Pembangunan Manusia,0000,6300,KALIMANTAN SELATAN,0,Tidak ada,123,2023,0,Tahun,72.5,630049401230,2025-05-15 15:16:29
human_development_index_new_method,494,[Metode Baru] Indeks Pembangunan Manusia (IPM) menurut Provinsi,,Indeks Pembangunan Manusia,0000,6400,KALIMANTAN TIMUR,0,Tidak ada,123,2023,0,Tahun,78.2,640049401230,2025-05-15 15:16:29
human_development_index_new_method,494,[Metode Baru] Indeks Pembangunan Manusia (IPM) menurut Provinsi,,Indeks Pembangunan Manusia,0000,6500,KALIMANTAN UTARA,0,Tidak ada,123,2023,0,Tahun,72.49,650049401230,2025-05-15 15:16:29
human_development_index_new_method,494,[Metode Baru] Indeks Pembangunan Manusia (IPM) menurut Provinsi,,Indeks Pembangunan Manusia,0000,7100,SULAWESI UTARA,0,Tidak ada,123,2023,0,Tahun,74.36,710049401230,2025-05-15 15:16:29
human_development_index_new_method,494,[Metode Baru] Indeks Pembangunan Manusia (IPM) menurut Provinsi,,Indeks Pembangunan Manusia,0000,7200,SULAWESI TENGAH,0,Tidak ada,123,2023,0,Tahun,70.95,720049401230,2025-05-15 15:16:29
human_development_index_new_method,494,[Metode Baru] Indeks Pembangunan Manusia (IPM) menurut Provinsi,,Indeks Pembangunan Manusia,0000,7300,SULAWESI SELATAN,0,Tidak ada,123,2023,0,Tahun,73.46,730049401230,2025-05-15 15:16:29
human_development_index_new_method,494,[Metode Baru] Indeks Pembangunan Manusia (IPM) menurut Provinsi,,Indeks Pembangunan Manusia,0000,7400,SULAWESI TENGGARA,0,Tidak ada,123,2023,0,Tahun,72.79,740049401230,2025-05-15 15:16:29
human_development_index_new_method,494,[Metode Baru] Indeks Pembangunan Manusia (IPM) menurut Provinsi,,Indeks Pembangunan Manusia,0000,7500,GORONTALO,0,Tidak ada,123,2023,0,Tahun,70.45,750049401230,2025-05-15 15:16:29
human_development_index_new_method,494,[Metode Baru] Indeks Pembangunan Manusia (IPM) menurut Provinsi,,Indeks Pembangunan Manusia,0000,7600,SULAWESI BARAT,0,Tidak ada,123,2023,0,Tahun,67.55,760049401230,2025-05-15 15:16:29
human_development_index_new_method,494,[Metode Baru] Indeks Pembangunan Manusia (IPM) menurut Provinsi,,Indeks Pembangunan Manusia,0000,8100,MALUKU,0,Tidak ada,123,2023,0,Tahun,70.94,810049401230,2025-05-15 15:16:29
human_development_index_new_method,494,[Metode Baru] Indeks Pembangunan Manusia (IPM) menurut Provinsi,,Indeks Pembangunan Manusia,0000,8200,MALUKU UTARA,0,Tidak ada,123,2023,0,Tahun,70.21,820049401230,2025-05-15 15:16:29
human_development_index_new_method,494,[Metode Baru] Indeks Pembangunan Manusia (IPM) menurut Provinsi,,Indeks Pembangunan Manusia,0000,9100,PAPUA BARAT,0,Tidak ada,123,2023,0,Tahun,66.16,910049401230,2025-05-15 15:16:29
human_development_index_new_method,494,[Metode Baru] Indeks Pembangunan Manusia (IPM) menurut Provinsi,,Indeks Pembangunan Manusia,0000,9200,PAPUA BARAT DAYA,0,Tidak ada,123,2023,0,Tahun,68.05,920049401230,2025-05-15 15:16:29
human_development_index_new_method,494,[Metode Baru] Indeks Pembangunan Manusia (IPM) menurut Provinsi,,Indeks Pembangunan Manusia,0000,9400,PAPUA,0,Tidak ada,123,2023,0,Tahun,72.41,940049401230,2025-05-15 15:16:29
human_development_index_new_method,494,[Metode Baru] Indeks Pembangunan Manusia (IPM) menurut Provinsi,,Indeks Pembangunan Manusia,0000,9500,PAPUA SELATAN,0,Tidak ada,123,2023,0,Tahun,67.27,950049401230,2025-05-15 15:16:29
human_development_index_new_method,494,[Metode Baru] Indeks Pembangunan Manusia (IPM) menurut Provinsi,,Indeks Pembangunan Manusia,0000,9600,PAPUA TENGAH,0,Tidak ada,123,2023,0,Tahun,58.93,960049401230,2025-05-15 15:16:29
human_development_index_new_method,494,[Metode Baru] Indeks Pembangunan Manusia (IPM) menurut Provinsi,,Indeks Pembangunan Manusia,0000,9700,PAPUA PEGUNUNGAN,0,Tidak ada,123,2023,0,Tahun,52.45,970049401230,2025-05-15 15:16:29
human_development_index_new_method,494,[Metode Baru] Indeks Pembangunan Manusia (IPM) menurut Provinsi,,Indeks Pembangunan Manusia,0000,9999,INDONESIA,0,Tidak ada,123,2023,0,Tahun,73.55,999949401230,2025-05-15 15:16:29
human_development_index_new_method,494,[Metode Baru] Indeks Pembangunan Manusia (IPM) menurut Provinsi,,Indeks Pembangunan Manusia,0000,1100,ACEH,0,Tidak ada,122,2022,0,Tahun,72.8,110049401220,2025-05-15 15:16:29
human_development_index_new_method,494,[Metode Baru] Indeks Pembangunan Manusia (IPM) menurut Provinsi,,Indeks Pembangunan Manusia,0000,1200,SUMATERA UTARA,0,Tidak ada,122,2022,0,Tahun,72.71,120049401220,2025-05-15 15:16:29
human_development_index_new_method,494,[Metode Baru] Indeks Pembangunan Manusia (IPM) menurut Provinsi,,Indeks Pembangunan Manusia,0000,1300,SUMATERA BARAT,0,Tidak ada,122,2022,0,Tahun,73.26,130049401220,2025-05-15 15:16:29
human_development_index_new_method,494,[Metode Baru] Indeks Pembangunan Manusia (IPM) menurut Provinsi,,Indeks Pembangunan Manusia,0000,1400,RIAU,0,Tidak ada,122,2022,0,Tahun,73.52,140049401220,2025-05-15 15:16:29
human_development_index_new_method,494,[Metode Baru] Indeks Pembangunan Manusia (IPM) menurut Provinsi,,Indeks Pembangunan Manusia,0000,1500,JAMBI,0,Tidak ada,122,2022,0,Tahun,72.14,150049401220,2025-05-15 15:16:29
human_development_index_new_method,494,[Metode Baru] Indeks Pembangunan Manusia (IPM) menurut Provinsi,,Indeks Pembangunan Manusia,0000,1600,SUMATERA SELATAN,0,Tidak ada,122,2022,0,Tahun,70.9,160049401220,2025-05-15 15:16:29
human_development_index_new_method,494,[Metode Baru] Indeks Pembangunan Manusia (IPM) menurut Provinsi,,Indeks Pembangunan Manusia,0000,1700,BENGKULU,0,Tidak ada,122,2022,0,Tahun,72.16,170049401220,2025-05-15 15:16:29
human_development_index_new_method,494,[Metode Baru] Indeks Pembangunan Manusia (IPM) menurut Provinsi,,Indeks Pembangunan Manusia,0000,1800,LAMPUNG,0,Tidak ada,122,2022,0,Tahun,70.45,180049401220,2025-05-15 15:16:29
human_development_index_new_method,494,[Metode Baru] Indeks Pembangunan Manusia (IPM) menurut Provinsi,,Indeks Pembangunan Manusia,0000,1900,KEP. BANGKA BELITUNG,0,Tidak ada,122,2022,0,Tahun,72.24,190049401220,2025-05-15 15:16:29
human_development_index_new_method,494,[Metode Baru] Indeks Pembangunan Manusia (IPM) menurut Provinsi,,Indeks Pembangunan Manusia,0000,2100,KEP. RIAU,0,Tidak ada,122,2022,0,Tahun,76.46,210049401220,2025-05-15 15:16:29
human_development_index_new_method,494,[Metode Baru] Indeks Pembangunan Manusia (IPM) menurut Provinsi,,Indeks Pembangunan Manusia,0000,3100,DKI JAKARTA,0,Tidak ada,122,2022,0,Tahun,81.65,310049401220,2025-05-15 15:16:29
human_development_index_new_method,494,[Metode Baru] Indeks Pembangunan Manusia (IPM) menurut Provinsi,,Indeks Pembangunan Manusia,0000,3200,JAWA BARAT,0,Tidak ada,122,2022,0,Tahun,73.12,320049401220,2025-05-15 15:16:29
human_development_index_new_method,494,[Metode Baru] Indeks Pembangunan Manusia (IPM) menurut Provinsi,,Indeks Pembangunan Manusia,0000,3300,JAWA TENGAH,0,Tidak ada,122,2022,0,Tahun,72.79,330049401220,2025-05-15 15:16:29
human_development_index_new_method,494,[Metode Baru] Indeks Pembangunan Manusia (IPM) menurut Provinsi,,Indeks Pembangunan Manusia,0000,3400,DI YOGYAKARTA,0,Tidak ada,122,2022,0,Tahun,80.64,340049401220,2025-05-15 15:16:29
human_development_index_new_method,494,[Metode Baru] Indeks Pembangunan Manusia (IPM) menurut Provinsi,,Indeks Pembangunan Manusia,0000,3500,JAWA TIMUR,0,Tidak ada,122,2022,0,Tahun,72.75,350049401220,2025-05-15 15:16:29
human_development_index_new_method,494,[Metode Baru] Indeks Pembangunan Manusia (IPM) menurut Provinsi,,Indeks Pembangunan Manusia,0000,3600,BANTEN,0,Tidak ada,122,2022,0,Tahun,73.32,360049401220,2025-05-15 15:16:29
human_development_index_new_method,494,[Metode Baru] Indeks Pembangunan Manusia (IPM) menurut Provinsi,,Indeks Pembangunan Manusia,0000,5100,BALI,0,Tidak ada,122,2022,0,Tahun,76.44,510049401220,2025-05-15 15:16:29
human_development_index_new_method,494,[Metode Baru] Indeks Pembangunan Manusia (IPM) menurut Provinsi,,Indeks Pembangunan Manusia,0000,5200,NUSA TENGGARA BARAT,0,Tidak ada,122,2022,0,Tahun,69.46,520049401220,2025-05-15 15:16:29
human_development_index_new_method,494,[Metode Baru] Indeks Pembangunan Manusia (IPM) menurut Provinsi,,Indeks Pembangunan Manusia,0000,5300,NUSA TENGGARA TIMUR,0,Tidak ada,122,2022,0,Tahun,65.9,530049401220,2025-05-15 15:16:29
human_development_index_new_method,494,[Metode Baru] Indeks Pembangunan Manusia (IPM) menurut Provinsi,,Indeks Pembangunan Manusia,0000,6100,KALIMANTAN BARAT,0,Tidak ada,122,2022,0,Tahun,68.63,610049401220,2025-05-15 15:16:29
human_development_index_new_method,494,[Metode Baru] Indeks Pembangunan Manusia (IPM) menurut Provinsi,,Indeks Pembangunan Manusia,0000,6200,KALIMANTAN TENGAH,0,Tidak ada,122,2022,0,Tahun,71.63,620049401220,2025-05-15 15:16:29
human_development_index_new_method,494,[Metode Baru] Indeks Pembangunan Manusia (IPM) menurut Provinsi,,Indeks Pembangunan Manusia,0000,6300,KALIMANTAN SELATAN,0,Tidak ada,122,2022,0,Tahun,71.84,630049401220,2025-05-15 15:16:29
human_development_index_new_method,494,[Metode Baru] Indeks Pembangunan Manusia (IPM) menurut Provinsi,,Indeks Pembangunan Manusia,0000,6400,KALIMANTAN TIMUR,0,Tidak ada,122,2022,0,Tahun,77.44,640049401220,2025-05-15 15:16:29
human_development_index_new_method,494,[Metode Baru] Indeks Pembangunan Manusia (IPM) menurut Provinsi,,Indeks Pembangunan Manusia,0000,6500,KALIMANTAN UTARA,0,Tidak ada,122,2022,0,Tahun,71.83,650049401220,2025-05-15 15:16:29
human_development_index_new_method,494,[Metode Baru] Indeks Pembangunan Manusia (IPM) menurut Provinsi,,Indeks Pembangunan Manusia,0000,7100,SULAWESI UTARA,0,Tidak ada,122,2022,0,Tahun,73.81,710049401220,2025-05-15 15:16:29
human_development_index_new_method,494,[Metode Baru] Indeks Pembangunan Manusia (IPM) menurut Provinsi,,Indeks Pembangunan Manusia,0000,7200,SULAWESI TENGAH,0,Tidak ada,122,2022,0,Tahun,70.28,720049401220,2025-05-15 15:16:29
human_development_index_new_method,494,[Metode Baru] Indeks Pembangunan Manusia (IPM) menurut Provinsi,,Indeks Pembangunan Manusia,0000,7300,SULAWESI SELATAN,0,Tidak ada,122,2022,0,Tahun,72.82,730049401220,2025-05-15 15:16:29
human_development_index_new_method,494,[Metode Baru] Indeks Pembangunan Manusia (IPM) menurut Provinsi,,Indeks Pembangunan Manusia,0000,7400,SULAWESI TENGGARA,0,Tidak ada,122,2022,0,Tahun,72.23,740049401220,2025-05-15 15:16:29
human_development_index_new_method,494,[Metode Baru] Indeks Pembangunan Manusia (IPM) menurut Provinsi,,Indeks Pembangunan Manusia,0000,7500,GORONTALO,0,Tidak ada,122,2022,0,Tahun,69.81,750049401220,2025-05-15 15:16:29
human_development_index_new_method,494,[Metode Baru] Indeks Pembangunan Manusia (IPM) menurut Provinsi,,Indeks Pembangunan Manusia,0000,7600,SULAWESI BARAT,0,Tidak ada,122,2022,0,Tahun,66.92,760049401220,2025-05-15 15:16:29
human_development_index_new_method,494,[Metode Baru] Indeks Pembangunan Manusia (IPM) menurut Provinsi,,Indeks Pembangunan Manusia,0000,8100,MALUKU,0,Tidak ada,122,2022,0,Tahun,70.22,810049401220,2025-05-15 15:16:29
human_development_index_new_method,494,[Metode Baru] Indeks Pembangunan Manusia (IPM) menurut Provinsi,,Indeks Pembangunan Manusia,0000,8200,MALUKU UTARA,0,Tidak ada,122,2022,0,Tahun,69.47,820049401220,2025-05-15 15:16:29
human_development_index_new_method,494,[Metode Baru] Indeks Pembangunan Manusia (IPM) menurut Provinsi,,Indeks Pembangunan Manusia,0000,9100,PAPUA BARAT,0,Tidak ada,122,2022,0,Tahun,65.16,910049401220,2025-05-15 15:16:29
human_development_index_new_method,494,[Metode Baru] Indeks Pembangunan Manusia (IPM) menurut Provinsi,,Indeks Pembangunan Manusia,0000,9200,PAPUA BARAT DAYA,0,Tidak ada,122,2022,0,Tahun,67.59,920049401220,2025-05-15 15:16:29
human_development_index_new_method,494,[Metode Baru] Indeks Pembangunan Manusia (IPM) menurut Provinsi,,Indeks Pembangunan Manusia,0000,9400,PAPUA,0,Tidak ada,122,2022,0,Tahun,71.76,940049401220,2025-05-15 15:16:29
human_development_index_new_method,494,[Metode Baru] Indeks Pembangunan Manusia (IPM) menurut Provinsi,,Indeks Pembangunan Manusia,0000,9500,PAPUA SELATAN,0,Tidak ada,122,2022,0,Tahun,65.74,950049401220,2025-05-15 15:16:29
human_development_index_new_method,494,[Metode Baru] Indeks Pembangunan Manusia (IPM) menurut Provinsi,,Indeks Pembangunan Manusia,0000,9600,PAPUA TENGAH,0,Tidak ada,122,2022,0,Tahun,58.25,960049401220,2025-05-15 15:16:29
human_development_index_new_method,494,[Metode Baru] Indeks Pembangunan Manusia (IPM) menurut Provinsi,,Indeks Pembangunan Manusia,0000,9700,PAPUA PEGUNUNGAN,0,Tidak ada,122,2022,0,Tahun,51.7,970049401220,2025-05-15 15:16:29
human_development_index_new_method,494,[Metode Baru] Indeks Pembangunan Manusia (IPM) menurut Provinsi,,Indeks Pembangunan Manusia,0000,9999,INDONESIA,0,Tidak ada,122,2022,0,Tahun,72.91,999949401220,2025-05-15 15:16:29
human_development_index_new_method,494,[Metode Baru] Indeks Pembangunan Manusia (IPM) menurut Provinsi,,Indeks Pembangunan Manusia,0000,1100,ACEH,0,Tidak ada,121,2021,0,Tahun,72.18,110049401210,2025-05-15 15:16:29
human_development_index_new_method,494,[Metode Baru] Indeks Pembangunan Manusia (IPM) menurut Provinsi,,Indeks Pembangunan Manusia,0000,1200,SUMATERA UTARA,0,Tidak ada,121,2021,0,Tahun,72,120049401210,2025-05-15 15:16:29
human_development_index_new_method,494,[Metode Baru] Indeks Pembangunan Manusia (IPM) menurut Provinsi,,Indeks Pembangunan Manusia,0000,1300,SUMATERA BARAT,0,Tidak ada,121,2021,0,Tahun,72.65,130049401210,2025-05-15 15:16:29
human_development_index_new_method,494,[Metode Baru] Indeks Pembangunan Manusia (IPM) menurut Provinsi,,Indeks Pembangunan Manusia,0000,1400,RIAU,0,Tidak ada,121,2021,0,Tahun,72.94,140049401210,2025-05-15 15:16:29
human_development_index_new_method,494,[Metode Baru] Indeks Pembangunan Manusia (IPM) menurut Provinsi,,Indeks Pembangunan Manusia,0000,1500,JAMBI,0,Tidak ada,121,2021,0,Tahun,71.63,150049401210,2025-05-15 15:16:29
human_development_index_new_method,494,[Metode Baru] Indeks Pembangunan Manusia (IPM) menurut Provinsi,,Indeks Pembangunan Manusia,0000,1600,SUMATERA SELATAN,0,Tidak ada,121,2021,0,Tahun,70.24,160049401210,2025-05-15 15:16:29
human_development_index_new_method,494,[Metode Baru] Indeks Pembangunan Manusia (IPM) menurut Provinsi,,Indeks Pembangunan Manusia,0000,1700,BENGKULU,0,Tidak ada,121,2021,0,Tahun,71.64,170049401210,2025-05-15 15:16:29
human_development_index_new_method,494,[Metode Baru] Indeks Pembangunan Manusia (IPM) menurut Provinsi,,Indeks Pembangunan Manusia,0000,1800,LAMPUNG,0,Tidak ada,121,2021,0,Tahun,69.9,180049401210,2025-05-15 15:16:29
human_development_index_new_method,494,[Metode Baru] Indeks Pembangunan Manusia (IPM) menurut Provinsi,,Indeks Pembangunan Manusia,0000,1900,KEP. BANGKA BELITUNG,0,Tidak ada,121,2021,0,Tahun,71.69,190049401210,2025-05-15 15:16:29
human_development_index_new_method,494,[Metode Baru] Indeks Pembangunan Manusia (IPM) menurut Provinsi,,Indeks Pembangunan Manusia,0000,2100,KEP. RIAU,0,Tidak ada,121,2021,0,Tahun,75.79,210049401210,2025-05-15 15:16:29
human_development_index_new_method,494,[Metode Baru] Indeks Pembangunan Manusia (IPM) menurut Provinsi,,Indeks Pembangunan Manusia,0000,3100,DKI JAKARTA,0,Tidak ada,121,2021,0,Tahun,81.11,310049401210,2025-05-15 15:16:29
human_development_index_new_method,494,[Metode Baru] Indeks Pembangunan Manusia (IPM) menurut Provinsi,,Indeks Pembangunan Manusia,0000,3200,JAWA BARAT,0,Tidak ada,121,2021,0,Tahun,72.45,320049401210,2025-05-15 15:16:29
human_development_index_new_method,494,[Metode Baru] Indeks Pembangunan Manusia (IPM) menurut Provinsi,,Indeks Pembangunan Manusia,0000,3300,JAWA TENGAH,0,Tidak ada,121,2021,0,Tahun,72.16,330049401210,2025-05-15 15:16:29
human_development_index_new_method,494,[Metode Baru] Indeks Pembangunan Manusia (IPM) menurut Provinsi,,Indeks Pembangunan Manusia,0000,3400,DI YOGYAKARTA,0,Tidak ada,121,2021,0,Tahun,80.22,340049401210,2025-05-15 15:16:29
human_development_index_new_method,494,[Metode Baru] Indeks Pembangunan Manusia (IPM) menurut Provinsi,,Indeks Pembangunan Manusia,0000,3500,JAWA TIMUR,0,Tidak ada,121,2021,0,Tahun,72.14,350049401210,2025-05-15 15:16:29
human_development_index_new_method,494,[Metode Baru] Indeks Pembangunan Manusia (IPM) menurut Provinsi,,Indeks Pembangunan Manusia,0000,3600,BANTEN,0,Tidak ada,121,2021,0,Tahun,72.72,360049401210,2025-05-15 15:16:29
human_development_index_new_method,494,[Metode Baru] Indeks Pembangunan Manusia (IPM) menurut Provinsi,,Indeks Pembangunan Manusia,0000,5100,BALI,0,Tidak ada,121,2021,0,Tahun,75.69,510049401210,2025-05-15 15:16:29
human_development_index_new_method,494,[Metode Baru] Indeks Pembangunan Manusia (IPM) menurut Provinsi,,Indeks Pembangunan Manusia,0000,5200,NUSA TENGGARA BARAT,0,Tidak ada,121,2021,0,Tahun,68.65,520049401210,2025-05-15 15:16:29
human_development_index_new_method,494,[Metode Baru] Indeks Pembangunan Manusia (IPM) menurut Provinsi,,Indeks Pembangunan Manusia,0000,5300,NUSA TENGGARA TIMUR,0,Tidak ada,121,2021,0,Tahun,65.28,530049401210,2025-05-15 15:16:29
human_development_index_new_method,494,[Metode Baru] Indeks Pembangunan Manusia (IPM) menurut Provinsi,,Indeks Pembangunan Manusia,0000,6100,KALIMANTAN BARAT,0,Tidak ada,121,2021,0,Tahun,67.9,610049401210,2025-05-15 15:16:29
human_development_index_new_method,494,[Metode Baru] Indeks Pembangunan Manusia (IPM) menurut Provinsi,,Indeks Pembangunan Manusia,0000,6200,KALIMANTAN TENGAH,0,Tidak ada,121,2021,0,Tahun,71.25,620049401210,2025-05-15 15:16:29
human_development_index_new_method,494,[Metode Baru] Indeks Pembangunan Manusia (IPM) menurut Provinsi,,Indeks Pembangunan Manusia,0000,6300,KALIMANTAN SELATAN,0,Tidak ada,121,2021,0,Tahun,71.28,630049401210,2025-05-15 15:16:29
human_development_index_new_method,494,[Metode Baru] Indeks Pembangunan Manusia (IPM) menurut Provinsi,,Indeks Pembangunan Manusia,0000,6400,KALIMANTAN TIMUR,0,Tidak ada,121,2021,0,Tahun,76.88,640049401210,2025-05-15 15:16:29
human_development_index_new_method,494,[Metode Baru] Indeks Pembangunan Manusia (IPM) menurut Provinsi,,Indeks Pembangunan Manusia,0000,6500,KALIMANTAN UTARA,0,Tidak ada,121,2021,0,Tahun,71.19,650049401210,2025-05-15 15:16:29
human_development_index_new_method,494,[Metode Baru] Indeks Pembangunan Manusia (IPM) menurut Provinsi,,Indeks Pembangunan Manusia,0000,7100,SULAWESI UTARA,0,Tidak ada,121,2021,0,Tahun,73.3,710049401210,2025-05-15 15:16:29
human_development_index_new_method,494,[Metode Baru] Indeks Pembangunan Manusia (IPM) menurut Provinsi,,Indeks Pembangunan Manusia,0000,7200,SULAWESI TENGAH,0,Tidak ada,121,2021,0,Tahun,69.79,720049401210,2025-05-15 15:16:29
human_development_index_new_method,494,[Metode Baru] Indeks Pembangunan Manusia (IPM) menurut Provinsi,,Indeks Pembangunan Manusia,0000,7300,SULAWESI SELATAN,0,Tidak ada,121,2021,0,Tahun,72.24,730049401210,2025-05-15 15:16:29
human_development_index_new_method,494,[Metode Baru] Indeks Pembangunan Manusia (IPM) menurut Provinsi,,Indeks Pembangunan Manusia,0000,7400,SULAWESI TENGGARA,0,Tidak ada,121,2021,0,Tahun,71.66,740049401210,2025-05-15 15:16:29
human_development_index_new_method,494,[Metode Baru] Indeks Pembangunan Manusia (IPM) menurut Provinsi,,Indeks Pembangunan Manusia,0000,7500,GORONTALO,0,Tidak ada,121,2021,0,Tahun,69,750049401210,2025-05-15 15:16:29
human_development_index_new_method,494,[Metode Baru] Indeks Pembangunan Manusia (IPM) menurut Provinsi,,Indeks Pembangunan Manusia,0000,7600,SULAWESI BARAT,0,Tidak ada,121,2021,0,Tahun,66.36,760049401210,2025-05-15 15:16:29
human_development_index_new_method,494,[Metode Baru] Indeks Pembangunan Manusia (IPM) menurut Provinsi,,Indeks Pembangunan Manusia,0000,8100,MALUKU,0,Tidak ada,121,2021,0,Tahun,69.71,810049401210,2025-05-15 15:16:29
human_development_index_new_method,494,[Metode Baru] Indeks Pembangunan Manusia (IPM) menurut Provinsi,,Indeks Pembangunan Manusia,0000,8200,MALUKU UTARA,0,Tidak ada,121,2021,0,Tahun,68.76,820049401210,2025-05-15 15:16:29
human_development_index_new_method,494,[Metode Baru] Indeks Pembangunan Manusia (IPM) menurut Provinsi,,Indeks Pembangunan Manusia,0000,9100,PAPUA BARAT,0,Tidak ada,121,2021,0,Tahun,65.26,910049401210,2025-05-15 15:16:29
human_development_index_new_method,494,[Metode Baru] Indeks Pembangunan Manusia (IPM) menurut Provinsi,,Indeks Pembangunan Manusia,0000,9400,PAPUA,0,Tidak ada,121,2021,0,Tahun,60.62,940049401210,2025-05-15 15:16:29
human_development_index_new_method,494,[Metode Baru] Indeks Pembangunan Manusia (IPM) menurut Provinsi,,Indeks Pembangunan Manusia,0000,9999,INDONESIA,0,Tidak ada,121,2021,0,Tahun,72.29,999949401210,2025-05-15 15:16:29
gini_ratio,98,Gini Ratio Menurut Provinsi dan Daerah,,Kemiskinan dan Ketimpangan,0000,1100,ACEH,189,Perkotaan,124,2024,61,Semester 1 (Maret),0.325,11009818912461,2026-02-05 12:47:23
gini_ratio,98,Gini Ratio Menurut Provinsi dan Daerah,,Kemiskinan dan Ketimpangan,0000,1100,ACEH,189,Perkotaan,124,2024,62,Semester 2 (September),0.332,11009818912462,2026-02-05 12:47:23
gini_ratio,98,Gini Ratio Menurut Provinsi dan Daerah,,Kemiskinan dan Ketimpangan,0000,1100,ACEH,190,Perdesaan,124,2024,61,Semester 1 (Maret),0.258,11009819012461,2026-02-05 12:47:23
gini_ratio,98,Gini Ratio Menurut Provinsi dan Daerah,,Kemiskinan dan Ketimpangan,0000,1100,ACEH,190,Perdesaan,124,2024,62,Semester 2 (September),0.253,11009819012462,2026-02-05 12:47:23
gini_ratio,98,Gini Ratio Menurut Provinsi dan Daerah,,Kemiskinan dan Ketimpangan,0000,1100,ACEH,191,Perkotaan+Perdesaan,124,2024,61,Semester 1 (Maret),0.294,11009819112461,2026-02-05 12:47:23
gini_ratio,98,Gini Ratio Menurut Provinsi dan Daerah,,Kemiskinan dan Ketimpangan,0000,1100,ACEH,191,Perkotaan+Perdesaan,124,2024,62,Semester 2 (September),0.294,11009819112462,2026-02-05 12:47:23
gini_ratio,98,Gini Ratio Menurut Provinsi dan Daerah,,Kemiskinan dan Ketimpangan,0000,1200,SUMATERA UTARA,189,Perkotaan,124,2024,61,Semester 1 (Maret),0.325,12009818912461,2026-02-05 12:47:23
gini_ratio,98,Gini Ratio Menurut Provinsi dan Daerah,,Kemiskinan dan Ketimpangan,0000,1200,SUMATERA UTARA,189,Perkotaan,124,2024,62,Semester 2 (September),0.333,12009818912462,2026-02-05 12:47:23
gini_ratio,98,Gini Ratio Menurut Provinsi dan Daerah,,Kemiskinan dan Ketimpangan,0000,1200,SUMATERA UTARA,190,Perdesaan,124,2024,61,Semester 1 (Maret),0.23,12009819012461,2026-02-05 12:47:23
gini_ratio,98,Gini Ratio Menurut Provinsi dan Daerah,,Kemiskinan dan Ketimpangan,0000,1200,SUMATERA UTARA,190,Perdesaan,124,2024,62,Semester 2 (September),0.236,12009819012462,2026-02-05 12:47:23
gini_ratio,98,Gini Ratio Menurut Provinsi dan Daerah,,Kemiskinan dan Ketimpangan,0000,1200,SUMATERA UTARA,191,Perkotaan+Perdesaan,124,2024,61,Semester 1 (Maret),0.297,12009819112461,2026-02-05 12:47:23
gini_ratio,98,Gini Ratio Menurut Provinsi dan Daerah,,Kemiskinan dan Ketimpangan,0000,1200,SUMATERA UTARA,191,Perkotaan+Perdesaan,124,2024,62,Semester 2 (September),0.306,12009819112462,2026-02-05 12:47:23
gini_ratio,98,Gini Ratio Menurut Provinsi dan Daerah,,Kemiskinan dan Ketimpangan,0000,1300,SUMATERA BARAT,189,Perkotaan,124,2024,61,Semester 1 (Maret),0.31,13009818912461,2026-02-05 12:47:23
gini_ratio,98,Gini Ratio Menurut Provinsi dan Daerah,,Kemiskinan dan Ketimpangan,0000,1300,SUMATERA BARAT,189,Perkotaan,124,2024,62,Semester 2 (September),0.313,13009818912462,2026-02-05 12:47:23
gini_ratio,98,Gini Ratio Menurut Provinsi dan Daerah,,Kemiskinan dan Ketimpangan,0000,1300,SUMATERA BARAT,190,Perdesaan,124,2024,61,Semester 1 (Maret),0.228,13009819012461,2026-02-05 12:47:23
gini_ratio,98,Gini Ratio Menurut Provinsi dan Daerah,,Kemiskinan dan Ketimpangan,0000,1300,SUMATERA BARAT,190,Perdesaan,124,2024,62,Semester 2 (September),0.226,13009819012462,2026-02-05 12:47:23
gini_ratio,98,Gini Ratio Menurut Provinsi dan Daerah,,Kemiskinan dan Ketimpangan,0000,1300,SUMATERA BARAT,191,Perkotaan+Perdesaan,124,2024,61,Semester 1 (Maret),0.283,13009819112461,2026-02-05 12:47:23
gini_ratio,98,Gini Ratio Menurut Provinsi dan Daerah,,Kemiskinan dan Ketimpangan,0000,1300,SUMATERA BARAT,191,Perkotaan+Perdesaan,124,2024,62,Semester 2 (September),0.287,13009819112462,2026-02-05 12:47:23
gini_ratio,98,Gini Ratio Menurut Provinsi dan Daerah,,Kemiskinan dan Ketimpangan,0000,1400,RIAU,189,Perkotaan,124,2024,61,Semester 1 (Maret),0.345,14009818912461,2026-02-05 12:47:23
gini_ratio,98,Gini Ratio Menurut Provinsi dan Daerah,,Kemiskinan dan Ketimpangan,0000,1400,RIAU,189,Perkotaan,124,2024,62,Semester 2 (September),0.333,14009818912462,2026-02-05 12:47:23
gini_ratio,98,Gini Ratio Menurut Provinsi dan Daerah,,Kemiskinan dan Ketimpangan,0000,1400,RIAU,190,Perdesaan,124,2024,61,Semester 1 (Maret),0.267,14009819012461,2026-02-05 12:47:23
gini_ratio,98,Gini Ratio Menurut Provinsi dan Daerah,,Kemiskinan dan Ketimpangan,0000,1400,RIAU,190,Perdesaan,124,2024,62,Semester 2 (September),0.271,14009819012462,2026-02-05 12:47:23
gini_ratio,98,Gini Ratio Menurut Provinsi dan Daerah,,Kemiskinan dan Ketimpangan,0000,1400,RIAU,191,Perkotaan+Perdesaan,124,2024,61,Semester 1 (Maret),0.307,14009819112461,2026-02-05 12:47:23
gini_ratio,98,Gini Ratio Menurut Provinsi dan Daerah,,Kemiskinan dan Ketimpangan,0000,1400,RIAU,191,Perkotaan+Perdesaan,124,2024,62,Semester 2 (September),0.306,14009819112462,2026-02-05 12:47:23
gini_ratio,98,Gini Ratio Menurut Provinsi dan Daerah,,Kemiskinan dan Ketimpangan,0000,1500,JAMBI,189,Perkotaan,124,2024,61,Semester 1 (Maret),0.36,15009818912461,2026-02-05 12:47:23
gini_ratio,98,Gini Ratio Menurut Provinsi dan Daerah,,Kemiskinan dan Ketimpangan,0000,1500,JAMBI,189,Perkotaan,124,2024,62,Semester 2 (September),0.353,15009818912462,2026-02-05 12:47:23
gini_ratio,98,Gini Ratio Menurut Provinsi dan Daerah,,Kemiskinan dan Ketimpangan,0000,1500,JAMBI,190,Perdesaan,124,2024,61,Semester 1 (Maret),0.288,15009819012461,2026-02-05 12:47:23
gini_ratio,98,Gini Ratio Menurut Provinsi dan Daerah,,Kemiskinan dan Ketimpangan,0000,1500,JAMBI,190,Perdesaan,124,2024,62,Semester 2 (September),0.279,15009819012462,2026-02-05 12:47:23
gini_ratio,98,Gini Ratio Menurut Provinsi dan Daerah,,Kemiskinan dan Ketimpangan,0000,1500,JAMBI,191,Perkotaan+Perdesaan,124,2024,61,Semester 1 (Maret),0.321,15009819112461,2026-02-05 12:47:23
gini_ratio,98,Gini Ratio Menurut Provinsi dan Daerah,,Kemiskinan dan Ketimpangan,0000,1500,JAMBI,191,Perkotaan+Perdesaan,124,2024,62,Semester 2 (September),0.315,15009819112462,2026-02-05 12:47:23
gini_ratio,98,Gini Ratio Menurut Provinsi dan Daerah,,Kemiskinan dan Ketimpangan,0000,1600,SUMATERA SELATAN,189,Perkotaan,124,2024,61,Semester 1 (Maret),0.352,16009818912461,2026-02-05 12:47:23
gini_ratio,98,Gini Ratio Menurut Provinsi dan Daerah,,Kemiskinan dan Ketimpangan,0000,1600,SUMATERA SELATAN,189,Perkotaan,124,2024,62,Semester 2 (September),0.357,16009818912462,2026-02-05 12:47:23
gini_ratio,98,Gini Ratio Menurut Provinsi dan Daerah,,Kemiskinan dan Ketimpangan,0000,1600,SUMATERA SELATAN,190,Perdesaan,124,2024,61,Semester 1 (Maret),0.305,16009819012461,2026-02-05 12:47:23
gini_ratio,98,Gini Ratio Menurut Provinsi dan Daerah,,Kemiskinan dan Ketimpangan,0000,1600,SUMATERA SELATAN,190,Perdesaan,124,2024,62,Semester 2 (September),0.3,16009819012462,2026-02-05 12:47:23
gini_ratio,98,Gini Ratio Menurut Provinsi dan Daerah,,Kemiskinan dan Ketimpangan,0000,1600,SUMATERA SELATAN,191,Perkotaan+Perdesaan,124,2024,61,Semester 1 (Maret),0.333,16009819112461,2026-02-05 12:47:23
gini_ratio,98,Gini Ratio Menurut Provinsi dan Daerah,,Kemiskinan dan Ketimpangan,0000,1600,SUMATERA SELATAN,191,Perkotaan+Perdesaan,124,2024,62,Semester 2 (September),0.331,16009819112462,2026-02-05 12:47:23
gini_ratio,98,Gini Ratio Menurut Provinsi dan Daerah,,Kemiskinan dan Ketimpangan,0000,1700,BENGKULU,189,Perkotaan,124,2024,61,Semester 1 (Maret),0.413,17009818912461,2026-02-05 12:47:23
gini_ratio,98,Gini Ratio Menurut Provinsi dan Daerah,,Kemiskinan dan Ketimpangan,0000,1700,BENGKULU,189,Perkotaan,124,2024,62,Semester 2 (September),0.409,17009818912462,2026-02-05 12:47:23
gini_ratio,98,Gini Ratio Menurut Provinsi dan Daerah,,Kemiskinan dan Ketimpangan,0000,1700,BENGKULU,190,Perdesaan,124,2024,61,Semester 1 (Maret),0.275,17009819012461,2026-02-05 12:47:23
gini_ratio,98,Gini Ratio Menurut Provinsi dan Daerah,,Kemiskinan dan Ketimpangan,0000,1700,BENGKULU,190,Perdesaan,124,2024,62,Semester 2 (September),0.278,17009819012462,2026-02-05 12:47:23
gini_ratio,98,Gini Ratio Menurut Provinsi dan Daerah,,Kemiskinan dan Ketimpangan,0000,1700,BENGKULU,191,Perkotaan+Perdesaan,124,2024,61,Semester 1 (Maret),0.342,17009819112461,2026-02-05 12:47:23
gini_ratio,98,Gini Ratio Menurut Provinsi dan Daerah,,Kemiskinan dan Ketimpangan,0000,1700,BENGKULU,191,Perkotaan+Perdesaan,124,2024,62,Semester 2 (September),0.343,17009819112462,2026-02-05 12:47:23
gini_ratio,98,Gini Ratio Menurut Provinsi dan Daerah,,Kemiskinan dan Ketimpangan,0000,1800,LAMPUNG,189,Perkotaan,124,2024,61,Semester 1 (Maret),0.323,18009818912461,2026-02-05 12:47:23
gini_ratio,98,Gini Ratio Menurut Provinsi dan Daerah,,Kemiskinan dan Ketimpangan,0000,1800,LAMPUNG,189,Perkotaan,124,2024,62,Semester 2 (September),0.329,18009818912462,2026-02-05 12:47:23
gini_ratio,98,Gini Ratio Menurut Provinsi dan Daerah,,Kemiskinan dan Ketimpangan,0000,1800,LAMPUNG,190,Perdesaan,124,2024,61,Semester 1 (Maret),0.275,18009819012461,2026-02-05 12:47:23
gini_ratio,98,Gini Ratio Menurut Provinsi dan Daerah,,Kemiskinan dan Ketimpangan,0000,1800,LAMPUNG,190,Perdesaan,124,2024,62,Semester 2 (September),0.27,18009819012462,2026-02-05 12:47:23
gini_ratio,98,Gini Ratio Menurut Provinsi dan Daerah,,Kemiskinan dan Ketimpangan,0000,1800,LAMPUNG,191,Perkotaan+Perdesaan,124,2024,61,Semester 1 (Maret),0.302,18009819112461,2026-02-05 12:47:23
gini_ratio,98,Gini Ratio Menurut Provinsi dan Daerah,,Kemiskinan dan Ketimpangan,0000,1800,LAMPUNG,191,Perkotaan+Perdesaan,124,2024,62,Semester 2 (September),0.301,18009819112462,2026-02-05 12:47:23
gini_ratio,98,Gini Ratio Menurut Provinsi dan Daerah,,Kemiskinan dan Ketimpangan,0000,1900,KEP. BANGKA BELITUNG,189,Perkotaan,124,2024,61,Semester 1 (Maret),0.263,19009818912461,2026-02-05 12:47:23
gini_ratio,98,Gini Ratio Menurut Provinsi dan Daerah,,Kemiskinan dan Ketimpangan,0000,1900,KEP. BANGKA BELITUNG,189,Perkotaan,124,2024,62,Semester 2 (September),0.251,19009818912462,2026-02-05 12:47:23
gini_ratio,98,Gini Ratio Menurut Provinsi dan Daerah,,Kemiskinan dan Ketimpangan,0000,1900,KEP. BANGKA BELITUNG,190,Perdesaan,124,2024,61,Semester 1 (Maret),0.196,19009819012461,2026-02-05 12:47:23
gini_ratio,98,Gini Ratio Menurut Provinsi dan Daerah,,Kemiskinan dan Ketimpangan,0000,1900,KEP. BANGKA BELITUNG,190,Perdesaan,124,2024,62,Semester 2 (September),0.189,19009819012462,2026-02-05 12:47:23
gini_ratio,98,Gini Ratio Menurut Provinsi dan Daerah,,Kemiskinan dan Ketimpangan,0000,1900,KEP. BANGKA BELITUNG,191,Perkotaan+Perdesaan,124,2024,61,Semester 1 (Maret),0.244,19009819112461,2026-02-05 12:47:23
gini_ratio,98,Gini Ratio Menurut Provinsi dan Daerah,,Kemiskinan dan Ketimpangan,0000,1900,KEP. BANGKA BELITUNG,191,Perkotaan+Perdesaan,124,2024,62,Semester 2 (September),0.235,19009819112462,2026-02-05 12:47:23
gini_ratio,98,Gini Ratio Menurut Provinsi dan Daerah,,Kemiskinan dan Ketimpangan,0000,2100,KEP. RIAU,189,Perkotaan,124,2024,61,Semester 1 (Maret),0.351,21009818912461,2026-02-05 12:47:23
gini_ratio,98,Gini Ratio Menurut Provinsi dan Daerah,,Kemiskinan dan Ketimpangan,0000,2100,KEP. RIAU,189,Perkotaan,124,2024,62,Semester 2 (September),0.36,21009818912462,2026-02-05 12:47:23
gini_ratio,98,Gini Ratio Menurut Provinsi dan Daerah,,Kemiskinan dan Ketimpangan,0000,2100,KEP. RIAU,190,Perdesaan,124,2024,61,Semester 1 (Maret),0.24,21009819012461,2026-02-05 12:47:23
gini_ratio,98,Gini Ratio Menurut Provinsi dan Daerah,,Kemiskinan dan Ketimpangan,0000,2100,KEP. RIAU,190,Perdesaan,124,2024,62,Semester 2 (September),0.236,21009819012462,2026-02-05 12:47:23
gini_ratio,98,Gini Ratio Menurut Provinsi dan Daerah,,Kemiskinan dan Ketimpangan,0000,2100,KEP. RIAU,191,Perkotaan+Perdesaan,124,2024,61,Semester 1 (Maret),0.349,21009819112461,2026-02-05 12:47:23
gini_ratio,98,Gini Ratio Menurut Provinsi dan Daerah,,Kemiskinan dan Ketimpangan,0000,2100,KEP. RIAU,191,Perkotaan+Perdesaan,124,2024,62,Semester 2 (September),0.357,21009819112462,2026-02-05 12:47:23
gini_ratio,98,Gini Ratio Menurut Provinsi dan Daerah,,Kemiskinan dan Ketimpangan,0000,3100,DKI JAKARTA,189,Perkotaan,124,2024,61,Semester 1 (Maret),0.423,31009818912461,2026-02-05 12:47:23
gini_ratio,98,Gini Ratio Menurut Provinsi dan Daerah,,Kemiskinan dan Ketimpangan,0000,3100,DKI JAKARTA,189,Perkotaan,124,2024,62,Semester 2 (September),0.431,31009818912462,2026-02-05 12:47:23
gini_ratio,98,Gini Ratio Menurut Provinsi dan Daerah,,Kemiskinan dan Ketimpangan,0000,3100,DKI JAKARTA,191,Perkotaan+Perdesaan,124,2024,61,Semester 1 (Maret),0.423,31009819112461,2026-02-05 12:47:23
gini_ratio,98,Gini Ratio Menurut Provinsi dan Daerah,,Kemiskinan dan Ketimpangan,0000,3100,DKI JAKARTA,191,Perkotaan+Perdesaan,124,2024,62,Semester 2 (September),0.431,31009819112462,2026-02-05 12:47:23
gini_ratio,98,Gini Ratio Menurut Provinsi dan Daerah,,Kemiskinan dan Ketimpangan,0000,3200,JAWA BARAT,189,Perkotaan,124,2024,61,Semester 1 (Maret),0.434,32009818912461,2026-02-05 12:47:23
gini_ratio,98,Gini Ratio Menurut Provinsi dan Daerah,,Kemiskinan dan Ketimpangan,0000,3200,JAWA BARAT,189,Perkotaan,124,2024,62,Semester 2 (September),0.439,32009818912462,2026-02-05 12:47:23
gini_ratio,98,Gini Ratio Menurut Provinsi dan Daerah,,Kemiskinan dan Ketimpangan,0000,3200,JAWA BARAT,190,Perdesaan,124,2024,61,Semester 1 (Maret),0.325,32009819012461,2026-02-05 12:47:23
gini_ratio,98,Gini Ratio Menurut Provinsi dan Daerah,,Kemiskinan dan Ketimpangan,0000,3200,JAWA BARAT,190,Perdesaan,124,2024,62,Semester 2 (September),0.327,32009819012462,2026-02-05 12:47:23
gini_ratio,98,Gini Ratio Menurut Provinsi dan Daerah,,Kemiskinan dan Ketimpangan,0000,3200,JAWA BARAT,191,Perkotaan+Perdesaan,124,2024,61,Semester 1 (Maret),0.421,32009819112461,2026-02-05 12:47:23
gini_ratio,98,Gini Ratio Menurut Provinsi dan Daerah,,Kemiskinan dan Ketimpangan,0000,3200,JAWA BARAT,191,Perkotaan+Perdesaan,124,2024,62,Semester 2 (September),0.428,32009819112462,2026-02-05 12:47:23
gini_ratio,98,Gini Ratio Menurut Provinsi dan Daerah,,Kemiskinan dan Ketimpangan,0000,3300,JAWA TENGAH,189,Perkotaan,124,2024,61,Semester 1 (Maret),0.399,33009818912461,2026-02-05 12:47:23
gini_ratio,98,Gini Ratio Menurut Provinsi dan Daerah,,Kemiskinan dan Ketimpangan,0000,3300,JAWA TENGAH,189,Perkotaan,124,2024,62,Semester 2 (September),0.392,33009818912462,2026-02-05 12:47:23
gini_ratio,98,Gini Ratio Menurut Provinsi dan Daerah,,Kemiskinan dan Ketimpangan,0000,3300,JAWA TENGAH,190,Perdesaan,124,2024,61,Semester 1 (Maret),0.31,33009819012461,2026-02-05 12:47:23
gini_ratio,98,Gini Ratio Menurut Provinsi dan Daerah,,Kemiskinan dan Ketimpangan,0000,3300,JAWA TENGAH,190,Perdesaan,124,2024,62,Semester 2 (September),0.317,33009819012462,2026-02-05 12:47:23
gini_ratio,98,Gini Ratio Menurut Provinsi dan Daerah,,Kemiskinan dan Ketimpangan,0000,3300,JAWA TENGAH,191,Perkotaan+Perdesaan,124,2024,61,Semester 1 (Maret),0.367,33009819112461,2026-02-05 12:47:23
gini_ratio,98,Gini Ratio Menurut Provinsi dan Daerah,,Kemiskinan dan Ketimpangan,0000,3300,JAWA TENGAH,191,Perkotaan+Perdesaan,124,2024,62,Semester 2 (September),0.364,33009819112462,2026-02-05 12:47:23
gini_ratio,98,Gini Ratio Menurut Provinsi dan Daerah,,Kemiskinan dan Ketimpangan,0000,3400,DI YOGYAKARTA,189,Perkotaan,124,2024,61,Semester 1 (Maret),0.44,34009818912461,2026-02-05 12:47:23
gini_ratio,98,Gini Ratio Menurut Provinsi dan Daerah,,Kemiskinan dan Ketimpangan,0000,3400,DI YOGYAKARTA,189,Perkotaan,124,2024,62,Semester 2 (September),0.429,34009818912462,2026-02-05 12:47:23
gini_ratio,98,Gini Ratio Menurut Provinsi dan Daerah,,Kemiskinan dan Ketimpangan,0000,3400,DI YOGYAKARTA,190,Perdesaan,124,2024,61,Semester 1 (Maret),0.349,34009819012461,2026-02-05 12:47:23
gini_ratio,98,Gini Ratio Menurut Provinsi dan Daerah,,Kemiskinan dan Ketimpangan,0000,3400,DI YOGYAKARTA,190,Perdesaan,124,2024,62,Semester 2 (September),0.355,34009819012462,2026-02-05 12:47:23
gini_ratio,98,Gini Ratio Menurut Provinsi dan Daerah,,Kemiskinan dan Ketimpangan,0000,3400,DI YOGYAKARTA,191,Perkotaan+Perdesaan,124,2024,61,Semester 1 (Maret),0.435,34009819112461,2026-02-05 12:47:23
gini_ratio,98,Gini Ratio Menurut Provinsi dan Daerah,,Kemiskinan dan Ketimpangan,0000,3400,DI YOGYAKARTA,191,Perkotaan+Perdesaan,124,2024,62,Semester 2 (September),0.428,34009819112462,2026-02-05 12:47:23
gini_ratio,98,Gini Ratio Menurut Provinsi dan Daerah,,Kemiskinan dan Ketimpangan,0000,3500,JAWA TIMUR,189,Perkotaan,124,2024,61,Semester 1 (Maret),0.387,35009818912461,2026-02-05 12:47:23
gini_ratio,98,Gini Ratio Menurut Provinsi dan Daerah,,Kemiskinan dan Ketimpangan,0000,3500,JAWA TIMUR,189,Perkotaan,124,2024,62,Semester 2 (September),0.388,35009818912462,2026-02-05 12:47:23
gini_ratio,98,Gini Ratio Menurut Provinsi dan Daerah,,Kemiskinan dan Ketimpangan,0000,3500,JAWA TIMUR,190,Perdesaan,124,2024,61,Semester 1 (Maret),0.325,35009819012461,2026-02-05 12:47:23
gini_ratio,98,Gini Ratio Menurut Provinsi dan Daerah,,Kemiskinan dan Ketimpangan,0000,3500,JAWA TIMUR,190,Perdesaan,124,2024,62,Semester 2 (September),0.332,35009819012462,2026-02-05 12:47:23
gini_ratio,98,Gini Ratio Menurut Provinsi dan Daerah,,Kemiskinan dan Ketimpangan,0000,3500,JAWA TIMUR,191,Perkotaan+Perdesaan,124,2024,61,Semester 1 (Maret),0.372,35009819112461,2026-02-05 12:47:23
gini_ratio,98,Gini Ratio Menurut Provinsi dan Daerah,,Kemiskinan dan Ketimpangan,0000,3500,JAWA TIMUR,191,Perkotaan+Perdesaan,124,2024,62,Semester 2 (September),0.373,35009819112462,2026-02-05 12:47:23
gini_ratio,98,Gini Ratio Menurut Provinsi dan Daerah,,Kemiskinan dan Ketimpangan,0000,3600,BANTEN,189,Perkotaan,124,2024,61,Semester 1 (Maret),0.357,36009818912461,2026-02-05 12:47:23
gini_ratio,98,Gini Ratio Menurut Provinsi dan Daerah,,Kemiskinan dan Ketimpangan,0000,3600,BANTEN,189,Perkotaan,124,2024,62,Semester 2 (September),0.361,36009818912462,2026-02-05 12:47:23
gini_ratio,98,Gini Ratio Menurut Provinsi dan Daerah,,Kemiskinan dan Ketimpangan,0000,3600,BANTEN,190,Perdesaan,124,2024,61,Semester 1 (Maret),0.254,36009819012461,2026-02-05 12:47:23
gini_ratio,98,Gini Ratio Menurut Provinsi dan Daerah,,Kemiskinan dan Ketimpangan,0000,3600,BANTEN,190,Perdesaan,124,2024,62,Semester 2 (September),0.246,36009819012462,2026-02-05 12:47:23
gini_ratio,98,Gini Ratio Menurut Provinsi dan Daerah,,Kemiskinan dan Ketimpangan,0000,3600,BANTEN,191,Perkotaan+Perdesaan,124,2024,61,Semester 1 (Maret),0.353,36009819112461,2026-02-05 12:47:23
gini_ratio,98,Gini Ratio Menurut Provinsi dan Daerah,,Kemiskinan dan Ketimpangan,0000,3600,BANTEN,191,Perkotaan+Perdesaan,124,2024,62,Semester 2 (September),0.359,36009819112462,2026-02-05 12:47:23
gini_ratio,98,Gini Ratio Menurut Provinsi dan Daerah,,Kemiskinan dan Ketimpangan,0000,5100,BALI,189,Perkotaan,124,2024,61,Semester 1 (Maret),0.364,51009818912461,2026-02-05 12:47:23
gini_ratio,98,Gini Ratio Menurut Provinsi dan Daerah,,Kemiskinan dan Ketimpangan,0000,5100,BALI,189,Perkotaan,124,2024,62,Semester 2 (September),0.352,51009818912462,2026-02-05 12:47:23
gini_ratio,98,Gini Ratio Menurut Provinsi dan Daerah,,Kemiskinan dan Ketimpangan,0000,5100,BALI,190,Perdesaan,124,2024,61,Semester 1 (Maret),0.287,51009819012461,2026-02-05 12:47:23
gini_ratio,98,Gini Ratio Menurut Provinsi dan Daerah,,Kemiskinan dan Ketimpangan,0000,5100,BALI,190,Perdesaan,124,2024,62,Semester 2 (September),0.285,51009819012462,2026-02-05 12:47:23
gini_ratio,98,Gini Ratio Menurut Provinsi dan Daerah,,Kemiskinan dan Ketimpangan,0000,5100,BALI,191,Perkotaan+Perdesaan,124,2024,61,Semester 1 (Maret),0.361,51009819112461,2026-02-05 12:47:23
gini_ratio,98,Gini Ratio Menurut Provinsi dan Daerah,,Kemiskinan dan Ketimpangan,0000,5100,BALI,191,Perkotaan+Perdesaan,124,2024,62,Semester 2 (September),0.348,51009819112462,2026-02-05 12:47:23
gini_ratio,98,Gini Ratio Menurut Provinsi dan Daerah,,Kemiskinan dan Ketimpangan,0000,5200,NUSA TENGGARA BARAT,189,Perkotaan,124,2024,61,Semester 1 (Maret),0.383,52009818912461,2026-02-05 12:47:23
gini_ratio,98,Gini Ratio Menurut Provinsi dan Daerah,,Kemiskinan dan Ketimpangan,0000,5200,NUSA TENGGARA BARAT,189,Perkotaan,124,2024,62,Semester 2 (September),0.388,52009818912462,2026-02-05 12:47:23
gini_ratio,98,Gini Ratio Menurut Provinsi dan Daerah,,Kemiskinan dan Ketimpangan,0000,5200,NUSA TENGGARA BARAT,190,Perdesaan,124,2024,61,Semester 1 (Maret),0.326,52009819012461,2026-02-05 12:47:23
gini_ratio,98,Gini Ratio Menurut Provinsi dan Daerah,,Kemiskinan dan Ketimpangan,0000,5200,NUSA TENGGARA BARAT,190,Perdesaan,124,2024,62,Semester 2 (September),0.32,52009819012462,2026-02-05 12:47:23
gini_ratio,98,Gini Ratio Menurut Provinsi dan Daerah,,Kemiskinan dan Ketimpangan,0000,5200,NUSA TENGGARA BARAT,191,Perkotaan+Perdesaan,124,2024,61,Semester 1 (Maret),0.361,52009819112461,2026-02-05 12:47:23
gini_ratio,98,Gini Ratio Menurut Provinsi dan Daerah,,Kemiskinan dan Ketimpangan,0000,5200,NUSA TENGGARA BARAT,191,Perkotaan+Perdesaan,124,2024,62,Semester 2 (September),0.364,52009819112462,2026-02-05 12:47:23
gini_ratio,98,Gini Ratio Menurut Provinsi dan Daerah,,Kemiskinan dan Ketimpangan,0000,5300,NUSA TENGGARA TIMUR,189,Perkotaan,124,2024,61,Semester 1 (Maret),0.281,53009818912461,2026-02-05 12:47:23
gini_ratio,98,Gini Ratio Menurut Provinsi dan Daerah,,Kemiskinan dan Ketimpangan,0000,5300,NUSA TENGGARA TIMUR,189,Perkotaan,124,2024,62,Semester 2 (September),0.282,53009818912462,2026-02-05 12:47:23
gini_ratio,98,Gini Ratio Menurut Provinsi dan Daerah,,Kemiskinan dan Ketimpangan,0000,5300,NUSA TENGGARA TIMUR,190,Perdesaan,124,2024,61,Semester 1 (Maret),0.305,53009819012461,2026-02-05 12:47:23
gini_ratio,98,Gini Ratio Menurut Provinsi dan Daerah,,Kemiskinan dan Ketimpangan,0000,5300,NUSA TENGGARA TIMUR,190,Perdesaan,124,2024,62,Semester 2 (September),0.306,53009819012462,2026-02-05 12:47:23
gini_ratio,98,Gini Ratio Menurut Provinsi dan Daerah,,Kemiskinan dan Ketimpangan,0000,5300,NUSA TENGGARA TIMUR,191,Perkotaan+Perdesaan,124,2024,61,Semester 1 (Maret),0.316,53009819112461,2026-02-05 12:47:23
gini_ratio,98,Gini Ratio Menurut Provinsi dan Daerah,,Kemiskinan dan Ketimpangan,0000,5300,NUSA TENGGARA TIMUR,191,Perkotaan+Perdesaan,124,2024,62,Semester 2 (September),0.316,53009819112462,2026-02-05 12:47:23
gini_ratio,98,Gini Ratio Menurut Provinsi dan Daerah,,Kemiskinan dan Ketimpangan,0000,6100,KALIMANTAN BARAT,189,Perkotaan,124,2024,61,Semester 1 (Maret),0.34,61009818912461,2026-02-05 12:47:23
gini_ratio,98,Gini Ratio Menurut Provinsi dan Daerah,,Kemiskinan dan Ketimpangan,0000,6100,KALIMANTAN BARAT,189,Perkotaan,124,2024,62,Semester 2 (September),0.341,61009818912462,2026-02-05 12:47:23
gini_ratio,98,Gini Ratio Menurut Provinsi dan Daerah,,Kemiskinan dan Ketimpangan,0000,6100,KALIMANTAN BARAT,190,Perdesaan,124,2024,61,Semester 1 (Maret),0.259,61009819012461,2026-02-05 12:47:23
gini_ratio,98,Gini Ratio Menurut Provinsi dan Daerah,,Kemiskinan dan Ketimpangan,0000,6100,KALIMANTAN BARAT,190,Perdesaan,124,2024,62,Semester 2 (September),0.258,61009819012462,2026-02-05 12:47:23
gini_ratio,98,Gini Ratio Menurut Provinsi dan Daerah,,Kemiskinan dan Ketimpangan,0000,6100,KALIMANTAN BARAT,191,Perkotaan+Perdesaan,124,2024,61,Semester 1 (Maret),0.31,61009819112461,2026-02-05 12:47:23
gini_ratio,98,Gini Ratio Menurut Provinsi dan Daerah,,Kemiskinan dan Ketimpangan,0000,6100,KALIMANTAN BARAT,191,Perkotaan+Perdesaan,124,2024,62,Semester 2 (September),0.314,61009819112462,2026-02-05 12:47:23
gini_ratio,98,Gini Ratio Menurut Provinsi dan Daerah,,Kemiskinan dan Ketimpangan,0000,6200,KALIMANTAN TENGAH,189,Perkotaan,124,2024,61,Semester 1 (Maret),0.311,62009818912461,2026-02-05 12:47:23
gini_ratio,98,Gini Ratio Menurut Provinsi dan Daerah,,Kemiskinan dan Ketimpangan,0000,6200,KALIMANTAN TENGAH,189,Perkotaan,124,2024,62,Semester 2 (September),0.322,62009818912462,2026-02-05 12:47:23
gini_ratio,98,Gini Ratio Menurut Provinsi dan Daerah,,Kemiskinan dan Ketimpangan,0000,6200,KALIMANTAN TENGAH,190,Perdesaan,124,2024,61,Semester 1 (Maret),0.288,62009819012461,2026-02-05 12:47:23
gini_ratio,98,Gini Ratio Menurut Provinsi dan Daerah,,Kemiskinan dan Ketimpangan,0000,6200,KALIMANTAN TENGAH,190,Perdesaan,124,2024,62,Semester 2 (September),0.282,62009819012462,2026-02-05 12:47:23
gini_ratio,98,Gini Ratio Menurut Provinsi dan Daerah,,Kemiskinan dan Ketimpangan,0000,6200,KALIMANTAN TENGAH,191,Perkotaan+Perdesaan,124,2024,61,Semester 1 (Maret),0.301,62009819112461,2026-02-05 12:47:23
gini_ratio,98,Gini Ratio Menurut Provinsi dan Daerah,,Kemiskinan dan Ketimpangan,0000,6200,KALIMANTAN TENGAH,191,Perkotaan+Perdesaan,124,2024,62,Semester 2 (September),0.304,62009819112462,2026-02-05 12:47:23
gini_ratio,98,Gini Ratio Menurut Provinsi dan Daerah,,Kemiskinan dan Ketimpangan,0000,6300,KALIMANTAN SELATAN,189,Perkotaan,124,2024,61,Semester 1 (Maret),0.329,63009818912461,2026-02-05 12:47:23
gini_ratio,98,Gini Ratio Menurut Provinsi dan Daerah,,Kemiskinan dan Ketimpangan,0000,6300,KALIMANTAN SELATAN,189,Perkotaan,124,2024,62,Semester 2 (September),0.326,63009818912462,2026-02-05 12:47:23
gini_ratio,98,Gini Ratio Menurut Provinsi dan Daerah,,Kemiskinan dan Ketimpangan,0000,6300,KALIMANTAN SELATAN,190,Perdesaan,124,2024,61,Semester 1 (Maret),0.255,63009819012461,2026-02-05 12:47:23
gini_ratio,98,Gini Ratio Menurut Provinsi dan Daerah,,Kemiskinan dan Ketimpangan,0000,6300,KALIMANTAN SELATAN,190,Perdesaan,124,2024,62,Semester 2 (September),0.259,63009819012462,2026-02-05 12:47:23
gini_ratio,98,Gini Ratio Menurut Provinsi dan Daerah,,Kemiskinan dan Ketimpangan,0000,6300,KALIMANTAN SELATAN,191,Perkotaan+Perdesaan,124,2024,61,Semester 1 (Maret),0.302,63009819112461,2026-02-05 12:47:23
gini_ratio,98,Gini Ratio Menurut Provinsi dan Daerah,,Kemiskinan dan Ketimpangan,0000,6300,KALIMANTAN SELATAN,191,Perkotaan+Perdesaan,124,2024,62,Semester 2 (September),0.298,63009819112462,2026-02-05 12:47:23
gini_ratio,98,Gini Ratio Menurut Provinsi dan Daerah,,Kemiskinan dan Ketimpangan,0000,6400,KALIMANTAN TIMUR,189,Perkotaan,124,2024,61,Semester 1 (Maret),0.325,64009818912461,2026-02-05 12:47:23
gini_ratio,98,Gini Ratio Menurut Provinsi dan Daerah,,Kemiskinan dan Ketimpangan,0000,6400,KALIMANTAN TIMUR,189,Perkotaan,124,2024,62,Semester 2 (September),0.315,64009818912462,2026-02-05 12:47:23
gini_ratio,98,Gini Ratio Menurut Provinsi dan Daerah,,Kemiskinan dan Ketimpangan,0000,6400,KALIMANTAN TIMUR,190,Perdesaan,124,2024,61,Semester 1 (Maret),0.289,64009819012461,2026-02-05 12:47:23
gini_ratio,98,Gini Ratio Menurut Provinsi dan Daerah,,Kemiskinan dan Ketimpangan,0000,6400,KALIMANTAN TIMUR,190,Perdesaan,124,2024,62,Semester 2 (September),0.282,64009819012462,2026-02-05 12:47:23
gini_ratio,98,Gini Ratio Menurut Provinsi dan Daerah,,Kemiskinan dan Ketimpangan,0000,6400,KALIMANTAN TIMUR,191,Perkotaan+Perdesaan,124,2024,61,Semester 1 (Maret),0.321,64009819112461,2026-02-05 12:47:23
gini_ratio,98,Gini Ratio Menurut Provinsi dan Daerah,,Kemiskinan dan Ketimpangan,0000,6400,KALIMANTAN TIMUR,191,Perkotaan+Perdesaan,124,2024,62,Semester 2 (September),0.31,64009819112462,2026-02-05 12:47:23
gini_ratio,98,Gini Ratio Menurut Provinsi dan Daerah,,Kemiskinan dan Ketimpangan,0000,6500,KALIMANTAN UTARA,189,Perkotaan,124,2024,61,Semester 1 (Maret),0.258,65009818912461,2026-02-05 12:47:23
gini_ratio,98,Gini Ratio Menurut Provinsi dan Daerah,,Kemiskinan dan Ketimpangan,0000,6500,KALIMANTAN UTARA,189,Perkotaan,124,2024,62,Semester 2 (September),0.245,65009818912462,2026-02-05 12:47:23
gini_ratio,98,Gini Ratio Menurut Provinsi dan Daerah,,Kemiskinan dan Ketimpangan,0000,6500,KALIMANTAN UTARA,190,Perdesaan,124,2024,61,Semester 1 (Maret),0.273,65009819012461,2026-02-05 12:47:23
gini_ratio,98,Gini Ratio Menurut Provinsi dan Daerah,,Kemiskinan dan Ketimpangan,0000,6500,KALIMANTAN UTARA,190,Perdesaan,124,2024,62,Semester 2 (September),0.265,65009819012462,2026-02-05 12:47:23
gini_ratio,98,Gini Ratio Menurut Provinsi dan Daerah,,Kemiskinan dan Ketimpangan,0000,6500,KALIMANTAN UTARA,191,Perkotaan+Perdesaan,124,2024,61,Semester 1 (Maret),0.264,65009819112461,2026-02-05 12:47:23
gini_ratio,98,Gini Ratio Menurut Provinsi dan Daerah,,Kemiskinan dan Ketimpangan,0000,6500,KALIMANTAN UTARA,191,Perkotaan+Perdesaan,124,2024,62,Semester 2 (September),0.259,65009819112462,2026-02-05 12:47:23
gini_ratio,98,Gini Ratio Menurut Provinsi dan Daerah,,Kemiskinan dan Ketimpangan,0000,7100,SULAWESI UTARA,189,Perkotaan,124,2024,61,Semester 1 (Maret),0.364,71009818912461,2026-02-05 12:47:23
gini_ratio,98,Gini Ratio Menurut Provinsi dan Daerah,,Kemiskinan dan Ketimpangan,0000,7100,SULAWESI UTARA,189,Perkotaan,124,2024,62,Semester 2 (September),0.351,71009818912462,2026-02-05 12:47:23
gini_ratio,98,Gini Ratio Menurut Provinsi dan Daerah,,Kemiskinan dan Ketimpangan,0000,7100,SULAWESI UTARA,190,Perdesaan,124,2024,61,Semester 1 (Maret),0.334,71009819012461,2026-02-05 12:47:23
gini_ratio,98,Gini Ratio Menurut Provinsi dan Daerah,,Kemiskinan dan Ketimpangan,0000,7100,SULAWESI UTARA,190,Perdesaan,124,2024,62,Semester 2 (September),0.331,71009819012462,2026-02-05 12:47:23
gini_ratio,98,Gini Ratio Menurut Provinsi dan Daerah,,Kemiskinan dan Ketimpangan,0000,7100,SULAWESI UTARA,191,Perkotaan+Perdesaan,124,2024,61,Semester 1 (Maret),0.36,71009819112461,2026-02-05 12:47:23
gini_ratio,98,Gini Ratio Menurut Provinsi dan Daerah,,Kemiskinan dan Ketimpangan,0000,7100,SULAWESI UTARA,191,Perkotaan+Perdesaan,124,2024,62,Semester 2 (September),0.347,71009819112462,2026-02-05 12:47:23
gini_ratio,98,Gini Ratio Menurut Provinsi dan Daerah,,Kemiskinan dan Ketimpangan,0000,7200,SULAWESI TENGAH,189,Perkotaan,124,2024,61,Semester 1 (Maret),0.34,72009818912461,2026-02-05 12:47:23
gini_ratio,98,Gini Ratio Menurut Provinsi dan Daerah,,Kemiskinan dan Ketimpangan,0000,7200,SULAWESI TENGAH,189,Perkotaan,124,2024,62,Semester 2 (September),0.34,72009818912462,2026-02-05 12:47:23
gini_ratio,98,Gini Ratio Menurut Provinsi dan Daerah,,Kemiskinan dan Ketimpangan,0000,7200,SULAWESI TENGAH,190,Perdesaan,124,2024,61,Semester 1 (Maret),0.259,72009819012461,2026-02-05 12:47:23
gini_ratio,98,Gini Ratio Menurut Provinsi dan Daerah,,Kemiskinan dan Ketimpangan,0000,7200,SULAWESI TENGAH,190,Perdesaan,124,2024,62,Semester 2 (September),0.271,72009819012462,2026-02-05 12:47:23
gini_ratio,98,Gini Ratio Menurut Provinsi dan Daerah,,Kemiskinan dan Ketimpangan,0000,7200,SULAWESI TENGAH,191,Perkotaan+Perdesaan,124,2024,61,Semester 1 (Maret),0.301,72009819112461,2026-02-05 12:47:23
gini_ratio,98,Gini Ratio Menurut Provinsi dan Daerah,,Kemiskinan dan Ketimpangan,0000,7200,SULAWESI TENGAH,191,Perkotaan+Perdesaan,124,2024,62,Semester 2 (September),0.309,72009819112462,2026-02-05 12:47:23
gini_ratio,98,Gini Ratio Menurut Provinsi dan Daerah,,Kemiskinan dan Ketimpangan,0000,7300,SULAWESI SELATAN,189,Perkotaan,124,2024,61,Semester 1 (Maret),0.373,73009818912461,2026-02-05 12:47:23
gini_ratio,98,Gini Ratio Menurut Provinsi dan Daerah,,Kemiskinan dan Ketimpangan,0000,7300,SULAWESI SELATAN,189,Perkotaan,124,2024,62,Semester 2 (September),0.369,73009818912462,2026-02-05 12:47:23
gini_ratio,98,Gini Ratio Menurut Provinsi dan Daerah,,Kemiskinan dan Ketimpangan,0000,7300,SULAWESI SELATAN,190,Perdesaan,124,2024,61,Semester 1 (Maret),0.325,73009819012461,2026-02-05 12:47:23
gini_ratio,98,Gini Ratio Menurut Provinsi dan Daerah,,Kemiskinan dan Ketimpangan,0000,7300,SULAWESI SELATAN,190,Perdesaan,124,2024,62,Semester 2 (September),0.33,73009819012462,2026-02-05 12:47:23
gini_ratio,98,Gini Ratio Menurut Provinsi dan Daerah,,Kemiskinan dan Ketimpangan,0000,7300,SULAWESI SELATAN,191,Perkotaan+Perdesaan,124,2024,61,Semester 1 (Maret),0.363,73009819112461,2026-02-05 12:47:23
gini_ratio,98,Gini Ratio Menurut Provinsi dan Daerah,,Kemiskinan dan Ketimpangan,0000,7300,SULAWESI SELATAN,191,Perkotaan+Perdesaan,124,2024,62,Semester 2 (September),0.36,73009819112462,2026-02-05 12:47:23
gini_ratio,98,Gini Ratio Menurut Provinsi dan Daerah,,Kemiskinan dan Ketimpangan,0000,7400,SULAWESI TENGGARA,189,Perkotaan,124,2024,61,Semester 1 (Maret),0.392,74009818912461,2026-02-05 12:47:23
gini_ratio,98,Gini Ratio Menurut Provinsi dan Daerah,,Kemiskinan dan Ketimpangan,0000,7400,SULAWESI TENGGARA,189,Perkotaan,124,2024,62,Semester 2 (September),0.374,74009818912462,2026-02-05 12:47:23
gini_ratio,98,Gini Ratio Menurut Provinsi dan Daerah,,Kemiskinan dan Ketimpangan,0000,7400,SULAWESI TENGGARA,190,Perdesaan,124,2024,61,Semester 1 (Maret),0.33,74009819012461,2026-02-05 12:47:23
gini_ratio,98,Gini Ratio Menurut Provinsi dan Daerah,,Kemiskinan dan Ketimpangan,0000,7400,SULAWESI TENGGARA,190,Perdesaan,124,2024,62,Semester 2 (September),0.337,74009819012462,2026-02-05 12:47:23
gini_ratio,98,Gini Ratio Menurut Provinsi dan Daerah,,Kemiskinan dan Ketimpangan,0000,7400,SULAWESI TENGGARA,191,Perkotaan+Perdesaan,124,2024,61,Semester 1 (Maret),0.37,74009819112461,2026-02-05 12:47:23
gini_ratio,98,Gini Ratio Menurut Provinsi dan Daerah,,Kemiskinan dan Ketimpangan,0000,7400,SULAWESI TENGGARA,191,Perkotaan+Perdesaan,124,2024,62,Semester 2 (September),0.365,74009819112462,2026-02-05 12:47:23
gini_ratio,98,Gini Ratio Menurut Provinsi dan Daerah,,Kemiskinan dan Ketimpangan,0000,7500,GORONTALO,189,Perkotaan,124,2024,61,Semester 1 (Maret),0.397,75009818912461,2026-02-05 12:47:23
gini_ratio,98,Gini Ratio Menurut Provinsi dan Daerah,,Kemiskinan dan Ketimpangan,0000,7500,GORONTALO,189,Perkotaan,124,2024,62,Semester 2 (September),0.4,75009818912462,2026-02-05 12:47:23
gini_ratio,98,Gini Ratio Menurut Provinsi dan Daerah,,Kemiskinan dan Ketimpangan,0000,7500,GORONTALO,190,Perdesaan,124,2024,61,Semester 1 (Maret),0.408,75009819012461,2026-02-05 12:47:23
gini_ratio,98,Gini Ratio Menurut Provinsi dan Daerah,,Kemiskinan dan Ketimpangan,0000,7500,GORONTALO,190,Perdesaan,124,2024,62,Semester 2 (September),0.402,75009819012462,2026-02-05 12:47:23
gini_ratio,98,Gini Ratio Menurut Provinsi dan Daerah,,Kemiskinan dan Ketimpangan,0000,7500,GORONTALO,191,Perkotaan+Perdesaan,124,2024,61,Semester 1 (Maret),0.414,75009819112461,2026-02-05 12:47:23
gini_ratio,98,Gini Ratio Menurut Provinsi dan Daerah,,Kemiskinan dan Ketimpangan,0000,7500,GORONTALO,191,Perkotaan+Perdesaan,124,2024,62,Semester 2 (September),0.413,75009819112462,2026-02-05 12:47:23
gini_ratio,98,Gini Ratio Menurut Provinsi dan Daerah,,Kemiskinan dan Ketimpangan,0000,7600,SULAWESI BARAT,189,Perkotaan,124,2024,61,Semester 1 (Maret),0.456,76009818912461,2026-02-05 12:47:23
gini_ratio,98,Gini Ratio Menurut Provinsi dan Daerah,,Kemiskinan dan Ketimpangan,0000,7600,SULAWESI BARAT,189,Perkotaan,124,2024,62,Semester 2 (September),0.404,76009818912462,2026-02-05 12:47:23
gini_ratio,98,Gini Ratio Menurut Provinsi dan Daerah,,Kemiskinan dan Ketimpangan,0000,7600,SULAWESI BARAT,190,Perdesaan,124,2024,61,Semester 1 (Maret),0.303,76009819012461,2026-02-05 12:47:23
gini_ratio,98,Gini Ratio Menurut Provinsi dan Daerah,,Kemiskinan dan Ketimpangan,0000,7600,SULAWESI BARAT,190,Perdesaan,124,2024,62,Semester 2 (September),0.296,76009819012462,2026-02-05 12:47:23
gini_ratio,98,Gini Ratio Menurut Provinsi dan Daerah,,Kemiskinan dan Ketimpangan,0000,7600,SULAWESI BARAT,191,Perkotaan+Perdesaan,124,2024,61,Semester 1 (Maret),0.354,76009819112461,2026-02-05 12:47:23
gini_ratio,98,Gini Ratio Menurut Provinsi dan Daerah,,Kemiskinan dan Ketimpangan,0000,7600,SULAWESI BARAT,191,Perkotaan+Perdesaan,124,2024,62,Semester 2 (September),0.33,76009819112462,2026-02-05 12:47:23
gini_ratio,98,Gini Ratio Menurut Provinsi dan Daerah,,Kemiskinan dan Ketimpangan,0000,8100,MALUKU,189,Perkotaan,124,2024,61,Semester 1 (Maret),0.277,81009818912461,2026-02-05 12:47:23
gini_ratio,98,Gini Ratio Menurut Provinsi dan Daerah,,Kemiskinan dan Ketimpangan,0000,8100,MALUKU,189,Perkotaan,124,2024,62,Semester 2 (September),0.284,81009818912462,2026-02-05 12:47:23
gini_ratio,98,Gini Ratio Menurut Provinsi dan Daerah,,Kemiskinan dan Ketimpangan,0000,8100,MALUKU,190,Perdesaan,124,2024,61,Semester 1 (Maret),0.233,81009819012461,2026-02-05 12:47:23
gini_ratio,98,Gini Ratio Menurut Provinsi dan Daerah,,Kemiskinan dan Ketimpangan,0000,8100,MALUKU,190,Perdesaan,124,2024,62,Semester 2 (September),0.236,81009819012462,2026-02-05 12:47:23
gini_ratio,98,Gini Ratio Menurut Provinsi dan Daerah,,Kemiskinan dan Ketimpangan,0000,8100,MALUKU,191,Perkotaan+Perdesaan,124,2024,61,Semester 1 (Maret),0.282,81009819112461,2026-02-05 12:47:23
gini_ratio,98,Gini Ratio Menurut Provinsi dan Daerah,,Kemiskinan dan Ketimpangan,0000,8100,MALUKU,191,Perkotaan+Perdesaan,124,2024,62,Semester 2 (September),0.291,81009819112462,2026-02-05 12:47:23
gini_ratio,98,Gini Ratio Menurut Provinsi dan Daerah,,Kemiskinan dan Ketimpangan,0000,8200,MALUKU UTARA,189,Perkotaan,124,2024,61,Semester 1 (Maret),0.343,82009818912461,2026-02-05 12:47:23
gini_ratio,98,Gini Ratio Menurut Provinsi dan Daerah,,Kemiskinan dan Ketimpangan,0000,8200,MALUKU UTARA,189,Perkotaan,124,2024,62,Semester 2 (September),0.328,82009818912462,2026-02-05 12:47:23
gini_ratio,98,Gini Ratio Menurut Provinsi dan Daerah,,Kemiskinan dan Ketimpangan,0000,8200,MALUKU UTARA,190,Perdesaan,124,2024,61,Semester 1 (Maret),0.275,82009819012461,2026-02-05 12:47:23
gini_ratio,98,Gini Ratio Menurut Provinsi dan Daerah,,Kemiskinan dan Ketimpangan,0000,8200,MALUKU UTARA,190,Perdesaan,124,2024,62,Semester 2 (September),0.243,82009819012462,2026-02-05 12:47:23
gini_ratio,98,Gini Ratio Menurut Provinsi dan Daerah,,Kemiskinan dan Ketimpangan,0000,8200,MALUKU UTARA,191,Perkotaan+Perdesaan,124,2024,61,Semester 1 (Maret),0.316,82009819112461,2026-02-05 12:47:23
gini_ratio,98,Gini Ratio Menurut Provinsi dan Daerah,,Kemiskinan dan Ketimpangan,0000,8200,MALUKU UTARA,191,Perkotaan+Perdesaan,124,2024,62,Semester 2 (September),0.296,82009819112462,2026-02-05 12:47:23
gini_ratio,98,Gini Ratio Menurut Provinsi dan Daerah,,Kemiskinan dan Ketimpangan,0000,9100,PAPUA BARAT,189,Perkotaan,124,2024,61,Semester 1 (Maret),0.283,91009818912461,2026-02-05 12:47:23
gini_ratio,98,Gini Ratio Menurut Provinsi dan Daerah,,Kemiskinan dan Ketimpangan,0000,9100,PAPUA BARAT,189,Perkotaan,124,2024,62,Semester 2 (September),0.296,91009818912462,2026-02-05 12:47:23
gini_ratio,98,Gini Ratio Menurut Provinsi dan Daerah,,Kemiskinan dan Ketimpangan,0000,9100,PAPUA BARAT,190,Perdesaan,124,2024,61,Semester 1 (Maret),0.426,91009819012461,2026-02-05 12:47:23
gini_ratio,98,Gini Ratio Menurut Provinsi dan Daerah,,Kemiskinan dan Ketimpangan,0000,9100,PAPUA BARAT,190,Perdesaan,124,2024,62,Semester 2 (September),0.416,91009819012462,2026-02-05 12:47:23
gini_ratio,98,Gini Ratio Menurut Provinsi dan Daerah,,Kemiskinan dan Ketimpangan,0000,9100,PAPUA BARAT,191,Perkotaan+Perdesaan,124,2024,61,Semester 1 (Maret),0.389,91009819112461,2026-02-05 12:47:23
gini_ratio,98,Gini Ratio Menurut Provinsi dan Daerah,,Kemiskinan dan Ketimpangan,0000,9100,PAPUA BARAT,191,Perkotaan+Perdesaan,124,2024,62,Semester 2 (September),0.385,91009819112462,2026-02-05 12:47:23
gini_ratio,98,Gini Ratio Menurut Provinsi dan Daerah,,Kemiskinan dan Ketimpangan,0000,9200,PAPUA BARAT DAYA,189,Perkotaan,124,2024,61,Semester 1 (Maret),0.266,92009818912461,2026-02-05 12:47:23
gini_ratio,98,Gini Ratio Menurut Provinsi dan Daerah,,Kemiskinan dan Ketimpangan,0000,9200,PAPUA BARAT DAYA,189,Perkotaan,124,2024,62,Semester 2 (September),0.262,92009818912462,2026-02-05 12:47:23
gini_ratio,98,Gini Ratio Menurut Provinsi dan Daerah,,Kemiskinan dan Ketimpangan,0000,9200,PAPUA BARAT DAYA,190,Perdesaan,124,2024,61,Semester 1 (Maret),0.413,92009819012461,2026-02-05 12:47:23
gini_ratio,98,Gini Ratio Menurut Provinsi dan Daerah,,Kemiskinan dan Ketimpangan,0000,9200,PAPUA BARAT DAYA,190,Perdesaan,124,2024,62,Semester 2 (September),0.418,92009819012462,2026-02-05 12:47:23
gini_ratio,98,Gini Ratio Menurut Provinsi dan Daerah,,Kemiskinan dan Ketimpangan,0000,9200,PAPUA BARAT DAYA,191,Perkotaan+Perdesaan,124,2024,61,Semester 1 (Maret),0.346,92009819112461,2026-02-05 12:47:23
gini_ratio,98,Gini Ratio Menurut Provinsi dan Daerah,,Kemiskinan dan Ketimpangan,0000,9200,PAPUA BARAT DAYA,191,Perkotaan+Perdesaan,124,2024,62,Semester 2 (September),0.347,92009819112462,2026-02-05 12:47:23
gini_ratio,98,Gini Ratio Menurut Provinsi dan Daerah,,Kemiskinan dan Ketimpangan,0000,9400,PAPUA,189,Perkotaan,124,2024,61,Semester 1 (Maret),0.299,94009818912461,2026-02-05 12:47:23
gini_ratio,98,Gini Ratio Menurut Provinsi dan Daerah,,Kemiskinan dan Ketimpangan,0000,9400,PAPUA,189,Perkotaan,124,2024,62,Semester 2 (September),0.322,94009818912462,2026-02-05 12:47:23
gini_ratio,98,Gini Ratio Menurut Provinsi dan Daerah,,Kemiskinan dan Ketimpangan,0000,9400,PAPUA,190,Perdesaan,124,2024,61,Semester 1 (Maret),0.418,94009819012461,2026-02-05 12:47:23
gini_ratio,98,Gini Ratio Menurut Provinsi dan Daerah,,Kemiskinan dan Ketimpangan,0000,9400,PAPUA,190,Perdesaan,124,2024,62,Semester 2 (September),0.505,94009819012462,2026-02-05 12:47:23
gini_ratio,98,Gini Ratio Menurut Provinsi dan Daerah,,Kemiskinan dan Ketimpangan,0000,9400,PAPUA,191,Perkotaan+Perdesaan,124,2024,61,Semester 1 (Maret),0.362,94009819112461,2026-02-05 12:47:23
gini_ratio,98,Gini Ratio Menurut Provinsi dan Daerah,,Kemiskinan dan Ketimpangan,0000,9400,PAPUA,191,Perkotaan+Perdesaan,124,2024,62,Semester 2 (September),0.405,94009819112462,2026-02-05 12:47:23
gini_ratio,98,Gini Ratio Menurut Provinsi dan Daerah,,Kemiskinan dan Ketimpangan,0000,9500,PAPUA SELATAN,189,Perkotaan,124,2024,61,Semester 1 (Maret),0.299,95009818912461,2026-02-05 12:47:23
gini_ratio,98,Gini Ratio Menurut Provinsi dan Daerah,,Kemiskinan dan Ketimpangan,0000,9500,PAPUA SELATAN,189,Perkotaan,124,2024,62,Semester 2 (September),0.351,95009818912462,2026-02-05 12:47:23
gini_ratio,98,Gini Ratio Menurut Provinsi dan Daerah,,Kemiskinan dan Ketimpangan,0000,9500,PAPUA SELATAN,190,Perdesaan,124,2024,61,Semester 1 (Maret),0.435,95009819012461,2026-02-05 12:47:23
gini_ratio,98,Gini Ratio Menurut Provinsi dan Daerah,,Kemiskinan dan Ketimpangan,0000,9500,PAPUA SELATAN,190,Perdesaan,124,2024,62,Semester 2 (September),0.429,95009819012462,2026-02-05 12:47:23
gini_ratio,98,Gini Ratio Menurut Provinsi dan Daerah,,Kemiskinan dan Ketimpangan,0000,9500,PAPUA SELATAN,191,Perkotaan+Perdesaan,124,2024,61,Semester 1 (Maret),0.404,95009819112461,2026-02-05 12:47:23
gini_ratio,98,Gini Ratio Menurut Provinsi dan Daerah,,Kemiskinan dan Ketimpangan,0000,9500,PAPUA SELATAN,191,Perkotaan+Perdesaan,124,2024,62,Semester 2 (September),0.424,95009819112462,2026-02-05 12:47:23
gini_ratio,98,Gini Ratio Menurut Provinsi dan Daerah,,Kemiskinan dan Ketimpangan,0000,9600,PAPUA TENGAH,189,Perkotaan,124,2024,61,Semester 1 (Maret),0.27,96009818912461,2026-02-05 12:47:23
gini_ratio,98,Gini Ratio Menurut Provinsi dan Daerah,,Kemiskinan dan Ketimpangan,0000,9600,PAPUA TENGAH,189,Perkotaan,124,2024,62,Semester 2 (September),0.253,96009818912462,2026-02-05 12:47:23
gini_ratio,98,Gini Ratio Menurut Provinsi dan Daerah,,Kemiskinan dan Ketimpangan,0000,9600,PAPUA TENGAH,190,Perdesaan,124,2024,61,Semester 1 (Maret),0.397,96009819012461,2026-02-05 12:47:23
gini_ratio,98,Gini Ratio Menurut Provinsi dan Daerah,,Kemiskinan dan Ketimpangan,0000,9600,PAPUA TENGAH,190,Perdesaan,124,2024,62,Semester 2 (September),0.374,96009819012462,2026-02-05 12:47:23
gini_ratio,98,Gini Ratio Menurut Provinsi dan Daerah,,Kemiskinan dan Ketimpangan,0000,9600,PAPUA TENGAH,191,Perkotaan+Perdesaan,124,2024,61,Semester 1 (Maret),0.381,96009819112461,2026-02-05 12:47:23
gini_ratio,98,Gini Ratio Menurut Provinsi dan Daerah,,Kemiskinan dan Ketimpangan,0000,9600,PAPUA TENGAH,191,Perkotaan+Perdesaan,124,2024,62,Semester 2 (September),0.355,96009819112462,2026-02-05 12:47:23
gini_ratio,98,Gini Ratio Menurut Provinsi dan Daerah,,Kemiskinan dan Ketimpangan,0000,9700,PAPUA PEGUNUNGAN,189,Perkotaan,124,2024,61,Semester 1 (Maret),0.224,97009818912461,2026-02-05 12:47:23
gini_ratio,98,Gini Ratio Menurut Provinsi dan Daerah,,Kemiskinan dan Ketimpangan,0000,9700,PAPUA PEGUNUNGAN,189,Perkotaan,124,2024,62,Semester 2 (September),0.244,97009818912462,2026-02-05 12:47:23
gini_ratio,98,Gini Ratio Menurut Provinsi dan Daerah,,Kemiskinan dan Ketimpangan,0000,9700,PAPUA PEGUNUNGAN,190,Perdesaan,124,2024,61,Semester 1 (Maret),0.346,97009819012461,2026-02-05 12:47:23
gini_ratio,98,Gini Ratio Menurut Provinsi dan Daerah,,Kemiskinan dan Ketimpangan,0000,9700,PAPUA PEGUNUNGAN,190,Perdesaan,124,2024,62,Semester 2 (September),0.349,97009819012462,2026-02-05 12:47:23
gini_ratio,98,Gini Ratio Menurut Provinsi dan Daerah,,Kemiskinan dan Ketimpangan,0000,9700,PAPUA PEGUNUNGAN,191,Perkotaan+Perdesaan,124,2024,61,Semester 1 (Maret),0.34,97009819112461,2026-02-05 12:47:23
gini_ratio,98,Gini Ratio Menurut Provinsi dan Daerah,,Kemiskinan dan Ketimpangan,0000,9700,PAPUA PEGUNUNGAN,191,Perkotaan+Perdesaan,124,2024,62,Semester 2 (September),0.346,97009819112462,2026-02-05 12:47:23
gini_ratio,98,Gini Ratio Menurut Provinsi dan Daerah,,Kemiskinan dan Ketimpangan,0000,9999,INDONESIA,189,Perkotaan,124,2024,61,Semester 1 (Maret),0.399,99999818912461,2026-02-05 12:47:23
gini_ratio,98,Gini Ratio Menurut Provinsi dan Daerah,,Kemiskinan dan Ketimpangan,0000,9999,INDONESIA,189,Perkotaan,124,2024,62,Semester 2 (September),0.402,99999818912462,2026-02-05 12:47:23
gini_ratio,98,Gini Ratio Menurut Provinsi dan Daerah,,Kemiskinan dan Ketimpangan,0000,9999,INDONESIA,190,Perdesaan,124,2024,61,Semester 1 (Maret),0.306,99999819012461,2026-02-05 12:47:23
gini_ratio,98,Gini Ratio Menurut Provinsi dan Daerah,,Kemiskinan dan Ketimpangan,0000,9999,INDONESIA,190,Perdesaan,124,2024,62,Semester 2 (September),0.308,99999819012462,2026-02-05 12:47:23
gini_ratio,98,Gini Ratio Menurut Provinsi dan Daerah,,Kemiskinan dan Ketimpangan,0000,9999,INDONESIA,191,Perkotaan+Perdesaan,124,2024,61,Semester 1 (Maret),0.379,99999819112461,2026-02-05 12:47:23
gini_ratio,98,Gini Ratio Menurut Provinsi dan Daerah,,Kemiskinan dan Ketimpangan,0000,9999,INDONESIA,191,Perkotaan+Perdesaan,124,2024,62,Semester 2 (September),0.381,99999819112462,2026-02-05 12:47:23
gini_ratio,98,Gini Ratio Menurut Provinsi dan Daerah,,Kemiskinan dan Ketimpangan,0000,1100,ACEH,189,Perkotaan,123,2023,61,Semester 1 (Maret),0.318,11009818912361,2026-02-05 12:47:23
gini_ratio,98,Gini Ratio Menurut Provinsi dan Daerah,,Kemiskinan dan Ketimpangan,0000,1100,ACEH,190,Perdesaan,123,2023,61,Semester 1 (Maret),0.265,11009819012361,2026-02-05 12:47:23
gini_ratio,98,Gini Ratio Menurut Provinsi dan Daerah,,Kemiskinan dan Ketimpangan,0000,1100,ACEH,191,Perkotaan+Perdesaan,123,2023,61,Semester 1 (Maret),0.296,11009819112361,2026-02-05 12:47:23
gini_ratio,98,Gini Ratio Menurut Provinsi dan Daerah,,Kemiskinan dan Ketimpangan,0000,1200,SUMATERA UTARA,189,Perkotaan,123,2023,61,Semester 1 (Maret),0.34,12009818912361,2026-02-05 12:47:23
gini_ratio,98,Gini Ratio Menurut Provinsi dan Daerah,,Kemiskinan dan Ketimpangan,0000,1200,SUMATERA UTARA,190,Perdesaan,123,2023,61,Semester 1 (Maret),0.242,12009819012361,2026-02-05 12:47:23
gini_ratio,98,Gini Ratio Menurut Provinsi dan Daerah,,Kemiskinan dan Ketimpangan,0000,1200,SUMATERA UTARA,191,Perkotaan+Perdesaan,123,2023,61,Semester 1 (Maret),0.309,12009819112361,2026-02-05 12:47:23
gini_ratio,98,Gini Ratio Menurut Provinsi dan Daerah,,Kemiskinan dan Ketimpangan,0000,1300,SUMATERA BARAT,189,Perkotaan,123,2023,61,Semester 1 (Maret),0.305,13009818912361,2026-02-05 12:47:23
gini_ratio,98,Gini Ratio Menurut Provinsi dan Daerah,,Kemiskinan dan Ketimpangan,0000,1300,SUMATERA BARAT,190,Perdesaan,123,2023,61,Semester 1 (Maret),0.232,13009819012361,2026-02-05 12:47:23
gini_ratio,98,Gini Ratio Menurut Provinsi dan Daerah,,Kemiskinan dan Ketimpangan,0000,1300,SUMATERA BARAT,191,Perkotaan+Perdesaan,123,2023,61,Semester 1 (Maret),0.28,13009819112361,2026-02-05 12:47:23
gini_ratio,98,Gini Ratio Menurut Provinsi dan Daerah,,Kemiskinan dan Ketimpangan,0000,1400,RIAU,189,Perkotaan,123,2023,61,Semester 1 (Maret),0.369,14009818912361,2026-02-05 12:47:23
gini_ratio,98,Gini Ratio Menurut Provinsi dan Daerah,,Kemiskinan dan Ketimpangan,0000,1400,RIAU,190,Perdesaan,123,2023,61,Semester 1 (Maret),0.274,14009819012361,2026-02-05 12:47:23
gini_ratio,98,Gini Ratio Menurut Provinsi dan Daerah,,Kemiskinan dan Ketimpangan,0000,1400,RIAU,191,Perkotaan+Perdesaan,123,2023,61,Semester 1 (Maret),0.324,14009819112361,2026-02-05 12:47:23
gini_ratio,98,Gini Ratio Menurut Provinsi dan Daerah,,Kemiskinan dan Ketimpangan,0000,1500,JAMBI,189,Perkotaan,123,2023,61,Semester 1 (Maret),0.365,15009818912361,2026-02-05 12:47:23
gini_ratio,98,Gini Ratio Menurut Provinsi dan Daerah,,Kemiskinan dan Ketimpangan,0000,1500,JAMBI,190,Perdesaan,123,2023,61,Semester 1 (Maret),0.32,15009819012361,2026-02-05 12:47:23
gini_ratio,98,Gini Ratio Menurut Provinsi dan Daerah,,Kemiskinan dan Ketimpangan,0000,1500,JAMBI,191,Perkotaan+Perdesaan,123,2023,61,Semester 1 (Maret),0.343,15009819112361,2026-02-05 12:47:23
gini_ratio,98,Gini Ratio Menurut Provinsi dan Daerah,,Kemiskinan dan Ketimpangan,0000,1600,SUMATERA SELATAN,189,Perkotaan,123,2023,61,Semester 1 (Maret),0.36,16009818912361,2026-02-05 12:47:23
gini_ratio,98,Gini Ratio Menurut Provinsi dan Daerah,,Kemiskinan dan Ketimpangan,0000,1600,SUMATERA SELATAN,190,Perdesaan,123,2023,61,Semester 1 (Maret),0.305,16009819012361,2026-02-05 12:47:23
gini_ratio,98,Gini Ratio Menurut Provinsi dan Daerah,,Kemiskinan dan Ketimpangan,0000,1600,SUMATERA SELATAN,191,Perkotaan+Perdesaan,123,2023,61,Semester 1 (Maret),0.338,16009819112361,2026-02-05 12:47:23
gini_ratio,98,Gini Ratio Menurut Provinsi dan Daerah,,Kemiskinan dan Ketimpangan,0000,1700,BENGKULU,189,Perkotaan,123,2023,61,Semester 1 (Maret),0.386,17009818912361,2026-02-05 12:47:23
gini_ratio,98,Gini Ratio Menurut Provinsi dan Daerah,,Kemiskinan dan Ketimpangan,0000,1700,BENGKULU,190,Perdesaan,123,2023,61,Semester 1 (Maret),0.283,17009819012361,2026-02-05 12:47:23
gini_ratio,98,Gini Ratio Menurut Provinsi dan Daerah,,Kemiskinan dan Ketimpangan,0000,1700,BENGKULU,191,Perkotaan+Perdesaan,123,2023,61,Semester 1 (Maret),0.333,17009819112361,2026-02-05 12:47:23
gini_ratio,98,Gini Ratio Menurut Provinsi dan Daerah,,Kemiskinan dan Ketimpangan,0000,1800,LAMPUNG,189,Perkotaan,123,2023,61,Semester 1 (Maret),0.359,18009818912361,2026-02-05 12:47:23
gini_ratio,98,Gini Ratio Menurut Provinsi dan Daerah,,Kemiskinan dan Ketimpangan,0000,1800,LAMPUNG,190,Perdesaan,123,2023,61,Semester 1 (Maret),0.287,18009819012361,2026-02-05 12:47:23
gini_ratio,98,Gini Ratio Menurut Provinsi dan Daerah,,Kemiskinan dan Ketimpangan,0000,1800,LAMPUNG,191,Perkotaan+Perdesaan,123,2023,61,Semester 1 (Maret),0.324,18009819112361,2026-02-05 12:47:23
gini_ratio,98,Gini Ratio Menurut Provinsi dan Daerah,,Kemiskinan dan Ketimpangan,0000,1900,KEP. BANGKA BELITUNG,189,Perkotaan,123,2023,61,Semester 1 (Maret),0.265,19009818912361,2026-02-05 12:47:23
gini_ratio,98,Gini Ratio Menurut Provinsi dan Daerah,,Kemiskinan dan Ketimpangan,0000,1900,KEP. BANGKA BELITUNG,190,Perdesaan,123,2023,61,Semester 1 (Maret),0.202,19009819012361,2026-02-05 12:47:23
gini_ratio,98,Gini Ratio Menurut Provinsi dan Daerah,,Kemiskinan dan Ketimpangan,0000,1900,KEP. BANGKA BELITUNG,191,Perkotaan+Perdesaan,123,2023,61,Semester 1 (Maret),0.245,19009819112361,2026-02-05 12:47:23
gini_ratio,98,Gini Ratio Menurut Provinsi dan Daerah,,Kemiskinan dan Ketimpangan,0000,2100,KEP. RIAU,189,Perkotaan,123,2023,61,Semester 1 (Maret),0.339,21009818912361,2026-02-05 12:47:23
gini_ratio,98,Gini Ratio Menurut Provinsi dan Daerah,,Kemiskinan dan Ketimpangan,0000,2100,KEP. RIAU,190,Perdesaan,123,2023,61,Semester 1 (Maret),0.248,21009819012361,2026-02-05 12:47:23
gini_ratio,98,Gini Ratio Menurut Provinsi dan Daerah,,Kemiskinan dan Ketimpangan,0000,2100,KEP. RIAU,191,Perkotaan+Perdesaan,123,2023,61,Semester 1 (Maret),0.34,21009819112361,2026-02-05 12:47:23
gini_ratio,98,Gini Ratio Menurut Provinsi dan Daerah,,Kemiskinan dan Ketimpangan,0000,3100,DKI JAKARTA,189,Perkotaan,123,2023,61,Semester 1 (Maret),0.431,31009818912361,2026-02-05 12:47:23
gini_ratio,98,Gini Ratio Menurut Provinsi dan Daerah,,Kemiskinan dan Ketimpangan,0000,3100,DKI JAKARTA,191,Perkotaan+Perdesaan,123,2023,61,Semester 1 (Maret),0.431,31009819112361,2026-02-05 12:47:23
gini_ratio,98,Gini Ratio Menurut Provinsi dan Daerah,,Kemiskinan dan Ketimpangan,0000,3200,JAWA BARAT,189,Perkotaan,123,2023,61,Semester 1 (Maret),0.439,32009818912361,2026-02-05 12:47:23
gini_ratio,98,Gini Ratio Menurut Provinsi dan Daerah,,Kemiskinan dan Ketimpangan,0000,3200,JAWA BARAT,190,Perdesaan,123,2023,61,Semester 1 (Maret),0.321,32009819012361,2026-02-05 12:47:23
gini_ratio,98,Gini Ratio Menurut Provinsi dan Daerah,,Kemiskinan dan Ketimpangan,0000,3200,JAWA BARAT,191,Perkotaan+Perdesaan,123,2023,61,Semester 1 (Maret),0.425,32009819112361,2026-02-05 12:47:23
gini_ratio,98,Gini Ratio Menurut Provinsi dan Daerah,,Kemiskinan dan Ketimpangan,0000,3300,JAWA TENGAH,189,Perkotaan,123,2023,61,Semester 1 (Maret),0.399,33009818912361,2026-02-05 12:47:23
gini_ratio,98,Gini Ratio Menurut Provinsi dan Daerah,,Kemiskinan dan Ketimpangan,0000,3300,JAWA TENGAH,190,Perdesaan,123,2023,61,Semester 1 (Maret),0.318,33009819012361,2026-02-05 12:47:23
gini_ratio,98,Gini Ratio Menurut Provinsi dan Daerah,,Kemiskinan dan Ketimpangan,0000,3300,JAWA TENGAH,191,Perkotaan+Perdesaan,123,2023,61,Semester 1 (Maret),0.369,33009819112361,2026-02-05 12:47:23
gini_ratio,98,Gini Ratio Menurut Provinsi dan Daerah,,Kemiskinan dan Ketimpangan,0000,3400,DI YOGYAKARTA,189,Perkotaan,123,2023,61,Semester 1 (Maret),0.453,34009818912361,2026-02-05 12:47:23
gini_ratio,98,Gini Ratio Menurut Provinsi dan Daerah,,Kemiskinan dan Ketimpangan,0000,3400,DI YOGYAKARTA,190,Perdesaan,123,2023,61,Semester 1 (Maret),0.362,34009819012361,2026-02-05 12:47:23
gini_ratio,98,Gini Ratio Menurut Provinsi dan Daerah,,Kemiskinan dan Ketimpangan,0000,3400,DI YOGYAKARTA,191,Perkotaan+Perdesaan,123,2023,61,Semester 1 (Maret),0.449,34009819112361,2026-02-05 12:47:23
gini_ratio,98,Gini Ratio Menurut Provinsi dan Daerah,,Kemiskinan dan Ketimpangan,0000,3500,JAWA TIMUR,189,Perkotaan,123,2023,61,Semester 1 (Maret),0.404,35009818912361,2026-02-05 12:47:23
gini_ratio,98,Gini Ratio Menurut Provinsi dan Daerah,,Kemiskinan dan Ketimpangan,0000,3500,JAWA TIMUR,190,Perdesaan,123,2023,61,Semester 1 (Maret),0.337,35009819012361,2026-02-05 12:47:23
gini_ratio,98,Gini Ratio Menurut Provinsi dan Daerah,,Kemiskinan dan Ketimpangan,0000,3500,JAWA TIMUR,191,Perkotaan+Perdesaan,123,2023,61,Semester 1 (Maret),0.387,35009819112361,2026-02-05 12:47:23
gini_ratio,98,Gini Ratio Menurut Provinsi dan Daerah,,Kemiskinan dan Ketimpangan,0000,3600,BANTEN,189,Perkotaan,123,2023,61,Semester 1 (Maret),0.372,36009818912361,2026-02-05 12:47:23
gini_ratio,98,Gini Ratio Menurut Provinsi dan Daerah,,Kemiskinan dan Ketimpangan,0000,3600,BANTEN,190,Perdesaan,123,2023,61,Semester 1 (Maret),0.256,36009819012361,2026-02-05 12:47:23
gini_ratio,98,Gini Ratio Menurut Provinsi dan Daerah,,Kemiskinan dan Ketimpangan,0000,3600,BANTEN,191,Perkotaan+Perdesaan,123,2023,61,Semester 1 (Maret),0.368,36009819112361,2026-02-05 12:47:23
gini_ratio,98,Gini Ratio Menurut Provinsi dan Daerah,,Kemiskinan dan Ketimpangan,0000,5100,BALI,189,Perkotaan,123,2023,61,Semester 1 (Maret),0.367,51009818912361,2026-02-05 12:47:23
gini_ratio,98,Gini Ratio Menurut Provinsi dan Daerah,,Kemiskinan dan Ketimpangan,0000,5100,BALI,190,Perdesaan,123,2023,61,Semester 1 (Maret),0.29,51009819012361,2026-02-05 12:47:23
gini_ratio,98,Gini Ratio Menurut Provinsi dan Daerah,,Kemiskinan dan Ketimpangan,0000,5100,BALI,191,Perkotaan+Perdesaan,123,2023,61,Semester 1 (Maret),0.362,51009819112361,2026-02-05 12:47:23
gini_ratio,98,Gini Ratio Menurut Provinsi dan Daerah,,Kemiskinan dan Ketimpangan,0000,5200,NUSA TENGGARA BARAT,189,Perkotaan,123,2023,61,Semester 1 (Maret),0.402,52009818912361,2026-02-05 12:47:23
gini_ratio,98,Gini Ratio Menurut Provinsi dan Daerah,,Kemiskinan dan Ketimpangan,0000,5200,NUSA TENGGARA BARAT,190,Perdesaan,123,2023,61,Semester 1 (Maret),0.334,52009819012361,2026-02-05 12:47:23
gini_ratio,98,Gini Ratio Menurut Provinsi dan Daerah,,Kemiskinan dan Ketimpangan,0000,5200,NUSA TENGGARA BARAT,191,Perkotaan+Perdesaan,123,2023,61,Semester 1 (Maret),0.375,52009819112361,2026-02-05 12:47:23
gini_ratio,98,Gini Ratio Menurut Provinsi dan Daerah,,Kemiskinan dan Ketimpangan,0000,5300,NUSA TENGGARA TIMUR,189,Perkotaan,123,2023,61,Semester 1 (Maret),0.299,53009818912361,2026-02-05 12:47:23
gini_ratio,98,Gini Ratio Menurut Provinsi dan Daerah,,Kemiskinan dan Ketimpangan,0000,5300,NUSA TENGGARA TIMUR,190,Perdesaan,123,2023,61,Semester 1 (Maret),0.307,53009819012361,2026-02-05 12:47:23
gini_ratio,98,Gini Ratio Menurut Provinsi dan Daerah,,Kemiskinan dan Ketimpangan,0000,5300,NUSA TENGGARA TIMUR,191,Perkotaan+Perdesaan,123,2023,61,Semester 1 (Maret),0.325,53009819112361,2026-02-05 12:47:23
gini_ratio,98,Gini Ratio Menurut Provinsi dan Daerah,,Kemiskinan dan Ketimpangan,0000,6100,KALIMANTAN BARAT,189,Perkotaan,123,2023,61,Semester 1 (Maret),0.348,61009818912361,2026-02-05 12:47:23
gini_ratio,98,Gini Ratio Menurut Provinsi dan Daerah,,Kemiskinan dan Ketimpangan,0000,6100,KALIMANTAN BARAT,190,Perdesaan,123,2023,61,Semester 1 (Maret),0.273,61009819012361,2026-02-05 12:47:23
gini_ratio,98,Gini Ratio Menurut Provinsi dan Daerah,,Kemiskinan dan Ketimpangan,0000,6100,KALIMANTAN BARAT,191,Perkotaan+Perdesaan,123,2023,61,Semester 1 (Maret),0.321,61009819112361,2026-02-05 12:47:23
gini_ratio,98,Gini Ratio Menurut Provinsi dan Daerah,,Kemiskinan dan Ketimpangan,0000,6200,KALIMANTAN TENGAH,189,Perkotaan,123,2023,61,Semester 1 (Maret),0.335,62009818912361,2026-02-05 12:47:23
gini_ratio,98,Gini Ratio Menurut Provinsi dan Daerah,,Kemiskinan dan Ketimpangan,0000,6200,KALIMANTAN TENGAH,190,Perdesaan,123,2023,61,Semester 1 (Maret),0.298,62009819012361,2026-02-05 12:47:23
gini_ratio,98,Gini Ratio Menurut Provinsi dan Daerah,,Kemiskinan dan Ketimpangan,0000,6200,KALIMANTAN TENGAH,191,Perkotaan+Perdesaan,123,2023,61,Semester 1 (Maret),0.317,62009819112361,2026-02-05 12:47:23
gini_ratio,98,Gini Ratio Menurut Provinsi dan Daerah,,Kemiskinan dan Ketimpangan,0000,6300,KALIMANTAN SELATAN,189,Perkotaan,123,2023,61,Semester 1 (Maret),0.345,63009818912361,2026-02-05 12:47:23
gini_ratio,98,Gini Ratio Menurut Provinsi dan Daerah,,Kemiskinan dan Ketimpangan,0000,6300,KALIMANTAN SELATAN,190,Perdesaan,123,2023,61,Semester 1 (Maret),0.259,63009819012361,2026-02-05 12:47:23
gini_ratio,98,Gini Ratio Menurut Provinsi dan Daerah,,Kemiskinan dan Ketimpangan,0000,6300,KALIMANTAN SELATAN,191,Perkotaan+Perdesaan,123,2023,61,Semester 1 (Maret),0.313,63009819112361,2026-02-05 12:47:23
gini_ratio,98,Gini Ratio Menurut Provinsi dan Daerah,,Kemiskinan dan Ketimpangan,0000,6400,KALIMANTAN TIMUR,189,Perkotaan,123,2023,61,Semester 1 (Maret),0.328,64009818912361,2026-02-05 12:47:23
gini_ratio,98,Gini Ratio Menurut Provinsi dan Daerah,,Kemiskinan dan Ketimpangan,0000,6400,KALIMANTAN TIMUR,190,Perdesaan,123,2023,61,Semester 1 (Maret),0.292,64009819012361,2026-02-05 12:47:23
gini_ratio,98,Gini Ratio Menurut Provinsi dan Daerah,,Kemiskinan dan Ketimpangan,0000,6400,KALIMANTAN TIMUR,191,Perkotaan+Perdesaan,123,2023,61,Semester 1 (Maret),0.322,64009819112361,2026-02-05 12:47:23
gini_ratio,98,Gini Ratio Menurut Provinsi dan Daerah,,Kemiskinan dan Ketimpangan,0000,6500,KALIMANTAN UTARA,189,Perkotaan,123,2023,61,Semester 1 (Maret),0.274,65009818912361,2026-02-05 12:47:23
gini_ratio,98,Gini Ratio Menurut Provinsi dan Daerah,,Kemiskinan dan Ketimpangan,0000,6500,KALIMANTAN UTARA,190,Perdesaan,123,2023,61,Semester 1 (Maret),0.27,65009819012361,2026-02-05 12:47:23
gini_ratio,98,Gini Ratio Menurut Provinsi dan Daerah,,Kemiskinan dan Ketimpangan,0000,6500,KALIMANTAN UTARA,191,Perkotaan+Perdesaan,123,2023,61,Semester 1 (Maret),0.277,65009819112361,2026-02-05 12:47:23
gini_ratio,98,Gini Ratio Menurut Provinsi dan Daerah,,Kemiskinan dan Ketimpangan,0000,7100,SULAWESI UTARA,189,Perkotaan,123,2023,61,Semester 1 (Maret),0.377,71009818912361,2026-02-05 12:47:23
gini_ratio,98,Gini Ratio Menurut Provinsi dan Daerah,,Kemiskinan dan Ketimpangan,0000,7100,SULAWESI UTARA,190,Perdesaan,123,2023,61,Semester 1 (Maret),0.345,71009819012361,2026-02-05 12:47:23
gini_ratio,98,Gini Ratio Menurut Provinsi dan Daerah,,Kemiskinan dan Ketimpangan,0000,7100,SULAWESI UTARA,191,Perkotaan+Perdesaan,123,2023,61,Semester 1 (Maret),0.37,71009819112361,2026-02-05 12:47:23
gini_ratio,98,Gini Ratio Menurut Provinsi dan Daerah,,Kemiskinan dan Ketimpangan,0000,7200,SULAWESI TENGAH,189,Perkotaan,123,2023,61,Semester 1 (Maret),0.344,72009818912361,2026-02-05 12:47:23
gini_ratio,98,Gini Ratio Menurut Provinsi dan Daerah,,Kemiskinan dan Ketimpangan,0000,7200,SULAWESI TENGAH,190,Perdesaan,123,2023,61,Semester 1 (Maret),0.265,72009819012361,2026-02-05 12:47:23
gini_ratio,98,Gini Ratio Menurut Provinsi dan Daerah,,Kemiskinan dan Ketimpangan,0000,7200,SULAWESI TENGAH,191,Perkotaan+Perdesaan,123,2023,61,Semester 1 (Maret),0.304,72009819112361,2026-02-05 12:47:23
gini_ratio,98,Gini Ratio Menurut Provinsi dan Daerah,,Kemiskinan dan Ketimpangan,0000,7300,SULAWESI SELATAN,189,Perkotaan,123,2023,61,Semester 1 (Maret),0.386,73009818912361,2026-02-05 12:47:23
gini_ratio,98,Gini Ratio Menurut Provinsi dan Daerah,,Kemiskinan dan Ketimpangan,0000,7300,SULAWESI SELATAN,190,Perdesaan,123,2023,61,Semester 1 (Maret),0.339,73009819012361,2026-02-05 12:47:23
gini_ratio,98,Gini Ratio Menurut Provinsi dan Daerah,,Kemiskinan dan Ketimpangan,0000,7300,SULAWESI SELATAN,191,Perkotaan+Perdesaan,123,2023,61,Semester 1 (Maret),0.377,73009819112361,2026-02-05 12:47:23
gini_ratio,98,Gini Ratio Menurut Provinsi dan Daerah,,Kemiskinan dan Ketimpangan,0000,7400,SULAWESI TENGGARA,189,Perkotaan,123,2023,61,Semester 1 (Maret),0.393,74009818912361,2026-02-05 12:47:23
gini_ratio,98,Gini Ratio Menurut Provinsi dan Daerah,,Kemiskinan dan Ketimpangan,0000,7400,SULAWESI TENGGARA,190,Perdesaan,123,2023,61,Semester 1 (Maret),0.338,74009819012361,2026-02-05 12:47:23
gini_ratio,98,Gini Ratio Menurut Provinsi dan Daerah,,Kemiskinan dan Ketimpangan,0000,7400,SULAWESI TENGGARA,191,Perkotaan+Perdesaan,123,2023,61,Semester 1 (Maret),0.371,74009819112361,2026-02-05 12:47:23
gini_ratio,98,Gini Ratio Menurut Provinsi dan Daerah,,Kemiskinan dan Ketimpangan,0000,7500,GORONTALO,189,Perkotaan,123,2023,61,Semester 1 (Maret),0.403,75009818912361,2026-02-05 12:47:23
gini_ratio,98,Gini Ratio Menurut Provinsi dan Daerah,,Kemiskinan dan Ketimpangan,0000,7500,GORONTALO,190,Perdesaan,123,2023,61,Semester 1 (Maret),0.403,75009819012361,2026-02-05 12:47:23
gini_ratio,98,Gini Ratio Menurut Provinsi dan Daerah,,Kemiskinan dan Ketimpangan,0000,7500,GORONTALO,191,Perkotaan+Perdesaan,123,2023,61,Semester 1 (Maret),0.417,75009819112361,2026-02-05 12:47:23
gini_ratio,98,Gini Ratio Menurut Provinsi dan Daerah,,Kemiskinan dan Ketimpangan,0000,7600,SULAWESI BARAT,189,Perkotaan,123,2023,61,Semester 1 (Maret),0.452,76009818912361,2026-02-05 12:47:23
gini_ratio,98,Gini Ratio Menurut Provinsi dan Daerah,,Kemiskinan dan Ketimpangan,0000,7600,SULAWESI BARAT,190,Perdesaan,123,2023,61,Semester 1 (Maret),0.308,76009819012361,2026-02-05 12:47:23
gini_ratio,98,Gini Ratio Menurut Provinsi dan Daerah,,Kemiskinan dan Ketimpangan,0000,7600,SULAWESI BARAT,191,Perkotaan+Perdesaan,123,2023,61,Semester 1 (Maret),0.351,76009819112361,2026-02-05 12:47:23
gini_ratio,98,Gini Ratio Menurut Provinsi dan Daerah,,Kemiskinan dan Ketimpangan,0000,8100,MALUKU,189,Perkotaan,123,2023,61,Semester 1 (Maret),0.288,81009818912361,2026-02-05 12:47:23
gini_ratio,98,Gini Ratio Menurut Provinsi dan Daerah,,Kemiskinan dan Ketimpangan,0000,8100,MALUKU,190,Perdesaan,123,2023,61,Semester 1 (Maret),0.247,81009819012361,2026-02-05 12:47:23
gini_ratio,98,Gini Ratio Menurut Provinsi dan Daerah,,Kemiskinan dan Ketimpangan,0000,8100,MALUKU,191,Perkotaan+Perdesaan,123,2023,61,Semester 1 (Maret),0.288,81009819112361,2026-02-05 12:47:23
gini_ratio,98,Gini Ratio Menurut Provinsi dan Daerah,,Kemiskinan dan Ketimpangan,0000,8200,MALUKU UTARA,189,Perkotaan,123,2023,61,Semester 1 (Maret),0.326,82009818912361,2026-02-05 12:47:23
gini_ratio,98,Gini Ratio Menurut Provinsi dan Daerah,,Kemiskinan dan Ketimpangan,0000,8200,MALUKU UTARA,190,Perdesaan,123,2023,61,Semester 1 (Maret),0.269,82009819012361,2026-02-05 12:47:23
gini_ratio,98,Gini Ratio Menurut Provinsi dan Daerah,,Kemiskinan dan Ketimpangan,0000,8200,MALUKU UTARA,191,Perkotaan+Perdesaan,123,2023,61,Semester 1 (Maret),0.3,82009819112361,2026-02-05 12:47:23
gini_ratio,98,Gini Ratio Menurut Provinsi dan Daerah,,Kemiskinan dan Ketimpangan,0000,9100,PAPUA BARAT,189,Perkotaan,123,2023,61,Semester 1 (Maret),0.282,91009818912361,2026-02-05 12:47:23
gini_ratio,98,Gini Ratio Menurut Provinsi dan Daerah,,Kemiskinan dan Ketimpangan,0000,9100,PAPUA BARAT,190,Perdesaan,123,2023,61,Semester 1 (Maret),0.418,91009819012361,2026-02-05 12:47:23
gini_ratio,98,Gini Ratio Menurut Provinsi dan Daerah,,Kemiskinan dan Ketimpangan,0000,9100,PAPUA BARAT,191,Perkotaan+Perdesaan,123,2023,61,Semester 1 (Maret),0.37,91009819112361,2026-02-05 12:47:23
gini_ratio,98,Gini Ratio Menurut Provinsi dan Daerah,,Kemiskinan dan Ketimpangan,0000,9400,PAPUA,189,Perkotaan,123,2023,61,Semester 1 (Maret),0.3,94009818912361,2026-02-05 12:47:23
gini_ratio,98,Gini Ratio Menurut Provinsi dan Daerah,,Kemiskinan dan Ketimpangan,0000,9400,PAPUA,190,Perdesaan,123,2023,61,Semester 1 (Maret),0.403,94009819012361,2026-02-05 12:47:23
gini_ratio,98,Gini Ratio Menurut Provinsi dan Daerah,,Kemiskinan dan Ketimpangan,0000,9400,PAPUA,191,Perkotaan+Perdesaan,123,2023,61,Semester 1 (Maret),0.386,94009819112361,2026-02-05 12:47:23
gini_ratio,98,Gini Ratio Menurut Provinsi dan Daerah,,Kemiskinan dan Ketimpangan,0000,9999,INDONESIA,189,Perkotaan,123,2023,61,Semester 1 (Maret),0.409,99999818912361,2026-02-05 12:47:23
gini_ratio,98,Gini Ratio Menurut Provinsi dan Daerah,,Kemiskinan dan Ketimpangan,0000,9999,INDONESIA,190,Perdesaan,123,2023,61,Semester 1 (Maret),0.313,99999819012361,2026-02-05 12:47:23
gini_ratio,98,Gini Ratio Menurut Provinsi dan Daerah,,Kemiskinan dan Ketimpangan,0000,9999,INDONESIA,191,Perkotaan+Perdesaan,123,2023,61,Semester 1 (Maret),0.388,99999819112361,2026-02-05 12:47:23
gini_ratio,98,Gini Ratio Menurut Provinsi dan Daerah,,Kemiskinan dan Ketimpangan,0000,1100,ACEH,189,Perkotaan,122,2022,61,Semester 1 (Maret),0.348,11009818912261,2026-02-05 12:47:23
gini_ratio,98,Gini Ratio Menurut Provinsi dan Daerah,,Kemiskinan dan Ketimpangan,0000,1100,ACEH,189,Perkotaan,122,2022,62,Semester 2 (September),0.327,11009818912262,2026-02-05 12:47:23
gini_ratio,98,Gini Ratio Menurut Provinsi dan Daerah,,Kemiskinan dan Ketimpangan,0000,1100,ACEH,190,Perdesaan,122,2022,61,Semester 1 (Maret),0.272,11009819012261,2026-02-05 12:47:23
gini_ratio,98,Gini Ratio Menurut Provinsi dan Daerah,,Kemiskinan dan Ketimpangan,0000,1100,ACEH,190,Perdesaan,122,2022,62,Semester 2 (September),0.252,11009819012262,2026-02-05 12:47:23
gini_ratio,98,Gini Ratio Menurut Provinsi dan Daerah,,Kemiskinan dan Ketimpangan,0000,1100,ACEH,191,Perkotaan+Perdesaan,122,2022,61,Semester 1 (Maret),0.311,11009819112261,2026-02-05 12:47:23
gini_ratio,98,Gini Ratio Menurut Provinsi dan Daerah,,Kemiskinan dan Ketimpangan,0000,1100,ACEH,191,Perkotaan+Perdesaan,122,2022,62,Semester 2 (September),0.291,11009819112262,2026-02-05 12:47:23
gini_ratio,98,Gini Ratio Menurut Provinsi dan Daerah,,Kemiskinan dan Ketimpangan,0000,1200,SUMATERA UTARA,189,Perkotaan,122,2022,61,Semester 1 (Maret),0.343,12009818912261,2026-02-05 12:47:23
gini_ratio,98,Gini Ratio Menurut Provinsi dan Daerah,,Kemiskinan dan Ketimpangan,0000,1200,SUMATERA UTARA,189,Perkotaan,122,2022,62,Semester 2 (September),0.358,12009818912262,2026-02-05 12:47:23
gini_ratio,98,Gini Ratio Menurut Provinsi dan Daerah,,Kemiskinan dan Ketimpangan,0000,1200,SUMATERA UTARA,190,Perdesaan,122,2022,61,Semester 1 (Maret),0.249,12009819012261,2026-02-05 12:47:23
gini_ratio,98,Gini Ratio Menurut Provinsi dan Daerah,,Kemiskinan dan Ketimpangan,0000,1200,SUMATERA UTARA,190,Perdesaan,122,2022,62,Semester 2 (September),0.259,12009819012262,2026-02-05 12:47:23
gini_ratio,98,Gini Ratio Menurut Provinsi dan Daerah,,Kemiskinan dan Ketimpangan,0000,1200,SUMATERA UTARA,191,Perkotaan+Perdesaan,122,2022,61,Semester 1 (Maret),0.312,12009819112261,2026-02-05 12:47:23
gini_ratio,98,Gini Ratio Menurut Provinsi dan Daerah,,Kemiskinan dan Ketimpangan,0000,1200,SUMATERA UTARA,191,Perkotaan+Perdesaan,122,2022,62,Semester 2 (September),0.326,12009819112262,2026-02-05 12:47:23
gini_ratio,98,Gini Ratio Menurut Provinsi dan Daerah,,Kemiskinan dan Ketimpangan,0000,1300,SUMATERA BARAT,189,Perkotaan,122,2022,61,Semester 1 (Maret),0.329,13009818912261,2026-02-05 12:47:23
gini_ratio,98,Gini Ratio Menurut Provinsi dan Daerah,,Kemiskinan dan Ketimpangan,0000,1300,SUMATERA BARAT,189,Perkotaan,122,2022,62,Semester 2 (September),0.316,13009818912262,2026-02-05 12:47:23
gini_ratio,98,Gini Ratio Menurut Provinsi dan Daerah,,Kemiskinan dan Ketimpangan,0000,1300,SUMATERA BARAT,190,Perdesaan,122,2022,61,Semester 1 (Maret),0.247,13009819012261,2026-02-05 12:47:23
gini_ratio,98,Gini Ratio Menurut Provinsi dan Daerah,,Kemiskinan dan Ketimpangan,0000,1300,SUMATERA BARAT,190,Perdesaan,122,2022,62,Semester 2 (September),0.243,13009819012262,2026-02-05 12:47:23
gini_ratio,98,Gini Ratio Menurut Provinsi dan Daerah,,Kemiskinan dan Ketimpangan,0000,1300,SUMATERA BARAT,191,Perkotaan+Perdesaan,122,2022,61,Semester 1 (Maret),0.3,13009819112261,2026-02-05 12:47:23
gini_ratio,98,Gini Ratio Menurut Provinsi dan Daerah,,Kemiskinan dan Ketimpangan,0000,1300,SUMATERA BARAT,191,Perkotaan+Perdesaan,122,2022,62,Semester 2 (September),0.292,13009819112262,2026-02-05 12:47:23
gini_ratio,98,Gini Ratio Menurut Provinsi dan Daerah,,Kemiskinan dan Ketimpangan,0000,1400,RIAU,189,Perkotaan,122,2022,61,Semester 1 (Maret),0.363,14009818912261,2026-02-05 12:47:23
gini_ratio,98,Gini Ratio Menurut Provinsi dan Daerah,,Kemiskinan dan Ketimpangan,0000,1400,RIAU,189,Perkotaan,122,2022,62,Semester 2 (September),0.35,14009818912262,2026-02-05 12:47:23
gini_ratio,98,Gini Ratio Menurut Provinsi dan Daerah,,Kemiskinan dan Ketimpangan,0000,1400,RIAU,190,Perdesaan,122,2022,61,Semester 1 (Maret),0.282,14009819012261,2026-02-05 12:47:23
gini_ratio,98,Gini Ratio Menurut Provinsi dan Daerah,,Kemiskinan dan Ketimpangan,0000,1400,RIAU,190,Perdesaan,122,2022,62,Semester 2 (September),0.293,14009819012262,2026-02-05 12:47:23
gini_ratio,98,Gini Ratio Menurut Provinsi dan Daerah,,Kemiskinan dan Ketimpangan,0000,1400,RIAU,191,Perkotaan+Perdesaan,122,2022,61,Semester 1 (Maret),0.326,14009819112261,2026-02-05 12:47:23
gini_ratio,98,Gini Ratio Menurut Provinsi dan Daerah,,Kemiskinan dan Ketimpangan,0000,1400,RIAU,191,Perkotaan+Perdesaan,122,2022,62,Semester 2 (September),0.323,14009819112262,2026-02-05 12:47:23
gini_ratio,98,Gini Ratio Menurut Provinsi dan Daerah,,Kemiskinan dan Ketimpangan,0000,1500,JAMBI,189,Perkotaan,122,2022,61,Semester 1 (Maret),0.351,15009818912261,2026-02-05 12:47:23
gini_ratio,98,Gini Ratio Menurut Provinsi dan Daerah,,Kemiskinan dan Ketimpangan,0000,1500,JAMBI,189,Perkotaan,122,2022,62,Semester 2 (September),0.376,15009818912262,2026-02-05 12:47:23
gini_ratio,98,Gini Ratio Menurut Provinsi dan Daerah,,Kemiskinan dan Ketimpangan,0000,1500,JAMBI,190,Perdesaan,122,2022,61,Semester 1 (Maret),0.292,15009819012261,2026-02-05 12:47:23
gini_ratio,98,Gini Ratio Menurut Provinsi dan Daerah,,Kemiskinan dan Ketimpangan,0000,1500,JAMBI,190,Perdesaan,122,2022,62,Semester 2 (September),0.302,15009819012262,2026-02-05 12:47:23
gini_ratio,98,Gini Ratio Menurut Provinsi dan Daerah,,Kemiskinan dan Ketimpangan,0000,1500,JAMBI,191,Perkotaan+Perdesaan,122,2022,61,Semester 1 (Maret),0.32,15009819112261,2026-02-05 12:47:23
gini_ratio,98,Gini Ratio Menurut Provinsi dan Daerah,,Kemiskinan dan Ketimpangan,0000,1500,JAMBI,191,Perkotaan+Perdesaan,122,2022,62,Semester 2 (September),0.335,15009819112262,2026-02-05 12:47:23
gini_ratio,98,Gini Ratio Menurut Provinsi dan Daerah,,Kemiskinan dan Ketimpangan,0000,1600,SUMATERA SELATAN,189,Perkotaan,122,2022,61,Semester 1 (Maret),0.358,16009818912261,2026-02-05 12:47:23
gini_ratio,98,Gini Ratio Menurut Provinsi dan Daerah,,Kemiskinan dan Ketimpangan,0000,1600,SUMATERA SELATAN,189,Perkotaan,122,2022,62,Semester 2 (September),0.348,16009818912262,2026-02-05 12:47:23
gini_ratio,98,Gini Ratio Menurut Provinsi dan Daerah,,Kemiskinan dan Ketimpangan,0000,1600,SUMATERA SELATAN,190,Perdesaan,122,2022,61,Semester 1 (Maret),0.311,16009819012261,2026-02-05 12:47:23
gini_ratio,98,Gini Ratio Menurut Provinsi dan Daerah,,Kemiskinan dan Ketimpangan,0000,1600,SUMATERA SELATAN,190,Perdesaan,122,2022,62,Semester 2 (September),0.311,16009819012262,2026-02-05 12:47:23
gini_ratio,98,Gini Ratio Menurut Provinsi dan Daerah,,Kemiskinan dan Ketimpangan,0000,1600,SUMATERA SELATAN,191,Perkotaan+Perdesaan,122,2022,61,Semester 1 (Maret),0.339,16009819112261,2026-02-05 12:47:23
gini_ratio,98,Gini Ratio Menurut Provinsi dan Daerah,,Kemiskinan dan Ketimpangan,0000,1600,SUMATERA SELATAN,191,Perkotaan+Perdesaan,122,2022,62,Semester 2 (September),0.33,16009819112262,2026-02-05 12:47:23
gini_ratio,98,Gini Ratio Menurut Provinsi dan Daerah,,Kemiskinan dan Ketimpangan,0000,1700,BENGKULU,189,Perkotaan,122,2022,61,Semester 1 (Maret),0.37,17009818912261,2026-02-05 12:47:23
gini_ratio,98,Gini Ratio Menurut Provinsi dan Daerah,,Kemiskinan dan Ketimpangan,0000,1700,BENGKULU,189,Perkotaan,122,2022,62,Semester 2 (September),0.371,17009818912262,2026-02-05 12:47:23
gini_ratio,98,Gini Ratio Menurut Provinsi dan Daerah,,Kemiskinan dan Ketimpangan,0000,1700,BENGKULU,190,Perdesaan,122,2022,61,Semester 1 (Maret),0.262,17009819012261,2026-02-05 12:47:23
gini_ratio,98,Gini Ratio Menurut Provinsi dan Daerah,,Kemiskinan dan Ketimpangan,0000,1700,BENGKULU,190,Perdesaan,122,2022,62,Semester 2 (September),0.264,17009819012262,2026-02-05 12:47:23
gini_ratio,98,Gini Ratio Menurut Provinsi dan Daerah,,Kemiskinan dan Ketimpangan,0000,1700,BENGKULU,191,Perkotaan+Perdesaan,122,2022,61,Semester 1 (Maret),0.315,17009819112261,2026-02-05 12:47:23
gini_ratio,98,Gini Ratio Menurut Provinsi dan Daerah,,Kemiskinan dan Ketimpangan,0000,1700,BENGKULU,191,Perkotaan+Perdesaan,122,2022,62,Semester 2 (September),0.315,17009819112262,2026-02-05 12:47:23
gini_ratio,98,Gini Ratio Menurut Provinsi dan Daerah,,Kemiskinan dan Ketimpangan,0000,1800,LAMPUNG,189,Perkotaan,122,2022,61,Semester 1 (Maret),0.341,18009818912261,2026-02-05 12:47:23
gini_ratio,98,Gini Ratio Menurut Provinsi dan Daerah,,Kemiskinan dan Ketimpangan,0000,1800,LAMPUNG,189,Perkotaan,122,2022,62,Semester 2 (September),0.352,18009818912262,2026-02-05 12:47:23
gini_ratio,98,Gini Ratio Menurut Provinsi dan Daerah,,Kemiskinan dan Ketimpangan,0000,1800,LAMPUNG,190,Perdesaan,122,2022,61,Semester 1 (Maret),0.284,18009819012261,2026-02-05 12:47:23
gini_ratio,98,Gini Ratio Menurut Provinsi dan Daerah,,Kemiskinan dan Ketimpangan,0000,1800,LAMPUNG,190,Perdesaan,122,2022,62,Semester 2 (September),0.275,18009819012262,2026-02-05 12:47:23
gini_ratio,98,Gini Ratio Menurut Provinsi dan Daerah,,Kemiskinan dan Ketimpangan,0000,1800,LAMPUNG,191,Perkotaan+Perdesaan,122,2022,61,Semester 1 (Maret),0.314,18009819112261,2026-02-05 12:47:23
gini_ratio,98,Gini Ratio Menurut Provinsi dan Daerah,,Kemiskinan dan Ketimpangan,0000,1800,LAMPUNG,191,Perkotaan+Perdesaan,122,2022,62,Semester 2 (September),0.313,18009819112262,2026-02-05 12:47:23
gini_ratio,98,Gini Ratio Menurut Provinsi dan Daerah,,Kemiskinan dan Ketimpangan,0000,1900,KEP. BANGKA BELITUNG,189,Perkotaan,122,2022,61,Semester 1 (Maret),0.248,19009818912261,2026-02-05 12:47:23
gini_ratio,98,Gini Ratio Menurut Provinsi dan Daerah,,Kemiskinan dan Ketimpangan,0000,1900,KEP. BANGKA BELITUNG,189,Perkotaan,122,2022,62,Semester 2 (September),0.263,19009818912262,2026-02-05 12:47:23
gini_ratio,98,Gini Ratio Menurut Provinsi dan Daerah,,Kemiskinan dan Ketimpangan,0000,1900,KEP. BANGKA BELITUNG,190,Perdesaan,122,2022,61,Semester 1 (Maret),0.206,19009819012261,2026-02-05 12:47:23
gini_ratio,98,Gini Ratio Menurut Provinsi dan Daerah,,Kemiskinan dan Ketimpangan,0000,1900,KEP. BANGKA BELITUNG,190,Perdesaan,122,2022,62,Semester 2 (September),0.222,19009819012262,2026-02-05 12:47:23
gini_ratio,98,Gini Ratio Menurut Provinsi dan Daerah,,Kemiskinan dan Ketimpangan,0000,1900,KEP. BANGKA BELITUNG,191,Perkotaan+Perdesaan,122,2022,61,Semester 1 (Maret),0.236,19009819112261,2026-02-05 12:47:23
gini_ratio,98,Gini Ratio Menurut Provinsi dan Daerah,,Kemiskinan dan Ketimpangan,0000,1900,KEP. BANGKA BELITUNG,191,Perkotaan+Perdesaan,122,2022,62,Semester 2 (September),0.255,19009819112262,2026-02-05 12:47:23
gini_ratio,98,Gini Ratio Menurut Provinsi dan Daerah,,Kemiskinan dan Ketimpangan,0000,2100,KEP. RIAU,189,Perkotaan,122,2022,61,Semester 1 (Maret),0.342,21009818912261,2026-02-05 12:47:23
gini_ratio,98,Gini Ratio Menurut Provinsi dan Daerah,,Kemiskinan dan Ketimpangan,0000,2100,KEP. RIAU,189,Perkotaan,122,2022,62,Semester 2 (September),0.328,21009818912262,2026-02-05 12:47:23
gini_ratio,98,Gini Ratio Menurut Provinsi dan Daerah,,Kemiskinan dan Ketimpangan,0000,2100,KEP. RIAU,190,Perdesaan,122,2022,61,Semester 1 (Maret),0.247,21009819012261,2026-02-05 12:47:23
gini_ratio,98,Gini Ratio Menurut Provinsi dan Daerah,,Kemiskinan dan Ketimpangan,0000,2100,KEP. RIAU,190,Perdesaan,122,2022,62,Semester 2 (September),0.264,21009819012262,2026-02-05 12:47:23
gini_ratio,98,Gini Ratio Menurut Provinsi dan Daerah,,Kemiskinan dan Ketimpangan,0000,2100,KEP. RIAU,191,Perkotaan+Perdesaan,122,2022,61,Semester 1 (Maret),0.342,21009819112261,2026-02-05 12:47:23
gini_ratio,98,Gini Ratio Menurut Provinsi dan Daerah,,Kemiskinan dan Ketimpangan,0000,2100,KEP. RIAU,191,Perkotaan+Perdesaan,122,2022,62,Semester 2 (September),0.325,21009819112262,2026-02-05 12:47:23
gini_ratio,98,Gini Ratio Menurut Provinsi dan Daerah,,Kemiskinan dan Ketimpangan,0000,3100,DKI JAKARTA,189,Perkotaan,122,2022,61,Semester 1 (Maret),0.423,31009818912261,2026-02-05 12:47:23
gini_ratio,98,Gini Ratio Menurut Provinsi dan Daerah,,Kemiskinan dan Ketimpangan,0000,3100,DKI JAKARTA,189,Perkotaan,122,2022,62,Semester 2 (September),0.412,31009818912262,2026-02-05 12:47:23
gini_ratio,98,Gini Ratio Menurut Provinsi dan Daerah,,Kemiskinan dan Ketimpangan,0000,3100,DKI JAKARTA,191,Perkotaan+Perdesaan,122,2022,61,Semester 1 (Maret),0.423,31009819112261,2026-02-05 12:47:23
gini_ratio,98,Gini Ratio Menurut Provinsi dan Daerah,,Kemiskinan dan Ketimpangan,0000,3100,DKI JAKARTA,191,Perkotaan+Perdesaan,122,2022,62,Semester 2 (September),0.412,31009819112262,2026-02-05 12:47:23
gini_ratio,98,Gini Ratio Menurut Provinsi dan Daerah,,Kemiskinan dan Ketimpangan,0000,3200,JAWA BARAT,189,Perkotaan,122,2022,61,Semester 1 (Maret),0.428,32009818912261,2026-02-05 12:47:23
gini_ratio,98,Gini Ratio Menurut Provinsi dan Daerah,,Kemiskinan dan Ketimpangan,0000,3200,JAWA BARAT,189,Perkotaan,122,2022,62,Semester 2 (September),0.427,32009818912262,2026-02-05 12:47:23
gini_ratio,98,Gini Ratio Menurut Provinsi dan Daerah,,Kemiskinan dan Ketimpangan,0000,3200,JAWA BARAT,190,Perdesaan,122,2022,61,Semester 1 (Maret),0.322,32009819012261,2026-02-05 12:47:23
gini_ratio,98,Gini Ratio Menurut Provinsi dan Daerah,,Kemiskinan dan Ketimpangan,0000,3200,JAWA BARAT,190,Perdesaan,122,2022,62,Semester 2 (September),0.306,32009819012262,2026-02-05 12:47:23
gini_ratio,98,Gini Ratio Menurut Provinsi dan Daerah,,Kemiskinan dan Ketimpangan,0000,3200,JAWA BARAT,191,Perkotaan+Perdesaan,122,2022,61,Semester 1 (Maret),0.417,32009819112261,2026-02-05 12:47:23
gini_ratio,98,Gini Ratio Menurut Provinsi dan Daerah,,Kemiskinan dan Ketimpangan,0000,3200,JAWA BARAT,191,Perkotaan+Perdesaan,122,2022,62,Semester 2 (September),0.412,32009819112262,2026-02-05 12:47:23
gini_ratio,98,Gini Ratio Menurut Provinsi dan Daerah,,Kemiskinan dan Ketimpangan,0000,3300,JAWA TENGAH,189,Perkotaan,122,2022,61,Semester 1 (Maret),0.404,33009818912261,2026-02-05 12:47:23
gini_ratio,98,Gini Ratio Menurut Provinsi dan Daerah,,Kemiskinan dan Ketimpangan,0000,3300,JAWA TENGAH,189,Perkotaan,122,2022,62,Semester 2 (September),0.392,33009818912262,2026-02-05 12:47:23
gini_ratio,98,Gini Ratio Menurut Provinsi dan Daerah,,Kemiskinan dan Ketimpangan,0000,3300,JAWA TENGAH,190,Perdesaan,122,2022,61,Semester 1 (Maret),0.322,33009819012261,2026-02-05 12:47:23
gini_ratio,98,Gini Ratio Menurut Provinsi dan Daerah,,Kemiskinan dan Ketimpangan,0000,3300,JAWA TENGAH,190,Perdesaan,122,2022,62,Semester 2 (September),0.326,33009819012262,2026-02-05 12:47:23
gini_ratio,98,Gini Ratio Menurut Provinsi dan Daerah,,Kemiskinan dan Ketimpangan,0000,3300,JAWA TENGAH,191,Perkotaan+Perdesaan,122,2022,61,Semester 1 (Maret),0.374,33009819112261,2026-02-05 12:47:23
gini_ratio,98,Gini Ratio Menurut Provinsi dan Daerah,,Kemiskinan dan Ketimpangan,0000,3300,JAWA TENGAH,191,Perkotaan+Perdesaan,122,2022,62,Semester 2 (September),0.366,33009819112262,2026-02-05 12:47:23
gini_ratio,98,Gini Ratio Menurut Provinsi dan Daerah,,Kemiskinan dan Ketimpangan,0000,3400,DI YOGYAKARTA,189,Perkotaan,122,2022,61,Semester 1 (Maret),0.446,34009818912261,2026-02-05 12:47:23
gini_ratio,98,Gini Ratio Menurut Provinsi dan Daerah,,Kemiskinan dan Ketimpangan,0000,3400,DI YOGYAKARTA,189,Perkotaan,122,2022,62,Semester 2 (September),0.468,34009818912262,2026-02-05 12:47:23
gini_ratio,98,Gini Ratio Menurut Provinsi dan Daerah,,Kemiskinan dan Ketimpangan,0000,3400,DI YOGYAKARTA,190,Perdesaan,122,2022,61,Semester 1 (Maret),0.332,34009819012261,2026-02-05 12:47:23
gini_ratio,98,Gini Ratio Menurut Provinsi dan Daerah,,Kemiskinan dan Ketimpangan,0000,3400,DI YOGYAKARTA,190,Perdesaan,122,2022,62,Semester 2 (September),0.342,34009819012262,2026-02-05 12:47:23
gini_ratio,98,Gini Ratio Menurut Provinsi dan Daerah,,Kemiskinan dan Ketimpangan,0000,3400,DI YOGYAKARTA,191,Perkotaan+Perdesaan,122,2022,61,Semester 1 (Maret),0.439,34009819112261,2026-02-05 12:47:23
gini_ratio,98,Gini Ratio Menurut Provinsi dan Daerah,,Kemiskinan dan Ketimpangan,0000,3400,DI YOGYAKARTA,191,Perkotaan+Perdesaan,122,2022,62,Semester 2 (September),0.459,34009819112262,2026-02-05 12:47:23
gini_ratio,98,Gini Ratio Menurut Provinsi dan Daerah,,Kemiskinan dan Ketimpangan,0000,3500,JAWA TIMUR,189,Perkotaan,122,2022,61,Semester 1 (Maret),0.388,35009818912261,2026-02-05 12:47:23
gini_ratio,98,Gini Ratio Menurut Provinsi dan Daerah,,Kemiskinan dan Ketimpangan,0000,3500,JAWA TIMUR,189,Perkotaan,122,2022,62,Semester 2 (September),0.381,35009818912262,2026-02-05 12:47:23
gini_ratio,98,Gini Ratio Menurut Provinsi dan Daerah,,Kemiskinan dan Ketimpangan,0000,3500,JAWA TIMUR,190,Perdesaan,122,2022,61,Semester 1 (Maret),0.323,35009819012261,2026-02-05 12:47:23
gini_ratio,98,Gini Ratio Menurut Provinsi dan Daerah,,Kemiskinan dan Ketimpangan,0000,3500,JAWA TIMUR,190,Perdesaan,122,2022,62,Semester 2 (September),0.322,35009819012262,2026-02-05 12:47:23
gini_ratio,98,Gini Ratio Menurut Provinsi dan Daerah,,Kemiskinan dan Ketimpangan,0000,3500,JAWA TIMUR,191,Perkotaan+Perdesaan,122,2022,61,Semester 1 (Maret),0.371,35009819112261,2026-02-05 12:47:23
gini_ratio,98,Gini Ratio Menurut Provinsi dan Daerah,,Kemiskinan dan Ketimpangan,0000,3500,JAWA TIMUR,191,Perkotaan+Perdesaan,122,2022,62,Semester 2 (September),0.365,35009819112262,2026-02-05 12:47:23
gini_ratio,98,Gini Ratio Menurut Provinsi dan Daerah,,Kemiskinan dan Ketimpangan,0000,3600,BANTEN,189,Perkotaan,122,2022,61,Semester 1 (Maret),0.367,36009818912261,2026-02-05 12:47:23
gini_ratio,98,Gini Ratio Menurut Provinsi dan Daerah,,Kemiskinan dan Ketimpangan,0000,3600,BANTEN,189,Perkotaan,122,2022,62,Semester 2 (September),0.384,36009818912262,2026-02-05 12:47:23
gini_ratio,98,Gini Ratio Menurut Provinsi dan Daerah,,Kemiskinan dan Ketimpangan,0000,3600,BANTEN,190,Perdesaan,122,2022,61,Semester 1 (Maret),0.287,36009819012261,2026-02-05 12:47:23
gini_ratio,98,Gini Ratio Menurut Provinsi dan Daerah,,Kemiskinan dan Ketimpangan,0000,3600,BANTEN,190,Perdesaan,122,2022,62,Semester 2 (September),0.266,36009819012262,2026-02-05 12:47:23
gini_ratio,98,Gini Ratio Menurut Provinsi dan Daerah,,Kemiskinan dan Ketimpangan,0000,3600,BANTEN,191,Perkotaan+Perdesaan,122,2022,61,Semester 1 (Maret),0.363,36009819112261,2026-02-05 12:47:23
gini_ratio,98,Gini Ratio Menurut Provinsi dan Daerah,,Kemiskinan dan Ketimpangan,0000,3600,BANTEN,191,Perkotaan+Perdesaan,122,2022,62,Semester 2 (September),0.377,36009819112262,2026-02-05 12:47:23
gini_ratio,98,Gini Ratio Menurut Provinsi dan Daerah,,Kemiskinan dan Ketimpangan,0000,5100,BALI,189,Perkotaan,122,2022,61,Semester 1 (Maret),0.371,51009818912261,2026-02-05 12:47:23
gini_ratio,98,Gini Ratio Menurut Provinsi dan Daerah,,Kemiskinan dan Ketimpangan,0000,5100,BALI,189,Perkotaan,122,2022,62,Semester 2 (September),0.371,51009818912262,2026-02-05 12:47:23
gini_ratio,98,Gini Ratio Menurut Provinsi dan Daerah,,Kemiskinan dan Ketimpangan,0000,5100,BALI,190,Perdesaan,122,2022,61,Semester 1 (Maret),0.294,51009819012261,2026-02-05 12:47:23
gini_ratio,98,Gini Ratio Menurut Provinsi dan Daerah,,Kemiskinan dan Ketimpangan,0000,5100,BALI,190,Perdesaan,122,2022,62,Semester 2 (September),0.282,51009819012262,2026-02-05 12:47:23
gini_ratio,98,Gini Ratio Menurut Provinsi dan Daerah,,Kemiskinan dan Ketimpangan,0000,5100,BALI,191,Perkotaan+Perdesaan,122,2022,61,Semester 1 (Maret),0.363,51009819112261,2026-02-05 12:47:23
gini_ratio,98,Gini Ratio Menurut Provinsi dan Daerah,,Kemiskinan dan Ketimpangan,0000,5100,BALI,191,Perkotaan+Perdesaan,122,2022,62,Semester 2 (September),0.362,51009819112262,2026-02-05 12:47:23
gini_ratio,98,Gini Ratio Menurut Provinsi dan Daerah,,Kemiskinan dan Ketimpangan,0000,5200,NUSA TENGGARA BARAT,189,Perkotaan,122,2022,61,Semester 1 (Maret),0.406,52009818912261,2026-02-05 12:47:23
gini_ratio,98,Gini Ratio Menurut Provinsi dan Daerah,,Kemiskinan dan Ketimpangan,0000,5200,NUSA TENGGARA BARAT,189,Perkotaan,122,2022,62,Semester 2 (September),0.392,52009818912262,2026-02-05 12:47:23
gini_ratio,98,Gini Ratio Menurut Provinsi dan Daerah,,Kemiskinan dan Ketimpangan,0000,5200,NUSA TENGGARA BARAT,190,Perdesaan,122,2022,61,Semester 1 (Maret),0.325,52009819012261,2026-02-05 12:47:23
gini_ratio,98,Gini Ratio Menurut Provinsi dan Daerah,,Kemiskinan dan Ketimpangan,0000,5200,NUSA TENGGARA BARAT,190,Perdesaan,122,2022,62,Semester 2 (September),0.341,52009819012262,2026-02-05 12:47:23
gini_ratio,98,Gini Ratio Menurut Provinsi dan Daerah,,Kemiskinan dan Ketimpangan,0000,5200,NUSA TENGGARA BARAT,191,Perkotaan+Perdesaan,122,2022,61,Semester 1 (Maret),0.373,52009819112261,2026-02-05 12:47:23
gini_ratio,98,Gini Ratio Menurut Provinsi dan Daerah,,Kemiskinan dan Ketimpangan,0000,5200,NUSA TENGGARA BARAT,191,Perkotaan+Perdesaan,122,2022,62,Semester 2 (September),0.374,52009819112262,2026-02-05 12:47:23
gini_ratio,98,Gini Ratio Menurut Provinsi dan Daerah,,Kemiskinan dan Ketimpangan,0000,5300,NUSA TENGGARA TIMUR,189,Perkotaan,122,2022,61,Semester 1 (Maret),0.324,53009818912261,2026-02-05 12:47:23
gini_ratio,98,Gini Ratio Menurut Provinsi dan Daerah,,Kemiskinan dan Ketimpangan,0000,5300,NUSA TENGGARA TIMUR,189,Perkotaan,122,2022,62,Semester 2 (September),0.308,53009818912262,2026-02-05 12:47:23
gini_ratio,98,Gini Ratio Menurut Provinsi dan Daerah,,Kemiskinan dan Ketimpangan,0000,5300,NUSA TENGGARA TIMUR,190,Perdesaan,122,2022,61,Semester 1 (Maret),0.304,53009819012261,2026-02-05 12:47:23
gini_ratio,98,Gini Ratio Menurut Provinsi dan Daerah,,Kemiskinan dan Ketimpangan,0000,5300,NUSA TENGGARA TIMUR,190,Perdesaan,122,2022,62,Semester 2 (September),0.326,53009819012262,2026-02-05 12:47:23
gini_ratio,98,Gini Ratio Menurut Provinsi dan Daerah,,Kemiskinan dan Ketimpangan,0000,5300,NUSA TENGGARA TIMUR,191,Perkotaan+Perdesaan,122,2022,61,Semester 1 (Maret),0.334,53009819112261,2026-02-05 12:47:23
gini_ratio,98,Gini Ratio Menurut Provinsi dan Daerah,,Kemiskinan dan Ketimpangan,0000,5300,NUSA TENGGARA TIMUR,191,Perkotaan+Perdesaan,122,2022,62,Semester 2 (September),0.34,53009819112262,2026-02-05 12:47:23
gini_ratio,98,Gini Ratio Menurut Provinsi dan Daerah,,Kemiskinan dan Ketimpangan,0000,6100,KALIMANTAN BARAT,189,Perkotaan,122,2022,61,Semester 1 (Maret),0.342,61009818912261,2026-02-05 12:47:23
gini_ratio,98,Gini Ratio Menurut Provinsi dan Daerah,,Kemiskinan dan Ketimpangan,0000,6100,KALIMANTAN BARAT,189,Perkotaan,122,2022,62,Semester 2 (September),0.334,61009818912262,2026-02-05 12:47:23
gini_ratio,98,Gini Ratio Menurut Provinsi dan Daerah,,Kemiskinan dan Ketimpangan,0000,6100,KALIMANTAN BARAT,190,Perdesaan,122,2022,61,Semester 1 (Maret),0.265,61009819012261,2026-02-05 12:47:23
gini_ratio,98,Gini Ratio Menurut Provinsi dan Daerah,,Kemiskinan dan Ketimpangan,0000,6100,KALIMANTAN BARAT,190,Perdesaan,122,2022,62,Semester 2 (September),0.264,61009819012262,2026-02-05 12:47:23
gini_ratio,98,Gini Ratio Menurut Provinsi dan Daerah,,Kemiskinan dan Ketimpangan,0000,6100,KALIMANTAN BARAT,191,Perkotaan+Perdesaan,122,2022,61,Semester 1 (Maret),0.314,61009819112261,2026-02-05 12:47:23
gini_ratio,98,Gini Ratio Menurut Provinsi dan Daerah,,Kemiskinan dan Ketimpangan,0000,6100,KALIMANTAN BARAT,191,Perkotaan+Perdesaan,122,2022,62,Semester 2 (September),0.311,61009819112262,2026-02-05 12:47:23
gini_ratio,98,Gini Ratio Menurut Provinsi dan Daerah,,Kemiskinan dan Ketimpangan,0000,6200,KALIMANTAN TENGAH,189,Perkotaan,122,2022,61,Semester 1 (Maret),0.348,62009818912261,2026-02-05 12:47:23
gini_ratio,98,Gini Ratio Menurut Provinsi dan Daerah,,Kemiskinan dan Ketimpangan,0000,6200,KALIMANTAN TENGAH,189,Perkotaan,122,2022,62,Semester 2 (September),0.332,62009818912262,2026-02-05 12:47:23
gini_ratio,98,Gini Ratio Menurut Provinsi dan Daerah,,Kemiskinan dan Ketimpangan,0000,6200,KALIMANTAN TENGAH,190,Perdesaan,122,2022,61,Semester 1 (Maret),0.292,62009819012261,2026-02-05 12:47:23
gini_ratio,98,Gini Ratio Menurut Provinsi dan Daerah,,Kemiskinan dan Ketimpangan,0000,6200,KALIMANTAN TENGAH,190,Perdesaan,122,2022,62,Semester 2 (September),0.285,62009819012262,2026-02-05 12:47:23
gini_ratio,98,Gini Ratio Menurut Provinsi dan Daerah,,Kemiskinan dan Ketimpangan,0000,6200,KALIMANTAN TENGAH,191,Perkotaan+Perdesaan,122,2022,61,Semester 1 (Maret),0.319,62009819112261,2026-02-05 12:47:23
gini_ratio,98,Gini Ratio Menurut Provinsi dan Daerah,,Kemiskinan dan Ketimpangan,0000,6200,KALIMANTAN TENGAH,191,Perkotaan+Perdesaan,122,2022,62,Semester 2 (September),0.309,62009819112262,2026-02-05 12:47:23
gini_ratio,98,Gini Ratio Menurut Provinsi dan Daerah,,Kemiskinan dan Ketimpangan,0000,6300,KALIMANTAN SELATAN,189,Perkotaan,122,2022,61,Semester 1 (Maret),0.345,63009818912261,2026-02-05 12:47:23
gini_ratio,98,Gini Ratio Menurut Provinsi dan Daerah,,Kemiskinan dan Ketimpangan,0000,6300,KALIMANTAN SELATAN,189,Perkotaan,122,2022,62,Semester 2 (September),0.329,63009818912262,2026-02-05 12:47:23
gini_ratio,98,Gini Ratio Menurut Provinsi dan Daerah,,Kemiskinan dan Ketimpangan,0000,6300,KALIMANTAN SELATAN,190,Perdesaan,122,2022,61,Semester 1 (Maret),0.263,63009819012261,2026-02-05 12:47:23
gini_ratio,98,Gini Ratio Menurut Provinsi dan Daerah,,Kemiskinan dan Ketimpangan,0000,6300,KALIMANTAN SELATAN,190,Perdesaan,122,2022,62,Semester 2 (September),0.273,63009819012262,2026-02-05 12:47:23
gini_ratio,98,Gini Ratio Menurut Provinsi dan Daerah,,Kemiskinan dan Ketimpangan,0000,6300,KALIMANTAN SELATAN,191,Perkotaan+Perdesaan,122,2022,61,Semester 1 (Maret),0.317,63009819112261,2026-02-05 12:47:23
gini_ratio,98,Gini Ratio Menurut Provinsi dan Daerah,,Kemiskinan dan Ketimpangan,0000,6300,KALIMANTAN SELATAN,191,Perkotaan+Perdesaan,122,2022,62,Semester 2 (September),0.309,63009819112262,2026-02-05 12:47:23
gini_ratio,98,Gini Ratio Menurut Provinsi dan Daerah,,Kemiskinan dan Ketimpangan,0000,6400,KALIMANTAN TIMUR,189,Perkotaan,122,2022,61,Semester 1 (Maret),0.334,64009818912261,2026-02-05 12:47:23
gini_ratio,98,Gini Ratio Menurut Provinsi dan Daerah,,Kemiskinan dan Ketimpangan,0000,6400,KALIMANTAN TIMUR,189,Perkotaan,122,2022,62,Semester 2 (September),0.32,64009818912262,2026-02-05 12:47:23
gini_ratio,98,Gini Ratio Menurut Provinsi dan Daerah,,Kemiskinan dan Ketimpangan,0000,6400,KALIMANTAN TIMUR,190,Perdesaan,122,2022,61,Semester 1 (Maret),0.283,64009819012261,2026-02-05 12:47:23
gini_ratio,98,Gini Ratio Menurut Provinsi dan Daerah,,Kemiskinan dan Ketimpangan,0000,6400,KALIMANTAN TIMUR,190,Perdesaan,122,2022,62,Semester 2 (September),0.301,64009819012262,2026-02-05 12:47:23
gini_ratio,98,Gini Ratio Menurut Provinsi dan Daerah,,Kemiskinan dan Ketimpangan,0000,6400,KALIMANTAN TIMUR,191,Perkotaan+Perdesaan,122,2022,61,Semester 1 (Maret),0.327,64009819112261,2026-02-05 12:47:23
gini_ratio,98,Gini Ratio Menurut Provinsi dan Daerah,,Kemiskinan dan Ketimpangan,0000,6400,KALIMANTAN TIMUR,191,Perkotaan+Perdesaan,122,2022,62,Semester 2 (September),0.317,64009819112262,2026-02-05 12:47:23
gini_ratio,98,Gini Ratio Menurut Provinsi dan Daerah,,Kemiskinan dan Ketimpangan,0000,6500,KALIMANTAN UTARA,189,Perkotaan,122,2022,61,Semester 1 (Maret),0.269,65009818912261,2026-02-05 12:47:23
gini_ratio,98,Gini Ratio Menurut Provinsi dan Daerah,,Kemiskinan dan Ketimpangan,0000,6500,KALIMANTAN UTARA,189,Perkotaan,122,2022,62,Semester 2 (September),0.256,65009818912262,2026-02-05 12:47:23
gini_ratio,98,Gini Ratio Menurut Provinsi dan Daerah,,Kemiskinan dan Ketimpangan,0000,6500,KALIMANTAN UTARA,190,Perdesaan,122,2022,61,Semester 1 (Maret),0.269,65009819012261,2026-02-05 12:47:23
gini_ratio,98,Gini Ratio Menurut Provinsi dan Daerah,,Kemiskinan dan Ketimpangan,0000,6500,KALIMANTAN UTARA,190,Perdesaan,122,2022,62,Semester 2 (September),0.287,65009819012262,2026-02-05 12:47:23
gini_ratio,98,Gini Ratio Menurut Provinsi dan Daerah,,Kemiskinan dan Ketimpangan,0000,6500,KALIMANTAN UTARA,191,Perkotaan+Perdesaan,122,2022,61,Semester 1 (Maret),0.272,65009819112261,2026-02-05 12:47:23
gini_ratio,98,Gini Ratio Menurut Provinsi dan Daerah,,Kemiskinan dan Ketimpangan,0000,6500,KALIMANTAN UTARA,191,Perkotaan+Perdesaan,122,2022,62,Semester 2 (September),0.27,65009819112262,2026-02-05 12:47:23
gini_ratio,98,Gini Ratio Menurut Provinsi dan Daerah,,Kemiskinan dan Ketimpangan,0000,7100,SULAWESI UTARA,189,Perkotaan,122,2022,61,Semester 1 (Maret),0.362,71009818912261,2026-02-05 12:47:23
gini_ratio,98,Gini Ratio Menurut Provinsi dan Daerah,,Kemiskinan dan Ketimpangan,0000,7100,SULAWESI UTARA,189,Perkotaan,122,2022,62,Semester 2 (September),0.355,71009818912262,2026-02-05 12:47:23
gini_ratio,98,Gini Ratio Menurut Provinsi dan Daerah,,Kemiskinan dan Ketimpangan,0000,7100,SULAWESI UTARA,190,Perdesaan,122,2022,61,Semester 1 (Maret),0.354,71009819012261,2026-02-05 12:47:23
gini_ratio,98,Gini Ratio Menurut Provinsi dan Daerah,,Kemiskinan dan Ketimpangan,0000,7100,SULAWESI UTARA,190,Perdesaan,122,2022,62,Semester 2 (September),0.352,71009819012262,2026-02-05 12:47:23
gini_ratio,98,Gini Ratio Menurut Provinsi dan Daerah,,Kemiskinan dan Ketimpangan,0000,7100,SULAWESI UTARA,191,Perkotaan+Perdesaan,122,2022,61,Semester 1 (Maret),0.365,71009819112261,2026-02-05 12:47:23
gini_ratio,98,Gini Ratio Menurut Provinsi dan Daerah,,Kemiskinan dan Ketimpangan,0000,7100,SULAWESI UTARA,191,Perkotaan+Perdesaan,122,2022,62,Semester 2 (September),0.359,71009819112262,2026-02-05 12:47:23
gini_ratio,98,Gini Ratio Menurut Provinsi dan Daerah,,Kemiskinan dan Ketimpangan,0000,7200,SULAWESI TENGAH,189,Perkotaan,122,2022,61,Semester 1 (Maret),0.343,72009818912261,2026-02-05 12:47:23
gini_ratio,98,Gini Ratio Menurut Provinsi dan Daerah,,Kemiskinan dan Ketimpangan,0000,7200,SULAWESI TENGAH,189,Perkotaan,122,2022,62,Semester 2 (September),0.337,72009818912262,2026-02-05 12:47:23
gini_ratio,98,Gini Ratio Menurut Provinsi dan Daerah,,Kemiskinan dan Ketimpangan,0000,7200,SULAWESI TENGAH,190,Perdesaan,122,2022,61,Semester 1 (Maret),0.272,72009819012261,2026-02-05 12:47:23
gini_ratio,98,Gini Ratio Menurut Provinsi dan Daerah,,Kemiskinan dan Ketimpangan,0000,7200,SULAWESI TENGAH,190,Perdesaan,122,2022,62,Semester 2 (September),0.28,72009819012262,2026-02-05 12:47:23
gini_ratio,98,Gini Ratio Menurut Provinsi dan Daerah,,Kemiskinan dan Ketimpangan,0000,7200,SULAWESI TENGAH,191,Perkotaan+Perdesaan,122,2022,61,Semester 1 (Maret),0.308,72009819112261,2026-02-05 12:47:23
gini_ratio,98,Gini Ratio Menurut Provinsi dan Daerah,,Kemiskinan dan Ketimpangan,0000,7200,SULAWESI TENGAH,191,Perkotaan+Perdesaan,122,2022,62,Semester 2 (September),0.305,72009819112262,2026-02-05 12:47:23
gini_ratio,98,Gini Ratio Menurut Provinsi dan Daerah,,Kemiskinan dan Ketimpangan,0000,7300,SULAWESI SELATAN,189,Perkotaan,122,2022,61,Semester 1 (Maret),0.388,73009818912261,2026-02-05 12:47:23
gini_ratio,98,Gini Ratio Menurut Provinsi dan Daerah,,Kemiskinan dan Ketimpangan,0000,7300,SULAWESI SELATAN,189,Perkotaan,122,2022,62,Semester 2 (September),0.378,73009818912262,2026-02-05 12:47:23
gini_ratio,98,Gini Ratio Menurut Provinsi dan Daerah,,Kemiskinan dan Ketimpangan,0000,7300,SULAWESI SELATAN,190,Perdesaan,122,2022,61,Semester 1 (Maret),0.336,73009819012261,2026-02-05 12:47:23
gini_ratio,98,Gini Ratio Menurut Provinsi dan Daerah,,Kemiskinan dan Ketimpangan,0000,7300,SULAWESI SELATAN,190,Perdesaan,122,2022,62,Semester 2 (September),0.324,73009819012262,2026-02-05 12:47:23
gini_ratio,98,Gini Ratio Menurut Provinsi dan Daerah,,Kemiskinan dan Ketimpangan,0000,7300,SULAWESI SELATAN,191,Perkotaan+Perdesaan,122,2022,61,Semester 1 (Maret),0.377,73009819112261,2026-02-05 12:47:23
gini_ratio,98,Gini Ratio Menurut Provinsi dan Daerah,,Kemiskinan dan Ketimpangan,0000,7300,SULAWESI SELATAN,191,Perkotaan+Perdesaan,122,2022,62,Semester 2 (September),0.365,73009819112262,2026-02-05 12:47:23
gini_ratio,98,Gini Ratio Menurut Provinsi dan Daerah,,Kemiskinan dan Ketimpangan,0000,7400,SULAWESI TENGGARA,189,Perkotaan,122,2022,61,Semester 1 (Maret),0.404,74009818912261,2026-02-05 12:47:23
gini_ratio,98,Gini Ratio Menurut Provinsi dan Daerah,,Kemiskinan dan Ketimpangan,0000,7400,SULAWESI TENGGARA,189,Perkotaan,122,2022,62,Semester 2 (September),0.382,74009818912262,2026-02-05 12:47:23
gini_ratio,98,Gini Ratio Menurut Provinsi dan Daerah,,Kemiskinan dan Ketimpangan,0000,7400,SULAWESI TENGGARA,190,Perdesaan,122,2022,61,Semester 1 (Maret),0.352,74009819012261,2026-02-05 12:47:23
gini_ratio,98,Gini Ratio Menurut Provinsi dan Daerah,,Kemiskinan dan Ketimpangan,0000,7400,SULAWESI TENGGARA,190,Perdesaan,122,2022,62,Semester 2 (September),0.341,74009819012262,2026-02-05 12:47:23
gini_ratio,98,Gini Ratio Menurut Provinsi dan Daerah,,Kemiskinan dan Ketimpangan,0000,7400,SULAWESI TENGGARA,191,Perkotaan+Perdesaan,122,2022,61,Semester 1 (Maret),0.387,74009819112261,2026-02-05 12:47:23
gini_ratio,98,Gini Ratio Menurut Provinsi dan Daerah,,Kemiskinan dan Ketimpangan,0000,7400,SULAWESI TENGGARA,191,Perkotaan+Perdesaan,122,2022,62,Semester 2 (September),0.366,74009819112262,2026-02-05 12:47:23
gini_ratio,98,Gini Ratio Menurut Provinsi dan Daerah,,Kemiskinan dan Ketimpangan,0000,7500,GORONTALO,189,Perkotaan,122,2022,61,Semester 1 (Maret),0.409,75009818912261,2026-02-05 12:47:23
gini_ratio,98,Gini Ratio Menurut Provinsi dan Daerah,,Kemiskinan dan Ketimpangan,0000,7500,GORONTALO,189,Perkotaan,122,2022,62,Semester 2 (September),0.406,75009818912262,2026-02-05 12:47:23
gini_ratio,98,Gini Ratio Menurut Provinsi dan Daerah,,Kemiskinan dan Ketimpangan,0000,7500,GORONTALO,190,Perdesaan,122,2022,61,Semester 1 (Maret),0.395,75009819012261,2026-02-05 12:47:23
gini_ratio,98,Gini Ratio Menurut Provinsi dan Daerah,,Kemiskinan dan Ketimpangan,0000,7500,GORONTALO,190,Perdesaan,122,2022,62,Semester 2 (September),0.395,75009819012262,2026-02-05 12:47:23
gini_ratio,98,Gini Ratio Menurut Provinsi dan Daerah,,Kemiskinan dan Ketimpangan,0000,7500,GORONTALO,191,Perkotaan+Perdesaan,122,2022,61,Semester 1 (Maret),0.418,75009819112261,2026-02-05 12:47:23
gini_ratio,98,Gini Ratio Menurut Provinsi dan Daerah,,Kemiskinan dan Ketimpangan,0000,7500,GORONTALO,191,Perkotaan+Perdesaan,122,2022,62,Semester 2 (September),0.423,75009819112262,2026-02-05 12:47:23
gini_ratio,98,Gini Ratio Menurut Provinsi dan Daerah,,Kemiskinan dan Ketimpangan,0000,7600,SULAWESI BARAT,189,Perkotaan,122,2022,61,Semester 1 (Maret),0.448,76009818912261,2026-02-05 12:47:23
gini_ratio,98,Gini Ratio Menurut Provinsi dan Daerah,,Kemiskinan dan Ketimpangan,0000,7600,SULAWESI BARAT,189,Perkotaan,122,2022,62,Semester 2 (September),0.472,76009818912262,2026-02-05 12:47:23
gini_ratio,98,Gini Ratio Menurut Provinsi dan Daerah,,Kemiskinan dan Ketimpangan,0000,7600,SULAWESI BARAT,190,Perdesaan,122,2022,61,Semester 1 (Maret),0.322,76009819012261,2026-02-05 12:47:23
gini_ratio,98,Gini Ratio Menurut Provinsi dan Daerah,,Kemiskinan dan Ketimpangan,0000,7600,SULAWESI BARAT,190,Perdesaan,122,2022,62,Semester 2 (September),0.315,76009819012262,2026-02-05 12:47:23
gini_ratio,98,Gini Ratio Menurut Provinsi dan Daerah,,Kemiskinan dan Ketimpangan,0000,7600,SULAWESI BARAT,191,Perkotaan+Perdesaan,122,2022,61,Semester 1 (Maret),0.362,76009819112261,2026-02-05 12:47:23
gini_ratio,98,Gini Ratio Menurut Provinsi dan Daerah,,Kemiskinan dan Ketimpangan,0000,7600,SULAWESI BARAT,191,Perkotaan+Perdesaan,122,2022,62,Semester 2 (September),0.371,76009819112262,2026-02-05 12:47:23
gini_ratio,98,Gini Ratio Menurut Provinsi dan Daerah,,Kemiskinan dan Ketimpangan,0000,8100,MALUKU,189,Perkotaan,122,2022,61,Semester 1 (Maret),0.297,81009818912261,2026-02-05 12:47:23
gini_ratio,98,Gini Ratio Menurut Provinsi dan Daerah,,Kemiskinan dan Ketimpangan,0000,8100,MALUKU,189,Perkotaan,122,2022,62,Semester 2 (September),0.309,81009818912262,2026-02-05 12:47:23
gini_ratio,98,Gini Ratio Menurut Provinsi dan Daerah,,Kemiskinan dan Ketimpangan,0000,8100,MALUKU,190,Perdesaan,122,2022,61,Semester 1 (Maret),0.259,81009819012261,2026-02-05 12:47:23
gini_ratio,98,Gini Ratio Menurut Provinsi dan Daerah,,Kemiskinan dan Ketimpangan,0000,8100,MALUKU,190,Perdesaan,122,2022,62,Semester 2 (September),0.261,81009819012262,2026-02-05 12:47:23
gini_ratio,98,Gini Ratio Menurut Provinsi dan Daerah,,Kemiskinan dan Ketimpangan,0000,8100,MALUKU,191,Perkotaan+Perdesaan,122,2022,61,Semester 1 (Maret),0.301,81009819112261,2026-02-05 12:47:23
gini_ratio,98,Gini Ratio Menurut Provinsi dan Daerah,,Kemiskinan dan Ketimpangan,0000,8100,MALUKU,191,Perkotaan+Perdesaan,122,2022,62,Semester 2 (September),0.306,81009819112262,2026-02-05 12:47:23
gini_ratio,98,Gini Ratio Menurut Provinsi dan Daerah,,Kemiskinan dan Ketimpangan,0000,8200,MALUKU UTARA,189,Perkotaan,122,2022,61,Semester 1 (Maret),0.3,82009818912261,2026-02-05 12:47:23
gini_ratio,98,Gini Ratio Menurut Provinsi dan Daerah,,Kemiskinan dan Ketimpangan,0000,8200,MALUKU UTARA,189,Perkotaan,122,2022,62,Semester 2 (September),0.33,82009818912262,2026-02-05 12:47:23
gini_ratio,98,Gini Ratio Menurut Provinsi dan Daerah,,Kemiskinan dan Ketimpangan,0000,8200,MALUKU UTARA,190,Perdesaan,122,2022,61,Semester 1 (Maret),0.247,82009819012261,2026-02-05 12:47:23
gini_ratio,98,Gini Ratio Menurut Provinsi dan Daerah,,Kemiskinan dan Ketimpangan,0000,8200,MALUKU UTARA,190,Perdesaan,122,2022,62,Semester 2 (September),0.269,82009819012262,2026-02-05 12:47:23
gini_ratio,98,Gini Ratio Menurut Provinsi dan Daerah,,Kemiskinan dan Ketimpangan,0000,8200,MALUKU UTARA,191,Perkotaan+Perdesaan,122,2022,61,Semester 1 (Maret),0.279,82009819112261,2026-02-05 12:47:23
gini_ratio,98,Gini Ratio Menurut Provinsi dan Daerah,,Kemiskinan dan Ketimpangan,0000,8200,MALUKU UTARA,191,Perkotaan+Perdesaan,122,2022,62,Semester 2 (September),0.309,82009819112262,2026-02-05 12:47:23
gini_ratio,98,Gini Ratio Menurut Provinsi dan Daerah,,Kemiskinan dan Ketimpangan,0000,9100,PAPUA BARAT,189,Perkotaan,122,2022,61,Semester 1 (Maret),0.294,91009818912261,2026-02-05 12:47:23
gini_ratio,98,Gini Ratio Menurut Provinsi dan Daerah,,Kemiskinan dan Ketimpangan,0000,9100,PAPUA BARAT,189,Perkotaan,122,2022,62,Semester 2 (September),0.302,91009818912262,2026-02-05 12:47:23
gini_ratio,98,Gini Ratio Menurut Provinsi dan Daerah,,Kemiskinan dan Ketimpangan,0000,9100,PAPUA BARAT,190,Perdesaan,122,2022,61,Semester 1 (Maret),0.411,91009819012261,2026-02-05 12:47:23
gini_ratio,98,Gini Ratio Menurut Provinsi dan Daerah,,Kemiskinan dan Ketimpangan,0000,9100,PAPUA BARAT,190,Perdesaan,122,2022,62,Semester 2 (September),0.436,91009819012262,2026-02-05 12:47:23
gini_ratio,98,Gini Ratio Menurut Provinsi dan Daerah,,Kemiskinan dan Ketimpangan,0000,9100,PAPUA BARAT,191,Perkotaan+Perdesaan,122,2022,61,Semester 1 (Maret),0.37,91009819112261,2026-02-05 12:47:23
gini_ratio,98,Gini Ratio Menurut Provinsi dan Daerah,,Kemiskinan dan Ketimpangan,0000,9100,PAPUA BARAT,191,Perkotaan+Perdesaan,122,2022,62,Semester 2 (September),0.384,91009819112262,2026-02-05 12:47:23
gini_ratio,98,Gini Ratio Menurut Provinsi dan Daerah,,Kemiskinan dan Ketimpangan,0000,9400,PAPUA,189,Perkotaan,122,2022,61,Semester 1 (Maret),0.315,94009818912261,2026-02-05 12:47:23
gini_ratio,98,Gini Ratio Menurut Provinsi dan Daerah,,Kemiskinan dan Ketimpangan,0000,9400,PAPUA,189,Perkotaan,122,2022,62,Semester 2 (September),0.294,94009818912262,2026-02-05 12:47:23
gini_ratio,98,Gini Ratio Menurut Provinsi dan Daerah,,Kemiskinan dan Ketimpangan,0000,9400,PAPUA,190,Perdesaan,122,2022,61,Semester 1 (Maret),0.427,94009819012261,2026-02-05 12:47:23
gini_ratio,98,Gini Ratio Menurut Provinsi dan Daerah,,Kemiskinan dan Ketimpangan,0000,9400,PAPUA,190,Perdesaan,122,2022,62,Semester 2 (September),0.419,94009819012262,2026-02-05 12:47:23
gini_ratio,98,Gini Ratio Menurut Provinsi dan Daerah,,Kemiskinan dan Ketimpangan,0000,9400,PAPUA,191,Perkotaan+Perdesaan,122,2022,61,Semester 1 (Maret),0.406,94009819112261,2026-02-05 12:47:23
gini_ratio,98,Gini Ratio Menurut Provinsi dan Daerah,,Kemiskinan dan Ketimpangan,0000,9400,PAPUA,191,Perkotaan+Perdesaan,122,2022,62,Semester 2 (September),0.393,94009819112262,2026-02-05 12:47:23
gini_ratio,98,Gini Ratio Menurut Provinsi dan Daerah,,Kemiskinan dan Ketimpangan,0000,9999,INDONESIA,189,Perkotaan,122,2022,61,Semester 1 (Maret),0.403,99999818912261,2026-02-05 12:47:23
gini_ratio,98,Gini Ratio Menurut Provinsi dan Daerah,,Kemiskinan dan Ketimpangan,0000,9999,INDONESIA,189,Perkotaan,122,2022,62,Semester 2 (September),0.402,99999818912262,2026-02-05 12:47:23
gini_ratio,98,Gini Ratio Menurut Provinsi dan Daerah,,Kemiskinan dan Ketimpangan,0000,9999,INDONESIA,190,Perdesaan,122,2022,61,Semester 1 (Maret),0.314,99999819012261,2026-02-05 12:47:23
gini_ratio,98,Gini Ratio Menurut Provinsi dan Daerah,,Kemiskinan dan Ketimpangan,0000,9999,INDONESIA,190,Perdesaan,122,2022,62,Semester 2 (September),0.313,99999819012262,2026-02-05 12:47:23
gini_ratio,98,Gini Ratio Menurut Provinsi dan Daerah,,Kemiskinan dan Ketimpangan,0000,9999,INDONESIA,191,Perkotaan+Perdesaan,122,2022,61,Semester 1 (Maret),0.384,99999819112261,2026-02-05 12:47:23
gini_ratio,98,Gini Ratio Menurut Provinsi dan Daerah,,Kemiskinan dan Ketimpangan,0000,9999,INDONESIA,191,Perkotaan+Perdesaan,122,2022,62,Semester 2 (September),0.381,99999819112262,2026-02-05 12:47:23
gini_ratio,98,Gini Ratio Menurut Provinsi dan Daerah,,Kemiskinan dan Ketimpangan,0000,1100,ACEH,189,Perkotaan,121,2021,61,Semester 1 (Maret),0.362,11009818912161,2026-02-05 12:47:23
gini_ratio,98,Gini Ratio Menurut Provinsi dan Daerah,,Kemiskinan dan Ketimpangan,0000,1100,ACEH,189,Perkotaan,121,2021,62,Semester 2 (September),0.357,11009818912162,2026-02-05 12:47:23
gini_ratio,98,Gini Ratio Menurut Provinsi dan Daerah,,Kemiskinan dan Ketimpangan,0000,1100,ACEH,190,Perdesaan,121,2021,61,Semester 1 (Maret),0.275,11009819012161,2026-02-05 12:47:23
gini_ratio,98,Gini Ratio Menurut Provinsi dan Daerah,,Kemiskinan dan Ketimpangan,0000,1100,ACEH,190,Perdesaan,121,2021,62,Semester 2 (September),0.282,11009819012162,2026-02-05 12:47:23
gini_ratio,98,Gini Ratio Menurut Provinsi dan Daerah,,Kemiskinan dan Ketimpangan,0000,1100,ACEH,191,Perkotaan+Perdesaan,121,2021,61,Semester 1 (Maret),0.324,11009819112161,2026-02-05 12:47:23
gini_ratio,98,Gini Ratio Menurut Provinsi dan Daerah,,Kemiskinan dan Ketimpangan,0000,1100,ACEH,191,Perkotaan+Perdesaan,121,2021,62,Semester 2 (September),0.323,11009819112162,2026-02-05 12:47:23
gini_ratio,98,Gini Ratio Menurut Provinsi dan Daerah,,Kemiskinan dan Ketimpangan,0000,1200,SUMATERA UTARA,189,Perkotaan,121,2021,61,Semester 1 (Maret),0.344,12009818912161,2026-02-05 12:47:23
gini_ratio,98,Gini Ratio Menurut Provinsi dan Daerah,,Kemiskinan dan Ketimpangan,0000,1200,SUMATERA UTARA,189,Perkotaan,121,2021,62,Semester 2 (September),0.339,12009818912162,2026-02-05 12:47:23
gini_ratio,98,Gini Ratio Menurut Provinsi dan Daerah,,Kemiskinan dan Ketimpangan,0000,1200,SUMATERA UTARA,190,Perdesaan,121,2021,61,Semester 1 (Maret),0.25,12009819012161,2026-02-05 12:47:23
gini_ratio,98,Gini Ratio Menurut Provinsi dan Daerah,,Kemiskinan dan Ketimpangan,0000,1200,SUMATERA UTARA,190,Perdesaan,121,2021,62,Semester 2 (September),0.257,12009819012162,2026-02-05 12:47:23
gini_ratio,98,Gini Ratio Menurut Provinsi dan Daerah,,Kemiskinan dan Ketimpangan,0000,1200,SUMATERA UTARA,191,Perkotaan+Perdesaan,121,2021,61,Semester 1 (Maret),0.314,12009819112161,2026-02-05 12:47:23
gini_ratio,98,Gini Ratio Menurut Provinsi dan Daerah,,Kemiskinan dan Ketimpangan,0000,1200,SUMATERA UTARA,191,Perkotaan+Perdesaan,121,2021,62,Semester 2 (September),0.313,12009819112162,2026-02-05 12:47:23
gini_ratio,98,Gini Ratio Menurut Provinsi dan Daerah,,Kemiskinan dan Ketimpangan,0000,1300,SUMATERA BARAT,189,Perkotaan,121,2021,61,Semester 1 (Maret),0.329,13009818912161,2026-02-05 12:47:23
gini_ratio,98,Gini Ratio Menurut Provinsi dan Daerah,,Kemiskinan dan Ketimpangan,0000,1300,SUMATERA BARAT,189,Perkotaan,121,2021,62,Semester 2 (September),0.327,13009818912162,2026-02-05 12:47:23
gini_ratio,98,Gini Ratio Menurut Provinsi dan Daerah,,Kemiskinan dan Ketimpangan,0000,1300,SUMATERA BARAT,190,Perdesaan,121,2021,61,Semester 1 (Maret),0.254,13009819012161,2026-02-05 12:47:23
gini_ratio,98,Gini Ratio Menurut Provinsi dan Daerah,,Kemiskinan dan Ketimpangan,0000,1300,SUMATERA BARAT,190,Perdesaan,121,2021,62,Semester 2 (September),0.252,13009819012162,2026-02-05 12:47:23
gini_ratio,98,Gini Ratio Menurut Provinsi dan Daerah,,Kemiskinan dan Ketimpangan,0000,1300,SUMATERA BARAT,191,Perkotaan+Perdesaan,121,2021,61,Semester 1 (Maret),0.306,13009819112161,2026-02-05 12:47:23
gini_ratio,98,Gini Ratio Menurut Provinsi dan Daerah,,Kemiskinan dan Ketimpangan,0000,1300,SUMATERA BARAT,191,Perkotaan+Perdesaan,121,2021,62,Semester 2 (September),0.3,13009819112162,2026-02-05 12:47:23
gini_ratio,98,Gini Ratio Menurut Provinsi dan Daerah,,Kemiskinan dan Ketimpangan,0000,1400,RIAU,189,Perkotaan,121,2021,61,Semester 1 (Maret),0.367,14009818912161,2026-02-05 12:47:23
gini_ratio,98,Gini Ratio Menurut Provinsi dan Daerah,,Kemiskinan dan Ketimpangan,0000,1400,RIAU,189,Perkotaan,121,2021,62,Semester 2 (September),0.369,14009818912162,2026-02-05 12:47:23
gini_ratio,98,Gini Ratio Menurut Provinsi dan Daerah,,Kemiskinan dan Ketimpangan,0000,1400,RIAU,190,Perdesaan,121,2021,61,Semester 1 (Maret),0.279,14009819012161,2026-02-05 12:47:23
gini_ratio,98,Gini Ratio Menurut Provinsi dan Daerah,,Kemiskinan dan Ketimpangan,0000,1400,RIAU,190,Perdesaan,121,2021,62,Semester 2 (September),0.276,14009819012162,2026-02-05 12:47:23
gini_ratio,98,Gini Ratio Menurut Provinsi dan Daerah,,Kemiskinan dan Ketimpangan,0000,1400,RIAU,191,Perkotaan+Perdesaan,121,2021,61,Semester 1 (Maret),0.326,14009819112161,2026-02-05 12:47:23
gini_ratio,98,Gini Ratio Menurut Provinsi dan Daerah,,Kemiskinan dan Ketimpangan,0000,1400,RIAU,191,Perkotaan+Perdesaan,121,2021,62,Semester 2 (September),0.327,14009819112162,2026-02-05 12:47:23
gini_ratio,98,Gini Ratio Menurut Provinsi dan Daerah,,Kemiskinan dan Ketimpangan,0000,1500,JAMBI,189,Perkotaan,121,2021,61,Semester 1 (Maret),0.354,15009818912161,2026-02-05 12:47:23
gini_ratio,98,Gini Ratio Menurut Provinsi dan Daerah,,Kemiskinan dan Ketimpangan,0000,1500,JAMBI,189,Perkotaan,121,2021,62,Semester 2 (September),0.347,15009818912162,2026-02-05 12:47:23
gini_ratio,98,Gini Ratio Menurut Provinsi dan Daerah,,Kemiskinan dan Ketimpangan,0000,1500,JAMBI,190,Perdesaan,121,2021,61,Semester 1 (Maret),0.288,15009819012161,2026-02-05 12:47:23
gini_ratio,98,Gini Ratio Menurut Provinsi dan Daerah,,Kemiskinan dan Ketimpangan,0000,1500,JAMBI,190,Perdesaan,121,2021,62,Semester 2 (September),0.284,15009819012162,2026-02-05 12:47:23
gini_ratio,98,Gini Ratio Menurut Provinsi dan Daerah,,Kemiskinan dan Ketimpangan,0000,1500,JAMBI,191,Perkotaan+Perdesaan,121,2021,61,Semester 1 (Maret),0.321,15009819112161,2026-02-05 12:47:23
gini_ratio,98,Gini Ratio Menurut Provinsi dan Daerah,,Kemiskinan dan Ketimpangan,0000,1500,JAMBI,191,Perkotaan+Perdesaan,121,2021,62,Semester 2 (September),0.315,15009819112162,2026-02-05 12:47:23
gini_ratio,98,Gini Ratio Menurut Provinsi dan Daerah,,Kemiskinan dan Ketimpangan,0000,1600,SUMATERA SELATAN,189,Perkotaan,121,2021,61,Semester 1 (Maret),0.36,16009818912161,2026-02-05 12:47:23
gini_ratio,98,Gini Ratio Menurut Provinsi dan Daerah,,Kemiskinan dan Ketimpangan,0000,1600,SUMATERA SELATAN,189,Perkotaan,121,2021,62,Semester 2 (September),0.363,16009818912162,2026-02-05 12:47:23
gini_ratio,98,Gini Ratio Menurut Provinsi dan Daerah,,Kemiskinan dan Ketimpangan,0000,1600,SUMATERA SELATAN,190,Perdesaan,121,2021,61,Semester 1 (Maret),0.315,16009819012161,2026-02-05 12:47:23
gini_ratio,98,Gini Ratio Menurut Provinsi dan Daerah,,Kemiskinan dan Ketimpangan,0000,1600,SUMATERA SELATAN,190,Perdesaan,121,2021,62,Semester 2 (September),0.314,16009819012162,2026-02-05 12:47:23
gini_ratio,98,Gini Ratio Menurut Provinsi dan Daerah,,Kemiskinan dan Ketimpangan,0000,1600,SUMATERA SELATAN,191,Perkotaan+Perdesaan,121,2021,61,Semester 1 (Maret),0.341,16009819112161,2026-02-05 12:47:23
gini_ratio,98,Gini Ratio Menurut Provinsi dan Daerah,,Kemiskinan dan Ketimpangan,0000,1600,SUMATERA SELATAN,191,Perkotaan+Perdesaan,121,2021,62,Semester 2 (September),0.34,16009819112162,2026-02-05 12:47:23
gini_ratio,98,Gini Ratio Menurut Provinsi dan Daerah,,Kemiskinan dan Ketimpangan,0000,1700,BENGKULU,189,Perkotaan,121,2021,61,Semester 1 (Maret),0.384,17009818912161,2026-02-05 12:47:23
gini_ratio,98,Gini Ratio Menurut Provinsi dan Daerah,,Kemiskinan dan Ketimpangan,0000,1700,BENGKULU,189,Perkotaan,121,2021,62,Semester 2 (September),0.381,17009818912162,2026-02-05 12:47:23
gini_ratio,98,Gini Ratio Menurut Provinsi dan Daerah,,Kemiskinan dan Ketimpangan,0000,1700,BENGKULU,190,Perdesaan,121,2021,61,Semester 1 (Maret),0.264,17009819012161,2026-02-05 12:47:23
gini_ratio,98,Gini Ratio Menurut Provinsi dan Daerah,,Kemiskinan dan Ketimpangan,0000,1700,BENGKULU,190,Perdesaan,121,2021,62,Semester 2 (September),0.258,17009819012162,2026-02-05 12:47:23
gini_ratio,98,Gini Ratio Menurut Provinsi dan Daerah,,Kemiskinan dan Ketimpangan,0000,1700,BENGKULU,191,Perkotaan+Perdesaan,121,2021,61,Semester 1 (Maret),0.326,17009819112161,2026-02-05 12:47:23
gini_ratio,98,Gini Ratio Menurut Provinsi dan Daerah,,Kemiskinan dan Ketimpangan,0000,1700,BENGKULU,191,Perkotaan+Perdesaan,121,2021,62,Semester 2 (September),0.321,17009819112162,2026-02-05 12:47:23
gini_ratio,98,Gini Ratio Menurut Provinsi dan Daerah,,Kemiskinan dan Ketimpangan,0000,1800,LAMPUNG,189,Perkotaan,121,2021,61,Semester 1 (Maret),0.346,18009818912161,2026-02-05 12:47:23
gini_ratio,98,Gini Ratio Menurut Provinsi dan Daerah,,Kemiskinan dan Ketimpangan,0000,1800,LAMPUNG,189,Perkotaan,121,2021,62,Semester 2 (September),0.342,18009818912162,2026-02-05 12:47:23
gini_ratio,98,Gini Ratio Menurut Provinsi dan Daerah,,Kemiskinan dan Ketimpangan,0000,1800,LAMPUNG,190,Perdesaan,121,2021,61,Semester 1 (Maret),0.288,18009819012161,2026-02-05 12:47:23
gini_ratio,98,Gini Ratio Menurut Provinsi dan Daerah,,Kemiskinan dan Ketimpangan,0000,1800,LAMPUNG,190,Perdesaan,121,2021,62,Semester 2 (September),0.288,18009819012162,2026-02-05 12:47:23
gini_ratio,98,Gini Ratio Menurut Provinsi dan Daerah,,Kemiskinan dan Ketimpangan,0000,1800,LAMPUNG,191,Perkotaan+Perdesaan,121,2021,61,Semester 1 (Maret),0.323,18009819112161,2026-02-05 12:47:23
gini_ratio,98,Gini Ratio Menurut Provinsi dan Daerah,,Kemiskinan dan Ketimpangan,0000,1800,LAMPUNG,191,Perkotaan+Perdesaan,121,2021,62,Semester 2 (September),0.314,18009819112162,2026-02-05 12:47:23
gini_ratio,98,Gini Ratio Menurut Provinsi dan Daerah,,Kemiskinan dan Ketimpangan,0000,1900,KEP. BANGKA BELITUNG,189,Perkotaan,121,2021,61,Semester 1 (Maret),0.265,19009818912161,2026-02-05 12:47:23
gini_ratio,98,Gini Ratio Menurut Provinsi dan Daerah,,Kemiskinan dan Ketimpangan,0000,1900,KEP. BANGKA BELITUNG,189,Perkotaan,121,2021,62,Semester 2 (September),0.259,19009818912162,2026-02-05 12:47:23
gini_ratio,98,Gini Ratio Menurut Provinsi dan Daerah,,Kemiskinan dan Ketimpangan,0000,1900,KEP. BANGKA BELITUNG,190,Perdesaan,121,2021,61,Semester 1 (Maret),0.221,19009819012161,2026-02-05 12:47:23
gini_ratio,98,Gini Ratio Menurut Provinsi dan Daerah,,Kemiskinan dan Ketimpangan,0000,1900,KEP. BANGKA BELITUNG,190,Perdesaan,121,2021,62,Semester 2 (September),0.215,19009819012162,2026-02-05 12:47:23
gini_ratio,98,Gini Ratio Menurut Provinsi dan Daerah,,Kemiskinan dan Ketimpangan,0000,1900,KEP. BANGKA BELITUNG,191,Perkotaan+Perdesaan,121,2021,61,Semester 1 (Maret),0.256,19009819112161,2026-02-05 12:47:23
gini_ratio,98,Gini Ratio Menurut Provinsi dan Daerah,,Kemiskinan dan Ketimpangan,0000,1900,KEP. BANGKA BELITUNG,191,Perkotaan+Perdesaan,121,2021,62,Semester 2 (September),0.247,19009819112162,2026-02-05 12:47:23
gini_ratio,98,Gini Ratio Menurut Provinsi dan Daerah,,Kemiskinan dan Ketimpangan,0000,2100,KEP. RIAU,189,Perkotaan,121,2021,61,Semester 1 (Maret),0.341,21009818912161,2026-02-05 12:47:23
gini_ratio,98,Gini Ratio Menurut Provinsi dan Daerah,,Kemiskinan dan Ketimpangan,0000,2100,KEP. RIAU,189,Perkotaan,121,2021,62,Semester 2 (September),0.337,21009818912162,2026-02-05 12:47:23
gini_ratio,98,Gini Ratio Menurut Provinsi dan Daerah,,Kemiskinan dan Ketimpangan,0000,2100,KEP. RIAU,190,Perdesaan,121,2021,61,Semester 1 (Maret),0.256,21009819012161,2026-02-05 12:47:23
gini_ratio,98,Gini Ratio Menurut Provinsi dan Daerah,,Kemiskinan dan Ketimpangan,0000,2100,KEP. RIAU,190,Perdesaan,121,2021,62,Semester 2 (September),0.253,21009819012162,2026-02-05 12:47:23
gini_ratio,98,Gini Ratio Menurut Provinsi dan Daerah,,Kemiskinan dan Ketimpangan,0000,2100,KEP. RIAU,191,Perkotaan+Perdesaan,121,2021,61,Semester 1 (Maret),0.343,21009819112161,2026-02-05 12:47:23
gini_ratio,98,Gini Ratio Menurut Provinsi dan Daerah,,Kemiskinan dan Ketimpangan,0000,2100,KEP. RIAU,191,Perkotaan+Perdesaan,121,2021,62,Semester 2 (September),0.339,21009819112162,2026-02-05 12:47:23
gini_ratio,98,Gini Ratio Menurut Provinsi dan Daerah,,Kemiskinan dan Ketimpangan,0000,3100,DKI JAKARTA,189,Perkotaan,121,2021,61,Semester 1 (Maret),0.409,31009818912161,2026-02-05 12:47:23
gini_ratio,98,Gini Ratio Menurut Provinsi dan Daerah,,Kemiskinan dan Ketimpangan,0000,3100,DKI JAKARTA,189,Perkotaan,121,2021,62,Semester 2 (September),0.411,31009818912162,2026-02-05 12:47:23
gini_ratio,98,Gini Ratio Menurut Provinsi dan Daerah,,Kemiskinan dan Ketimpangan,0000,3100,DKI JAKARTA,191,Perkotaan+Perdesaan,121,2021,61,Semester 1 (Maret),0.409,31009819112161,2026-02-05 12:47:23
gini_ratio,98,Gini Ratio Menurut Provinsi dan Daerah,,Kemiskinan dan Ketimpangan,0000,3100,DKI JAKARTA,191,Perkotaan+Perdesaan,121,2021,62,Semester 2 (September),0.411,31009819112162,2026-02-05 12:47:23
gini_ratio,98,Gini Ratio Menurut Provinsi dan Daerah,,Kemiskinan dan Ketimpangan,0000,3200,JAWA BARAT,189,Perkotaan,121,2021,61,Semester 1 (Maret),0.423,32009818912161,2026-02-05 12:47:23
gini_ratio,98,Gini Ratio Menurut Provinsi dan Daerah,,Kemiskinan dan Ketimpangan,0000,3200,JAWA BARAT,189,Perkotaan,121,2021,62,Semester 2 (September),0.417,32009818912162,2026-02-05 12:47:23
gini_ratio,98,Gini Ratio Menurut Provinsi dan Daerah,,Kemiskinan dan Ketimpangan,0000,3200,JAWA BARAT,190,Perdesaan,121,2021,61,Semester 1 (Maret),0.321,32009819012161,2026-02-05 12:47:23
gini_ratio,98,Gini Ratio Menurut Provinsi dan Daerah,,Kemiskinan dan Ketimpangan,0000,3200,JAWA BARAT,190,Perdesaan,121,2021,62,Semester 2 (September),0.324,32009819012162,2026-02-05 12:47:23
gini_ratio,98,Gini Ratio Menurut Provinsi dan Daerah,,Kemiskinan dan Ketimpangan,0000,3200,JAWA BARAT,191,Perkotaan+Perdesaan,121,2021,61,Semester 1 (Maret),0.412,32009819112161,2026-02-05 12:47:23
gini_ratio,98,Gini Ratio Menurut Provinsi dan Daerah,,Kemiskinan dan Ketimpangan,0000,3200,JAWA BARAT,191,Perkotaan+Perdesaan,121,2021,62,Semester 2 (September),0.406,32009819112162,2026-02-05 12:47:23
gini_ratio,98,Gini Ratio Menurut Provinsi dan Daerah,,Kemiskinan dan Ketimpangan,0000,3300,JAWA TENGAH,189,Perkotaan,121,2021,61,Semester 1 (Maret),0.398,33009818912161,2026-02-05 12:47:23
gini_ratio,98,Gini Ratio Menurut Provinsi dan Daerah,,Kemiskinan dan Ketimpangan,0000,3300,JAWA TENGAH,189,Perkotaan,121,2021,62,Semester 2 (September),0.393,33009818912162,2026-02-05 12:47:23
gini_ratio,98,Gini Ratio Menurut Provinsi dan Daerah,,Kemiskinan dan Ketimpangan,0000,3300,JAWA TENGAH,190,Perdesaan,121,2021,61,Semester 1 (Maret),0.325,33009819012161,2026-02-05 12:47:23
gini_ratio,98,Gini Ratio Menurut Provinsi dan Daerah,,Kemiskinan dan Ketimpangan,0000,3300,JAWA TENGAH,190,Perdesaan,121,2021,62,Semester 2 (September),0.324,33009819012162,2026-02-05 12:47:23
gini_ratio,98,Gini Ratio Menurut Provinsi dan Daerah,,Kemiskinan dan Ketimpangan,0000,3300,JAWA TENGAH,191,Perkotaan+Perdesaan,121,2021,61,Semester 1 (Maret),0.372,33009819112161,2026-02-05 12:47:23
gini_ratio,98,Gini Ratio Menurut Provinsi dan Daerah,,Kemiskinan dan Ketimpangan,0000,3300,JAWA TENGAH,191,Perkotaan+Perdesaan,121,2021,62,Semester 2 (September),0.368,33009819112162,2026-02-05 12:47:23
gini_ratio,98,Gini Ratio Menurut Provinsi dan Daerah,,Kemiskinan dan Ketimpangan,0000,3400,DI YOGYAKARTA,189,Perkotaan,121,2021,61,Semester 1 (Maret),0.448,34009818912161,2026-02-05 12:47:23
gini_ratio,98,Gini Ratio Menurut Provinsi dan Daerah,,Kemiskinan dan Ketimpangan,0000,3400,DI YOGYAKARTA,189,Perkotaan,121,2021,62,Semester 2 (September),0.443,34009818912162,2026-02-05 12:47:23
gini_ratio,98,Gini Ratio Menurut Provinsi dan Daerah,,Kemiskinan dan Ketimpangan,0000,3400,DI YOGYAKARTA,190,Perdesaan,121,2021,61,Semester 1 (Maret),0.334,34009819012161,2026-02-05 12:47:23
gini_ratio,98,Gini Ratio Menurut Provinsi dan Daerah,,Kemiskinan dan Ketimpangan,0000,3400,DI YOGYAKARTA,190,Perdesaan,121,2021,62,Semester 2 (September),0.325,34009819012162,2026-02-05 12:47:23
gini_ratio,98,Gini Ratio Menurut Provinsi dan Daerah,,Kemiskinan dan Ketimpangan,0000,3400,DI YOGYAKARTA,191,Perkotaan+Perdesaan,121,2021,61,Semester 1 (Maret),0.441,34009819112161,2026-02-05 12:47:23
gini_ratio,98,Gini Ratio Menurut Provinsi dan Daerah,,Kemiskinan dan Ketimpangan,0000,3400,DI YOGYAKARTA,191,Perkotaan+Perdesaan,121,2021,62,Semester 2 (September),0.436,34009819112162,2026-02-05 12:47:23
gini_ratio,98,Gini Ratio Menurut Provinsi dan Daerah,,Kemiskinan dan Ketimpangan,0000,3500,JAWA TIMUR,189,Perkotaan,121,2021,61,Semester 1 (Maret),0.387,35009818912161,2026-02-05 12:47:23
gini_ratio,98,Gini Ratio Menurut Provinsi dan Daerah,,Kemiskinan dan Ketimpangan,0000,3500,JAWA TIMUR,189,Perkotaan,121,2021,62,Semester 2 (September),0.379,35009818912162,2026-02-05 12:47:23
gini_ratio,98,Gini Ratio Menurut Provinsi dan Daerah,,Kemiskinan dan Ketimpangan,0000,3500,JAWA TIMUR,190,Perdesaan,121,2021,61,Semester 1 (Maret),0.324,35009819012161,2026-02-05 12:47:23
gini_ratio,98,Gini Ratio Menurut Provinsi dan Daerah,,Kemiskinan dan Ketimpangan,0000,3500,JAWA TIMUR,190,Perdesaan,121,2021,62,Semester 2 (September),0.319,35009819012162,2026-02-05 12:47:23
gini_ratio,98,Gini Ratio Menurut Provinsi dan Daerah,,Kemiskinan dan Ketimpangan,0000,3500,JAWA TIMUR,191,Perkotaan+Perdesaan,121,2021,61,Semester 1 (Maret),0.374,35009819112161,2026-02-05 12:47:23
gini_ratio,98,Gini Ratio Menurut Provinsi dan Daerah,,Kemiskinan dan Ketimpangan,0000,3500,JAWA TIMUR,191,Perkotaan+Perdesaan,121,2021,62,Semester 2 (September),0.364,35009819112162,2026-02-05 12:47:23
gini_ratio,98,Gini Ratio Menurut Provinsi dan Daerah,,Kemiskinan dan Ketimpangan,0000,3600,BANTEN,189,Perkotaan,121,2021,61,Semester 1 (Maret),0.369,36009818912161,2026-02-05 12:47:23
gini_ratio,98,Gini Ratio Menurut Provinsi dan Daerah,,Kemiskinan dan Ketimpangan,0000,3600,BANTEN,189,Perkotaan,121,2021,62,Semester 2 (September),0.365,36009818912162,2026-02-05 12:47:23
gini_ratio,98,Gini Ratio Menurut Provinsi dan Daerah,,Kemiskinan dan Ketimpangan,0000,3600,BANTEN,190,Perdesaan,121,2021,61,Semester 1 (Maret),0.28,36009819012161,2026-02-05 12:47:23
gini_ratio,98,Gini Ratio Menurut Provinsi dan Daerah,,Kemiskinan dan Ketimpangan,0000,3600,BANTEN,190,Perdesaan,121,2021,62,Semester 2 (September),0.278,36009819012162,2026-02-05 12:47:23
gini_ratio,98,Gini Ratio Menurut Provinsi dan Daerah,,Kemiskinan dan Ketimpangan,0000,3600,BANTEN,191,Perkotaan+Perdesaan,121,2021,61,Semester 1 (Maret),0.365,36009819112161,2026-02-05 12:47:23
gini_ratio,98,Gini Ratio Menurut Provinsi dan Daerah,,Kemiskinan dan Ketimpangan,0000,3600,BANTEN,191,Perkotaan+Perdesaan,121,2021,62,Semester 2 (September),0.363,36009819112162,2026-02-05 12:47:23
gini_ratio,98,Gini Ratio Menurut Provinsi dan Daerah,,Kemiskinan dan Ketimpangan,0000,5100,BALI,189,Perkotaan,121,2021,61,Semester 1 (Maret),0.387,51009818912161,2026-02-05 12:47:23
gini_ratio,98,Gini Ratio Menurut Provinsi dan Daerah,,Kemiskinan dan Ketimpangan,0000,5100,BALI,189,Perkotaan,121,2021,62,Semester 2 (September),0.379,51009818912162,2026-02-05 12:47:23
gini_ratio,98,Gini Ratio Menurut Provinsi dan Daerah,,Kemiskinan dan Ketimpangan,0000,5100,BALI,190,Perdesaan,121,2021,61,Semester 1 (Maret),0.301,51009819012161,2026-02-05 12:47:23
gini_ratio,98,Gini Ratio Menurut Provinsi dan Daerah,,Kemiskinan dan Ketimpangan,0000,5100,BALI,190,Perdesaan,121,2021,62,Semester 2 (September),0.302,51009819012162,2026-02-05 12:47:23
gini_ratio,98,Gini Ratio Menurut Provinsi dan Daerah,,Kemiskinan dan Ketimpangan,0000,5100,BALI,191,Perkotaan+Perdesaan,121,2021,61,Semester 1 (Maret),0.378,51009819112161,2026-02-05 12:47:23
gini_ratio,98,Gini Ratio Menurut Provinsi dan Daerah,,Kemiskinan dan Ketimpangan,0000,5100,BALI,191,Perkotaan+Perdesaan,121,2021,62,Semester 2 (September),0.375,51009819112162,2026-02-05 12:47:23
gini_ratio,98,Gini Ratio Menurut Provinsi dan Daerah,,Kemiskinan dan Ketimpangan,0000,5200,NUSA TENGGARA BARAT,189,Perkotaan,121,2021,61,Semester 1 (Maret),0.413,52009818912161,2026-02-05 12:47:23
gini_ratio,98,Gini Ratio Menurut Provinsi dan Daerah,,Kemiskinan dan Ketimpangan,0000,5200,NUSA TENGGARA BARAT,189,Perkotaan,121,2021,62,Semester 2 (September),0.42,52009818912162,2026-02-05 12:47:23
gini_ratio,98,Gini Ratio Menurut Provinsi dan Daerah,,Kemiskinan dan Ketimpangan,0000,5200,NUSA TENGGARA BARAT,190,Perdesaan,121,2021,61,Semester 1 (Maret),0.332,52009819012161,2026-02-05 12:47:23
gini_ratio,98,Gini Ratio Menurut Provinsi dan Daerah,,Kemiskinan dan Ketimpangan,0000,5200,NUSA TENGGARA BARAT,190,Perdesaan,121,2021,62,Semester 2 (September),0.331,52009819012162,2026-02-05 12:47:23
gini_ratio,98,Gini Ratio Menurut Provinsi dan Daerah,,Kemiskinan dan Ketimpangan,0000,5200,NUSA TENGGARA BARAT,191,Perkotaan+Perdesaan,121,2021,61,Semester 1 (Maret),0.381,52009819112161,2026-02-05 12:47:23
gini_ratio,98,Gini Ratio Menurut Provinsi dan Daerah,,Kemiskinan dan Ketimpangan,0000,5200,NUSA TENGGARA BARAT,191,Perkotaan+Perdesaan,121,2021,62,Semester 2 (September),0.384,52009819112162,2026-02-05 12:47:23
gini_ratio,98,Gini Ratio Menurut Provinsi dan Daerah,,Kemiskinan dan Ketimpangan,0000,5300,NUSA TENGGARA TIMUR,189,Perkotaan,121,2021,61,Semester 1 (Maret),0.327,53009818912161,2026-02-05 12:47:23
gini_ratio,98,Gini Ratio Menurut Provinsi dan Daerah,,Kemiskinan dan Ketimpangan,0000,5300,NUSA TENGGARA TIMUR,189,Perkotaan,121,2021,62,Semester 2 (September),0.322,53009818912162,2026-02-05 12:47:23
gini_ratio,98,Gini Ratio Menurut Provinsi dan Daerah,,Kemiskinan dan Ketimpangan,0000,5300,NUSA TENGGARA TIMUR,190,Perdesaan,121,2021,61,Semester 1 (Maret),0.311,53009819012161,2026-02-05 12:47:23
gini_ratio,98,Gini Ratio Menurut Provinsi dan Daerah,,Kemiskinan dan Ketimpangan,0000,5300,NUSA TENGGARA TIMUR,190,Perdesaan,121,2021,62,Semester 2 (September),0.306,53009819012162,2026-02-05 12:47:23
gini_ratio,98,Gini Ratio Menurut Provinsi dan Daerah,,Kemiskinan dan Ketimpangan,0000,5300,NUSA TENGGARA TIMUR,191,Perkotaan+Perdesaan,121,2021,61,Semester 1 (Maret),0.346,53009819112161,2026-02-05 12:47:23
gini_ratio,98,Gini Ratio Menurut Provinsi dan Daerah,,Kemiskinan dan Ketimpangan,0000,5300,NUSA TENGGARA TIMUR,191,Perkotaan+Perdesaan,121,2021,62,Semester 2 (September),0.339,53009819112162,2026-02-05 12:47:23
gini_ratio,98,Gini Ratio Menurut Provinsi dan Daerah,,Kemiskinan dan Ketimpangan,0000,6100,KALIMANTAN BARAT,189,Perkotaan,121,2021,61,Semester 1 (Maret),0.341,61009818912161,2026-02-05 12:47:23
gini_ratio,98,Gini Ratio Menurut Provinsi dan Daerah,,Kemiskinan dan Ketimpangan,0000,6100,KALIMANTAN BARAT,189,Perkotaan,121,2021,62,Semester 2 (September),0.337,61009818912162,2026-02-05 12:47:23
gini_ratio,98,Gini Ratio Menurut Provinsi dan Daerah,,Kemiskinan dan Ketimpangan,0000,6100,KALIMANTAN BARAT,190,Perdesaan,121,2021,61,Semester 1 (Maret),0.267,61009819012161,2026-02-05 12:47:23
gini_ratio,98,Gini Ratio Menurut Provinsi dan Daerah,,Kemiskinan dan Ketimpangan,0000,6100,KALIMANTAN BARAT,190,Perdesaan,121,2021,62,Semester 2 (September),0.268,61009819012162,2026-02-05 12:47:23
gini_ratio,98,Gini Ratio Menurut Provinsi dan Daerah,,Kemiskinan dan Ketimpangan,0000,6100,KALIMANTAN BARAT,191,Perkotaan+Perdesaan,121,2021,61,Semester 1 (Maret),0.313,61009819112161,2026-02-05 12:47:23
gini_ratio,98,Gini Ratio Menurut Provinsi dan Daerah,,Kemiskinan dan Ketimpangan,0000,6100,KALIMANTAN BARAT,191,Perkotaan+Perdesaan,121,2021,62,Semester 2 (September),0.315,61009819112162,2026-02-05 12:47:23
gini_ratio,98,Gini Ratio Menurut Provinsi dan Daerah,,Kemiskinan dan Ketimpangan,0000,6200,KALIMANTAN TENGAH,189,Perkotaan,121,2021,61,Semester 1 (Maret),0.353,62009818912161,2026-02-05 12:47:23
gini_ratio,98,Gini Ratio Menurut Provinsi dan Daerah,,Kemiskinan dan Ketimpangan,0000,6200,KALIMANTAN TENGAH,189,Perkotaan,121,2021,62,Semester 2 (September),0.356,62009818912162,2026-02-05 12:47:23
gini_ratio,98,Gini Ratio Menurut Provinsi dan Daerah,,Kemiskinan dan Ketimpangan,0000,6200,KALIMANTAN TENGAH,190,Perdesaan,121,2021,61,Semester 1 (Maret),0.292,62009819012161,2026-02-05 12:47:23
gini_ratio,98,Gini Ratio Menurut Provinsi dan Daerah,,Kemiskinan dan Ketimpangan,0000,6200,KALIMANTAN TENGAH,190,Perdesaan,121,2021,62,Semester 2 (September),0.284,62009819012162,2026-02-05 12:47:23
gini_ratio,98,Gini Ratio Menurut Provinsi dan Daerah,,Kemiskinan dan Ketimpangan,0000,6200,KALIMANTAN TENGAH,191,Perkotaan+Perdesaan,121,2021,61,Semester 1 (Maret),0.323,62009819112161,2026-02-05 12:47:23
gini_ratio,98,Gini Ratio Menurut Provinsi dan Daerah,,Kemiskinan dan Ketimpangan,0000,6200,KALIMANTAN TENGAH,191,Perkotaan+Perdesaan,121,2021,62,Semester 2 (September),0.32,62009819112162,2026-02-05 12:47:23
gini_ratio,98,Gini Ratio Menurut Provinsi dan Daerah,,Kemiskinan dan Ketimpangan,0000,6300,KALIMANTAN SELATAN,189,Perkotaan,121,2021,61,Semester 1 (Maret),0.359,63009818912161,2026-02-05 12:47:23
gini_ratio,98,Gini Ratio Menurut Provinsi dan Daerah,,Kemiskinan dan Ketimpangan,0000,6300,KALIMANTAN SELATAN,189,Perkotaan,121,2021,62,Semester 2 (September),0.352,63009818912162,2026-02-05 12:47:23
gini_ratio,98,Gini Ratio Menurut Provinsi dan Daerah,,Kemiskinan dan Ketimpangan,0000,6300,KALIMANTAN SELATAN,190,Perdesaan,121,2021,61,Semester 1 (Maret),0.265,63009819012161,2026-02-05 12:47:23
gini_ratio,98,Gini Ratio Menurut Provinsi dan Daerah,,Kemiskinan dan Ketimpangan,0000,6300,KALIMANTAN SELATAN,190,Perdesaan,121,2021,62,Semester 2 (September),0.257,63009819012162,2026-02-05 12:47:23
gini_ratio,98,Gini Ratio Menurut Provinsi dan Daerah,,Kemiskinan dan Ketimpangan,0000,6300,KALIMANTAN SELATAN,191,Perkotaan+Perdesaan,121,2021,61,Semester 1 (Maret),0.33,63009819112161,2026-02-05 12:47:23
gini_ratio,98,Gini Ratio Menurut Provinsi dan Daerah,,Kemiskinan dan Ketimpangan,0000,6300,KALIMANTAN SELATAN,191,Perkotaan+Perdesaan,121,2021,62,Semester 2 (September),0.325,63009819112162,2026-02-05 12:47:23
gini_ratio,98,Gini Ratio Menurut Provinsi dan Daerah,,Kemiskinan dan Ketimpangan,0000,6400,KALIMANTAN TIMUR,189,Perkotaan,121,2021,61,Semester 1 (Maret),0.339,64009818912161,2026-02-05 12:47:23
gini_ratio,98,Gini Ratio Menurut Provinsi dan Daerah,,Kemiskinan dan Ketimpangan,0000,6400,KALIMANTAN TIMUR,189,Perkotaan,121,2021,62,Semester 2 (September),0.337,64009818912162,2026-02-05 12:47:23
gini_ratio,98,Gini Ratio Menurut Provinsi dan Daerah,,Kemiskinan dan Ketimpangan,0000,6400,KALIMANTAN TIMUR,190,Perdesaan,121,2021,61,Semester 1 (Maret),0.288,64009819012161,2026-02-05 12:47:23
gini_ratio,98,Gini Ratio Menurut Provinsi dan Daerah,,Kemiskinan dan Ketimpangan,0000,6400,KALIMANTAN TIMUR,190,Perdesaan,121,2021,62,Semester 2 (September),0.281,64009819012162,2026-02-05 12:47:23
gini_ratio,98,Gini Ratio Menurut Provinsi dan Daerah,,Kemiskinan dan Ketimpangan,0000,6400,KALIMANTAN TIMUR,191,Perkotaan+Perdesaan,121,2021,61,Semester 1 (Maret),0.334,64009819112161,2026-02-05 12:47:23
gini_ratio,98,Gini Ratio Menurut Provinsi dan Daerah,,Kemiskinan dan Ketimpangan,0000,6400,KALIMANTAN TIMUR,191,Perkotaan+Perdesaan,121,2021,62,Semester 2 (September),0.331,64009819112162,2026-02-05 12:47:23
gini_ratio,98,Gini Ratio Menurut Provinsi dan Daerah,,Kemiskinan dan Ketimpangan,0000,6500,KALIMANTAN UTARA,189,Perkotaan,121,2021,61,Semester 1 (Maret),0.289,65009818912161,2026-02-05 12:47:23
gini_ratio,98,Gini Ratio Menurut Provinsi dan Daerah,,Kemiskinan dan Ketimpangan,0000,6500,KALIMANTAN UTARA,189,Perkotaan,121,2021,62,Semester 2 (September),0.284,65009818912162,2026-02-05 12:47:23
gini_ratio,98,Gini Ratio Menurut Provinsi dan Daerah,,Kemiskinan dan Ketimpangan,0000,6500,KALIMANTAN UTARA,190,Perdesaan,121,2021,61,Semester 1 (Maret),0.272,65009819012161,2026-02-05 12:47:23
gini_ratio,98,Gini Ratio Menurut Provinsi dan Daerah,,Kemiskinan dan Ketimpangan,0000,6500,KALIMANTAN UTARA,190,Perdesaan,121,2021,62,Semester 2 (September),0.264,65009819012162,2026-02-05 12:47:23
gini_ratio,98,Gini Ratio Menurut Provinsi dan Daerah,,Kemiskinan dan Ketimpangan,0000,6500,KALIMANTAN UTARA,191,Perkotaan+Perdesaan,121,2021,61,Semester 1 (Maret),0.292,65009819112161,2026-02-05 12:47:23
gini_ratio,98,Gini Ratio Menurut Provinsi dan Daerah,,Kemiskinan dan Ketimpangan,0000,6500,KALIMANTAN UTARA,191,Perkotaan+Perdesaan,121,2021,62,Semester 2 (September),0.285,65009819112162,2026-02-05 12:47:23
gini_ratio,98,Gini Ratio Menurut Provinsi dan Daerah,,Kemiskinan dan Ketimpangan,0000,7100,SULAWESI UTARA,189,Perkotaan,121,2021,61,Semester 1 (Maret),0.365,71009818912161,2026-02-05 12:47:23
gini_ratio,98,Gini Ratio Menurut Provinsi dan Daerah,,Kemiskinan dan Ketimpangan,0000,7100,SULAWESI UTARA,189,Perkotaan,121,2021,62,Semester 2 (September),0.359,71009818912162,2026-02-05 12:47:23
gini_ratio,98,Gini Ratio Menurut Provinsi dan Daerah,,Kemiskinan dan Ketimpangan,0000,7100,SULAWESI UTARA,190,Perdesaan,121,2021,61,Semester 1 (Maret),0.352,71009819012161,2026-02-05 12:47:23
gini_ratio,98,Gini Ratio Menurut Provinsi dan Daerah,,Kemiskinan dan Ketimpangan,0000,7100,SULAWESI UTARA,190,Perdesaan,121,2021,62,Semester 2 (September),0.347,71009819012162,2026-02-05 12:47:23
gini_ratio,98,Gini Ratio Menurut Provinsi dan Daerah,,Kemiskinan dan Ketimpangan,0000,7100,SULAWESI UTARA,191,Perkotaan+Perdesaan,121,2021,61,Semester 1 (Maret),0.365,71009819112161,2026-02-05 12:47:23
gini_ratio,98,Gini Ratio Menurut Provinsi dan Daerah,,Kemiskinan dan Ketimpangan,0000,7100,SULAWESI UTARA,191,Perkotaan+Perdesaan,121,2021,62,Semester 2 (September),0.359,71009819112162,2026-02-05 12:47:23
gini_ratio,98,Gini Ratio Menurut Provinsi dan Daerah,,Kemiskinan dan Ketimpangan,0000,7200,SULAWESI TENGAH,189,Perkotaan,121,2021,61,Semester 1 (Maret),0.343,72009818912161,2026-02-05 12:47:23
gini_ratio,98,Gini Ratio Menurut Provinsi dan Daerah,,Kemiskinan dan Ketimpangan,0000,7200,SULAWESI TENGAH,189,Perkotaan,121,2021,62,Semester 2 (September),0.351,72009818912162,2026-02-05 12:47:23
gini_ratio,98,Gini Ratio Menurut Provinsi dan Daerah,,Kemiskinan dan Ketimpangan,0000,7200,SULAWESI TENGAH,190,Perdesaan,121,2021,61,Semester 1 (Maret),0.279,72009819012161,2026-02-05 12:47:23
gini_ratio,98,Gini Ratio Menurut Provinsi dan Daerah,,Kemiskinan dan Ketimpangan,0000,7200,SULAWESI TENGAH,190,Perdesaan,121,2021,62,Semester 2 (September),0.278,72009819012162,2026-02-05 12:47:23
gini_ratio,98,Gini Ratio Menurut Provinsi dan Daerah,,Kemiskinan dan Ketimpangan,0000,7200,SULAWESI TENGAH,191,Perkotaan+Perdesaan,121,2021,61,Semester 1 (Maret),0.316,72009819112161,2026-02-05 12:47:23
gini_ratio,98,Gini Ratio Menurut Provinsi dan Daerah,,Kemiskinan dan Ketimpangan,0000,7200,SULAWESI TENGAH,191,Perkotaan+Perdesaan,121,2021,62,Semester 2 (September),0.326,72009819112162,2026-02-05 12:47:23
gini_ratio,98,Gini Ratio Menurut Provinsi dan Daerah,,Kemiskinan dan Ketimpangan,0000,7300,SULAWESI SELATAN,189,Perkotaan,121,2021,61,Semester 1 (Maret),0.392,73009818912161,2026-02-05 12:47:23
gini_ratio,98,Gini Ratio Menurut Provinsi dan Daerah,,Kemiskinan dan Ketimpangan,0000,7300,SULAWESI SELATAN,189,Perkotaan,121,2021,62,Semester 2 (September),0.387,73009818912162,2026-02-05 12:47:23
gini_ratio,98,Gini Ratio Menurut Provinsi dan Daerah,,Kemiskinan dan Ketimpangan,0000,7300,SULAWESI SELATAN,190,Perdesaan,121,2021,61,Semester 1 (Maret),0.338,73009819012161,2026-02-05 12:47:23
gini_ratio,98,Gini Ratio Menurut Provinsi dan Daerah,,Kemiskinan dan Ketimpangan,0000,7300,SULAWESI SELATAN,190,Perdesaan,121,2021,62,Semester 2 (September),0.334,73009819012162,2026-02-05 12:47:23
gini_ratio,98,Gini Ratio Menurut Provinsi dan Daerah,,Kemiskinan dan Ketimpangan,0000,7300,SULAWESI SELATAN,191,Perkotaan+Perdesaan,121,2021,61,Semester 1 (Maret),0.382,73009819112161,2026-02-05 12:47:23
gini_ratio,98,Gini Ratio Menurut Provinsi dan Daerah,,Kemiskinan dan Ketimpangan,0000,7300,SULAWESI SELATAN,191,Perkotaan+Perdesaan,121,2021,62,Semester 2 (September),0.377,73009819112162,2026-02-05 12:47:23
gini_ratio,98,Gini Ratio Menurut Provinsi dan Daerah,,Kemiskinan dan Ketimpangan,0000,7400,SULAWESI TENGGARA,189,Perkotaan,121,2021,61,Semester 1 (Maret),0.411,74009818912161,2026-02-05 12:47:23
gini_ratio,98,Gini Ratio Menurut Provinsi dan Daerah,,Kemiskinan dan Ketimpangan,0000,7400,SULAWESI TENGGARA,189,Perkotaan,121,2021,62,Semester 2 (September),0.402,74009818912162,2026-02-05 12:47:23
gini_ratio,98,Gini Ratio Menurut Provinsi dan Daerah,,Kemiskinan dan Ketimpangan,0000,7400,SULAWESI TENGGARA,190,Perdesaan,121,2021,61,Semester 1 (Maret),0.347,74009819012161,2026-02-05 12:47:23
gini_ratio,98,Gini Ratio Menurut Provinsi dan Daerah,,Kemiskinan dan Ketimpangan,0000,7400,SULAWESI TENGGARA,190,Perdesaan,121,2021,62,Semester 2 (September),0.353,74009819012162,2026-02-05 12:47:23
gini_ratio,98,Gini Ratio Menurut Provinsi dan Daerah,,Kemiskinan dan Ketimpangan,0000,7400,SULAWESI TENGGARA,191,Perkotaan+Perdesaan,121,2021,61,Semester 1 (Maret),0.39,74009819112161,2026-02-05 12:47:23
gini_ratio,98,Gini Ratio Menurut Provinsi dan Daerah,,Kemiskinan dan Ketimpangan,0000,7400,SULAWESI TENGGARA,191,Perkotaan+Perdesaan,121,2021,62,Semester 2 (September),0.394,74009819112162,2026-02-05 12:47:23
gini_ratio,98,Gini Ratio Menurut Provinsi dan Daerah,,Kemiskinan dan Ketimpangan,0000,7500,GORONTALO,189,Perkotaan,121,2021,61,Semester 1 (Maret),0.398,75009818912161,2026-02-05 12:47:23
gini_ratio,98,Gini Ratio Menurut Provinsi dan Daerah,,Kemiskinan dan Ketimpangan,0000,7500,GORONTALO,189,Perkotaan,121,2021,62,Semester 2 (September),0.407,75009818912162,2026-02-05 12:47:23
gini_ratio,98,Gini Ratio Menurut Provinsi dan Daerah,,Kemiskinan dan Ketimpangan,0000,7500,GORONTALO,190,Perdesaan,121,2021,61,Semester 1 (Maret),0.397,75009819012161,2026-02-05 12:47:23
gini_ratio,98,Gini Ratio Menurut Provinsi dan Daerah,,Kemiskinan dan Ketimpangan,0000,7500,GORONTALO,190,Perdesaan,121,2021,62,Semester 2 (September),0.39,75009819012162,2026-02-05 12:47:23
gini_ratio,98,Gini Ratio Menurut Provinsi dan Daerah,,Kemiskinan dan Ketimpangan,0000,7500,GORONTALO,191,Perkotaan+Perdesaan,121,2021,61,Semester 1 (Maret),0.408,75009819112161,2026-02-05 12:47:23
gini_ratio,98,Gini Ratio Menurut Provinsi dan Daerah,,Kemiskinan dan Ketimpangan,0000,7500,GORONTALO,191,Perkotaan+Perdesaan,121,2021,62,Semester 2 (September),0.409,75009819112162,2026-02-05 12:47:23
gini_ratio,98,Gini Ratio Menurut Provinsi dan Daerah,,Kemiskinan dan Ketimpangan,0000,7600,SULAWESI BARAT,189,Perkotaan,121,2021,61,Semester 1 (Maret),0.446,76009818912161,2026-02-05 12:47:23
gini_ratio,98,Gini Ratio Menurut Provinsi dan Daerah,,Kemiskinan dan Ketimpangan,0000,7600,SULAWESI BARAT,189,Perkotaan,121,2021,62,Semester 2 (September),0.451,76009818912162,2026-02-05 12:47:23
gini_ratio,98,Gini Ratio Menurut Provinsi dan Daerah,,Kemiskinan dan Ketimpangan,0000,7600,SULAWESI BARAT,190,Perdesaan,121,2021,61,Semester 1 (Maret),0.321,76009819012161,2026-02-05 12:47:23
gini_ratio,98,Gini Ratio Menurut Provinsi dan Daerah,,Kemiskinan dan Ketimpangan,0000,7600,SULAWESI BARAT,190,Perdesaan,121,2021,62,Semester 2 (September),0.326,76009819012162,2026-02-05 12:47:23
gini_ratio,98,Gini Ratio Menurut Provinsi dan Daerah,,Kemiskinan dan Ketimpangan,0000,7600,SULAWESI BARAT,191,Perkotaan+Perdesaan,121,2021,61,Semester 1 (Maret),0.356,76009819112161,2026-02-05 12:47:23
gini_ratio,98,Gini Ratio Menurut Provinsi dan Daerah,,Kemiskinan dan Ketimpangan,0000,7600,SULAWESI BARAT,191,Perkotaan+Perdesaan,121,2021,62,Semester 2 (September),0.366,76009819112162,2026-02-05 12:47:23
gini_ratio,98,Gini Ratio Menurut Provinsi dan Daerah,,Kemiskinan dan Ketimpangan,0000,8100,MALUKU,189,Perkotaan,121,2021,61,Semester 1 (Maret),0.301,81009818912161,2026-02-05 12:47:23
gini_ratio,98,Gini Ratio Menurut Provinsi dan Daerah,,Kemiskinan dan Ketimpangan,0000,8100,MALUKU,189,Perkotaan,121,2021,62,Semester 2 (September),0.302,81009818912162,2026-02-05 12:47:23
gini_ratio,98,Gini Ratio Menurut Provinsi dan Daerah,,Kemiskinan dan Ketimpangan,0000,8100,MALUKU,190,Perdesaan,121,2021,61,Semester 1 (Maret),0.258,81009819012161,2026-02-05 12:47:23
gini_ratio,98,Gini Ratio Menurut Provinsi dan Daerah,,Kemiskinan dan Ketimpangan,0000,8100,MALUKU,190,Perdesaan,121,2021,62,Semester 2 (September),0.25,81009819012162,2026-02-05 12:47:23
gini_ratio,98,Gini Ratio Menurut Provinsi dan Daerah,,Kemiskinan dan Ketimpangan,0000,8100,MALUKU,191,Perkotaan+Perdesaan,121,2021,61,Semester 1 (Maret),0.314,81009819112161,2026-02-05 12:47:23
gini_ratio,98,Gini Ratio Menurut Provinsi dan Daerah,,Kemiskinan dan Ketimpangan,0000,8100,MALUKU,191,Perkotaan+Perdesaan,121,2021,62,Semester 2 (September),0.316,81009819112162,2026-02-05 12:47:23
gini_ratio,98,Gini Ratio Menurut Provinsi dan Daerah,,Kemiskinan dan Ketimpangan,0000,8200,MALUKU UTARA,189,Perkotaan,121,2021,61,Semester 1 (Maret),0.298,82009818912161,2026-02-05 12:47:23
gini_ratio,98,Gini Ratio Menurut Provinsi dan Daerah,,Kemiskinan dan Ketimpangan,0000,8200,MALUKU UTARA,189,Perkotaan,121,2021,62,Semester 2 (September),0.295,82009818912162,2026-02-05 12:47:23
gini_ratio,98,Gini Ratio Menurut Provinsi dan Daerah,,Kemiskinan dan Ketimpangan,0000,8200,MALUKU UTARA,190,Perdesaan,121,2021,61,Semester 1 (Maret),0.265,82009819012161,2026-02-05 12:47:23
gini_ratio,98,Gini Ratio Menurut Provinsi dan Daerah,,Kemiskinan dan Ketimpangan,0000,8200,MALUKU UTARA,190,Perdesaan,121,2021,62,Semester 2 (September),0.256,82009819012162,2026-02-05 12:47:23
gini_ratio,98,Gini Ratio Menurut Provinsi dan Daerah,,Kemiskinan dan Ketimpangan,0000,8200,MALUKU UTARA,191,Perkotaan+Perdesaan,121,2021,61,Semester 1 (Maret),0.3,82009819112161,2026-02-05 12:47:23
gini_ratio,98,Gini Ratio Menurut Provinsi dan Daerah,,Kemiskinan dan Ketimpangan,0000,8200,MALUKU UTARA,191,Perkotaan+Perdesaan,121,2021,62,Semester 2 (September),0.278,82009819112162,2026-02-05 12:47:23
gini_ratio,98,Gini Ratio Menurut Provinsi dan Daerah,,Kemiskinan dan Ketimpangan,0000,9100,PAPUA BARAT,189,Perkotaan,121,2021,61,Semester 1 (Maret),0.322,91009818912161,2026-02-05 12:47:23
gini_ratio,98,Gini Ratio Menurut Provinsi dan Daerah,,Kemiskinan dan Ketimpangan,0000,9100,PAPUA BARAT,189,Perkotaan,121,2021,62,Semester 2 (September),0.313,91009818912162,2026-02-05 12:47:23
gini_ratio,98,Gini Ratio Menurut Provinsi dan Daerah,,Kemiskinan dan Ketimpangan,0000,9100,PAPUA BARAT,190,Perdesaan,121,2021,61,Semester 1 (Maret),0.407,91009819012161,2026-02-05 12:47:23
gini_ratio,98,Gini Ratio Menurut Provinsi dan Daerah,,Kemiskinan dan Ketimpangan,0000,9100,PAPUA BARAT,190,Perdesaan,121,2021,62,Semester 2 (September),0.399,91009819012162,2026-02-05 12:47:23
gini_ratio,98,Gini Ratio Menurut Provinsi dan Daerah,,Kemiskinan dan Ketimpangan,0000,9100,PAPUA BARAT,191,Perkotaan+Perdesaan,121,2021,61,Semester 1 (Maret),0.38,91009819112161,2026-02-05 12:47:23
gini_ratio,98,Gini Ratio Menurut Provinsi dan Daerah,,Kemiskinan dan Ketimpangan,0000,9100,PAPUA BARAT,191,Perkotaan+Perdesaan,121,2021,62,Semester 2 (September),0.374,91009819112162,2026-02-05 12:47:23
gini_ratio,98,Gini Ratio Menurut Provinsi dan Daerah,,Kemiskinan dan Ketimpangan,0000,9400,PAPUA,189,Perkotaan,121,2021,61,Semester 1 (Maret),0.301,94009818912161,2026-02-05 12:47:23
gini_ratio,98,Gini Ratio Menurut Provinsi dan Daerah,,Kemiskinan dan Ketimpangan,0000,9400,PAPUA,189,Perkotaan,121,2021,62,Semester 2 (September),0.307,94009818912162,2026-02-05 12:47:23
gini_ratio,98,Gini Ratio Menurut Provinsi dan Daerah,,Kemiskinan dan Ketimpangan,0000,9400,PAPUA,190,Perdesaan,121,2021,61,Semester 1 (Maret),0.422,94009819012161,2026-02-05 12:47:23
gini_ratio,98,Gini Ratio Menurut Provinsi dan Daerah,,Kemiskinan dan Ketimpangan,0000,9400,PAPUA,190,Perdesaan,121,2021,62,Semester 2 (September),0.419,94009819012162,2026-02-05 12:47:23
gini_ratio,98,Gini Ratio Menurut Provinsi dan Daerah,,Kemiskinan dan Ketimpangan,0000,9400,PAPUA,191,Perkotaan+Perdesaan,121,2021,61,Semester 1 (Maret),0.397,94009819112161,2026-02-05 12:47:23
gini_ratio,98,Gini Ratio Menurut Provinsi dan Daerah,,Kemiskinan dan Ketimpangan,0000,9400,PAPUA,191,Perkotaan+Perdesaan,121,2021,62,Semester 2 (September),0.396,94009819112162,2026-02-05 12:47:23
gini_ratio,98,Gini Ratio Menurut Provinsi dan Daerah,,Kemiskinan dan Ketimpangan,0000,9999,INDONESIA,189,Perkotaan,121,2021,61,Semester 1 (Maret),0.401,99999818912161,2026-02-05 12:47:23
gini_ratio,98,Gini Ratio Menurut Provinsi dan Daerah,,Kemiskinan dan Ketimpangan,0000,9999,INDONESIA,189,Perkotaan,121,2021,62,Semester 2 (September),0.398,99999818912162,2026-02-05 12:47:23
gini_ratio,98,Gini Ratio Menurut Provinsi dan Daerah,,Kemiskinan dan Ketimpangan,0000,9999,INDONESIA,190,Perdesaan,121,2021,61,Semester 1 (Maret),0.315,99999819012161,2026-02-05 12:47:23
gini_ratio,98,Gini Ratio Menurut Provinsi dan Daerah,,Kemiskinan dan Ketimpangan,0000,9999,INDONESIA,190,Perdesaan,121,2021,62,Semester 2 (September),0.314,99999819012162,2026-02-05 12:47:23
gini_ratio,98,Gini Ratio Menurut Provinsi dan Daerah,,Kemiskinan dan Ketimpangan,0000,9999,INDONESIA,191,Perkotaan+Perdesaan,121,2021,61,Semester 1 (Maret),0.384,99999819112161,2026-02-05 12:47:23
gini_ratio,98,Gini Ratio Menurut Provinsi dan Daerah,,Kemiskinan dan Ketimpangan,0000,9999,INDONESIA,191,Perkotaan+Perdesaan,121,2021,62,Semester 2 (September),0.381,99999819112162,2026-02-05 12:47:23
regional_gdp_growth_constant_2010,291,[Seri 2010] Laju Pertumbuhan Produk Domestik Regional Bruto Atas Dasar Harga Konstan 2010 Menurut Provinsi,Persen,Produk Domestik Regional Bruto (Lapangan Usaha),0000,1100,ACEH,0,Tidak ada,124,2024,0,Tahun,4.66,110029101240,2026-02-19 10:27:07
regional_gdp_growth_constant_2010,291,[Seri 2010] Laju Pertumbuhan Produk Domestik Regional Bruto Atas Dasar Harga Konstan 2010 Menurut Provinsi,Persen,Produk Domestik Regional Bruto (Lapangan Usaha),0000,1200,SUMATERA UTARA,0,Tidak ada,124,2024,0,Tahun,5.03,120029101240,2026-02-19 10:27:07
regional_gdp_growth_constant_2010,291,[Seri 2010] Laju Pertumbuhan Produk Domestik Regional Bruto Atas Dasar Harga Konstan 2010 Menurut Provinsi,Persen,Produk Domestik Regional Bruto (Lapangan Usaha),0000,1300,SUMATERA BARAT,0,Tidak ada,124,2024,0,Tahun,4.37,130029101240,2026-02-19 10:27:07
regional_gdp_growth_constant_2010,291,[Seri 2010] Laju Pertumbuhan Produk Domestik Regional Bruto Atas Dasar Harga Konstan 2010 Menurut Provinsi,Persen,Produk Domestik Regional Bruto (Lapangan Usaha),0000,1400,RIAU,0,Tidak ada,124,2024,0,Tahun,3.52,140029101240,2026-02-19 10:27:07
regional_gdp_growth_constant_2010,291,[Seri 2010] Laju Pertumbuhan Produk Domestik Regional Bruto Atas Dasar Harga Konstan 2010 Menurut Provinsi,Persen,Produk Domestik Regional Bruto (Lapangan Usaha),0000,1500,JAMBI,0,Tidak ada,124,2024,0,Tahun,4.5,150029101240,2026-02-19 10:27:07
regional_gdp_growth_constant_2010,291,[Seri 2010] Laju Pertumbuhan Produk Domestik Regional Bruto Atas Dasar Harga Konstan 2010 Menurut Provinsi,Persen,Produk Domestik Regional Bruto (Lapangan Usaha),0000,1600,SUMATERA SELATAN,0,Tidak ada,124,2024,0,Tahun,5.03,160029101240,2026-02-19 10:27:07
regional_gdp_growth_constant_2010,291,[Seri 2010] Laju Pertumbuhan Produk Domestik Regional Bruto Atas Dasar Harga Konstan 2010 Menurut Provinsi,Persen,Produk Domestik Regional Bruto (Lapangan Usaha),0000,1700,BENGKULU,0,Tidak ada,124,2024,0,Tahun,4.62,170029101240,2026-02-19 10:27:07
regional_gdp_growth_constant_2010,291,[Seri 2010] Laju Pertumbuhan Produk Domestik Regional Bruto Atas Dasar Harga Konstan 2010 Menurut Provinsi,Persen,Produk Domestik Regional Bruto (Lapangan Usaha),0000,1800,LAMPUNG,0,Tidak ada,124,2024,0,Tahun,4.57,180029101240,2026-02-19 10:27:07
regional_gdp_growth_constant_2010,291,[Seri 2010] Laju Pertumbuhan Produk Domestik Regional Bruto Atas Dasar Harga Konstan 2010 Menurut Provinsi,Persen,Produk Domestik Regional Bruto (Lapangan Usaha),0000,1900,KEP. BANGKA BELITUNG,0,Tidak ada,124,2024,0,Tahun,0.77,190029101240,2026-02-19 10:27:07
regional_gdp_growth_constant_2010,291,[Seri 2010] Laju Pertumbuhan Produk Domestik Regional Bruto Atas Dasar Harga Konstan 2010 Menurut Provinsi,Persen,Produk Domestik Regional Bruto (Lapangan Usaha),0000,2100,KEP. RIAU,0,Tidak ada,124,2024,0,Tahun,5.02,210029101240,2026-02-19 10:27:07
regional_gdp_growth_constant_2010,291,[Seri 2010] Laju Pertumbuhan Produk Domestik Regional Bruto Atas Dasar Harga Konstan 2010 Menurut Provinsi,Persen,Produk Domestik Regional Bruto (Lapangan Usaha),0000,3100,DKI JAKARTA,0,Tidak ada,124,2024,0,Tahun,4.91,310029101240,2026-02-19 10:27:07
regional_gdp_growth_constant_2010,291,[Seri 2010] Laju Pertumbuhan Produk Domestik Regional Bruto Atas Dasar Harga Konstan 2010 Menurut Provinsi,Persen,Produk Domestik Regional Bruto (Lapangan Usaha),0000,3200,JAWA BARAT,0,Tidak ada,124,2024,0,Tahun,4.95,320029101240,2026-02-19 10:27:07
regional_gdp_growth_constant_2010,291,[Seri 2010] Laju Pertumbuhan Produk Domestik Regional Bruto Atas Dasar Harga Konstan 2010 Menurut Provinsi,Persen,Produk Domestik Regional Bruto (Lapangan Usaha),0000,3300,JAWA TENGAH,0,Tidak ada,124,2024,0,Tahun,4.95,330029101240,2026-02-19 10:27:07
regional_gdp_growth_constant_2010,291,[Seri 2010] Laju Pertumbuhan Produk Domestik Regional Bruto Atas Dasar Harga Konstan 2010 Menurut Provinsi,Persen,Produk Domestik Regional Bruto (Lapangan Usaha),0000,3400,DI YOGYAKARTA,0,Tidak ada,124,2024,0,Tahun,5.03,340029101240,2026-02-19 10:27:07
regional_gdp_growth_constant_2010,291,[Seri 2010] Laju Pertumbuhan Produk Domestik Regional Bruto Atas Dasar Harga Konstan 2010 Menurut Provinsi,Persen,Produk Domestik Regional Bruto (Lapangan Usaha),0000,3500,JAWA TIMUR,0,Tidak ada,124,2024,0,Tahun,4.93,350029101240,2026-02-19 10:27:07
regional_gdp_growth_constant_2010,291,[Seri 2010] Laju Pertumbuhan Produk Domestik Regional Bruto Atas Dasar Harga Konstan 2010 Menurut Provinsi,Persen,Produk Domestik Regional Bruto (Lapangan Usaha),0000,3600,BANTEN,0,Tidak ada,124,2024,0,Tahun,4.79,360029101240,2026-02-19 10:27:07
regional_gdp_growth_constant_2010,291,[Seri 2010] Laju Pertumbuhan Produk Domestik Regional Bruto Atas Dasar Harga Konstan 2010 Menurut Provinsi,Persen,Produk Domestik Regional Bruto (Lapangan Usaha),0000,5100,BALI,0,Tidak ada,124,2024,0,Tahun,5.48,510029101240,2026-02-19 10:27:07
regional_gdp_growth_constant_2010,291,[Seri 2010] Laju Pertumbuhan Produk Domestik Regional Bruto Atas Dasar Harga Konstan 2010 Menurut Provinsi,Persen,Produk Domestik Regional Bruto (Lapangan Usaha),0000,5200,NUSA TENGGARA BARAT,0,Tidak ada,124,2024,0,Tahun,5.3,520029101240,2026-02-19 10:27:07
regional_gdp_growth_constant_2010,291,[Seri 2010] Laju Pertumbuhan Produk Domestik Regional Bruto Atas Dasar Harga Konstan 2010 Menurut Provinsi,Persen,Produk Domestik Regional Bruto (Lapangan Usaha),0000,5300,NUSA TENGGARA TIMUR,0,Tidak ada,124,2024,0,Tahun,3.87,530029101240,2026-02-19 10:27:07
regional_gdp_growth_constant_2010,291,[Seri 2010] Laju Pertumbuhan Produk Domestik Regional Bruto Atas Dasar Harga Konstan 2010 Menurut Provinsi,Persen,Produk Domestik Regional Bruto (Lapangan Usaha),0000,6100,KALIMANTAN BARAT,0,Tidak ada,124,2024,0,Tahun,4.9,610029101240,2026-02-19 10:27:07
regional_gdp_growth_constant_2010,291,[Seri 2010] Laju Pertumbuhan Produk Domestik Regional Bruto Atas Dasar Harga Konstan 2010 Menurut Provinsi,Persen,Produk Domestik Regional Bruto (Lapangan Usaha),0000,6200,KALIMANTAN TENGAH,0,Tidak ada,124,2024,0,Tahun,4.46,620029101240,2026-02-19 10:27:07
regional_gdp_growth_constant_2010,291,[Seri 2010] Laju Pertumbuhan Produk Domestik Regional Bruto Atas Dasar Harga Konstan 2010 Menurut Provinsi,Persen,Produk Domestik Regional Bruto (Lapangan Usaha),0000,6300,KALIMANTAN SELATAN,0,Tidak ada,124,2024,0,Tahun,5.06,630029101240,2026-02-19 10:27:07
regional_gdp_growth_constant_2010,291,[Seri 2010] Laju Pertumbuhan Produk Domestik Regional Bruto Atas Dasar Harga Konstan 2010 Menurut Provinsi,Persen,Produk Domestik Regional Bruto (Lapangan Usaha),0000,6400,KALIMANTAN TIMUR,0,Tidak ada,124,2024,0,Tahun,6.17,640029101240,2026-02-19 10:27:07
regional_gdp_growth_constant_2010,291,[Seri 2010] Laju Pertumbuhan Produk Domestik Regional Bruto Atas Dasar Harga Konstan 2010 Menurut Provinsi,Persen,Produk Domestik Regional Bruto (Lapangan Usaha),0000,6500,KALIMANTAN UTARA,0,Tidak ada,124,2024,0,Tahun,4.73,650029101240,2026-02-19 10:27:07
regional_gdp_growth_constant_2010,291,[Seri 2010] Laju Pertumbuhan Produk Domestik Regional Bruto Atas Dasar Harga Konstan 2010 Menurut Provinsi,Persen,Produk Domestik Regional Bruto (Lapangan Usaha),0000,7100,SULAWESI UTARA,0,Tidak ada,124,2024,0,Tahun,5.39,710029101240,2026-02-19 10:27:07
regional_gdp_growth_constant_2010,291,[Seri 2010] Laju Pertumbuhan Produk Domestik Regional Bruto Atas Dasar Harga Konstan 2010 Menurut Provinsi,Persen,Produk Domestik Regional Bruto (Lapangan Usaha),0000,7200,SULAWESI TENGAH,0,Tidak ada,124,2024,0,Tahun,9.89,720029101240,2026-02-19 10:27:07
regional_gdp_growth_constant_2010,291,[Seri 2010] Laju Pertumbuhan Produk Domestik Regional Bruto Atas Dasar Harga Konstan 2010 Menurut Provinsi,Persen,Produk Domestik Regional Bruto (Lapangan Usaha),0000,7300,SULAWESI SELATAN,0,Tidak ada,124,2024,0,Tahun,5.02,730029101240,2026-02-19 10:27:07
regional_gdp_growth_constant_2010,291,[Seri 2010] Laju Pertumbuhan Produk Domestik Regional Bruto Atas Dasar Harga Konstan 2010 Menurut Provinsi,Persen,Produk Domestik Regional Bruto (Lapangan Usaha),0000,7400,SULAWESI TENGGARA,0,Tidak ada,124,2024,0,Tahun,5.4,740029101240,2026-02-19 10:27:07
regional_gdp_growth_constant_2010,291,[Seri 2010] Laju Pertumbuhan Produk Domestik Regional Bruto Atas Dasar Harga Konstan 2010 Menurut Provinsi,Persen,Produk Domestik Regional Bruto (Lapangan Usaha),0000,7500,GORONTALO,0,Tidak ada,124,2024,0,Tahun,4.13,750029101240,2026-02-19 10:27:07
regional_gdp_growth_constant_2010,291,[Seri 2010] Laju Pertumbuhan Produk Domestik Regional Bruto Atas Dasar Harga Konstan 2010 Menurut Provinsi,Persen,Produk Domestik Regional Bruto (Lapangan Usaha),0000,7600,SULAWESI BARAT,0,Tidak ada,124,2024,0,Tahun,4.76,760029101240,2026-02-19 10:27:07
regional_gdp_growth_constant_2010,291,[Seri 2010] Laju Pertumbuhan Produk Domestik Regional Bruto Atas Dasar Harga Konstan 2010 Menurut Provinsi,Persen,Produk Domestik Regional Bruto (Lapangan Usaha),0000,8100,MALUKU,0,Tidak ada,124,2024,0,Tahun,5.34,810029101240,2026-02-19 10:27:07
regional_gdp_growth_constant_2010,291,[Seri 2010] Laju Pertumbuhan Produk Domestik Regional Bruto Atas Dasar Harga Konstan 2010 Menurut Provinsi,Persen,Produk Domestik Regional Bruto (Lapangan Usaha),0000,8200,MALUKU UTARA,0,Tidak ada,124,2024,0,Tahun,13.92,820029101240,2026-02-19 10:27:07
regional_gdp_growth_constant_2010,291,[Seri 2010] Laju Pertumbuhan Produk Domestik Regional Bruto Atas Dasar Harga Konstan 2010 Menurut Provinsi,Persen,Produk Domestik Regional Bruto (Lapangan Usaha),0000,9100,PAPUA BARAT,0,Tidak ada,124,2024,0,Tahun,20.8,910029101240,2026-02-19 10:27:07
regional_gdp_growth_constant_2010,291,[Seri 2010] Laju Pertumbuhan Produk Domestik Regional Bruto Atas Dasar Harga Konstan 2010 Menurut Provinsi,Persen,Produk Domestik Regional Bruto (Lapangan Usaha),0000,9200,PAPUA BARAT DAYA,0,Tidak ada,124,2024,0,Tahun,3.6,920029101240,2026-02-19 10:27:07
regional_gdp_growth_constant_2010,291,[Seri 2010] Laju Pertumbuhan Produk Domestik Regional Bruto Atas Dasar Harga Konstan 2010 Menurut Provinsi,Persen,Produk Domestik Regional Bruto (Lapangan Usaha),0000,9400,PAPUA,0,Tidak ada,124,2024,0,Tahun,4.11,940029101240,2026-02-19 10:27:07
regional_gdp_growth_constant_2010,291,[Seri 2010] Laju Pertumbuhan Produk Domestik Regional Bruto Atas Dasar Harga Konstan 2010 Menurut Provinsi,Persen,Produk Domestik Regional Bruto (Lapangan Usaha),0000,9500,PAPUA SELATAN,0,Tidak ada,124,2024,0,Tahun,5.09,950029101240,2026-02-19 10:27:07
regional_gdp_growth_constant_2010,291,[Seri 2010] Laju Pertumbuhan Produk Domestik Regional Bruto Atas Dasar Harga Konstan 2010 Menurut Provinsi,Persen,Produk Domestik Regional Bruto (Lapangan Usaha),0000,9600,PAPUA TENGAH,0,Tidak ada,124,2024,0,Tahun,4.36,960029101240,2026-02-19 10:27:07
regional_gdp_growth_constant_2010,291,[Seri 2010] Laju Pertumbuhan Produk Domestik Regional Bruto Atas Dasar Harga Konstan 2010 Menurut Provinsi,Persen,Produk Domestik Regional Bruto (Lapangan Usaha),0000,9700,PAPUA PEGUNUNGAN,0,Tidak ada,124,2024,0,Tahun,4.75,970029101240,2026-02-19 10:27:07
regional_gdp_growth_constant_2010,291,[Seri 2010] Laju Pertumbuhan Produk Domestik Regional Bruto Atas Dasar Harga Konstan 2010 Menurut Provinsi,Persen,Produk Domestik Regional Bruto (Lapangan Usaha),0000,9999,INDONESIA,0,Tidak ada,124,2024,0,Tahun,5.03,999929101240,2026-02-19 10:27:07
regional_gdp_growth_constant_2010,291,[Seri 2010] Laju Pertumbuhan Produk Domestik Regional Bruto Atas Dasar Harga Konstan 2010 Menurut Provinsi,Persen,Produk Domestik Regional Bruto (Lapangan Usaha),0000,1100,ACEH,0,Tidak ada,123,2023,0,Tahun,4.23,110029101230,2026-02-19 10:27:07
regional_gdp_growth_constant_2010,291,[Seri 2010] Laju Pertumbuhan Produk Domestik Regional Bruto Atas Dasar Harga Konstan 2010 Menurut Provinsi,Persen,Produk Domestik Regional Bruto (Lapangan Usaha),0000,1200,SUMATERA UTARA,0,Tidak ada,123,2023,0,Tahun,5.01,120029101230,2026-02-19 10:27:07
regional_gdp_growth_constant_2010,291,[Seri 2010] Laju Pertumbuhan Produk Domestik Regional Bruto Atas Dasar Harga Konstan 2010 Menurut Provinsi,Persen,Produk Domestik Regional Bruto (Lapangan Usaha),0000,1300,SUMATERA BARAT,0,Tidak ada,123,2023,0,Tahun,4.62,130029101230,2026-02-19 10:27:07
regional_gdp_growth_constant_2010,291,[Seri 2010] Laju Pertumbuhan Produk Domestik Regional Bruto Atas Dasar Harga Konstan 2010 Menurut Provinsi,Persen,Produk Domestik Regional Bruto (Lapangan Usaha),0000,1400,RIAU,0,Tidak ada,123,2023,0,Tahun,4.21,140029101230,2026-02-19 10:27:07
regional_gdp_growth_constant_2010,291,[Seri 2010] Laju Pertumbuhan Produk Domestik Regional Bruto Atas Dasar Harga Konstan 2010 Menurut Provinsi,Persen,Produk Domestik Regional Bruto (Lapangan Usaha),0000,1500,JAMBI,0,Tidak ada,123,2023,0,Tahun,4.65,150029101230,2026-02-19 10:27:07
regional_gdp_growth_constant_2010,291,[Seri 2010] Laju Pertumbuhan Produk Domestik Regional Bruto Atas Dasar Harga Konstan 2010 Menurut Provinsi,Persen,Produk Domestik Regional Bruto (Lapangan Usaha),0000,1600,SUMATERA SELATAN,0,Tidak ada,123,2023,0,Tahun,5.08,160029101230,2026-02-19 10:27:07
regional_gdp_growth_constant_2010,291,[Seri 2010] Laju Pertumbuhan Produk Domestik Regional Bruto Atas Dasar Harga Konstan 2010 Menurut Provinsi,Persen,Produk Domestik Regional Bruto (Lapangan Usaha),0000,1700,BENGKULU,0,Tidak ada,123,2023,0,Tahun,4.28,170029101230,2026-02-19 10:27:07
regional_gdp_growth_constant_2010,291,[Seri 2010] Laju Pertumbuhan Produk Domestik Regional Bruto Atas Dasar Harga Konstan 2010 Menurut Provinsi,Persen,Produk Domestik Regional Bruto (Lapangan Usaha),0000,1800,LAMPUNG,0,Tidak ada,123,2023,0,Tahun,4.55,180029101230,2026-02-19 10:27:07
regional_gdp_growth_constant_2010,291,[Seri 2010] Laju Pertumbuhan Produk Domestik Regional Bruto Atas Dasar Harga Konstan 2010 Menurut Provinsi,Persen,Produk Domestik Regional Bruto (Lapangan Usaha),0000,1900,KEP. BANGKA BELITUNG,0,Tidak ada,123,2023,0,Tahun,4.38,190029101230,2026-02-19 10:27:07
regional_gdp_growth_constant_2010,291,[Seri 2010] Laju Pertumbuhan Produk Domestik Regional Bruto Atas Dasar Harga Konstan 2010 Menurut Provinsi,Persen,Produk Domestik Regional Bruto (Lapangan Usaha),0000,2100,KEP. RIAU,0,Tidak ada,123,2023,0,Tahun,5.16,210029101230,2026-02-19 10:27:07
regional_gdp_growth_constant_2010,291,[Seri 2010] Laju Pertumbuhan Produk Domestik Regional Bruto Atas Dasar Harga Konstan 2010 Menurut Provinsi,Persen,Produk Domestik Regional Bruto (Lapangan Usaha),0000,3100,DKI JAKARTA,0,Tidak ada,123,2023,0,Tahun,4.96,310029101230,2026-02-19 10:27:07
regional_gdp_growth_constant_2010,291,[Seri 2010] Laju Pertumbuhan Produk Domestik Regional Bruto Atas Dasar Harga Konstan 2010 Menurut Provinsi,Persen,Produk Domestik Regional Bruto (Lapangan Usaha),0000,3200,JAWA BARAT,0,Tidak ada,123,2023,0,Tahun,5,320029101230,2026-02-19 10:27:07
regional_gdp_growth_constant_2010,291,[Seri 2010] Laju Pertumbuhan Produk Domestik Regional Bruto Atas Dasar Harga Konstan 2010 Menurut Provinsi,Persen,Produk Domestik Regional Bruto (Lapangan Usaha),0000,3300,JAWA TENGAH,0,Tidak ada,123,2023,0,Tahun,4.97,330029101230,2026-02-19 10:27:07
regional_gdp_growth_constant_2010,291,[Seri 2010] Laju Pertumbuhan Produk Domestik Regional Bruto Atas Dasar Harga Konstan 2010 Menurut Provinsi,Persen,Produk Domestik Regional Bruto (Lapangan Usaha),0000,3400,DI YOGYAKARTA,0,Tidak ada,123,2023,0,Tahun,5.07,340029101230,2026-02-19 10:27:07
regional_gdp_growth_constant_2010,291,[Seri 2010] Laju Pertumbuhan Produk Domestik Regional Bruto Atas Dasar Harga Konstan 2010 Menurut Provinsi,Persen,Produk Domestik Regional Bruto (Lapangan Usaha),0000,3500,JAWA TIMUR,0,Tidak ada,123,2023,0,Tahun,4.95,350029101230,2026-02-19 10:27:07
regional_gdp_growth_constant_2010,291,[Seri 2010] Laju Pertumbuhan Produk Domestik Regional Bruto Atas Dasar Harga Konstan 2010 Menurut Provinsi,Persen,Produk Domestik Regional Bruto (Lapangan Usaha),0000,3600,BANTEN,0,Tidak ada,123,2023,0,Tahun,4.81,360029101230,2026-02-19 10:27:07
regional_gdp_growth_constant_2010,291,[Seri 2010] Laju Pertumbuhan Produk Domestik Regional Bruto Atas Dasar Harga Konstan 2010 Menurut Provinsi,Persen,Produk Domestik Regional Bruto (Lapangan Usaha),0000,5100,BALI,0,Tidak ada,123,2023,0,Tahun,5.72,510029101230,2026-02-19 10:27:07
regional_gdp_growth_constant_2010,291,[Seri 2010] Laju Pertumbuhan Produk Domestik Regional Bruto Atas Dasar Harga Konstan 2010 Menurut Provinsi,Persen,Produk Domestik Regional Bruto (Lapangan Usaha),0000,5200,NUSA TENGGARA BARAT,0,Tidak ada,123,2023,0,Tahun,1.8,520029101230,2026-02-19 10:27:07
regional_gdp_growth_constant_2010,291,[Seri 2010] Laju Pertumbuhan Produk Domestik Regional Bruto Atas Dasar Harga Konstan 2010 Menurut Provinsi,Persen,Produk Domestik Regional Bruto (Lapangan Usaha),0000,5300,NUSA TENGGARA TIMUR,0,Tidak ada,123,2023,0,Tahun,3.49,530029101230,2026-02-19 10:27:07
regional_gdp_growth_constant_2010,291,[Seri 2010] Laju Pertumbuhan Produk Domestik Regional Bruto Atas Dasar Harga Konstan 2010 Menurut Provinsi,Persen,Produk Domestik Regional Bruto (Lapangan Usaha),0000,6100,KALIMANTAN BARAT,0,Tidak ada,123,2023,0,Tahun,4.46,610029101230,2026-02-19 10:27:07
regional_gdp_growth_constant_2010,291,[Seri 2010] Laju Pertumbuhan Produk Domestik Regional Bruto Atas Dasar Harga Konstan 2010 Menurut Provinsi,Persen,Produk Domestik Regional Bruto (Lapangan Usaha),0000,6200,KALIMANTAN TENGAH,0,Tidak ada,123,2023,0,Tahun,4.14,620029101230,2026-02-19 10:27:07
regional_gdp_growth_constant_2010,291,[Seri 2010] Laju Pertumbuhan Produk Domestik Regional Bruto Atas Dasar Harga Konstan 2010 Menurut Provinsi,Persen,Produk Domestik Regional Bruto (Lapangan Usaha),0000,6300,KALIMANTAN SELATAN,0,Tidak ada,123,2023,0,Tahun,4.84,630029101230,2026-02-19 10:27:07
regional_gdp_growth_constant_2010,291,[Seri 2010] Laju Pertumbuhan Produk Domestik Regional Bruto Atas Dasar Harga Konstan 2010 Menurut Provinsi,Persen,Produk Domestik Regional Bruto (Lapangan Usaha),0000,6400,KALIMANTAN TIMUR,0,Tidak ada,123,2023,0,Tahun,6.22,640029101230,2026-02-19 10:27:07
regional_gdp_growth_constant_2010,291,[Seri 2010] Laju Pertumbuhan Produk Domestik Regional Bruto Atas Dasar Harga Konstan 2010 Menurut Provinsi,Persen,Produk Domestik Regional Bruto (Lapangan Usaha),0000,6500,KALIMANTAN UTARA,0,Tidak ada,123,2023,0,Tahun,4.96,650029101230,2026-02-19 10:27:07
regional_gdp_growth_constant_2010,291,[Seri 2010] Laju Pertumbuhan Produk Domestik Regional Bruto Atas Dasar Harga Konstan 2010 Menurut Provinsi,Persen,Produk Domestik Regional Bruto (Lapangan Usaha),0000,7100,SULAWESI UTARA,0,Tidak ada,123,2023,0,Tahun,5.48,710029101230,2026-02-19 10:27:07
regional_gdp_growth_constant_2010,291,[Seri 2010] Laju Pertumbuhan Produk Domestik Regional Bruto Atas Dasar Harga Konstan 2010 Menurut Provinsi,Persen,Produk Domestik Regional Bruto (Lapangan Usaha),0000,7200,SULAWESI TENGAH,0,Tidak ada,123,2023,0,Tahun,11.91,720029101230,2026-02-19 10:27:07
regional_gdp_growth_constant_2010,291,[Seri 2010] Laju Pertumbuhan Produk Domestik Regional Bruto Atas Dasar Harga Konstan 2010 Menurut Provinsi,Persen,Produk Domestik Regional Bruto (Lapangan Usaha),0000,7300,SULAWESI SELATAN,0,Tidak ada,123,2023,0,Tahun,4.51,730029101230,2026-02-19 10:27:07
regional_gdp_growth_constant_2010,291,[Seri 2010] Laju Pertumbuhan Produk Domestik Regional Bruto Atas Dasar Harga Konstan 2010 Menurut Provinsi,Persen,Produk Domestik Regional Bruto (Lapangan Usaha),0000,7400,SULAWESI TENGGARA,0,Tidak ada,123,2023,0,Tahun,5.35,740029101230,2026-02-19 10:27:07
regional_gdp_growth_constant_2010,291,[Seri 2010] Laju Pertumbuhan Produk Domestik Regional Bruto Atas Dasar Harga Konstan 2010 Menurut Provinsi,Persen,Produk Domestik Regional Bruto (Lapangan Usaha),0000,7500,GORONTALO,0,Tidak ada,123,2023,0,Tahun,4.5,750029101230,2026-02-19 10:27:07
regional_gdp_growth_constant_2010,291,[Seri 2010] Laju Pertumbuhan Produk Domestik Regional Bruto Atas Dasar Harga Konstan 2010 Menurut Provinsi,Persen,Produk Domestik Regional Bruto (Lapangan Usaha),0000,7600,SULAWESI BARAT,0,Tidak ada,123,2023,0,Tahun,5.23,760029101230,2026-02-19 10:27:07
regional_gdp_growth_constant_2010,291,[Seri 2010] Laju Pertumbuhan Produk Domestik Regional Bruto Atas Dasar Harga Konstan 2010 Menurut Provinsi,Persen,Produk Domestik Regional Bruto (Lapangan Usaha),0000,8100,MALUKU,0,Tidak ada,123,2023,0,Tahun,5.21,810029101230,2026-02-19 10:27:07
regional_gdp_growth_constant_2010,291,[Seri 2010] Laju Pertumbuhan Produk Domestik Regional Bruto Atas Dasar Harga Konstan 2010 Menurut Provinsi,Persen,Produk Domestik Regional Bruto (Lapangan Usaha),0000,8200,MALUKU UTARA,0,Tidak ada,123,2023,0,Tahun,21.57,820029101230,2026-02-19 10:27:07
regional_gdp_growth_constant_2010,291,[Seri 2010] Laju Pertumbuhan Produk Domestik Regional Bruto Atas Dasar Harga Konstan 2010 Menurut Provinsi,Persen,Produk Domestik Regional Bruto (Lapangan Usaha),0000,9100,PAPUA BARAT,0,Tidak ada,123,2023,0,Tahun,5.18,910029101230,2026-02-19 10:27:07
regional_gdp_growth_constant_2010,291,[Seri 2010] Laju Pertumbuhan Produk Domestik Regional Bruto Atas Dasar Harga Konstan 2010 Menurut Provinsi,Persen,Produk Domestik Regional Bruto (Lapangan Usaha),0000,9200,PAPUA BARAT DAYA,0,Tidak ada,123,2023,0,Tahun,1.82,920029101230,2026-02-19 10:27:07
regional_gdp_growth_constant_2010,291,[Seri 2010] Laju Pertumbuhan Produk Domestik Regional Bruto Atas Dasar Harga Konstan 2010 Menurut Provinsi,Persen,Produk Domestik Regional Bruto (Lapangan Usaha),0000,9400,PAPUA,0,Tidak ada,123,2023,0,Tahun,4.22,940029101230,2026-02-19 10:27:07
regional_gdp_growth_constant_2010,291,[Seri 2010] Laju Pertumbuhan Produk Domestik Regional Bruto Atas Dasar Harga Konstan 2010 Menurut Provinsi,Persen,Produk Domestik Regional Bruto (Lapangan Usaha),0000,9500,PAPUA SELATAN,0,Tidak ada,123,2023,0,Tahun,4.23,950029101230,2026-02-19 10:27:07
regional_gdp_growth_constant_2010,291,[Seri 2010] Laju Pertumbuhan Produk Domestik Regional Bruto Atas Dasar Harga Konstan 2010 Menurut Provinsi,Persen,Produk Domestik Regional Bruto (Lapangan Usaha),0000,9600,PAPUA TENGAH,0,Tidak ada,123,2023,0,Tahun,5.95,960029101230,2026-02-19 10:27:07
regional_gdp_growth_constant_2010,291,[Seri 2010] Laju Pertumbuhan Produk Domestik Regional Bruto Atas Dasar Harga Konstan 2010 Menurut Provinsi,Persen,Produk Domestik Regional Bruto (Lapangan Usaha),0000,9700,PAPUA PEGUNUNGAN,0,Tidak ada,123,2023,0,Tahun,4.78,970029101230,2026-02-19 10:27:07
regional_gdp_growth_constant_2010,291,[Seri 2010] Laju Pertumbuhan Produk Domestik Regional Bruto Atas Dasar Harga Konstan 2010 Menurut Provinsi,Persen,Produk Domestik Regional Bruto (Lapangan Usaha),0000,9999,INDONESIA,0,Tidak ada,123,2023,0,Tahun,5.05,999929101230,2026-02-19 10:27:07
regional_gdp_growth_constant_2010,291,[Seri 2010] Laju Pertumbuhan Produk Domestik Regional Bruto Atas Dasar Harga Konstan 2010 Menurut Provinsi,Persen,Produk Domestik Regional Bruto (Lapangan Usaha),0000,1100,ACEH,0,Tidak ada,122,2022,0,Tahun,4.21,110029101220,2026-02-19 10:27:07
regional_gdp_growth_constant_2010,291,[Seri 2010] Laju Pertumbuhan Produk Domestik Regional Bruto Atas Dasar Harga Konstan 2010 Menurut Provinsi,Persen,Produk Domestik Regional Bruto (Lapangan Usaha),0000,1200,SUMATERA UTARA,0,Tidak ada,122,2022,0,Tahun,4.73,120029101220,2026-02-19 10:27:07
regional_gdp_growth_constant_2010,291,[Seri 2010] Laju Pertumbuhan Produk Domestik Regional Bruto Atas Dasar Harga Konstan 2010 Menurut Provinsi,Persen,Produk Domestik Regional Bruto (Lapangan Usaha),0000,1300,SUMATERA BARAT,0,Tidak ada,122,2022,0,Tahun,4.36,130029101220,2026-02-19 10:27:07
regional_gdp_growth_constant_2010,291,[Seri 2010] Laju Pertumbuhan Produk Domestik Regional Bruto Atas Dasar Harga Konstan 2010 Menurut Provinsi,Persen,Produk Domestik Regional Bruto (Lapangan Usaha),0000,1400,RIAU,0,Tidak ada,122,2022,0,Tahun,4.55,140029101220,2026-02-19 10:27:07
regional_gdp_growth_constant_2010,291,[Seri 2010] Laju Pertumbuhan Produk Domestik Regional Bruto Atas Dasar Harga Konstan 2010 Menurut Provinsi,Persen,Produk Domestik Regional Bruto (Lapangan Usaha),0000,1500,JAMBI,0,Tidak ada,122,2022,0,Tahun,5.12,150029101220,2026-02-19 10:27:07
regional_gdp_growth_constant_2010,291,[Seri 2010] Laju Pertumbuhan Produk Domestik Regional Bruto Atas Dasar Harga Konstan 2010 Menurut Provinsi,Persen,Produk Domestik Regional Bruto (Lapangan Usaha),0000,1600,SUMATERA SELATAN,0,Tidak ada,122,2022,0,Tahun,5.24,160029101220,2026-02-19 10:27:07
regional_gdp_growth_constant_2010,291,[Seri 2010] Laju Pertumbuhan Produk Domestik Regional Bruto Atas Dasar Harga Konstan 2010 Menurut Provinsi,Persen,Produk Domestik Regional Bruto (Lapangan Usaha),0000,1700,BENGKULU,0,Tidak ada,122,2022,0,Tahun,4.31,170029101220,2026-02-19 10:27:07
regional_gdp_growth_constant_2010,291,[Seri 2010] Laju Pertumbuhan Produk Domestik Regional Bruto Atas Dasar Harga Konstan 2010 Menurut Provinsi,Persen,Produk Domestik Regional Bruto (Lapangan Usaha),0000,1800,LAMPUNG,0,Tidak ada,122,2022,0,Tahun,4.28,180029101220,2026-02-19 10:27:07
regional_gdp_growth_constant_2010,291,[Seri 2010] Laju Pertumbuhan Produk Domestik Regional Bruto Atas Dasar Harga Konstan 2010 Menurut Provinsi,Persen,Produk Domestik Regional Bruto (Lapangan Usaha),0000,1900,KEP. BANGKA BELITUNG,0,Tidak ada,122,2022,0,Tahun,4.4,190029101220,2026-02-19 10:27:07
regional_gdp_growth_constant_2010,291,[Seri 2010] Laju Pertumbuhan Produk Domestik Regional Bruto Atas Dasar Harga Konstan 2010 Menurut Provinsi,Persen,Produk Domestik Regional Bruto (Lapangan Usaha),0000,2100,KEP. RIAU,0,Tidak ada,122,2022,0,Tahun,5.06,210029101220,2026-02-19 10:27:07
regional_gdp_growth_constant_2010,291,[Seri 2010] Laju Pertumbuhan Produk Domestik Regional Bruto Atas Dasar Harga Konstan 2010 Menurut Provinsi,Persen,Produk Domestik Regional Bruto (Lapangan Usaha),0000,3100,DKI JAKARTA,0,Tidak ada,122,2022,0,Tahun,5.25,310029101220,2026-02-19 10:27:07
regional_gdp_growth_constant_2010,291,[Seri 2010] Laju Pertumbuhan Produk Domestik Regional Bruto Atas Dasar Harga Konstan 2010 Menurut Provinsi,Persen,Produk Domestik Regional Bruto (Lapangan Usaha),0000,3200,JAWA BARAT,0,Tidak ada,122,2022,0,Tahun,5.45,320029101220,2026-02-19 10:27:07
regional_gdp_growth_constant_2010,291,[Seri 2010] Laju Pertumbuhan Produk Domestik Regional Bruto Atas Dasar Harga Konstan 2010 Menurut Provinsi,Persen,Produk Domestik Regional Bruto (Lapangan Usaha),0000,3300,JAWA TENGAH,0,Tidak ada,122,2022,0,Tahun,5.31,330029101220,2026-02-19 10:27:07
regional_gdp_growth_constant_2010,291,[Seri 2010] Laju Pertumbuhan Produk Domestik Regional Bruto Atas Dasar Harga Konstan 2010 Menurut Provinsi,Persen,Produk Domestik Regional Bruto (Lapangan Usaha),0000,3400,DI YOGYAKARTA,0,Tidak ada,122,2022,0,Tahun,5.15,340029101220,2026-02-19 10:27:07
regional_gdp_growth_constant_2010,291,[Seri 2010] Laju Pertumbuhan Produk Domestik Regional Bruto Atas Dasar Harga Konstan 2010 Menurut Provinsi,Persen,Produk Domestik Regional Bruto (Lapangan Usaha),0000,3500,JAWA TIMUR,0,Tidak ada,122,2022,0,Tahun,5.34,350029101220,2026-02-19 10:27:07
regional_gdp_growth_constant_2010,291,[Seri 2010] Laju Pertumbuhan Produk Domestik Regional Bruto Atas Dasar Harga Konstan 2010 Menurut Provinsi,Persen,Produk Domestik Regional Bruto (Lapangan Usaha),0000,3600,BANTEN,0,Tidak ada,122,2022,0,Tahun,5.03,360029101220,2026-02-19 10:27:07
regional_gdp_growth_constant_2010,291,[Seri 2010] Laju Pertumbuhan Produk Domestik Regional Bruto Atas Dasar Harga Konstan 2010 Menurut Provinsi,Persen,Produk Domestik Regional Bruto (Lapangan Usaha),0000,5100,BALI,0,Tidak ada,122,2022,0,Tahun,4.84,510029101220,2026-02-19 10:27:07
regional_gdp_growth_constant_2010,291,[Seri 2010] Laju Pertumbuhan Produk Domestik Regional Bruto Atas Dasar Harga Konstan 2010 Menurut Provinsi,Persen,Produk Domestik Regional Bruto (Lapangan Usaha),0000,5200,NUSA TENGGARA BARAT,0,Tidak ada,122,2022,0,Tahun,6.95,520029101220,2026-02-19 10:27:07
regional_gdp_growth_constant_2010,291,[Seri 2010] Laju Pertumbuhan Produk Domestik Regional Bruto Atas Dasar Harga Konstan 2010 Menurut Provinsi,Persen,Produk Domestik Regional Bruto (Lapangan Usaha),0000,5300,NUSA TENGGARA TIMUR,0,Tidak ada,122,2022,0,Tahun,3.08,530029101220,2026-02-19 10:27:07
regional_gdp_growth_constant_2010,291,[Seri 2010] Laju Pertumbuhan Produk Domestik Regional Bruto Atas Dasar Harga Konstan 2010 Menurut Provinsi,Persen,Produk Domestik Regional Bruto (Lapangan Usaha),0000,6100,KALIMANTAN BARAT,0,Tidak ada,122,2022,0,Tahun,5.07,610029101220,2026-02-19 10:27:07
regional_gdp_growth_constant_2010,291,[Seri 2010] Laju Pertumbuhan Produk Domestik Regional Bruto Atas Dasar Harga Konstan 2010 Menurut Provinsi,Persen,Produk Domestik Regional Bruto (Lapangan Usaha),0000,6200,KALIMANTAN TENGAH,0,Tidak ada,122,2022,0,Tahun,6.45,620029101220,2026-02-19 10:27:07
regional_gdp_growth_constant_2010,291,[Seri 2010] Laju Pertumbuhan Produk Domestik Regional Bruto Atas Dasar Harga Konstan 2010 Menurut Provinsi,Persen,Produk Domestik Regional Bruto (Lapangan Usaha),0000,6300,KALIMANTAN SELATAN,0,Tidak ada,122,2022,0,Tahun,5.11,630029101220,2026-02-19 10:27:07
regional_gdp_growth_constant_2010,291,[Seri 2010] Laju Pertumbuhan Produk Domestik Regional Bruto Atas Dasar Harga Konstan 2010 Menurut Provinsi,Persen,Produk Domestik Regional Bruto (Lapangan Usaha),0000,6400,KALIMANTAN TIMUR,0,Tidak ada,122,2022,0,Tahun,4.48,640029101220,2026-02-19 10:27:07
regional_gdp_growth_constant_2010,291,[Seri 2010] Laju Pertumbuhan Produk Domestik Regional Bruto Atas Dasar Harga Konstan 2010 Menurut Provinsi,Persen,Produk Domestik Regional Bruto (Lapangan Usaha),0000,6500,KALIMANTAN UTARA,0,Tidak ada,122,2022,0,Tahun,5.32,650029101220,2026-02-19 10:27:07
regional_gdp_growth_constant_2010,291,[Seri 2010] Laju Pertumbuhan Produk Domestik Regional Bruto Atas Dasar Harga Konstan 2010 Menurut Provinsi,Persen,Produk Domestik Regional Bruto (Lapangan Usaha),0000,7100,SULAWESI UTARA,0,Tidak ada,122,2022,0,Tahun,5.42,710029101220,2026-02-19 10:27:07
regional_gdp_growth_constant_2010,291,[Seri 2010] Laju Pertumbuhan Produk Domestik Regional Bruto Atas Dasar Harga Konstan 2010 Menurut Provinsi,Persen,Produk Domestik Regional Bruto (Lapangan Usaha),0000,7200,SULAWESI TENGAH,0,Tidak ada,122,2022,0,Tahun,15.22,720029101220,2026-02-19 10:27:07
regional_gdp_growth_constant_2010,291,[Seri 2010] Laju Pertumbuhan Produk Domestik Regional Bruto Atas Dasar Harga Konstan 2010 Menurut Provinsi,Persen,Produk Domestik Regional Bruto (Lapangan Usaha),0000,7300,SULAWESI SELATAN,0,Tidak ada,122,2022,0,Tahun,5.1,730029101220,2026-02-19 10:27:07
regional_gdp_growth_constant_2010,291,[Seri 2010] Laju Pertumbuhan Produk Domestik Regional Bruto Atas Dasar Harga Konstan 2010 Menurut Provinsi,Persen,Produk Domestik Regional Bruto (Lapangan Usaha),0000,7400,SULAWESI TENGGARA,0,Tidak ada,122,2022,0,Tahun,5.53,740029101220,2026-02-19 10:27:07
regional_gdp_growth_constant_2010,291,[Seri 2010] Laju Pertumbuhan Produk Domestik Regional Bruto Atas Dasar Harga Konstan 2010 Menurut Provinsi,Persen,Produk Domestik Regional Bruto (Lapangan Usaha),0000,7500,GORONTALO,0,Tidak ada,122,2022,0,Tahun,4.03,750029101220,2026-02-19 10:27:07
regional_gdp_growth_constant_2010,291,[Seri 2010] Laju Pertumbuhan Produk Domestik Regional Bruto Atas Dasar Harga Konstan 2010 Menurut Provinsi,Persen,Produk Domestik Regional Bruto (Lapangan Usaha),0000,7600,SULAWESI BARAT,0,Tidak ada,122,2022,0,Tahun,2.26,760029101220,2026-02-19 10:27:07
regional_gdp_growth_constant_2010,291,[Seri 2010] Laju Pertumbuhan Produk Domestik Regional Bruto Atas Dasar Harga Konstan 2010 Menurut Provinsi,Persen,Produk Domestik Regional Bruto (Lapangan Usaha),0000,8100,MALUKU,0,Tidak ada,122,2022,0,Tahun,5.31,810029101220,2026-02-19 10:27:07
regional_gdp_growth_constant_2010,291,[Seri 2010] Laju Pertumbuhan Produk Domestik Regional Bruto Atas Dasar Harga Konstan 2010 Menurut Provinsi,Persen,Produk Domestik Regional Bruto (Lapangan Usaha),0000,8200,MALUKU UTARA,0,Tidak ada,122,2022,0,Tahun,22.94,820029101220,2026-02-19 10:27:07
regional_gdp_growth_constant_2010,291,[Seri 2010] Laju Pertumbuhan Produk Domestik Regional Bruto Atas Dasar Harga Konstan 2010 Menurut Provinsi,Persen,Produk Domestik Regional Bruto (Lapangan Usaha),0000,9100,PAPUA BARAT,0,Tidak ada,122,2022,0,Tahun,2.03,910029101220,2026-02-19 10:27:07
regional_gdp_growth_constant_2010,291,[Seri 2010] Laju Pertumbuhan Produk Domestik Regional Bruto Atas Dasar Harga Konstan 2010 Menurut Provinsi,Persen,Produk Domestik Regional Bruto (Lapangan Usaha),0000,9400,PAPUA,0,Tidak ada,122,2022,0,Tahun,8.97,940029101220,2026-02-19 10:27:07
regional_gdp_growth_constant_2010,291,[Seri 2010] Laju Pertumbuhan Produk Domestik Regional Bruto Atas Dasar Harga Konstan 2010 Menurut Provinsi,Persen,Produk Domestik Regional Bruto (Lapangan Usaha),0000,9999,INDONESIA,0,Tidak ada,122,2022,0,Tahun,5.31,999929101220,2026-02-19 10:27:07
regional_gdp_growth_constant_2010,291,[Seri 2010] Laju Pertumbuhan Produk Domestik Regional Bruto Atas Dasar Harga Konstan 2010 Menurut Provinsi,Persen,Produk Domestik Regional Bruto (Lapangan Usaha),0000,1100,ACEH,0,Tidak ada,121,2021,0,Tahun,2.81,110029101210,2026-02-19 10:27:07
regional_gdp_growth_constant_2010,291,[Seri 2010] Laju Pertumbuhan Produk Domestik Regional Bruto Atas Dasar Harga Konstan 2010 Menurut Provinsi,Persen,Produk Domestik Regional Bruto (Lapangan Usaha),0000,1200,SUMATERA UTARA,0,Tidak ada,121,2021,0,Tahun,2.61,120029101210,2026-02-19 10:27:07
regional_gdp_growth_constant_2010,291,[Seri 2010] Laju Pertumbuhan Produk Domestik Regional Bruto Atas Dasar Harga Konstan 2010 Menurut Provinsi,Persen,Produk Domestik Regional Bruto (Lapangan Usaha),0000,1300,SUMATERA BARAT,0,Tidak ada,121,2021,0,Tahun,3.29,130029101210,2026-02-19 10:27:07
regional_gdp_growth_constant_2010,291,[Seri 2010] Laju Pertumbuhan Produk Domestik Regional Bruto Atas Dasar Harga Konstan 2010 Menurut Provinsi,Persen,Produk Domestik Regional Bruto (Lapangan Usaha),0000,1400,RIAU,0,Tidak ada,121,2021,0,Tahun,3.36,140029101210,2026-02-19 10:27:07
regional_gdp_growth_constant_2010,291,[Seri 2010] Laju Pertumbuhan Produk Domestik Regional Bruto Atas Dasar Harga Konstan 2010 Menurut Provinsi,Persen,Produk Domestik Regional Bruto (Lapangan Usaha),0000,1500,JAMBI,0,Tidak ada,121,2021,0,Tahun,3.7,150029101210,2026-02-19 10:27:07
regional_gdp_growth_constant_2010,291,[Seri 2010] Laju Pertumbuhan Produk Domestik Regional Bruto Atas Dasar Harga Konstan 2010 Menurut Provinsi,Persen,Produk Domestik Regional Bruto (Lapangan Usaha),0000,1600,SUMATERA SELATAN,0,Tidak ada,121,2021,0,Tahun,3.58,160029101210,2026-02-19 10:27:07
regional_gdp_growth_constant_2010,291,[Seri 2010] Laju Pertumbuhan Produk Domestik Regional Bruto Atas Dasar Harga Konstan 2010 Menurut Provinsi,Persen,Produk Domestik Regional Bruto (Lapangan Usaha),0000,1700,BENGKULU,0,Tidak ada,121,2021,0,Tahun,3.27,170029101210,2026-02-19 10:27:07
regional_gdp_growth_constant_2010,291,[Seri 2010] Laju Pertumbuhan Produk Domestik Regional Bruto Atas Dasar Harga Konstan 2010 Menurut Provinsi,Persen,Produk Domestik Regional Bruto (Lapangan Usaha),0000,1800,LAMPUNG,0,Tidak ada,121,2021,0,Tahun,2.77,180029101210,2026-02-19 10:27:07
regional_gdp_growth_constant_2010,291,[Seri 2010] Laju Pertumbuhan Produk Domestik Regional Bruto Atas Dasar Harga Konstan 2010 Menurut Provinsi,Persen,Produk Domestik Regional Bruto (Lapangan Usaha),0000,1900,KEP. BANGKA BELITUNG,0,Tidak ada,121,2021,0,Tahun,5.05,190029101210,2026-02-19 10:27:07
regional_gdp_growth_constant_2010,291,[Seri 2010] Laju Pertumbuhan Produk Domestik Regional Bruto Atas Dasar Harga Konstan 2010 Menurut Provinsi,Persen,Produk Domestik Regional Bruto (Lapangan Usaha),0000,2100,KEP. RIAU,0,Tidak ada,121,2021,0,Tahun,3.43,210029101210,2026-02-19 10:27:07
regional_gdp_growth_constant_2010,291,[Seri 2010] Laju Pertumbuhan Produk Domestik Regional Bruto Atas Dasar Harga Konstan 2010 Menurut Provinsi,Persen,Produk Domestik Regional Bruto (Lapangan Usaha),0000,3100,DKI JAKARTA,0,Tidak ada,121,2021,0,Tahun,3.55,310029101210,2026-02-19 10:27:07
regional_gdp_growth_constant_2010,291,[Seri 2010] Laju Pertumbuhan Produk Domestik Regional Bruto Atas Dasar Harga Konstan 2010 Menurut Provinsi,Persen,Produk Domestik Regional Bruto (Lapangan Usaha),0000,3200,JAWA BARAT,0,Tidak ada,121,2021,0,Tahun,3.74,320029101210,2026-02-19 10:27:07
regional_gdp_growth_constant_2010,291,[Seri 2010] Laju Pertumbuhan Produk Domestik Regional Bruto Atas Dasar Harga Konstan 2010 Menurut Provinsi,Persen,Produk Domestik Regional Bruto (Lapangan Usaha),0000,3300,JAWA TENGAH,0,Tidak ada,121,2021,0,Tahun,3.33,330029101210,2026-02-19 10:27:07
regional_gdp_growth_constant_2010,291,[Seri 2010] Laju Pertumbuhan Produk Domestik Regional Bruto Atas Dasar Harga Konstan 2010 Menurut Provinsi,Persen,Produk Domestik Regional Bruto (Lapangan Usaha),0000,3400,DI YOGYAKARTA,0,Tidak ada,121,2021,0,Tahun,5.58,340029101210,2026-02-19 10:27:07
regional_gdp_growth_constant_2010,291,[Seri 2010] Laju Pertumbuhan Produk Domestik Regional Bruto Atas Dasar Harga Konstan 2010 Menurut Provinsi,Persen,Produk Domestik Regional Bruto (Lapangan Usaha),0000,3500,JAWA TIMUR,0,Tidak ada,121,2021,0,Tahun,3.56,350029101210,2026-02-19 10:27:07
regional_gdp_growth_constant_2010,291,[Seri 2010] Laju Pertumbuhan Produk Domestik Regional Bruto Atas Dasar Harga Konstan 2010 Menurut Provinsi,Persen,Produk Domestik Regional Bruto (Lapangan Usaha),0000,3600,BANTEN,0,Tidak ada,121,2021,0,Tahun,4.49,360029101210,2026-02-19 10:27:07
regional_gdp_growth_constant_2010,291,[Seri 2010] Laju Pertumbuhan Produk Domestik Regional Bruto Atas Dasar Harga Konstan 2010 Menurut Provinsi,Persen,Produk Domestik Regional Bruto (Lapangan Usaha),0000,5100,BALI,0,Tidak ada,121,2021,0,Tahun,-2.46,510029101210,2026-02-19 10:27:07
regional_gdp_growth_constant_2010,291,[Seri 2010] Laju Pertumbuhan Produk Domestik Regional Bruto Atas Dasar Harga Konstan 2010 Menurut Provinsi,Persen,Produk Domestik Regional Bruto (Lapangan Usaha),0000,5200,NUSA TENGGARA BARAT,0,Tidak ada,121,2021,0,Tahun,2.3,520029101210,2026-02-19 10:27:07
regional_gdp_growth_constant_2010,291,[Seri 2010] Laju Pertumbuhan Produk Domestik Regional Bruto Atas Dasar Harga Konstan 2010 Menurut Provinsi,Persen,Produk Domestik Regional Bruto (Lapangan Usaha),0000,5300,NUSA TENGGARA TIMUR,0,Tidak ada,121,2021,0,Tahun,2.52,530029101210,2026-02-19 10:27:07
regional_gdp_growth_constant_2010,291,[Seri 2010] Laju Pertumbuhan Produk Domestik Regional Bruto Atas Dasar Harga Konstan 2010 Menurut Provinsi,Persen,Produk Domestik Regional Bruto (Lapangan Usaha),0000,6100,KALIMANTAN BARAT,0,Tidak ada,121,2021,0,Tahun,4.8,610029101210,2026-02-19 10:27:07
regional_gdp_growth_constant_2010,291,[Seri 2010] Laju Pertumbuhan Produk Domestik Regional Bruto Atas Dasar Harga Konstan 2010 Menurut Provinsi,Persen,Produk Domestik Regional Bruto (Lapangan Usaha),0000,6200,KALIMANTAN TENGAH,0,Tidak ada,121,2021,0,Tahun,3.59,620029101210,2026-02-19 10:27:07
regional_gdp_growth_constant_2010,291,[Seri 2010] Laju Pertumbuhan Produk Domestik Regional Bruto Atas Dasar Harga Konstan 2010 Menurut Provinsi,Persen,Produk Domestik Regional Bruto (Lapangan Usaha),0000,6300,KALIMANTAN SELATAN,0,Tidak ada,121,2021,0,Tahun,3.48,630029101210,2026-02-19 10:27:07
regional_gdp_growth_constant_2010,291,[Seri 2010] Laju Pertumbuhan Produk Domestik Regional Bruto Atas Dasar Harga Konstan 2010 Menurut Provinsi,Persen,Produk Domestik Regional Bruto (Lapangan Usaha),0000,6400,KALIMANTAN TIMUR,0,Tidak ada,121,2021,0,Tahun,2.55,640029101210,2026-02-19 10:27:07
regional_gdp_growth_constant_2010,291,[Seri 2010] Laju Pertumbuhan Produk Domestik Regional Bruto Atas Dasar Harga Konstan 2010 Menurut Provinsi,Persen,Produk Domestik Regional Bruto (Lapangan Usaha),0000,6500,KALIMANTAN UTARA,0,Tidak ada,121,2021,0,Tahun,3.99,650029101210,2026-02-19 10:27:07
regional_gdp_growth_constant_2010,291,[Seri 2010] Laju Pertumbuhan Produk Domestik Regional Bruto Atas Dasar Harga Konstan 2010 Menurut Provinsi,Persen,Produk Domestik Regional Bruto (Lapangan Usaha),0000,7100,SULAWESI UTARA,0,Tidak ada,121,2021,0,Tahun,4.16,710029101210,2026-02-19 10:27:07
regional_gdp_growth_constant_2010,291,[Seri 2010] Laju Pertumbuhan Produk Domestik Regional Bruto Atas Dasar Harga Konstan 2010 Menurut Provinsi,Persen,Produk Domestik Regional Bruto (Lapangan Usaha),0000,7200,SULAWESI TENGAH,0,Tidak ada,121,2021,0,Tahun,11.68,720029101210,2026-02-19 10:27:07
regional_gdp_growth_constant_2010,291,[Seri 2010] Laju Pertumbuhan Produk Domestik Regional Bruto Atas Dasar Harga Konstan 2010 Menurut Provinsi,Persen,Produk Domestik Regional Bruto (Lapangan Usaha),0000,7300,SULAWESI SELATAN,0,Tidak ada,121,2021,0,Tahun,4.64,730029101210,2026-02-19 10:27:07
regional_gdp_growth_constant_2010,291,[Seri 2010] Laju Pertumbuhan Produk Domestik Regional Bruto Atas Dasar Harga Konstan 2010 Menurut Provinsi,Persen,Produk Domestik Regional Bruto (Lapangan Usaha),0000,7400,SULAWESI TENGGARA,0,Tidak ada,121,2021,0,Tahun,4.1,740029101210,2026-02-19 10:27:07
regional_gdp_growth_constant_2010,291,[Seri 2010] Laju Pertumbuhan Produk Domestik Regional Bruto Atas Dasar Harga Konstan 2010 Menurut Provinsi,Persen,Produk Domestik Regional Bruto (Lapangan Usaha),0000,7500,GORONTALO,0,Tidak ada,121,2021,0,Tahun,2.4,750029101210,2026-02-19 10:27:07
regional_gdp_growth_constant_2010,291,[Seri 2010] Laju Pertumbuhan Produk Domestik Regional Bruto Atas Dasar Harga Konstan 2010 Menurut Provinsi,Persen,Produk Domestik Regional Bruto (Lapangan Usaha),0000,7600,SULAWESI BARAT,0,Tidak ada,121,2021,0,Tahun,2.57,760029101210,2026-02-19 10:27:07
regional_gdp_growth_constant_2010,291,[Seri 2010] Laju Pertumbuhan Produk Domestik Regional Bruto Atas Dasar Harga Konstan 2010 Menurut Provinsi,Persen,Produk Domestik Regional Bruto (Lapangan Usaha),0000,8100,MALUKU,0,Tidak ada,121,2021,0,Tahun,3.63,810029101210,2026-02-19 10:27:07
regional_gdp_growth_constant_2010,291,[Seri 2010] Laju Pertumbuhan Produk Domestik Regional Bruto Atas Dasar Harga Konstan 2010 Menurut Provinsi,Persen,Produk Domestik Regional Bruto (Lapangan Usaha),0000,8200,MALUKU UTARA,0,Tidak ada,121,2021,0,Tahun,16.79,820029101210,2026-02-19 10:27:07
regional_gdp_growth_constant_2010,291,[Seri 2010] Laju Pertumbuhan Produk Domestik Regional Bruto Atas Dasar Harga Konstan 2010 Menurut Provinsi,Persen,Produk Domestik Regional Bruto (Lapangan Usaha),0000,9100,PAPUA BARAT,0,Tidak ada,121,2021,0,Tahun,-0.51,910029101210,2026-02-19 10:27:07
regional_gdp_growth_constant_2010,291,[Seri 2010] Laju Pertumbuhan Produk Domestik Regional Bruto Atas Dasar Harga Konstan 2010 Menurut Provinsi,Persen,Produk Domestik Regional Bruto (Lapangan Usaha),0000,9400,PAPUA,0,Tidak ada,121,2021,0,Tahun,15.16,940029101210,2026-02-19 10:27:07
regional_gdp_growth_constant_2010,291,[Seri 2010] Laju Pertumbuhan Produk Domestik Regional Bruto Atas Dasar Harga Konstan 2010 Menurut Provinsi,Persen,Produk Domestik Regional Bruto (Lapangan Usaha),0000,9999,INDONESIA,0,Tidak ada,121,2021,0,Tahun,3.7,999929101210,2026-02-19 10:27:07
