indicator_key,var_id,kode_wilayah,th_id,turvar_id,turth_id,data_key,source_domain,nilai,last_update,artifact_path,snapshot_id
poverty_rate,192,1100,121,432,61,110019243212161,0000,10.46,2026-02-05 13:03:51,results\api\extract\data\dynamic_poverty_rate_2021.json,bps-data-389fbfd995754e0e
poverty_rate,192,1100,121,432,62,110019243212162,0000,10.58,2026-02-05 13:03:51,results\api\extract\data\dynamic_poverty_rate_2021.json,bps-data-389fbfd995754e0e
poverty_rate,192,1100,121,433,61,110019243312161,0000,17.78,2026-02-05 13:03:51,results\api\extract\data\dynamic_poverty_rate_2021.json,bps-data-389fbfd995754e0e
poverty_rate,192,1100,121,433,62,110019243312162,0000,18.04,2026-02-05 13:03:51,results\api\extract\data\dynamic_poverty_rate_2021.json,bps-data-389fbfd995754e0e
poverty_rate,192,1100,121,434,61,110019243412161,0000,15.33,2026-02-05 13:03:51,results\api\extract\data\dynamic_poverty_rate_2021.json,bps-data-389fbfd995754e0e
poverty_rate,192,1100,121,434,62,110019243412162,0000,15.53,2026-02-05 13:03:51,results\api\extract\data\dynamic_poverty_rate_2021.json,bps-data-389fbfd995754e0e
poverty_rate,192,1100,122,432,61,110019243212261,0000,10.31,2026-02-05 13:03:51,results\api\extract\data\dynamic_poverty_rate_2022.json,bps-data-e46aa53d43b00c96
poverty_rate,192,1100,122,432,62,110019243212262,0000,10.35,2026-02-05 13:03:51,results\api\extract\data\dynamic_poverty_rate_2022.json,bps-data-e46aa53d43b00c96
poverty_rate,192,1100,122,433,61,110019243312261,0000,16.87,2026-02-05 13:03:51,results\api\extract\data\dynamic_poverty_rate_2022.json,bps-data-e46aa53d43b00c96
poverty_rate,192,1100,122,433,62,110019243312262,0000,17.06,2026-02-05 13:03:51,results\api\extract\data\dynamic_poverty_rate_2022.json,bps-data-e46aa53d43b00c96
poverty_rate,192,1100,122,434,61,110019243412261,0000,14.64,2026-02-05 13:03:51,results\api\extract\data\dynamic_poverty_rate_2022.json,bps-data-e46aa53d43b00c96
poverty_rate,192,1100,122,434,62,110019243412262,0000,14.75,2026-02-05 13:03:51,results\api\extract\data\dynamic_poverty_rate_2022.json,bps-data-e46aa53d43b00c96
poverty_rate,192,1100,123,432,61,110019243212361,0000,9.79,2026-02-05 13:03:51,results\api\extract\data\dynamic_poverty_rate_2023.json,bps-data-d8ab23f832cb7cbe
poverty_rate,192,1100,123,433,61,110019243312361,0000,16.92,2026-02-05 13:03:51,results\api\extract\data\dynamic_poverty_rate_2023.json,bps-data-d8ab23f832cb7cbe
poverty_rate,192,1100,123,434,61,110019243412361,0000,14.45,2026-02-05 13:03:51,results\api\extract\data\dynamic_poverty_rate_2023.json,bps-data-d8ab23f832cb7cbe
poverty_rate,192,1100,124,432,61,110019243212461,0000,9.6,2026-02-05 13:03:51,results\api\extract\data\dynamic_poverty_rate_2024.json,bps-data-8c5cb32173251389
poverty_rate,192,1100,124,432,62,110019243212462,0000,8.37,2026-02-05 13:03:51,results\api\extract\data\dynamic_poverty_rate_2024.json,bps-data-8c5cb32173251389
poverty_rate,192,1100,124,433,61,110019243312461,0000,16.75,2026-02-05 13:03:51,results\api\extract\data\dynamic_poverty_rate_2024.json,bps-data-8c5cb32173251389
poverty_rate,192,1100,124,433,62,110019243312462,0000,14.99,2026-02-05 13:03:51,results\api\extract\data\dynamic_poverty_rate_2024.json,bps-data-8c5cb32173251389
poverty_rate,192,1100,124,434,61,110019243412461,0000,14.23,2026-02-05 13:03:51,results\api\extract\data\dynamic_poverty_rate_2024.json,bps-data-8c5cb32173251389
poverty_rate,192,1100,124,434,62,110019243412462,0000,12.64,2026-02-05 13:03:51,results\api\extract\data\dynamic_poverty_rate_2024.json,bps-data-8c5cb32173251389
poverty_rate,192,1200,121,432,61,120019243212161,0000,9.15,2026-02-05 13:03:51,results\api\extract\data\dynamic_poverty_rate_2021.json,bps-data-389fbfd995754e0e
poverty_rate,192,1200,121,432,62,120019243212162,0000,8.68,2026-02-05 13:03:51,results\api\extract\data\dynamic_poverty_rate_2021.json,bps-data-389fbfd995754e0e
poverty_rate,192,1200,121,433,61,120019243312161,0000,8.84,2026-02-05 13:03:51,results\api\extract\data\dynamic_poverty_rate_2021.json,bps-data-389fbfd995754e0e
poverty_rate,192,1200,121,433,62,120019243312162,0000,8.26,2026-02-05 13:03:51,results\api\extract\data\dynamic_poverty_rate_2021.json,bps-data-389fbfd995754e0e
poverty_rate,192,1200,121,434,61,120019243412161,0000,9.01,2026-02-05 13:03:51,results\api\extract\data\dynamic_poverty_rate_2021.json,bps-data-389fbfd995754e0e
poverty_rate,192,1200,121,434,62,120019243412162,0000,8.49,2026-02-05 13:03:51,results\api\extract\data\dynamic_poverty_rate_2021.json,bps-data-389fbfd995754e0e
poverty_rate,192,1200,122,432,61,120019243212261,0000,8.76,2026-02-05 13:03:51,results\api\extract\data\dynamic_poverty_rate_2022.json,bps-data-e46aa53d43b00c96
poverty_rate,192,1200,122,432,62,120019243212262,0000,8.63,2026-02-05 13:03:51,results\api\extract\data\dynamic_poverty_rate_2022.json,bps-data-e46aa53d43b00c96
poverty_rate,192,1200,122,433,61,120019243312261,0000,7.98,2026-02-05 13:03:51,results\api\extract\data\dynamic_poverty_rate_2022.json,bps-data-e46aa53d43b00c96
poverty_rate,192,1200,122,433,62,120019243312262,0000,7.96,2026-02-05 13:03:51,results\api\extract\data\dynamic_poverty_rate_2022.json,bps-data-e46aa53d43b00c96
poverty_rate,192,1200,122,434,61,120019243412261,0000,8.42,2026-02-05 13:03:51,results\api\extract\data\dynamic_poverty_rate_2022.json,bps-data-e46aa53d43b00c96
poverty_rate,192,1200,122,434,62,120019243412262,0000,8.33,2026-02-05 13:03:51,results\api\extract\data\dynamic_poverty_rate_2022.json,bps-data-e46aa53d43b00c96
poverty_rate,192,1200,123,432,61,120019243212361,0000,8.23,2026-02-05 13:03:51,results\api\extract\data\dynamic_poverty_rate_2023.json,bps-data-d8ab23f832cb7cbe
poverty_rate,192,1200,123,433,61,120019243312361,0000,8.03,2026-02-05 13:03:51,results\api\extract\data\dynamic_poverty_rate_2023.json,bps-data-d8ab23f832cb7cbe
poverty_rate,192,1200,123,434,61,120019243412361,0000,8.15,2026-02-05 13:03:51,results\api\extract\data\dynamic_poverty_rate_2023.json,bps-data-d8ab23f832cb7cbe
poverty_rate,192,1200,124,432,61,120019243212461,0000,7.93,2026-02-05 13:03:51,results\api\extract\data\dynamic_poverty_rate_2024.json,bps-data-8c5cb32173251389
poverty_rate,192,1200,124,432,62,120019243212462,0000,7.01,2026-02-05 13:03:51,results\api\extract\data\dynamic_poverty_rate_2024.json,bps-data-8c5cb32173251389
poverty_rate,192,1200,124,433,61,120019243312461,0000,8.08,2026-02-05 13:03:51,results\api\extract\data\dynamic_poverty_rate_2024.json,bps-data-8c5cb32173251389
poverty_rate,192,1200,124,433,62,120019243312462,0000,7.44,2026-02-05 13:03:51,results\api\extract\data\dynamic_poverty_rate_2024.json,bps-data-8c5cb32173251389
poverty_rate,192,1200,124,434,61,120019243412461,0000,7.99,2026-02-05 13:03:51,results\api\extract\data\dynamic_poverty_rate_2024.json,bps-data-8c5cb32173251389
poverty_rate,192,1200,124,434,62,120019243412462,0000,7.19,2026-02-05 13:03:51,results\api\extract\data\dynamic_poverty_rate_2024.json,bps-data-8c5cb32173251389
poverty_rate,192,1300,121,432,61,130019243212161,0000,5.3,2026-02-05 13:03:51,results\api\extract\data\dynamic_poverty_rate_2021.json,bps-data-389fbfd995754e0e
poverty_rate,192,1300,121,432,62,130019243212162,0000,4.83,2026-02-05 13:03:51,results\api\extract\data\dynamic_poverty_rate_2021.json,bps-data-389fbfd995754e0e
poverty_rate,192,1300,121,433,61,130019243312161,0000,7.91,2026-02-05 13:03:51,results\api\extract\data\dynamic_poverty_rate_2021.json,bps-data-389fbfd995754e0e
poverty_rate,192,1300,121,433,62,130019243312162,0000,7.23,2026-02-05 13:03:51,results\api\extract\data\dynamic_poverty_rate_2021.json,bps-data-389fbfd995754e0e
poverty_rate,192,1300,121,434,61,130019243412161,0000,6.63,2026-02-05 13:03:51,results\api\extract\data\dynamic_poverty_rate_2021.json,bps-data-389fbfd995754e0e
poverty_rate,192,1300,121,434,62,130019243412162,0000,6.04,2026-02-05 13:03:51,results\api\extract\data\dynamic_poverty_rate_2021.json,bps-data-389fbfd995754e0e
poverty_rate,192,1300,122,432,61,130019243212261,0000,4.95,2026-02-05 13:03:51,results\api\extract\data\dynamic_poverty_rate_2022.json,bps-data-e46aa53d43b00c96
poverty_rate,192,1300,122,432,62,130019243212262,0000,4.9,2026-02-05 13:03:51,results\api\extract\data\dynamic_poverty_rate_2022.json,bps-data-e46aa53d43b00c96
poverty_rate,192,1300,122,433,61,130019243312261,0000,6.86,2026-02-05 13:03:51,results\api\extract\data\dynamic_poverty_rate_2022.json,bps-data-e46aa53d43b00c96
poverty_rate,192,1300,122,433,62,130019243312262,0000,7.2,2026-02-05 13:03:51,results\api\extract\data\dynamic_poverty_rate_2022.json,bps-data-e46aa53d43b00c96
poverty_rate,192,1300,122,434,61,130019243412261,0000,5.92,2026-02-05 13:03:51,results\api\extract\data\dynamic_poverty_rate_2022.json,bps-data-e46aa53d43b00c96
poverty_rate,192,1300,122,434,62,130019243412262,0000,6.04,2026-02-05 13:03:51,results\api\extract\data\dynamic_poverty_rate_2022.json,bps-data-e46aa53d43b00c96
poverty_rate,192,1300,123,432,61,130019243212361,0000,4.67,2026-02-05 13:03:51,results\api\extract\data\dynamic_poverty_rate_2023.json,bps-data-d8ab23f832cb7cbe
poverty_rate,192,1300,123,433,61,130019243312361,0000,7.23,2026-02-05 13:03:51,results\api\extract\data\dynamic_poverty_rate_2023.json,bps-data-d8ab23f832cb7cbe
poverty_rate,192,1300,123,434,61,130019243412361,0000,5.95,2026-02-05 13:03:51,results\api\extract\data\dynamic_poverty_rate_2023.json,bps-data-d8ab23f832cb7cbe
poverty_rate,192,1300,124,432,61,130019243212461,0000,4.72,2026-02-05 13:03:51,results\api\extract\data\dynamic_poverty_rate_2024.json,bps-data-8c5cb32173251389
poverty_rate,192,1300,124,432,62,130019243212462,0000,4.16,2026-02-05 13:03:51,results\api\extract\data\dynamic_poverty_rate_2024.json,bps-data-8c5cb32173251389
poverty_rate,192,1300,124,433,61,130019243312461,0000,7.28,2026-02-05 13:03:51,results\api\extract\data\dynamic_poverty_rate_2024.json,bps-data-8c5cb32173251389
poverty_rate,192,1300,124,433,62,130019243312462,0000,6.79,2026-02-05 13:03:51,results\api\extract\data\dynamic_poverty_rate_2024.json,bps-data-8c5cb32173251389
poverty_rate,192,1300,124,434,61,130019243412461,0000,5.97,2026-02-05 13:03:51,results\api\extract\data\dynamic_poverty_rate_2024.json,bps-data-8c5cb32173251389
poverty_rate,192,1300,124,434,62,130019243412462,0000,5.42,2026-02-05 13:03:51,results\api\extract\data\dynamic_poverty_rate_2024.json,bps-data-8c5cb32173251389
poverty_rate,192,1400,121,432,61,140019243212161,0000,6.52,2026-02-05 13:03:51,results\api\extract\data\dynamic_poverty_rate_2021.json,bps-data-389fbfd995754e0e
poverty_rate,192,1400,121,432,62,140019243212162,0000,6.72,2026-02-05 13:03:51,results\api\extract\data\dynamic_poverty_rate_2021.json,bps-data-389fbfd995754e0e
poverty_rate,192,1400,121,433,61,140019243312161,0000,7.51,2026-02-05 13:03:51,results\api\extract\data\dynamic_poverty_rate_2021.json,bps-data-389fbfd995754e0e
poverty_rate,192,1400,121,433,62,140019243312162,0000,7.19,2026-02-05 13:03:51,results\api\extract\data\dynamic_poverty_rate_2021.json,bps-data-389fbfd995754e0e
poverty_rate,192,1400,121,434,61,140019243412161,0000,7.12,2026-02-05 13:03:51,results\api\extract\data\dynamic_poverty_rate_2021.json,bps-data-389fbfd995754e0e
poverty_rate,192,1400,121,434,62,140019243412162,0000,7.0,2026-02-05 13:03:51,results\api\extract\data\dynamic_poverty_rate_2021.json,bps-data-389fbfd995754e0e
poverty_rate,192,1400,122,432,61,140019243212261,0000,6.34,2026-02-05 13:03:51,results\api\extract\data\dynamic_poverty_rate_2022.json,bps-data-e46aa53d43b00c96
poverty_rate,192,1400,122,432,62,140019243212262,0000,6.49,2026-02-05 13:03:51,results\api\extract\data\dynamic_poverty_rate_2022.json,bps-data-e46aa53d43b00c96
poverty_rate,192,1400,122,433,61,140019243312261,0000,7.08,2026-02-05 13:03:51,results\api\extract\data\dynamic_poverty_rate_2022.json,bps-data-e46aa53d43b00c96
poverty_rate,192,1400,122,433,62,140019243312262,0000,7.07,2026-02-05 13:03:51,results\api\extract\data\dynamic_poverty_rate_2022.json,bps-data-e46aa53d43b00c96
poverty_rate,192,1400,122,434,61,140019243412261,0000,6.78,2026-02-05 13:03:51,results\api\extract\data\dynamic_poverty_rate_2022.json,bps-data-e46aa53d43b00c96
poverty_rate,192,1400,122,434,62,140019243412262,0000,6.84,2026-02-05 13:03:51,results\api\extract\data\dynamic_poverty_rate_2022.json,bps-data-e46aa53d43b00c96
poverty_rate,192,1400,123,432,61,140019243212361,0000,6.73,2026-02-05 13:03:51,results\api\extract\data\dynamic_poverty_rate_2023.json,bps-data-d8ab23f832cb7cbe
poverty_rate,192,1400,123,433,61,140019243312361,0000,6.65,2026-02-05 13:03:51,results\api\extract\data\dynamic_poverty_rate_2023.json,bps-data-d8ab23f832cb7cbe
poverty_rate,192,1400,123,434,61,140019243412361,0000,6.68,2026-02-05 13:03:51,results\api\extract\data\dynamic_poverty_rate_2023.json,bps-data-d8ab23f832cb7cbe
poverty_rate,192,1400,124,432,61,140019243212461,0000,6.76,2026-02-05 13:03:51,results\api\extract\data\dynamic_poverty_rate_2024.json,bps-data-8c5cb32173251389
poverty_rate,192,1400,124,432,62,140019243212462,0000,6.11,2026-02-05 13:03:51,results\api\extract\data\dynamic_poverty_rate_2024.json,bps-data-8c5cb32173251389
poverty_rate,192,1400,124,433,61,140019243312461,0000,6.61,2026-02-05 13:03:51,results\api\extract\data\dynamic_poverty_rate_2024.json,bps-data-8c5cb32173251389
poverty_rate,192,1400,124,433,62,140019243312462,0000,6.52,2026-02-05 13:03:51,results\api\extract\data\dynamic_poverty_rate_2024.json,bps-data-8c5cb32173251389
poverty_rate,192,1400,124,434,61,140019243412461,0000,6.67,2026-02-05 13:03:51,results\api\extract\data\dynamic_poverty_rate_2024.json,bps-data-8c5cb32173251389
poverty_rate,192,1400,124,434,62,140019243412462,0000,6.36,2026-02-05 13:03:51,results\api\extract\data\dynamic_poverty_rate_2024.json,bps-data-8c5cb32173251389
poverty_rate,192,1500,121,432,61,150019243212161,0000,11.52,2026-02-05 13:03:51,results\api\extract\data\dynamic_poverty_rate_2021.json,bps-data-389fbfd995754e0e
poverty_rate,192,1500,121,432,62,150019243212162,0000,10.5,2026-02-05 13:03:51,results\api\extract\data\dynamic_poverty_rate_2021.json,bps-data-389fbfd995754e0e
poverty_rate,192,1500,121,433,61,150019243312161,0000,6.42,2026-02-05 13:03:51,results\api\extract\data\dynamic_poverty_rate_2021.json,bps-data-389fbfd995754e0e
poverty_rate,192,1500,121,433,62,150019243312162,0000,6.28,2026-02-05 13:03:51,results\api\extract\data\dynamic_poverty_rate_2021.json,bps-data-389fbfd995754e0e
poverty_rate,192,1500,121,434,61,150019243412161,0000,8.09,2026-02-05 13:03:51,results\api\extract\data\dynamic_poverty_rate_2021.json,bps-data-389fbfd995754e0e
poverty_rate,192,1500,121,434,62,150019243412162,0000,7.67,2026-02-05 13:03:51,results\api\extract\data\dynamic_poverty_rate_2021.json,bps-data-389fbfd995754e0e
poverty_rate,192,1500,122,432,61,150019243212261,0000,10.51,2026-02-05 13:03:51,results\api\extract\data\dynamic_poverty_rate_2022.json,bps-data-e46aa53d43b00c96
poverty_rate,192,1500,122,432,62,150019243212262,0000,10.48,2026-02-05 13:03:51,results\api\extract\data\dynamic_poverty_rate_2022.json,bps-data-e46aa53d43b00c96
poverty_rate,192,1500,122,433,61,150019243312261,0000,6.19,2026-02-05 13:03:51,results\api\extract\data\dynamic_poverty_rate_2022.json,bps-data-e46aa53d43b00c96
poverty_rate,192,1500,122,433,62,150019243312262,0000,6.32,2026-02-05 13:03:51,results\api\extract\data\dynamic_poverty_rate_2022.json,bps-data-e46aa53d43b00c96
poverty_rate,192,1500,122,434,61,150019243412261,0000,7.62,2026-02-05 13:03:51,results\api\extract\data\dynamic_poverty_rate_2022.json,bps-data-e46aa53d43b00c96
poverty_rate,192,1500,122,434,62,150019243412262,0000,7.7,2026-02-05 13:03:51,results\api\extract\data\dynamic_poverty_rate_2022.json,bps-data-e46aa53d43b00c96
poverty_rate,192,1500,123,432,61,150019243212361,0000,10.19,2026-02-05 13:03:51,results\api\extract\data\dynamic_poverty_rate_2023.json,bps-data-d8ab23f832cb7cbe
poverty_rate,192,1500,123,433,61,150019243312361,0000,6.28,2026-02-05 13:03:51,results\api\extract\data\dynamic_poverty_rate_2023.json,bps-data-d8ab23f832cb7cbe
poverty_rate,192,1500,123,434,61,150019243412361,0000,7.58,2026-02-05 13:03:51,results\api\extract\data\dynamic_poverty_rate_2023.json,bps-data-d8ab23f832cb7cbe
poverty_rate,192,1500,124,432,61,150019243212461,0000,9.5,2026-02-05 13:03:51,results\api\extract\data\dynamic_poverty_rate_2024.json,bps-data-8c5cb32173251389
poverty_rate,192,1500,124,432,62,150019243212462,0000,9.6,2026-02-05 13:03:51,results\api\extract\data\dynamic_poverty_rate_2024.json,bps-data-8c5cb32173251389
poverty_rate,192,1500,124,433,61,150019243312461,0000,5.9,2026-02-05 13:03:51,results\api\extract\data\dynamic_poverty_rate_2024.json,bps-data-8c5cb32173251389
poverty_rate,192,1500,124,433,62,150019243312462,0000,6.08,2026-02-05 13:03:51,results\api\extract\data\dynamic_poverty_rate_2024.json,bps-data-8c5cb32173251389
poverty_rate,192,1500,124,434,61,150019243412461,0000,7.1,2026-02-05 13:03:51,results\api\extract\data\dynamic_poverty_rate_2024.json,bps-data-8c5cb32173251389
poverty_rate,192,1500,124,434,62,150019243412462,0000,7.26,2026-02-05 13:03:51,results\api\extract\data\dynamic_poverty_rate_2024.json,bps-data-8c5cb32173251389
poverty_rate,192,1600,121,432,61,160019243212161,0000,12.36,2026-02-05 13:03:51,results\api\extract\data\dynamic_poverty_rate_2021.json,bps-data-389fbfd995754e0e
poverty_rate,192,1600,121,432,62,160019243212162,0000,11.99,2026-02-05 13:03:51,results\api\extract\data\dynamic_poverty_rate_2021.json,bps-data-389fbfd995754e0e
poverty_rate,192,1600,121,433,61,160019243312161,0000,13.12,2026-02-05 13:03:51,results\api\extract\data\dynamic_poverty_rate_2021.json,bps-data-389fbfd995754e0e
poverty_rate,192,1600,121,433,62,160019243312162,0000,13.28,2026-02-05 13:03:51,results\api\extract\data\dynamic_poverty_rate_2021.json,bps-data-389fbfd995754e0e
poverty_rate,192,1600,121,434,61,160019243412161,0000,12.84,2026-02-05 13:03:51,results\api\extract\data\dynamic_poverty_rate_2021.json,bps-data-389fbfd995754e0e
poverty_rate,192,1600,121,434,62,160019243412162,0000,12.79,2026-02-05 13:03:51,results\api\extract\data\dynamic_poverty_rate_2021.json,bps-data-389fbfd995754e0e
poverty_rate,192,1600,122,432,61,160019243212261,0000,11.23,2026-02-05 13:03:51,results\api\extract\data\dynamic_poverty_rate_2022.json,bps-data-e46aa53d43b00c96
poverty_rate,192,1600,122,432,62,160019243212262,0000,11.37,2026-02-05 13:03:51,results\api\extract\data\dynamic_poverty_rate_2022.json,bps-data-e46aa53d43b00c96
poverty_rate,192,1600,122,433,61,160019243312261,0000,12.31,2026-02-05 13:03:51,results\api\extract\data\dynamic_poverty_rate_2022.json,bps-data-e46aa53d43b00c96
poverty_rate,192,1600,122,433,62,160019243312262,0000,12.3,2026-02-05 13:03:51,results\api\extract\data\dynamic_poverty_rate_2022.json,bps-data-e46aa53d43b00c96
poverty_rate,192,1600,122,434,61,160019243412261,0000,11.9,2026-02-05 13:03:51,results\api\extract\data\dynamic_poverty_rate_2022.json,bps-data-e46aa53d43b00c96
poverty_rate,192,1600,122,434,62,160019243412262,0000,11.95,2026-02-05 13:03:51,results\api\extract\data\dynamic_poverty_rate_2022.json,bps-data-e46aa53d43b00c96
poverty_rate,192,1600,123,432,61,160019243212361,0000,11.07,2026-02-05 13:03:51,results\api\extract\data\dynamic_poverty_rate_2023.json,bps-data-d8ab23f832cb7cbe
poverty_rate,192,1600,123,433,61,160019243312361,0000,12.21,2026-02-05 13:03:51,results\api\extract\data\dynamic_poverty_rate_2023.json,bps-data-d8ab23f832cb7cbe
poverty_rate,192,1600,123,434,61,160019243412361,0000,11.78,2026-02-05 13:03:51,results\api\extract\data\dynamic_poverty_rate_2023.json,bps-data-d8ab23f832cb7cbe
poverty_rate,192,1600,124,432,61,160019243212461,0000,10.04,2026-02-05 13:03:51,results\api\extract\data\dynamic_poverty_rate_2024.json,bps-data-8c5cb32173251389
poverty_rate,192,1600,124,432,62,160019243212462,0000,9.02,2026-02-05 13:03:51,results\api\extract\data\dynamic_poverty_rate_2024.json,bps-data-8c5cb32173251389
poverty_rate,192,1600,124,433,61,160019243312461,0000,11.53,2026-02-05 13:03:51,results\api\extract\data\dynamic_poverty_rate_2024.json,bps-data-8c5cb32173251389
poverty_rate,192,1600,124,433,62,160019243312462,0000,11.43,2026-02-05 13:03:51,results\api\extract\data\dynamic_poverty_rate_2024.json,bps-data-8c5cb32173251389
poverty_rate,192,1600,124,434,61,160019243412461,0000,10.97,2026-02-05 13:03:51,results\api\extract\data\dynamic_poverty_rate_2024.json,bps-data-8c5cb32173251389
poverty_rate,192,1600,124,434,62,160019243412462,0000,10.51,2026-02-05 13:03:51,results\api\extract\data\dynamic_poverty_rate_2024.json,bps-data-8c5cb32173251389
poverty_rate,192,1700,121,432,61,170019243212161,0000,15.1,2026-02-05 13:03:51,results\api\extract\data\dynamic_poverty_rate_2021.json,bps-data-389fbfd995754e0e
poverty_rate,192,1700,121,432,62,170019243212162,0000,14.73,2026-02-05 13:03:51,results\api\extract\data\dynamic_poverty_rate_2021.json,bps-data-389fbfd995754e0e
poverty_rate,192,1700,121,433,61,170019243312161,0000,15.28,2026-02-05 13:03:51,results\api\extract\data\dynamic_poverty_rate_2021.json,bps-data-389fbfd995754e0e
poverty_rate,192,1700,121,433,62,170019243312162,0000,14.28,2026-02-05 13:03:51,results\api\extract\data\dynamic_poverty_rate_2021.json,bps-data-389fbfd995754e0e
poverty_rate,192,1700,121,434,61,170019243412161,0000,15.22,2026-02-05 13:03:51,results\api\extract\data\dynamic_poverty_rate_2021.json,bps-data-389fbfd995754e0e
poverty_rate,192,1700,121,434,62,170019243412162,0000,14.43,2026-02-05 13:03:51,results\api\extract\data\dynamic_poverty_rate_2021.json,bps-data-389fbfd995754e0e
poverty_rate,192,1700,122,432,61,170019243212261,0000,14.88,2026-02-05 13:03:51,results\api\extract\data\dynamic_poverty_rate_2022.json,bps-data-e46aa53d43b00c96
poverty_rate,192,1700,122,432,62,170019243212262,0000,14.53,2026-02-05 13:03:51,results\api\extract\data\dynamic_poverty_rate_2022.json,bps-data-e46aa53d43b00c96
poverty_rate,192,1700,122,433,61,170019243312261,0000,14.49,2026-02-05 13:03:51,results\api\extract\data\dynamic_poverty_rate_2022.json,bps-data-e46aa53d43b00c96
poverty_rate,192,1700,122,433,62,170019243312262,0000,14.24,2026-02-05 13:03:51,results\api\extract\data\dynamic_poverty_rate_2022.json,bps-data-e46aa53d43b00c96
poverty_rate,192,1700,122,434,61,170019243412261,0000,14.62,2026-02-05 13:03:51,results\api\extract\data\dynamic_poverty_rate_2022.json,bps-data-e46aa53d43b00c96
poverty_rate,192,1700,122,434,62,170019243412262,0000,14.34,2026-02-05 13:03:51,results\api\extract\data\dynamic_poverty_rate_2022.json,bps-data-e46aa53d43b00c96
poverty_rate,192,1700,123,432,61,170019243212361,0000,14.21,2026-02-05 13:03:51,results\api\extract\data\dynamic_poverty_rate_2023.json,bps-data-d8ab23f832cb7cbe
poverty_rate,192,1700,123,433,61,170019243312361,0000,13.96,2026-02-05 13:03:51,results\api\extract\data\dynamic_poverty_rate_2023.json,bps-data-d8ab23f832cb7cbe
poverty_rate,192,1700,123,434,61,170019243412361,0000,14.04,2026-02-05 13:03:51,results\api\extract\data\dynamic_poverty_rate_2023.json,bps-data-d8ab23f832cb7cbe
poverty_rate,192,1700,124,432,61,170019243212461,0000,13.56,2026-02-05 13:03:51,results\api\extract\data\dynamic_poverty_rate_2024.json,bps-data-8c5cb32173251389
poverty_rate,192,1700,124,432,62,170019243212462,0000,12.32,2026-02-05 13:03:51,results\api\extract\data\dynamic_poverty_rate_2024.json,bps-data-8c5cb32173251389
poverty_rate,192,1700,124,433,61,170019243312461,0000,13.56,2026-02-05 13:03:51,results\api\extract\data\dynamic_poverty_rate_2024.json,bps-data-8c5cb32173251389
poverty_rate,192,1700,124,433,62,170019243312462,0000,12.63,2026-02-05 13:03:51,results\api\extract\data\dynamic_poverty_rate_2024.json,bps-data-8c5cb32173251389
poverty_rate,192,1700,124,434,61,170019243412461,0000,13.56,2026-02-05 13:03:51,results\api\extract\data\dynamic_poverty_rate_2024.json,bps-data-8c5cb32173251389
poverty_rate,192,1700,124,434,62,170019243412462,0000,12.52,2026-02-05 13:03:51,results\api\extract\data\dynamic_poverty_rate_2024.json,bps-data-8c5cb32173251389
poverty_rate,192,1800,121,432,61,180019243212161,0000,9.29,2026-02-05 13:03:51,results\api\extract\data\dynamic_poverty_rate_2021.json,bps-data-389fbfd995754e0e
poverty_rate,192,1800,121,432,62,180019243212162,0000,8.5,2026-02-05 13:03:51,results\api\extract\data\dynamic_poverty_rate_2021.json,bps-data-389fbfd995754e0e
poverty_rate,192,1800,121,433,61,180019243312161,0000,14.18,2026-02-05 13:03:51,results\api\extract\data\dynamic_poverty_rate_2021.json,bps-data-389fbfd995754e0e
poverty_rate,192,1800,121,433,62,180019243312162,0000,13.18,2026-02-05 13:03:51,results\api\extract\data\dynamic_poverty_rate_2021.json,bps-data-389fbfd995754e0e
poverty_rate,192,1800,121,434,61,180019243412161,0000,12.62,2026-02-05 13:03:51,results\api\extract\data\dynamic_poverty_rate_2021.json,bps-data-389fbfd995754e0e
poverty_rate,192,1800,121,434,62,180019243412162,0000,11.67,2026-02-05 13:03:51,results\api\extract\data\dynamic_poverty_rate_2021.json,bps-data-389fbfd995754e0e
poverty_rate,192,1800,122,432,61,180019243212261,0000,8.31,2026-02-05 13:03:51,results\api\extract\data\dynamic_poverty_rate_2022.json,bps-data-e46aa53d43b00c96
poverty_rate,192,1800,122,432,62,180019243212262,0000,8.34,2026-02-05 13:03:51,results\api\extract\data\dynamic_poverty_rate_2022.json,bps-data-e46aa53d43b00c96
poverty_rate,192,1800,122,433,61,180019243312261,0000,13.14,2026-02-05 13:03:51,results\api\extract\data\dynamic_poverty_rate_2022.json,bps-data-e46aa53d43b00c96
poverty_rate,192,1800,122,433,62,180019243312262,0000,12.96,2026-02-05 13:03:51,results\api\extract\data\dynamic_poverty_rate_2022.json,bps-data-e46aa53d43b00c96
poverty_rate,192,1800,122,434,61,180019243412261,0000,11.57,2026-02-05 13:03:51,results\api\extract\data\dynamic_poverty_rate_2022.json,bps-data-e46aa53d43b00c96
poverty_rate,192,1800,122,434,62,180019243412262,0000,11.44,2026-02-05 13:03:51,results\api\extract\data\dynamic_poverty_rate_2022.json,bps-data-e46aa53d43b00c96
poverty_rate,192,1800,123,432,61,180019243212361,0000,8.02,2026-02-05 13:03:51,results\api\extract\data\dynamic_poverty_rate_2023.json,bps-data-d8ab23f832cb7cbe
poverty_rate,192,1800,123,433,61,180019243312361,0000,12.65,2026-02-05 13:03:51,results\api\extract\data\dynamic_poverty_rate_2023.json,bps-data-d8ab23f832cb7cbe
poverty_rate,192,1800,123,434,61,180019243412361,0000,11.11,2026-02-05 13:03:51,results\api\extract\data\dynamic_poverty_rate_2023.json,bps-data-d8ab23f832cb7cbe
poverty_rate,192,1800,124,432,61,180019243212461,0000,8.18,2026-02-05 13:03:51,results\api\extract\data\dynamic_poverty_rate_2024.json,bps-data-8c5cb32173251389
poverty_rate,192,1800,124,432,62,180019243212462,0000,7.91,2026-02-05 13:03:51,results\api\extract\data\dynamic_poverty_rate_2024.json,bps-data-8c5cb32173251389
poverty_rate,192,1800,124,433,61,180019243312461,0000,11.97,2026-02-05 13:03:51,results\api\extract\data\dynamic_poverty_rate_2024.json,bps-data-8c5cb32173251389
poverty_rate,192,1800,124,433,62,180019243312462,0000,12.04,2026-02-05 13:03:51,results\api\extract\data\dynamic_poverty_rate_2024.json,bps-data-8c5cb32173251389
poverty_rate,192,1800,124,434,61,180019243412461,0000,10.69,2026-02-05 13:03:51,results\api\extract\data\dynamic_poverty_rate_2024.json,bps-data-8c5cb32173251389
poverty_rate,192,1800,124,434,62,180019243412462,0000,10.62,2026-02-05 13:03:51,results\api\extract\data\dynamic_poverty_rate_2024.json,bps-data-8c5cb32173251389
poverty_rate,192,1900,121,432,61,190019243212161,0000,3.57,2026-02-05 13:03:51,results\api\extract\data\dynamic_poverty_rate_2021.json,bps-data-389fbfd995754e0e
poverty_rate,192,1900,121,432,62,190019243212162,0000,3.22,2026-02-05 13:03:51,results\api\extract\data\dynamic_poverty_rate_2021.json,bps-data-389fbfd995754e0e
poverty_rate,192,1900,121,433,61,190019243312161,0000,6.63,2026-02-05 13:03:51,results\api\extract\data\dynamic_poverty_rate_2021.json,bps-data-389fbfd995754e0e
poverty_rate,192,1900,121,433,62,190019243312162,0000,6.57,2026-02-05 13:03:51,results\api\extract\data\dynamic_poverty_rate_2021.json,bps-data-389fbfd995754e0e
poverty_rate,192,1900,121,434,61,190019243412161,0000,4.9,2026-02-05 13:03:51,results\api\extract\data\dynamic_poverty_rate_2021.json,bps-data-389fbfd995754e0e
poverty_rate,192,1900,121,434,62,190019243412162,0000,4.67,2026-02-05 13:03:51,results\api\extract\data\dynamic_poverty_rate_2021.json,bps-data-389fbfd995754e0e
poverty_rate,192,1900,122,432,61,190019243212261,0000,3.09,2026-02-05 13:03:51,results\api\extract\data\dynamic_poverty_rate_2022.json,bps-data-e46aa53d43b00c96
poverty_rate,192,1900,122,432,62,190019243212262,0000,3.48,2026-02-05 13:03:51,results\api\extract\data\dynamic_poverty_rate_2022.json,bps-data-e46aa53d43b00c96
poverty_rate,192,1900,122,433,61,190019243312261,0000,6.26,2026-02-05 13:03:51,results\api\extract\data\dynamic_poverty_rate_2022.json,bps-data-e46aa53d43b00c96
poverty_rate,192,1900,122,433,62,190019243312262,0000,6.13,2026-02-05 13:03:51,results\api\extract\data\dynamic_poverty_rate_2022.json,bps-data-e46aa53d43b00c96
poverty_rate,192,1900,122,434,61,190019243412261,0000,4.45,2026-02-05 13:03:51,results\api\extract\data\dynamic_poverty_rate_2022.json,bps-data-e46aa53d43b00c96
poverty_rate,192,1900,122,434,62,190019243412262,0000,4.61,2026-02-05 13:03:51,results\api\extract\data\dynamic_poverty_rate_2022.json,bps-data-e46aa53d43b00c96
poverty_rate,192,1900,123,432,61,190019243212361,0000,3.54,2026-02-05 13:03:51,results\api\extract\data\dynamic_poverty_rate_2023.json,bps-data-d8ab23f832cb7cbe
poverty_rate,192,1900,123,433,61,190019243312361,0000,5.85,2026-02-05 13:03:51,results\api\extract\data\dynamic_poverty_rate_2023.json,bps-data-d8ab23f832cb7cbe
poverty_rate,192,1900,123,434,61,190019243412361,0000,4.52,2026-02-05 13:03:51,results\api\extract\data\dynamic_poverty_rate_2023.json,bps-data-d8ab23f832cb7cbe
poverty_rate,192,1900,124,432,61,190019243212461,0000,3.39,2026-02-05 13:03:51,results\api\extract\data\dynamic_poverty_rate_2024.json,bps-data-8c5cb32173251389
poverty_rate,192,1900,124,432,62,190019243212462,0000,4.09,2026-02-05 13:03:51,results\api\extract\data\dynamic_poverty_rate_2024.json,bps-data-8c5cb32173251389
poverty_rate,192,1900,124,433,61,190019243312461,0000,6.17,2026-02-05 13:03:51,results\api\extract\data\dynamic_poverty_rate_2024.json,bps-data-8c5cb32173251389
poverty_rate,192,1900,124,433,62,190019243312462,0000,6.49,2026-02-05 13:03:51,results\api\extract\data\dynamic_poverty_rate_2024.json,bps-data-8c5cb32173251389
poverty_rate,192,1900,124,434,61,190019243412461,0000,4.55,2026-02-05 13:03:51,results\api\extract\data\dynamic_poverty_rate_2024.json,bps-data-8c5cb32173251389
poverty_rate,192,1900,124,434,62,190019243412462,0000,5.08,2026-02-05 13:03:51,results\api\extract\data\dynamic_poverty_rate_2024.json,bps-data-8c5cb32173251389
poverty_rate,192,2100,121,432,61,210019243212161,0000,5.72,2026-02-05 13:03:51,results\api\extract\data\dynamic_poverty_rate_2021.json,bps-data-389fbfd995754e0e
poverty_rate,192,2100,121,432,62,210019243212162,0000,5.37,2026-02-05 13:03:51,results\api\extract\data\dynamic_poverty_rate_2021.json,bps-data-389fbfd995754e0e
poverty_rate,192,2100,121,433,61,210019243312161,0000,11.1,2026-02-05 13:03:51,results\api\extract\data\dynamic_poverty_rate_2021.json,bps-data-389fbfd995754e0e
poverty_rate,192,2100,121,433,62,210019243312162,0000,10.45,2026-02-05 13:03:51,results\api\extract\data\dynamic_poverty_rate_2021.json,bps-data-389fbfd995754e0e
poverty_rate,192,2100,121,434,61,210019243412161,0000,6.12,2026-02-05 13:03:51,results\api\extract\data\dynamic_poverty_rate_2021.json,bps-data-389fbfd995754e0e
poverty_rate,192,2100,121,434,62,210019243412162,0000,5.75,2026-02-05 13:03:51,results\api\extract\data\dynamic_poverty_rate_2021.json,bps-data-389fbfd995754e0e
poverty_rate,192,2100,122,432,61,210019243212261,0000,5.68,2026-02-05 13:03:51,results\api\extract\data\dynamic_poverty_rate_2022.json,bps-data-e46aa53d43b00c96
poverty_rate,192,2100,122,432,62,210019243212262,0000,5.46,2026-02-05 13:03:51,results\api\extract\data\dynamic_poverty_rate_2022.json,bps-data-e46aa53d43b00c96
poverty_rate,192,2100,122,433,61,210019243312261,0000,10.68,2026-02-05 13:03:51,results\api\extract\data\dynamic_poverty_rate_2022.json,bps-data-e46aa53d43b00c96
poverty_rate,192,2100,122,433,62,210019243312262,0000,10.63,2026-02-05 13:03:51,results\api\extract\data\dynamic_poverty_rate_2022.json,bps-data-e46aa53d43b00c96
poverty_rate,192,2100,122,434,61,210019243412261,0000,6.24,2026-02-05 13:03:51,results\api\extract\data\dynamic_poverty_rate_2022.json,bps-data-e46aa53d43b00c96
poverty_rate,192,2100,122,434,62,210019243412262,0000,6.03,2026-02-05 13:03:51,results\api\extract\data\dynamic_poverty_rate_2022.json,bps-data-e46aa53d43b00c96
poverty_rate,192,2100,123,432,61,210019243212361,0000,5.05,2026-02-05 13:03:51,results\api\extract\data\dynamic_poverty_rate_2023.json,bps-data-d8ab23f832cb7cbe
poverty_rate,192,2100,123,433,61,210019243312361,0000,10.69,2026-02-05 13:03:51,results\api\extract\data\dynamic_poverty_rate_2023.json,bps-data-d8ab23f832cb7cbe
poverty_rate,192,2100,123,434,61,210019243412361,0000,5.69,2026-02-05 13:03:51,results\api\extract\data\dynamic_poverty_rate_2023.json,bps-data-d8ab23f832cb7cbe
poverty_rate,192,2100,124,432,61,210019243212461,0000,4.85,2026-02-05 13:03:51,results\api\extract\data\dynamic_poverty_rate_2024.json,bps-data-8c5cb32173251389
poverty_rate,192,2100,124,432,62,210019243212462,0000,4.36,2026-02-05 13:03:51,results\api\extract\data\dynamic_poverty_rate_2024.json,bps-data-8c5cb32173251389
poverty_rate,192,2100,124,433,61,210019243312461,0000,9.94,2026-02-05 13:03:51,results\api\extract\data\dynamic_poverty_rate_2024.json,bps-data-8c5cb32173251389
poverty_rate,192,2100,124,433,62,210019243312462,0000,8.55,2026-02-05 13:03:51,results\api\extract\data\dynamic_poverty_rate_2024.json,bps-data-8c5cb32173251389
poverty_rate,192,2100,124,434,61,210019243412461,0000,5.37,2026-02-05 13:03:51,results\api\extract\data\dynamic_poverty_rate_2024.json,bps-data-8c5cb32173251389
poverty_rate,192,2100,124,434,62,210019243412462,0000,4.78,2026-02-05 13:03:51,results\api\extract\data\dynamic_poverty_rate_2024.json,bps-data-8c5cb32173251389
poverty_rate,192,3100,121,432,61,310019243212161,0000,4.72,2026-02-05 13:03:51,results\api\extract\data\dynamic_poverty_rate_2021.json,bps-data-389fbfd995754e0e
poverty_rate,192,3100,121,432,62,310019243212162,0000,4.67,2026-02-05 13:03:51,results\api\extract\data\dynamic_poverty_rate_2021.json,bps-data-389fbfd995754e0e
poverty_rate,192,3100,121,434,61,310019243412161,0000,4.72,2026-02-05 13:03:51,results\api\extract\data\dynamic_poverty_rate_2021.json,bps-data-389fbfd995754e0e
poverty_rate,192,3100,121,434,62,310019243412162,0000,4.67,2026-02-05 13:03:51,results\api\extract\data\dynamic_poverty_rate_2021.json,bps-data-389fbfd995754e0e
poverty_rate,192,3100,122,432,61,310019243212261,0000,4.69,2026-02-05 13:03:51,results\api\extract\data\dynamic_poverty_rate_2022.json,bps-data-e46aa53d43b00c96
poverty_rate,192,3100,122,432,62,310019243212262,0000,4.61,2026-02-05 13:03:51,results\api\extract\data\dynamic_poverty_rate_2022.json,bps-data-e46aa53d43b00c96
poverty_rate,192,3100,122,434,61,310019243412261,0000,4.69,2026-02-05 13:03:51,results\api\extract\data\dynamic_poverty_rate_2022.json,bps-data-e46aa53d43b00c96
poverty_rate,192,3100,122,434,62,310019243412262,0000,4.61,2026-02-05 13:03:51,results\api\extract\data\dynamic_poverty_rate_2022.json,bps-data-e46aa53d43b00c96
poverty_rate,192,3100,123,432,61,310019243212361,0000,4.44,2026-02-05 13:03:51,results\api\extract\data\dynamic_poverty_rate_2023.json,bps-data-d8ab23f832cb7cbe
poverty_rate,192,3100,123,434,61,310019243412361,0000,4.44,2026-02-05 13:03:51,results\api\extract\data\dynamic_poverty_rate_2023.json,bps-data-d8ab23f832cb7cbe
poverty_rate,192,3100,124,432,61,310019243212461,0000,4.3,2026-02-05 13:03:51,results\api\extract\data\dynamic_poverty_rate_2024.json,bps-data-8c5cb32173251389
poverty_rate,192,3100,124,432,62,310019243212462,0000,4.14,2026-02-05 13:03:51,results\api\extract\data\dynamic_poverty_rate_2024.json,bps-data-8c5cb32173251389
poverty_rate,192,3100,124,434,61,310019243412461,0000,4.3,2026-02-05 13:03:51,results\api\extract\data\dynamic_poverty_rate_2024.json,bps-data-8c5cb32173251389
poverty_rate,192,3100,124,434,62,310019243412462,0000,4.14,2026-02-05 13:03:51,results\api\extract\data\dynamic_poverty_rate_2024.json,bps-data-8c5cb32173251389
poverty_rate,192,3200,121,432,61,320019243212161,0000,7.82,2026-02-05 13:03:51,results\api\extract\data\dynamic_poverty_rate_2021.json,bps-data-389fbfd995754e0e
poverty_rate,192,3200,121,432,62,320019243212162,0000,7.48,2026-02-05 13:03:51,results\api\extract\data\dynamic_poverty_rate_2021.json,bps-data-389fbfd995754e0e
poverty_rate,192,3200,121,433,61,320019243312161,0000,10.46,2026-02-05 13:03:51,results\api\extract\data\dynamic_poverty_rate_2021.json,bps-data-389fbfd995754e0e
poverty_rate,192,3200,121,433,62,320019243312162,0000,9.76,2026-02-05 13:03:51,results\api\extract\data\dynamic_poverty_rate_2021.json,bps-data-389fbfd995754e0e
poverty_rate,192,3200,121,434,61,320019243412161,0000,8.4,2026-02-05 13:03:51,results\api\extract\data\dynamic_poverty_rate_2021.json,bps-data-389fbfd995754e0e
poverty_rate,192,3200,121,434,62,320019243412162,0000,7.97,2026-02-05 13:03:51,results\api\extract\data\dynamic_poverty_rate_2021.json,bps-data-389fbfd995754e0e
poverty_rate,192,3200,122,432,61,320019243212261,0000,7.57,2026-02-05 13:03:51,results\api\extract\data\dynamic_poverty_rate_2022.json,bps-data-e46aa53d43b00c96
poverty_rate,192,3200,122,432,62,320019243212262,0000,7.52,2026-02-05 13:03:51,results\api\extract\data\dynamic_poverty_rate_2022.json,bps-data-e46aa53d43b00c96
poverty_rate,192,3200,122,433,61,320019243312261,0000,9.88,2026-02-05 13:03:51,results\api\extract\data\dynamic_poverty_rate_2022.json,bps-data-e46aa53d43b00c96
poverty_rate,192,3200,122,433,62,320019243312262,0000,9.75,2026-02-05 13:03:51,results\api\extract\data\dynamic_poverty_rate_2022.json,bps-data-e46aa53d43b00c96
poverty_rate,192,3200,122,434,61,320019243412261,0000,8.06,2026-02-05 13:03:51,results\api\extract\data\dynamic_poverty_rate_2022.json,bps-data-e46aa53d43b00c96
poverty_rate,192,3200,122,434,62,320019243412262,0000,7.98,2026-02-05 13:03:51,results\api\extract\data\dynamic_poverty_rate_2022.json,bps-data-e46aa53d43b00c96
poverty_rate,192,3200,123,432,61,320019243212361,0000,7.19,2026-02-05 13:03:51,results\api\extract\data\dynamic_poverty_rate_2023.json,bps-data-d8ab23f832cb7cbe
poverty_rate,192,3200,123,433,61,320019243312361,0000,9.3,2026-02-05 13:03:51,results\api\extract\data\dynamic_poverty_rate_2023.json,bps-data-d8ab23f832cb7cbe
poverty_rate,192,3200,123,434,61,320019243412361,0000,7.62,2026-02-05 13:03:51,results\api\extract\data\dynamic_poverty_rate_2023.json,bps-data-d8ab23f832cb7cbe
poverty_rate,192,3200,124,432,61,320019243212461,0000,7.07,2026-02-05 13:03:51,results\api\extract\data\dynamic_poverty_rate_2024.json,bps-data-8c5cb32173251389
poverty_rate,192,3200,124,432,62,320019243212462,0000,6.65,2026-02-05 13:03:51,results\api\extract\data\dynamic_poverty_rate_2024.json,bps-data-8c5cb32173251389
poverty_rate,192,3200,124,433,61,320019243312461,0000,9.07,2026-02-05 13:03:51,results\api\extract\data\dynamic_poverty_rate_2024.json,bps-data-8c5cb32173251389
poverty_rate,192,3200,124,433,62,320019243312462,0000,8.85,2026-02-05 13:03:51,results\api\extract\data\dynamic_poverty_rate_2024.json,bps-data-8c5cb32173251389
poverty_rate,192,3200,124,434,61,320019243412461,0000,7.46,2026-02-05 13:03:51,results\api\extract\data\dynamic_poverty_rate_2024.json,bps-data-8c5cb32173251389
poverty_rate,192,3200,124,434,62,320019243412462,0000,7.08,2026-02-05 13:03:51,results\api\extract\data\dynamic_poverty_rate_2024.json,bps-data-8c5cb32173251389
poverty_rate,192,3300,121,432,61,330019243212161,0000,10.58,2026-02-05 13:03:51,results\api\extract\data\dynamic_poverty_rate_2021.json,bps-data-389fbfd995754e0e
poverty_rate,192,3300,121,432,62,330019243212162,0000,10.16,2026-02-05 13:03:51,results\api\extract\data\dynamic_poverty_rate_2021.json,bps-data-389fbfd995754e0e
poverty_rate,192,3300,121,433,61,330019243312161,0000,13.07,2026-02-05 13:03:51,results\api\extract\data\dynamic_poverty_rate_2021.json,bps-data-389fbfd995754e0e
poverty_rate,192,3300,121,433,62,330019243312162,0000,12.44,2026-02-05 13:03:51,results\api\extract\data\dynamic_poverty_rate_2021.json,bps-data-389fbfd995754e0e
poverty_rate,192,3300,121,434,61,330019243412161,0000,11.79,2026-02-05 13:03:51,results\api\extract\data\dynamic_poverty_rate_2021.json,bps-data-389fbfd995754e0e
poverty_rate,192,3300,121,434,62,330019243412162,0000,11.25,2026-02-05 13:03:51,results\api\extract\data\dynamic_poverty_rate_2021.json,bps-data-389fbfd995754e0e
poverty_rate,192,3300,122,432,61,330019243212261,0000,9.92,2026-02-05 13:03:51,results\api\extract\data\dynamic_poverty_rate_2022.json,bps-data-e46aa53d43b00c96
poverty_rate,192,3300,122,432,62,330019243212262,0000,10.02,2026-02-05 13:03:51,results\api\extract\data\dynamic_poverty_rate_2022.json,bps-data-e46aa53d43b00c96
poverty_rate,192,3300,122,433,61,330019243312261,0000,12.04,2026-02-05 13:03:51,results\api\extract\data\dynamic_poverty_rate_2022.json,bps-data-e46aa53d43b00c96
poverty_rate,192,3300,122,433,62,330019243312262,0000,12.05,2026-02-05 13:03:51,results\api\extract\data\dynamic_poverty_rate_2022.json,bps-data-e46aa53d43b00c96
poverty_rate,192,3300,122,434,61,330019243412261,0000,10.93,2026-02-05 13:03:51,results\api\extract\data\dynamic_poverty_rate_2022.json,bps-data-e46aa53d43b00c96
poverty_rate,192,3300,122,434,62,330019243412262,0000,10.98,2026-02-05 13:03:51,results\api\extract\data\dynamic_poverty_rate_2022.json,bps-data-e46aa53d43b00c96
poverty_rate,192,3300,123,432,61,330019243212361,0000,9.78,2026-02-05 13:03:51,results\api\extract\data\dynamic_poverty_rate_2023.json,bps-data-d8ab23f832cb7cbe
poverty_rate,192,3300,123,433,61,330019243312361,0000,11.87,2026-02-05 13:03:51,results\api\extract\data\dynamic_poverty_rate_2023.json,bps-data-d8ab23f832cb7cbe
poverty_rate,192,3300,123,434,61,330019243412361,0000,10.77,2026-02-05 13:03:51,results\api\extract\data\dynamic_poverty_rate_2023.json,bps-data-d8ab23f832cb7cbe
poverty_rate,192,3300,124,432,61,330019243212461,0000,9.71,2026-02-05 13:03:51,results\api\extract\data\dynamic_poverty_rate_2024.json,bps-data-8c5cb32173251389
poverty_rate,192,3300,124,432,62,330019243212462,0000,8.83,2026-02-05 13:03:51,results\api\extract\data\dynamic_poverty_rate_2024.json,bps-data-8c5cb32173251389
poverty_rate,192,3300,124,433,61,330019243312461,0000,11.34,2026-02-05 13:03:51,results\api\extract\data\dynamic_poverty_rate_2024.json,bps-data-8c5cb32173251389
poverty_rate,192,3300,124,433,62,330019243312462,0000,10.45,2026-02-05 13:03:51,results\api\extract\data\dynamic_poverty_rate_2024.json,bps-data-8c5cb32173251389
poverty_rate,192,3300,124,434,61,330019243412461,0000,10.47,2026-02-05 13:03:51,results\api\extract\data\dynamic_poverty_rate_2024.json,bps-data-8c5cb32173251389
poverty_rate,192,3300,124,434,62,330019243412462,0000,9.58,2026-02-05 13:03:51,results\api\extract\data\dynamic_poverty_rate_2024.json,bps-data-8c5cb32173251389
poverty_rate,192,3400,121,432,61,340019243212161,0000,12.23,2026-02-05 13:03:51,results\api\extract\data\dynamic_poverty_rate_2021.json,bps-data-389fbfd995754e0e
poverty_rate,192,3400,121,432,62,340019243212162,0000,11.2,2026-02-05 13:03:51,results\api\extract\data\dynamic_poverty_rate_2021.json,bps-data-389fbfd995754e0e
poverty_rate,192,3400,121,433,61,340019243312161,0000,14.44,2026-02-05 13:03:51,results\api\extract\data\dynamic_poverty_rate_2021.json,bps-data-389fbfd995754e0e
poverty_rate,192,3400,121,433,62,340019243312162,0000,13.99,2026-02-05 13:03:51,results\api\extract\data\dynamic_poverty_rate_2021.json,bps-data-389fbfd995754e0e
poverty_rate,192,3400,121,434,61,340019243412161,0000,12.8,2026-02-05 13:03:51,results\api\extract\data\dynamic_poverty_rate_2021.json,bps-data-389fbfd995754e0e
poverty_rate,192,3400,121,434,62,340019243412162,0000,11.91,2026-02-05 13:03:51,results\api\extract\data\dynamic_poverty_rate_2021.json,bps-data-389fbfd995754e0e
poverty_rate,192,3400,122,432,61,340019243212261,0000,10.56,2026-02-05 13:03:51,results\api\extract\data\dynamic_poverty_rate_2022.json,bps-data-e46aa53d43b00c96
poverty_rate,192,3400,122,432,62,340019243212262,0000,10.64,2026-02-05 13:03:51,results\api\extract\data\dynamic_poverty_rate_2022.json,bps-data-e46aa53d43b00c96
poverty_rate,192,3400,122,433,61,340019243312261,0000,13.65,2026-02-05 13:03:51,results\api\extract\data\dynamic_poverty_rate_2022.json,bps-data-e46aa53d43b00c96
poverty_rate,192,3400,122,433,62,340019243312262,0000,14.0,2026-02-05 13:03:51,results\api\extract\data\dynamic_poverty_rate_2022.json,bps-data-e46aa53d43b00c96
poverty_rate,192,3400,122,434,61,340019243412261,0000,11.34,2026-02-05 13:03:51,results\api\extract\data\dynamic_poverty_rate_2022.json,bps-data-e46aa53d43b00c96
poverty_rate,192,3400,122,434,62,340019243412262,0000,11.49,2026-02-05 13:03:51,results\api\extract\data\dynamic_poverty_rate_2022.json,bps-data-e46aa53d43b00c96
poverty_rate,192,3400,123,432,61,340019243212361,0000,10.27,2026-02-05 13:03:51,results\api\extract\data\dynamic_poverty_rate_2023.json,bps-data-d8ab23f832cb7cbe
poverty_rate,192,3400,123,433,61,340019243312361,0000,13.36,2026-02-05 13:03:51,results\api\extract\data\dynamic_poverty_rate_2023.json,bps-data-d8ab23f832cb7cbe
poverty_rate,192,3400,123,434,61,340019243412361,0000,11.04,2026-02-05 13:03:51,results\api\extract\data\dynamic_poverty_rate_2023.json,bps-data-d8ab23f832cb7cbe
poverty_rate,192,3400,124,432,61,340019243212461,0000,10.29,2026-02-05 13:03:51,results\api\extract\data\dynamic_poverty_rate_2024.json,bps-data-8c5cb32173251389
poverty_rate,192,3400,124,432,62,340019243212462,0000,10.11,2026-02-05 13:03:51,results\api\extract\data\dynamic_poverty_rate_2024.json,bps-data-8c5cb32173251389
poverty_rate,192,3400,124,433,61,340019243312461,0000,12.49,2026-02-05 13:03:51,results\api\extract\data\dynamic_poverty_rate_2024.json,bps-data-8c5cb32173251389
poverty_rate,192,3400,124,433,62,340019243312462,0000,11.31,2026-02-05 13:03:51,results\api\extract\data\dynamic_poverty_rate_2024.json,bps-data-8c5cb32173251389
poverty_rate,192,3400,124,434,61,340019243412461,0000,10.83,2026-02-05 13:03:51,results\api\extract\data\dynamic_poverty_rate_2024.json,bps-data-8c5cb32173251389
poverty_rate,192,3400,124,434,62,340019243412462,0000,10.4,2026-02-05 13:03:51,results\api\extract\data\dynamic_poverty_rate_2024.json,bps-data-8c5cb32173251389
poverty_rate,192,3500,121,432,61,350019243212161,0000,8.38,2026-02-05 13:03:51,results\api\extract\data\dynamic_poverty_rate_2021.json,bps-data-389fbfd995754e0e
poverty_rate,192,3500,121,432,62,350019243212162,0000,7.99,2026-02-05 13:03:51,results\api\extract\data\dynamic_poverty_rate_2021.json,bps-data-389fbfd995754e0e
poverty_rate,192,3500,121,433,61,350019243312161,0000,15.05,2026-02-05 13:03:51,results\api\extract\data\dynamic_poverty_rate_2021.json,bps-data-389fbfd995754e0e
poverty_rate,192,3500,121,433,62,350019243312162,0000,13.79,2026-02-05 13:03:51,results\api\extract\data\dynamic_poverty_rate_2021.json,bps-data-389fbfd995754e0e
poverty_rate,192,3500,121,434,61,350019243412161,0000,11.4,2026-02-05 13:03:51,results\api\extract\data\dynamic_poverty_rate_2021.json,bps-data-389fbfd995754e0e
poverty_rate,192,3500,121,434,62,350019243412162,0000,10.59,2026-02-05 13:03:51,results\api\extract\data\dynamic_poverty_rate_2021.json,bps-data-389fbfd995754e0e
poverty_rate,192,3500,122,432,61,350019243212261,0000,7.71,2026-02-05 13:03:51,results\api\extract\data\dynamic_poverty_rate_2022.json,bps-data-e46aa53d43b00c96
poverty_rate,192,3500,122,432,62,350019243212262,0000,7.78,2026-02-05 13:03:51,results\api\extract\data\dynamic_poverty_rate_2022.json,bps-data-e46aa53d43b00c96
poverty_rate,192,3500,122,433,61,350019243312261,0000,13.69,2026-02-05 13:03:51,results\api\extract\data\dynamic_poverty_rate_2022.json,bps-data-e46aa53d43b00c96
poverty_rate,192,3500,122,433,62,350019243312262,0000,13.9,2026-02-05 13:03:51,results\api\extract\data\dynamic_poverty_rate_2022.json,bps-data-e46aa53d43b00c96
poverty_rate,192,3500,122,434,61,350019243412261,0000,10.38,2026-02-05 13:03:51,results\api\extract\data\dynamic_poverty_rate_2022.json,bps-data-e46aa53d43b00c96
poverty_rate,192,3500,122,434,62,350019243412262,0000,10.49,2026-02-05 13:03:51,results\api\extract\data\dynamic_poverty_rate_2022.json,bps-data-e46aa53d43b00c96
poverty_rate,192,3500,123,432,61,350019243212361,0000,7.5,2026-02-05 13:03:51,results\api\extract\data\dynamic_poverty_rate_2023.json,bps-data-d8ab23f832cb7cbe
poverty_rate,192,3500,123,433,61,350019243312361,0000,13.98,2026-02-05 13:03:51,results\api\extract\data\dynamic_poverty_rate_2023.json,bps-data-d8ab23f832cb7cbe
poverty_rate,192,3500,123,434,61,350019243412361,0000,10.35,2026-02-05 13:03:51,results\api\extract\data\dynamic_poverty_rate_2023.json,bps-data-d8ab23f832cb7cbe
poverty_rate,192,3500,124,432,61,350019243212461,0000,7.12,2026-02-05 13:03:51,results\api\extract\data\dynamic_poverty_rate_2024.json,bps-data-8c5cb32173251389
poverty_rate,192,3500,124,432,62,350019243212462,0000,6.83,2026-02-05 13:03:51,results\api\extract\data\dynamic_poverty_rate_2024.json,bps-data-8c5cb32173251389
poverty_rate,192,3500,124,433,61,350019243312461,0000,13.3,2026-02-05 13:03:51,results\api\extract\data\dynamic_poverty_rate_2024.json,bps-data-8c5cb32173251389
poverty_rate,192,3500,124,433,62,350019243312462,0000,13.19,2026-02-05 13:03:51,results\api\extract\data\dynamic_poverty_rate_2024.json,bps-data-8c5cb32173251389
poverty_rate,192,3500,124,434,61,350019243412461,0000,9.79,2026-02-05 13:03:51,results\api\extract\data\dynamic_poverty_rate_2024.json,bps-data-8c5cb32173251389
poverty_rate,192,3500,124,434,62,350019243412462,0000,9.56,2026-02-05 13:03:51,results\api\extract\data\dynamic_poverty_rate_2024.json,bps-data-8c5cb32173251389
poverty_rate,192,3600,121,432,61,360019243212161,0000,5.93,2026-02-05 13:03:51,results\api\extract\data\dynamic_poverty_rate_2021.json,bps-data-389fbfd995754e0e
poverty_rate,192,3600,121,432,62,360019243212162,0000,6.04,2026-02-05 13:03:51,results\api\extract\data\dynamic_poverty_rate_2021.json,bps-data-389fbfd995754e0e
poverty_rate,192,3600,121,433,61,360019243312161,0000,8.49,2026-02-05 13:03:51,results\api\extract\data\dynamic_poverty_rate_2021.json,bps-data-389fbfd995754e0e
poverty_rate,192,3600,121,433,62,360019243312162,0000,7.72,2026-02-05 13:03:51,results\api\extract\data\dynamic_poverty_rate_2021.json,bps-data-389fbfd995754e0e
poverty_rate,192,3600,121,434,61,360019243412161,0000,6.66,2026-02-05 13:03:51,results\api\extract\data\dynamic_poverty_rate_2021.json,bps-data-389fbfd995754e0e
poverty_rate,192,3600,121,434,62,360019243412162,0000,6.5,2026-02-05 13:03:51,results\api\extract\data\dynamic_poverty_rate_2021.json,bps-data-389fbfd995754e0e
poverty_rate,192,3600,122,432,61,360019243212261,0000,5.73,2026-02-05 13:03:51,results\api\extract\data\dynamic_poverty_rate_2022.json,bps-data-e46aa53d43b00c96
poverty_rate,192,3600,122,432,62,360019243212262,0000,5.89,2026-02-05 13:03:51,results\api\extract\data\dynamic_poverty_rate_2022.json,bps-data-e46aa53d43b00c96
poverty_rate,192,3600,122,433,61,360019243312261,0000,7.46,2026-02-05 13:03:51,results\api\extract\data\dynamic_poverty_rate_2022.json,bps-data-e46aa53d43b00c96
poverty_rate,192,3600,122,433,62,360019243312262,0000,7.29,2026-02-05 13:03:51,results\api\extract\data\dynamic_poverty_rate_2022.json,bps-data-e46aa53d43b00c96
poverty_rate,192,3600,122,434,61,360019243412261,0000,6.16,2026-02-05 13:03:51,results\api\extract\data\dynamic_poverty_rate_2022.json,bps-data-e46aa53d43b00c96
poverty_rate,192,3600,122,434,62,360019243412262,0000,6.24,2026-02-05 13:03:51,results\api\extract\data\dynamic_poverty_rate_2022.json,bps-data-e46aa53d43b00c96
poverty_rate,192,3600,123,432,61,360019243212361,0000,6.0,2026-02-05 13:03:51,results\api\extract\data\dynamic_poverty_rate_2023.json,bps-data-d8ab23f832cb7cbe
poverty_rate,192,3600,123,433,61,360019243312361,0000,6.79,2026-02-05 13:03:51,results\api\extract\data\dynamic_poverty_rate_2023.json,bps-data-d8ab23f832cb7cbe
poverty_rate,192,3600,123,434,61,360019243412361,0000,6.17,2026-02-05 13:03:51,results\api\extract\data\dynamic_poverty_rate_2023.json,bps-data-d8ab23f832cb7cbe
poverty_rate,192,3600,124,432,61,360019243212461,0000,5.69,2026-02-05 13:03:51,results\api\extract\data\dynamic_poverty_rate_2024.json,bps-data-8c5cb32173251389
poverty_rate,192,3600,124,432,62,360019243212462,0000,5.57,2026-02-05 13:03:51,results\api\extract\data\dynamic_poverty_rate_2024.json,bps-data-8c5cb32173251389
poverty_rate,192,3600,124,433,61,360019243312461,0000,6.44,2026-02-05 13:03:51,results\api\extract\data\dynamic_poverty_rate_2024.json,bps-data-8c5cb32173251389
poverty_rate,192,3600,124,433,62,360019243312462,0000,6.2,2026-02-05 13:03:51,results\api\extract\data\dynamic_poverty_rate_2024.json,bps-data-8c5cb32173251389
poverty_rate,192,3600,124,434,61,360019243412461,0000,5.84,2026-02-05 13:03:51,results\api\extract\data\dynamic_poverty_rate_2024.json,bps-data-8c5cb32173251389
poverty_rate,192,3600,124,434,62,360019243412462,0000,5.7,2026-02-05 13:03:51,results\api\extract\data\dynamic_poverty_rate_2024.json,bps-data-8c5cb32173251389
poverty_rate,192,5100,121,432,61,510019243212161,0000,4.12,2026-02-05 13:03:51,results\api\extract\data\dynamic_poverty_rate_2021.json,bps-data-389fbfd995754e0e
poverty_rate,192,5100,121,432,62,510019243212162,0000,4.33,2026-02-05 13:03:51,results\api\extract\data\dynamic_poverty_rate_2021.json,bps-data-389fbfd995754e0e
poverty_rate,192,5100,121,433,61,510019243312161,0000,5.52,2026-02-05 13:03:51,results\api\extract\data\dynamic_poverty_rate_2021.json,bps-data-389fbfd995754e0e
poverty_rate,192,5100,121,433,62,510019243312162,0000,5.68,2026-02-05 13:03:51,results\api\extract\data\dynamic_poverty_rate_2021.json,bps-data-389fbfd995754e0e
poverty_rate,192,5100,121,434,61,510019243412161,0000,4.53,2026-02-05 13:03:51,results\api\extract\data\dynamic_poverty_rate_2021.json,bps-data-389fbfd995754e0e
poverty_rate,192,5100,121,434,62,510019243412162,0000,4.72,2026-02-05 13:03:51,results\api\extract\data\dynamic_poverty_rate_2021.json,bps-data-389fbfd995754e0e
poverty_rate,192,5100,122,432,61,510019243212261,0000,4.23,2026-02-05 13:03:51,results\api\extract\data\dynamic_poverty_rate_2022.json,bps-data-e46aa53d43b00c96
poverty_rate,192,5100,122,432,62,510019243212262,0000,4.12,2026-02-05 13:03:51,results\api\extract\data\dynamic_poverty_rate_2022.json,bps-data-e46aa53d43b00c96
poverty_rate,192,5100,122,433,61,510019243312261,0000,5.39,2026-02-05 13:03:51,results\api\extract\data\dynamic_poverty_rate_2022.json,bps-data-e46aa53d43b00c96
poverty_rate,192,5100,122,433,62,510019243312262,0000,5.58,2026-02-05 13:03:51,results\api\extract\data\dynamic_poverty_rate_2022.json,bps-data-e46aa53d43b00c96
poverty_rate,192,5100,122,434,61,510019243412261,0000,4.57,2026-02-05 13:03:51,results\api\extract\data\dynamic_poverty_rate_2022.json,bps-data-e46aa53d43b00c96
poverty_rate,192,5100,122,434,62,510019243412262,0000,4.53,2026-02-05 13:03:51,results\api\extract\data\dynamic_poverty_rate_2022.json,bps-data-e46aa53d43b00c96
poverty_rate,192,5100,123,432,61,510019243212361,0000,3.77,2026-02-05 13:03:51,results\api\extract\data\dynamic_poverty_rate_2023.json,bps-data-d8ab23f832cb7cbe
poverty_rate,192,5100,123,433,61,510019243312361,0000,5.5,2026-02-05 13:03:51,results\api\extract\data\dynamic_poverty_rate_2023.json,bps-data-d8ab23f832cb7cbe
poverty_rate,192,5100,123,434,61,510019243412361,0000,4.25,2026-02-05 13:03:51,results\api\extract\data\dynamic_poverty_rate_2023.json,bps-data-d8ab23f832cb7cbe
poverty_rate,192,5100,124,432,61,510019243212461,0000,3.55,2026-02-05 13:03:51,results\api\extract\data\dynamic_poverty_rate_2024.json,bps-data-8c5cb32173251389
poverty_rate,192,5100,124,432,62,510019243212462,0000,3.32,2026-02-05 13:03:51,results\api\extract\data\dynamic_poverty_rate_2024.json,bps-data-8c5cb32173251389
poverty_rate,192,5100,124,433,61,510019243312461,0000,5.2,2026-02-05 13:03:51,results\api\extract\data\dynamic_poverty_rate_2024.json,bps-data-8c5cb32173251389
poverty_rate,192,5100,124,433,62,510019243312462,0000,5.11,2026-02-05 13:03:51,results\api\extract\data\dynamic_poverty_rate_2024.json,bps-data-8c5cb32173251389
poverty_rate,192,5100,124,434,61,510019243412461,0000,4.0,2026-02-05 13:03:51,results\api\extract\data\dynamic_poverty_rate_2024.json,bps-data-8c5cb32173251389
poverty_rate,192,5100,124,434,62,510019243412462,0000,3.8,2026-02-05 13:03:51,results\api\extract\data\dynamic_poverty_rate_2024.json,bps-data-8c5cb32173251389
poverty_rate,192,5200,121,432,61,520019243212161,0000,14.92,2026-02-05 13:03:51,results\api\extract\data\dynamic_poverty_rate_2021.json,bps-data-389fbfd995754e0e
poverty_rate,192,5200,121,432,62,520019243212162,0000,14.54,2026-02-05 13:03:51,results\api\extract\data\dynamic_poverty_rate_2021.json,bps-data-389fbfd995754e0e
poverty_rate,192,5200,121,433,61,520019243312161,0000,13.37,2026-02-05 13:03:51,results\api\extract\data\dynamic_poverty_rate_2021.json,bps-data-389fbfd995754e0e
poverty_rate,192,5200,121,433,62,520019243312162,0000,13.12,2026-02-05 13:03:51,results\api\extract\data\dynamic_poverty_rate_2021.json,bps-data-389fbfd995754e0e
poverty_rate,192,5200,121,434,61,520019243412161,0000,14.14,2026-02-05 13:03:51,results\api\extract\data\dynamic_poverty_rate_2021.json,bps-data-389fbfd995754e0e
poverty_rate,192,5200,121,434,62,520019243412162,0000,13.83,2026-02-05 13:03:51,results\api\extract\data\dynamic_poverty_rate_2021.json,bps-data-389fbfd995754e0e
poverty_rate,192,5200,122,432,61,520019243212261,0000,14.1,2026-02-05 13:03:51,results\api\extract\data\dynamic_poverty_rate_2022.json,bps-data-e46aa53d43b00c96
poverty_rate,192,5200,122,432,62,520019243212262,0000,13.98,2026-02-05 13:03:51,results\api\extract\data\dynamic_poverty_rate_2022.json,bps-data-e46aa53d43b00c96
poverty_rate,192,5200,122,433,61,520019243312261,0000,13.24,2026-02-05 13:03:51,results\api\extract\data\dynamic_poverty_rate_2022.json,bps-data-e46aa53d43b00c96
poverty_rate,192,5200,122,433,62,520019243312262,0000,13.66,2026-02-05 13:03:51,results\api\extract\data\dynamic_poverty_rate_2022.json,bps-data-e46aa53d43b00c96
poverty_rate,192,5200,122,434,61,520019243412261,0000,13.68,2026-02-05 13:03:51,results\api\extract\data\dynamic_poverty_rate_2022.json,bps-data-e46aa53d43b00c96
poverty_rate,192,5200,122,434,62,520019243412262,0000,13.82,2026-02-05 13:03:51,results\api\extract\data\dynamic_poverty_rate_2022.json,bps-data-e46aa53d43b00c96
poverty_rate,192,5200,123,432,61,520019243212361,0000,13.76,2026-02-05 13:03:51,results\api\extract\data\dynamic_poverty_rate_2023.json,bps-data-d8ab23f832cb7cbe
poverty_rate,192,5200,123,433,61,520019243312361,0000,13.95,2026-02-05 13:03:51,results\api\extract\data\dynamic_poverty_rate_2023.json,bps-data-d8ab23f832cb7cbe
poverty_rate,192,5200,123,434,61,520019243412361,0000,13.85,2026-02-05 13:03:51,results\api\extract\data\dynamic_poverty_rate_2023.json,bps-data-d8ab23f832cb7cbe
poverty_rate,192,5200,124,432,61,520019243212461,0000,12.86,2026-02-05 13:03:51,results\api\extract\data\dynamic_poverty_rate_2024.json,bps-data-8c5cb32173251389
poverty_rate,192,5200,124,432,62,520019243212462,0000,11.64,2026-02-05 13:03:51,results\api\extract\data\dynamic_poverty_rate_2024.json,bps-data-8c5cb32173251389
poverty_rate,192,5200,124,433,61,520019243312461,0000,12.95,2026-02-05 13:03:51,results\api\extract\data\dynamic_poverty_rate_2024.json,bps-data-8c5cb32173251389
poverty_rate,192,5200,124,433,62,520019243312462,0000,12.21,2026-02-05 13:03:51,results\api\extract\data\dynamic_poverty_rate_2024.json,bps-data-8c5cb32173251389
poverty_rate,192,5200,124,434,61,520019243412461,0000,12.91,2026-02-05 13:03:51,results\api\extract\data\dynamic_poverty_rate_2024.json,bps-data-8c5cb32173251389
poverty_rate,192,5200,124,434,62,520019243412462,0000,11.91,2026-02-05 13:03:51,results\api\extract\data\dynamic_poverty_rate_2024.json,bps-data-8c5cb32173251389
poverty_rate,192,5300,121,432,61,530019243212161,0000,8.6,2026-02-05 13:03:51,results\api\extract\data\dynamic_poverty_rate_2021.json,bps-data-389fbfd995754e0e
poverty_rate,192,5300,121,432,62,530019243212162,0000,8.57,2026-02-05 13:03:51,results\api\extract\data\dynamic_poverty_rate_2021.json,bps-data-389fbfd995754e0e
poverty_rate,192,5300,121,433,61,530019243312161,0000,25.08,2026-02-05 13:03:51,results\api\extract\data\dynamic_poverty_rate_2021.json,bps-data-389fbfd995754e0e
poverty_rate,192,5300,121,433,62,530019243312162,0000,24.42,2026-02-05 13:03:51,results\api\extract\data\dynamic_poverty_rate_2021.json,bps-data-389fbfd995754e0e
poverty_rate,192,5300,121,434,61,530019243412161,0000,20.99,2026-02-05 13:03:51,results\api\extract\data\dynamic_poverty_rate_2021.json,bps-data-389fbfd995754e0e
poverty_rate,192,5300,121,434,62,530019243412162,0000,20.44,2026-02-05 13:03:51,results\api\extract\data\dynamic_poverty_rate_2021.json,bps-data-389fbfd995754e0e
poverty_rate,192,5300,122,432,61,530019243212261,0000,8.84,2026-02-05 13:03:51,results\api\extract\data\dynamic_poverty_rate_2022.json,bps-data-e46aa53d43b00c96
poverty_rate,192,5300,122,432,62,530019243212262,0000,9.0,2026-02-05 13:03:51,results\api\extract\data\dynamic_poverty_rate_2022.json,bps-data-e46aa53d43b00c96
poverty_rate,192,5300,122,433,61,530019243312261,0000,23.86,2026-02-05 13:03:51,results\api\extract\data\dynamic_poverty_rate_2022.json,bps-data-e46aa53d43b00c96
poverty_rate,192,5300,122,433,62,530019243312262,0000,24.11,2026-02-05 13:03:51,results\api\extract\data\dynamic_poverty_rate_2022.json,bps-data-e46aa53d43b00c96
poverty_rate,192,5300,122,434,61,530019243412261,0000,20.05,2026-02-05 13:03:51,results\api\extract\data\dynamic_poverty_rate_2022.json,bps-data-e46aa53d43b00c96
poverty_rate,192,5300,122,434,62,530019243412262,0000,20.23,2026-02-05 13:03:51,results\api\extract\data\dynamic_poverty_rate_2022.json,bps-data-e46aa53d43b00c96
poverty_rate,192,5300,123,432,61,530019243212361,0000,9.12,2026-02-05 13:03:51,results\api\extract\data\dynamic_poverty_rate_2023.json,bps-data-d8ab23f832cb7cbe
poverty_rate,192,5300,123,433,61,530019243312361,0000,23.76,2026-02-05 13:03:51,results\api\extract\data\dynamic_poverty_rate_2023.json,bps-data-d8ab23f832cb7cbe
poverty_rate,192,5300,123,434,61,530019243412361,0000,19.96,2026-02-05 13:03:51,results\api\extract\data\dynamic_poverty_rate_2023.json,bps-data-d8ab23f832cb7cbe
poverty_rate,192,5300,124,432,61,530019243212461,0000,8.57,2026-02-05 13:03:51,results\api\extract\data\dynamic_poverty_rate_2024.json,bps-data-8c5cb32173251389
poverty_rate,192,5300,124,432,62,530019243212462,0000,8.11,2026-02-05 13:03:51,results\api\extract\data\dynamic_poverty_rate_2024.json,bps-data-8c5cb32173251389
poverty_rate,192,5300,124,433,61,530019243312461,0000,23.41,2026-02-05 13:03:51,results\api\extract\data\dynamic_poverty_rate_2024.json,bps-data-8c5cb32173251389
poverty_rate,192,5300,124,433,62,530019243312462,0000,23.02,2026-02-05 13:03:51,results\api\extract\data\dynamic_poverty_rate_2024.json,bps-data-8c5cb32173251389
poverty_rate,192,5300,124,434,61,530019243412461,0000,19.48,2026-02-05 13:03:51,results\api\extract\data\dynamic_poverty_rate_2024.json,bps-data-8c5cb32173251389
poverty_rate,192,5300,124,434,62,530019243412462,0000,19.02,2026-02-05 13:03:51,results\api\extract\data\dynamic_poverty_rate_2024.json,bps-data-8c5cb32173251389
poverty_rate,192,6100,121,432,61,610019243212161,0000,4.68,2026-02-05 13:03:51,results\api\extract\data\dynamic_poverty_rate_2021.json,bps-data-389fbfd995754e0e
poverty_rate,192,6100,121,432,62,610019243212162,0000,4.72,2026-02-05 13:03:51,results\api\extract\data\dynamic_poverty_rate_2021.json,bps-data-389fbfd995754e0e
poverty_rate,192,6100,121,433,61,610019243312161,0000,8.54,2026-02-05 13:03:51,results\api\extract\data\dynamic_poverty_rate_2021.json,bps-data-389fbfd995754e0e
poverty_rate,192,6100,121,433,62,610019243312162,0000,8.05,2026-02-05 13:03:51,results\api\extract\data\dynamic_poverty_rate_2021.json,bps-data-389fbfd995754e0e
poverty_rate,192,6100,121,434,61,610019243412161,0000,7.15,2026-02-05 13:03:51,results\api\extract\data\dynamic_poverty_rate_2021.json,bps-data-389fbfd995754e0e
poverty_rate,192,6100,121,434,62,610019243412162,0000,6.84,2026-02-05 13:03:51,results\api\extract\data\dynamic_poverty_rate_2021.json,bps-data-389fbfd995754e0e
poverty_rate,192,6100,122,432,61,610019243212261,0000,4.44,2026-02-05 13:03:51,results\api\extract\data\dynamic_poverty_rate_2022.json,bps-data-e46aa53d43b00c96
poverty_rate,192,6100,122,432,62,610019243212262,0000,4.63,2026-02-05 13:03:51,results\api\extract\data\dynamic_poverty_rate_2022.json,bps-data-e46aa53d43b00c96
poverty_rate,192,6100,122,433,61,610019243312261,0000,8.06,2026-02-05 13:03:51,results\api\extract\data\dynamic_poverty_rate_2022.json,bps-data-e46aa53d43b00c96
poverty_rate,192,6100,122,433,62,610019243312262,0000,8.1,2026-02-05 13:03:51,results\api\extract\data\dynamic_poverty_rate_2022.json,bps-data-e46aa53d43b00c96
poverty_rate,192,6100,122,434,61,610019243412261,0000,6.73,2026-02-05 13:03:51,results\api\extract\data\dynamic_poverty_rate_2022.json,bps-data-e46aa53d43b00c96
poverty_rate,192,6100,122,434,62,610019243412262,0000,6.81,2026-02-05 13:03:51,results\api\extract\data\dynamic_poverty_rate_2022.json,bps-data-e46aa53d43b00c96
poverty_rate,192,6100,123,432,61,610019243212361,0000,4.44,2026-02-05 13:03:51,results\api\extract\data\dynamic_poverty_rate_2023.json,bps-data-d8ab23f832cb7cbe
poverty_rate,192,6100,123,433,61,610019243312361,0000,8.07,2026-02-05 13:03:51,results\api\extract\data\dynamic_poverty_rate_2023.json,bps-data-d8ab23f832cb7cbe
poverty_rate,192,6100,123,434,61,610019243412361,0000,6.71,2026-02-05 13:03:51,results\api\extract\data\dynamic_poverty_rate_2023.json,bps-data-d8ab23f832cb7cbe
poverty_rate,192,6100,124,432,61,610019243212461,0000,4.25,2026-02-05 13:03:51,results\api\extract\data\dynamic_poverty_rate_2024.json,bps-data-8c5cb32173251389
poverty_rate,192,6100,124,432,62,610019243212462,0000,4.62,2026-02-05 13:03:51,results\api\extract\data\dynamic_poverty_rate_2024.json,bps-data-8c5cb32173251389
poverty_rate,192,6100,124,433,61,610019243312461,0000,7.58,2026-02-05 13:03:51,results\api\extract\data\dynamic_poverty_rate_2024.json,bps-data-8c5cb32173251389
poverty_rate,192,6100,124,433,62,610019243312462,0000,7.26,2026-02-05 13:03:51,results\api\extract\data\dynamic_poverty_rate_2024.json,bps-data-8c5cb32173251389
poverty_rate,192,6100,124,434,61,610019243412461,0000,6.32,2026-02-05 13:03:51,results\api\extract\data\dynamic_poverty_rate_2024.json,bps-data-8c5cb32173251389
poverty_rate,192,6100,124,434,62,610019243412462,0000,6.25,2026-02-05 13:03:51,results\api\extract\data\dynamic_poverty_rate_2024.json,bps-data-8c5cb32173251389
poverty_rate,192,6200,121,432,61,620019243212161,0000,4.86,2026-02-05 13:03:51,results\api\extract\data\dynamic_poverty_rate_2021.json,bps-data-389fbfd995754e0e
poverty_rate,192,6200,121,432,62,620019243212162,0000,5.08,2026-02-05 13:03:51,results\api\extract\data\dynamic_poverty_rate_2021.json,bps-data-389fbfd995754e0e
poverty_rate,192,6200,121,433,61,620019243312161,0000,5.38,2026-02-05 13:03:51,results\api\extract\data\dynamic_poverty_rate_2021.json,bps-data-389fbfd995754e0e
poverty_rate,192,6200,121,433,62,620019243312162,0000,5.23,2026-02-05 13:03:51,results\api\extract\data\dynamic_poverty_rate_2021.json,bps-data-389fbfd995754e0e
poverty_rate,192,6200,121,434,61,620019243412161,0000,5.16,2026-02-05 13:03:51,results\api\extract\data\dynamic_poverty_rate_2021.json,bps-data-389fbfd995754e0e
poverty_rate,192,6200,121,434,62,620019243412162,0000,5.16,2026-02-05 13:03:51,results\api\extract\data\dynamic_poverty_rate_2021.json,bps-data-389fbfd995754e0e
poverty_rate,192,6200,122,432,61,620019243212261,0000,5.17,2026-02-05 13:03:51,results\api\extract\data\dynamic_poverty_rate_2022.json,bps-data-e46aa53d43b00c96
poverty_rate,192,6200,122,432,62,620019243212262,0000,5.09,2026-02-05 13:03:51,results\api\extract\data\dynamic_poverty_rate_2022.json,bps-data-e46aa53d43b00c96
poverty_rate,192,6200,122,433,61,620019243312261,0000,5.36,2026-02-05 13:03:51,results\api\extract\data\dynamic_poverty_rate_2022.json,bps-data-e46aa53d43b00c96
poverty_rate,192,6200,122,433,62,620019243312262,0000,5.32,2026-02-05 13:03:51,results\api\extract\data\dynamic_poverty_rate_2022.json,bps-data-e46aa53d43b00c96
poverty_rate,192,6200,122,434,61,620019243412261,0000,5.28,2026-02-05 13:03:51,results\api\extract\data\dynamic_poverty_rate_2022.json,bps-data-e46aa53d43b00c96
poverty_rate,192,6200,122,434,62,620019243412262,0000,5.22,2026-02-05 13:03:51,results\api\extract\data\dynamic_poverty_rate_2022.json,bps-data-e46aa53d43b00c96
poverty_rate,192,6200,123,432,61,620019243212361,0000,4.78,2026-02-05 13:03:51,results\api\extract\data\dynamic_poverty_rate_2023.json,bps-data-d8ab23f832cb7cbe
poverty_rate,192,6200,123,433,61,620019243312361,0000,5.35,2026-02-05 13:03:51,results\api\extract\data\dynamic_poverty_rate_2023.json,bps-data-d8ab23f832cb7cbe
poverty_rate,192,6200,123,434,61,620019243412361,0000,5.11,2026-02-05 13:03:51,results\api\extract\data\dynamic_poverty_rate_2023.json,bps-data-d8ab23f832cb7cbe
poverty_rate,192,6200,124,432,61,620019243212461,0000,4.89,2026-02-05 13:03:51,results\api\extract\data\dynamic_poverty_rate_2024.json,bps-data-8c5cb32173251389
poverty_rate,192,6200,124,432,62,620019243212462,0000,5.22,2026-02-05 13:03:51,results\api\extract\data\dynamic_poverty_rate_2024.json,bps-data-8c5cb32173251389
poverty_rate,192,6200,124,433,61,620019243312461,0000,5.38,2026-02-05 13:03:51,results\api\extract\data\dynamic_poverty_rate_2024.json,bps-data-8c5cb32173251389
poverty_rate,192,6200,124,433,62,620019243312462,0000,5.29,2026-02-05 13:03:51,results\api\extract\data\dynamic_poverty_rate_2024.json,bps-data-8c5cb32173251389
poverty_rate,192,6200,124,434,61,620019243412461,0000,5.17,2026-02-05 13:03:51,results\api\extract\data\dynamic_poverty_rate_2024.json,bps-data-8c5cb32173251389
poverty_rate,192,6200,124,434,62,620019243412462,0000,5.26,2026-02-05 13:03:51,results\api\extract\data\dynamic_poverty_rate_2024.json,bps-data-8c5cb32173251389
poverty_rate,192,6300,121,432,61,630019243212161,0000,3.89,2026-02-05 13:03:51,results\api\extract\data\dynamic_poverty_rate_2021.json,bps-data-389fbfd995754e0e
poverty_rate,192,6300,121,432,62,630019243212162,0000,3.81,2026-02-05 13:03:51,results\api\extract\data\dynamic_poverty_rate_2021.json,bps-data-389fbfd995754e0e
poverty_rate,192,6300,121,433,61,630019243312161,0000,5.71,2026-02-05 13:03:51,results\api\extract\data\dynamic_poverty_rate_2021.json,bps-data-389fbfd995754e0e
poverty_rate,192,6300,121,433,62,630019243312162,0000,5.28,2026-02-05 13:03:51,results\api\extract\data\dynamic_poverty_rate_2021.json,bps-data-389fbfd995754e0e
poverty_rate,192,6300,121,434,61,630019243412161,0000,4.83,2026-02-05 13:03:51,results\api\extract\data\dynamic_poverty_rate_2021.json,bps-data-389fbfd995754e0e
poverty_rate,192,6300,121,434,62,630019243412162,0000,4.56,2026-02-05 13:03:51,results\api\extract\data\dynamic_poverty_rate_2021.json,bps-data-389fbfd995754e0e
poverty_rate,192,6300,122,432,61,630019243212261,0000,3.64,2026-02-05 13:03:51,results\api\extract\data\dynamic_poverty_rate_2022.json,bps-data-e46aa53d43b00c96
poverty_rate,192,6300,122,432,62,630019243212262,0000,4.03,2026-02-05 13:03:51,results\api\extract\data\dynamic_poverty_rate_2022.json,bps-data-e46aa53d43b00c96
poverty_rate,192,6300,122,433,61,630019243312261,0000,5.31,2026-02-05 13:03:51,results\api\extract\data\dynamic_poverty_rate_2022.json,bps-data-e46aa53d43b00c96
poverty_rate,192,6300,122,433,62,630019243312262,0000,5.17,2026-02-05 13:03:51,results\api\extract\data\dynamic_poverty_rate_2022.json,bps-data-e46aa53d43b00c96
poverty_rate,192,6300,122,434,61,630019243412261,0000,4.49,2026-02-05 13:03:51,results\api\extract\data\dynamic_poverty_rate_2022.json,bps-data-e46aa53d43b00c96
poverty_rate,192,6300,122,434,62,630019243412262,0000,4.61,2026-02-05 13:03:51,results\api\extract\data\dynamic_poverty_rate_2022.json,bps-data-e46aa53d43b00c96
poverty_rate,192,6300,123,432,61,630019243212361,0000,3.84,2026-02-05 13:03:51,results\api\extract\data\dynamic_poverty_rate_2023.json,bps-data-d8ab23f832cb7cbe
poverty_rate,192,6300,123,433,61,630019243312361,0000,4.72,2026-02-05 13:03:51,results\api\extract\data\dynamic_poverty_rate_2023.json,bps-data-d8ab23f832cb7cbe
poverty_rate,192,6300,123,434,61,630019243412361,0000,4.29,2026-02-05 13:03:51,results\api\extract\data\dynamic_poverty_rate_2023.json,bps-data-d8ab23f832cb7cbe
poverty_rate,192,6300,124,432,61,630019243212461,0000,3.62,2026-02-05 13:03:51,results\api\extract\data\dynamic_poverty_rate_2024.json,bps-data-8c5cb32173251389
poverty_rate,192,6300,124,432,62,630019243212462,0000,3.59,2026-02-05 13:03:51,results\api\extract\data\dynamic_poverty_rate_2024.json,bps-data-8c5cb32173251389
poverty_rate,192,6300,124,433,61,630019243312461,0000,4.61,2026-02-05 13:03:51,results\api\extract\data\dynamic_poverty_rate_2024.json,bps-data-8c5cb32173251389
poverty_rate,192,6300,124,433,62,630019243312462,0000,4.46,2026-02-05 13:03:51,results\api\extract\data\dynamic_poverty_rate_2024.json,bps-data-8c5cb32173251389
poverty_rate,192,6300,124,434,61,630019243412461,0000,4.11,2026-02-05 13:03:51,results\api\extract\data\dynamic_poverty_rate_2024.json,bps-data-8c5cb32173251389
poverty_rate,192,6300,124,434,62,630019243412462,0000,4.02,2026-02-05 13:03:51,results\api\extract\data\dynamic_poverty_rate_2024.json,bps-data-8c5cb32173251389
poverty_rate,192,6400,121,432,61,640019243212161,0000,5.01,2026-02-05 13:03:51,results\api\extract\data\dynamic_poverty_rate_2021.json,bps-data-389fbfd995754e0e
poverty_rate,192,6400,121,432,62,640019243212162,0000,4.74,2026-02-05 13:03:51,results\api\extract\data\dynamic_poverty_rate_2021.json,bps-data-389fbfd995754e0e
poverty_rate,192,6400,121,433,61,640019243312161,0000,9.87,2026-02-05 13:03:51,results\api\extract\data\dynamic_poverty_rate_2021.json,bps-data-389fbfd995754e0e
poverty_rate,192,6400,121,433,62,640019243312162,0000,9.63,2026-02-05 13:03:51,results\api\extract\data\dynamic_poverty_rate_2021.json,bps-data-389fbfd995754e0e
poverty_rate,192,6400,121,434,61,640019243412161,0000,6.54,2026-02-05 13:03:51,results\api\extract\data\dynamic_poverty_rate_2021.json,bps-data-389fbfd995754e0e
poverty_rate,192,6400,121,434,62,640019243412162,0000,6.27,2026-02-05 13:03:51,results\api\extract\data\dynamic_poverty_rate_2021.json,bps-data-389fbfd995754e0e
poverty_rate,192,6400,122,432,61,640019243212261,0000,4.8,2026-02-05 13:03:51,results\api\extract\data\dynamic_poverty_rate_2022.json,bps-data-e46aa53d43b00c96
poverty_rate,192,6400,122,432,62,640019243212262,0000,4.97,2026-02-05 13:03:51,results\api\extract\data\dynamic_poverty_rate_2022.json,bps-data-e46aa53d43b00c96
poverty_rate,192,6400,122,433,61,640019243312261,0000,9.64,2026-02-05 13:03:51,results\api\extract\data\dynamic_poverty_rate_2022.json,bps-data-e46aa53d43b00c96
poverty_rate,192,6400,122,433,62,640019243312262,0000,9.71,2026-02-05 13:03:51,results\api\extract\data\dynamic_poverty_rate_2022.json,bps-data-e46aa53d43b00c96
poverty_rate,192,6400,122,434,61,640019243412261,0000,6.31,2026-02-05 13:03:51,results\api\extract\data\dynamic_poverty_rate_2022.json,bps-data-e46aa53d43b00c96
poverty_rate,192,6400,122,434,62,640019243412262,0000,6.44,2026-02-05 13:03:51,results\api\extract\data\dynamic_poverty_rate_2022.json,bps-data-e46aa53d43b00c96
poverty_rate,192,6400,123,432,61,640019243212361,0000,4.68,2026-02-05 13:03:51,results\api\extract\data\dynamic_poverty_rate_2023.json,bps-data-d8ab23f832cb7cbe
poverty_rate,192,6400,123,433,61,640019243312361,0000,9.28,2026-02-05 13:03:51,results\api\extract\data\dynamic_poverty_rate_2023.json,bps-data-d8ab23f832cb7cbe
poverty_rate,192,6400,123,434,61,640019243412361,0000,6.11,2026-02-05 13:03:51,results\api\extract\data\dynamic_poverty_rate_2023.json,bps-data-d8ab23f832cb7cbe
poverty_rate,192,6400,124,432,61,640019243212461,0000,4.47,2026-02-05 13:03:51,results\api\extract\data\dynamic_poverty_rate_2024.json,bps-data-8c5cb32173251389
poverty_rate,192,6400,124,432,62,640019243212462,0000,4.41,2026-02-05 13:03:51,results\api\extract\data\dynamic_poverty_rate_2024.json,bps-data-8c5cb32173251389
poverty_rate,192,6400,124,433,61,640019243312461,0000,8.76,2026-02-05 13:03:51,results\api\extract\data\dynamic_poverty_rate_2024.json,bps-data-8c5cb32173251389
poverty_rate,192,6400,124,433,62,640019243312462,0000,8.0,2026-02-05 13:03:51,results\api\extract\data\dynamic_poverty_rate_2024.json,bps-data-8c5cb32173251389
poverty_rate,192,6400,124,434,61,640019243412461,0000,5.78,2026-02-05 13:03:51,results\api\extract\data\dynamic_poverty_rate_2024.json,bps-data-8c5cb32173251389
poverty_rate,192,6400,124,434,62,640019243412462,0000,5.51,2026-02-05 13:03:51,results\api\extract\data\dynamic_poverty_rate_2024.json,bps-data-8c5cb32173251389
poverty_rate,192,6500,121,432,61,650019243212161,0000,5.85,2026-02-05 13:03:51,results\api\extract\data\dynamic_poverty_rate_2021.json,bps-data-389fbfd995754e0e
poverty_rate,192,6500,121,432,62,650019243212162,0000,5.32,2026-02-05 13:03:51,results\api\extract\data\dynamic_poverty_rate_2021.json,bps-data-389fbfd995754e0e
poverty_rate,192,6500,121,433,61,650019243312161,0000,9.82,2026-02-05 13:03:51,results\api\extract\data\dynamic_poverty_rate_2021.json,bps-data-389fbfd995754e0e
poverty_rate,192,6500,121,433,62,650019243312162,0000,9.31,2026-02-05 13:03:51,results\api\extract\data\dynamic_poverty_rate_2021.json,bps-data-389fbfd995754e0e
poverty_rate,192,6500,121,434,61,650019243412161,0000,7.36,2026-02-05 13:03:51,results\api\extract\data\dynamic_poverty_rate_2021.json,bps-data-389fbfd995754e0e
poverty_rate,192,6500,121,434,62,650019243412162,0000,6.83,2026-02-05 13:03:51,results\api\extract\data\dynamic_poverty_rate_2021.json,bps-data-389fbfd995754e0e
poverty_rate,192,6500,122,432,61,650019243212261,0000,5.66,2026-02-05 13:03:51,results\api\extract\data\dynamic_poverty_rate_2022.json,bps-data-e46aa53d43b00c96
poverty_rate,192,6500,122,432,62,650019243212262,0000,5.58,2026-02-05 13:03:51,results\api\extract\data\dynamic_poverty_rate_2022.json,bps-data-e46aa53d43b00c96
poverty_rate,192,6500,122,433,61,650019243312261,0000,8.75,2026-02-05 13:03:51,results\api\extract\data\dynamic_poverty_rate_2022.json,bps-data-e46aa53d43b00c96
poverty_rate,192,6500,122,433,62,650019243312262,0000,9.15,2026-02-05 13:03:51,results\api\extract\data\dynamic_poverty_rate_2022.json,bps-data-e46aa53d43b00c96
poverty_rate,192,6500,122,434,61,650019243412261,0000,6.77,2026-02-05 13:03:51,results\api\extract\data\dynamic_poverty_rate_2022.json,bps-data-e46aa53d43b00c96
poverty_rate,192,6500,122,434,62,650019243412262,0000,6.86,2026-02-05 13:03:51,results\api\extract\data\dynamic_poverty_rate_2022.json,bps-data-e46aa53d43b00c96
poverty_rate,192,6500,123,432,61,650019243212361,0000,5.18,2026-02-05 13:03:51,results\api\extract\data\dynamic_poverty_rate_2023.json,bps-data-d8ab23f832cb7cbe
poverty_rate,192,6500,123,433,61,650019243312361,0000,8.74,2026-02-05 13:03:51,results\api\extract\data\dynamic_poverty_rate_2023.json,bps-data-d8ab23f832cb7cbe
poverty_rate,192,6500,123,434,61,650019243412361,0000,6.45,2026-02-05 13:03:51,results\api\extract\data\dynamic_poverty_rate_2023.json,bps-data-d8ab23f832cb7cbe
poverty_rate,192,6500,124,432,61,650019243212461,0000,4.73,2026-02-05 13:03:51,results\api\extract\data\dynamic_poverty_rate_2024.json,bps-data-8c5cb32173251389
poverty_rate,192,6500,124,432,62,650019243212462,0000,5.07,2026-02-05 13:03:51,results\api\extract\data\dynamic_poverty_rate_2024.json,bps-data-8c5cb32173251389
poverty_rate,192,6500,124,433,61,650019243312461,0000,9.23,2026-02-05 13:03:51,results\api\extract\data\dynamic_poverty_rate_2024.json,bps-data-8c5cb32173251389
poverty_rate,192,6500,124,433,62,650019243312462,0000,5.96,2026-02-05 13:03:51,results\api\extract\data\dynamic_poverty_rate_2024.json,bps-data-8c5cb32173251389
poverty_rate,192,6500,124,434,61,650019243412461,0000,6.32,2026-02-05 13:03:51,results\api\extract\data\dynamic_poverty_rate_2024.json,bps-data-8c5cb32173251389
poverty_rate,192,6500,124,434,62,650019243412462,0000,5.38,2026-02-05 13:03:51,results\api\extract\data\dynamic_poverty_rate_2024.json,bps-data-8c5cb32173251389
poverty_rate,192,7100,121,432,61,710019243212161,0000,5.36,2026-02-05 13:03:51,results\api\extract\data\dynamic_poverty_rate_2021.json,bps-data-389fbfd995754e0e
poverty_rate,192,7100,121,432,62,710019243212162,0000,5.09,2026-02-05 13:03:51,results\api\extract\data\dynamic_poverty_rate_2021.json,bps-data-389fbfd995754e0e
poverty_rate,192,7100,121,433,61,710019243312161,0000,10.61,2026-02-05 13:03:51,results\api\extract\data\dynamic_poverty_rate_2021.json,bps-data-389fbfd995754e0e
poverty_rate,192,7100,121,433,62,710019243312162,0000,10.07,2026-02-05 13:03:51,results\api\extract\data\dynamic_poverty_rate_2021.json,bps-data-389fbfd995754e0e
poverty_rate,192,7100,121,434,61,710019243412161,0000,7.77,2026-02-05 13:03:51,results\api\extract\data\dynamic_poverty_rate_2021.json,bps-data-389fbfd995754e0e
poverty_rate,192,7100,121,434,62,710019243412162,0000,7.36,2026-02-05 13:03:51,results\api\extract\data\dynamic_poverty_rate_2021.json,bps-data-389fbfd995754e0e
poverty_rate,192,7100,122,432,61,710019243212261,0000,5.14,2026-02-05 13:03:51,results\api\extract\data\dynamic_poverty_rate_2022.json,bps-data-e46aa53d43b00c96
poverty_rate,192,7100,122,432,62,710019243212262,0000,5.04,2026-02-05 13:03:51,results\api\extract\data\dynamic_poverty_rate_2022.json,bps-data-e46aa53d43b00c96
poverty_rate,192,7100,122,433,61,710019243312261,0000,9.77,2026-02-05 13:03:51,results\api\extract\data\dynamic_poverty_rate_2022.json,bps-data-e46aa53d43b00c96
poverty_rate,192,7100,122,433,62,710019243312262,0000,10.16,2026-02-05 13:03:51,results\api\extract\data\dynamic_poverty_rate_2022.json,bps-data-e46aa53d43b00c96
poverty_rate,192,7100,122,434,61,710019243412261,0000,7.28,2026-02-05 13:03:51,results\api\extract\data\dynamic_poverty_rate_2022.json,bps-data-e46aa53d43b00c96
poverty_rate,192,7100,122,434,62,710019243412262,0000,7.34,2026-02-05 13:03:51,results\api\extract\data\dynamic_poverty_rate_2022.json,bps-data-e46aa53d43b00c96
poverty_rate,192,7100,123,432,61,710019243212361,0000,4.91,2026-02-05 13:03:51,results\api\extract\data\dynamic_poverty_rate_2023.json,bps-data-d8ab23f832cb7cbe
poverty_rate,192,7100,123,433,61,710019243312361,0000,10.38,2026-02-05 13:03:51,results\api\extract\data\dynamic_poverty_rate_2023.json,bps-data-d8ab23f832cb7cbe
poverty_rate,192,7100,123,434,61,710019243412361,0000,7.38,2026-02-05 13:03:51,results\api\extract\data\dynamic_poverty_rate_2023.json,bps-data-d8ab23f832cb7cbe
poverty_rate,192,7100,124,432,61,710019243212461,0000,4.75,2026-02-05 13:03:51,results\api\extract\data\dynamic_poverty_rate_2024.json,bps-data-8c5cb32173251389
poverty_rate,192,7100,124,432,62,710019243212462,0000,4.07,2026-02-05 13:03:51,results\api\extract\data\dynamic_poverty_rate_2024.json,bps-data-8c5cb32173251389
poverty_rate,192,7100,124,433,61,710019243312461,0000,10.35,2026-02-05 13:03:51,results\api\extract\data\dynamic_poverty_rate_2024.json,bps-data-8c5cb32173251389
poverty_rate,192,7100,124,433,62,710019243312462,0000,10.14,2026-02-05 13:03:51,results\api\extract\data\dynamic_poverty_rate_2024.json,bps-data-8c5cb32173251389
poverty_rate,192,7100,124,434,61,710019243412461,0000,7.25,2026-02-05 13:03:51,results\api\extract\data\dynamic_poverty_rate_2024.json,bps-data-8c5cb32173251389
poverty_rate,192,7100,124,434,62,710019243412462,0000,6.7,2026-02-05 13:03:51,results\api\extract\data\dynamic_poverty_rate_2024.json,bps-data-8c5cb32173251389
poverty_rate,192,7200,121,432,61,720019243212161,0000,9.15,2026-02-05 13:03:51,results\api\extract\data\dynamic_poverty_rate_2021.json,bps-data-389fbfd995754e0e
poverty_rate,192,7200,121,432,62,720019243212162,0000,8.82,2026-02-05 13:03:51,results\api\extract\data\dynamic_poverty_rate_2021.json,bps-data-389fbfd995754e0e
poverty_rate,192,7200,121,433,61,720019243312161,0000,14.73,2026-02-05 13:03:51,results\api\extract\data\dynamic_poverty_rate_2021.json,bps-data-389fbfd995754e0e
poverty_rate,192,7200,121,433,62,720019243312162,0000,13.71,2026-02-05 13:03:51,results\api\extract\data\dynamic_poverty_rate_2021.json,bps-data-389fbfd995754e0e
poverty_rate,192,7200,121,434,61,720019243412161,0000,13.0,2026-02-05 13:03:51,results\api\extract\data\dynamic_poverty_rate_2021.json,bps-data-389fbfd995754e0e
poverty_rate,192,7200,121,434,62,720019243412162,0000,12.18,2026-02-05 13:03:51,results\api\extract\data\dynamic_poverty_rate_2021.json,bps-data-389fbfd995754e0e
poverty_rate,192,7200,122,432,61,720019243212261,0000,9.03,2026-02-05 13:03:51,results\api\extract\data\dynamic_poverty_rate_2022.json,bps-data-e46aa53d43b00c96
poverty_rate,192,7200,122,432,62,720019243212262,0000,9.13,2026-02-05 13:03:51,results\api\extract\data\dynamic_poverty_rate_2022.json,bps-data-e46aa53d43b00c96
poverty_rate,192,7200,122,433,61,720019243312261,0000,13.87,2026-02-05 13:03:51,results\api\extract\data\dynamic_poverty_rate_2022.json,bps-data-e46aa53d43b00c96
poverty_rate,192,7200,122,433,62,720019243312262,0000,13.79,2026-02-05 13:03:51,results\api\extract\data\dynamic_poverty_rate_2022.json,bps-data-e46aa53d43b00c96
poverty_rate,192,7200,122,434,61,720019243412261,0000,12.33,2026-02-05 13:03:51,results\api\extract\data\dynamic_poverty_rate_2022.json,bps-data-e46aa53d43b00c96
poverty_rate,192,7200,122,434,62,720019243412262,0000,12.3,2026-02-05 13:03:51,results\api\extract\data\dynamic_poverty_rate_2022.json,bps-data-e46aa53d43b00c96
poverty_rate,192,7200,123,432,61,720019243212361,0000,8.9,2026-02-05 13:03:51,results\api\extract\data\dynamic_poverty_rate_2023.json,bps-data-d8ab23f832cb7cbe
poverty_rate,192,7200,123,433,61,720019243312361,0000,14.09,2026-02-05 13:03:51,results\api\extract\data\dynamic_poverty_rate_2023.json,bps-data-d8ab23f832cb7cbe
poverty_rate,192,7200,123,434,61,720019243412361,0000,12.41,2026-02-05 13:03:51,results\api\extract\data\dynamic_poverty_rate_2023.json,bps-data-d8ab23f832cb7cbe
poverty_rate,192,7200,124,432,61,720019243212461,0000,8.61,2026-02-05 13:03:51,results\api\extract\data\dynamic_poverty_rate_2024.json,bps-data-8c5cb32173251389
poverty_rate,192,7200,124,432,62,720019243212462,0000,7.34,2026-02-05 13:03:51,results\api\extract\data\dynamic_poverty_rate_2024.json,bps-data-8c5cb32173251389
poverty_rate,192,7200,124,433,61,720019243312461,0000,13.33,2026-02-05 13:03:51,results\api\extract\data\dynamic_poverty_rate_2024.json,bps-data-8c5cb32173251389
poverty_rate,192,7200,124,433,62,720019243312462,0000,12.9,2026-02-05 13:03:51,results\api\extract\data\dynamic_poverty_rate_2024.json,bps-data-8c5cb32173251389
poverty_rate,192,7200,124,434,61,720019243412461,0000,11.77,2026-02-05 13:03:51,results\api\extract\data\dynamic_poverty_rate_2024.json,bps-data-8c5cb32173251389
poverty_rate,192,7200,124,434,62,720019243412462,0000,11.04,2026-02-05 13:03:51,results\api\extract\data\dynamic_poverty_rate_2024.json,bps-data-8c5cb32173251389
poverty_rate,192,7300,121,432,61,730019243212161,0000,4.77,2026-02-05 13:03:51,results\api\extract\data\dynamic_poverty_rate_2021.json,bps-data-389fbfd995754e0e
poverty_rate,192,7300,121,432,62,730019243212162,0000,4.89,2026-02-05 13:03:51,results\api\extract\data\dynamic_poverty_rate_2021.json,bps-data-389fbfd995754e0e
poverty_rate,192,7300,121,433,61,730019243312161,0000,12.05,2026-02-05 13:03:51,results\api\extract\data\dynamic_poverty_rate_2021.json,bps-data-389fbfd995754e0e
poverty_rate,192,7300,121,433,62,730019243312162,0000,11.55,2026-02-05 13:03:51,results\api\extract\data\dynamic_poverty_rate_2021.json,bps-data-389fbfd995754e0e
poverty_rate,192,7300,121,434,61,730019243412161,0000,8.78,2026-02-05 13:03:51,results\api\extract\data\dynamic_poverty_rate_2021.json,bps-data-389fbfd995754e0e
poverty_rate,192,7300,121,434,62,730019243412162,0000,8.53,2026-02-05 13:03:51,results\api\extract\data\dynamic_poverty_rate_2021.json,bps-data-389fbfd995754e0e
poverty_rate,192,7300,122,432,61,730019243212261,0000,5.07,2026-02-05 13:03:51,results\api\extract\data\dynamic_poverty_rate_2022.json,bps-data-e46aa53d43b00c96
poverty_rate,192,7300,122,432,62,730019243212262,0000,4.98,2026-02-05 13:03:51,results\api\extract\data\dynamic_poverty_rate_2022.json,bps-data-e46aa53d43b00c96
poverty_rate,192,7300,122,433,61,730019243312261,0000,11.63,2026-02-05 13:03:51,results\api\extract\data\dynamic_poverty_rate_2022.json,bps-data-e46aa53d43b00c96
poverty_rate,192,7300,122,433,62,730019243312262,0000,11.81,2026-02-05 13:03:51,results\api\extract\data\dynamic_poverty_rate_2022.json,bps-data-e46aa53d43b00c96
poverty_rate,192,7300,122,434,61,730019243412261,0000,8.63,2026-02-05 13:03:51,results\api\extract\data\dynamic_poverty_rate_2022.json,bps-data-e46aa53d43b00c96
poverty_rate,192,7300,122,434,62,730019243412262,0000,8.66,2026-02-05 13:03:51,results\api\extract\data\dynamic_poverty_rate_2022.json,bps-data-e46aa53d43b00c96
poverty_rate,192,7300,123,432,61,730019243212361,0000,5.01,2026-02-05 13:03:51,results\api\extract\data\dynamic_poverty_rate_2023.json,bps-data-d8ab23f832cb7cbe
poverty_rate,192,7300,123,433,61,730019243312361,0000,11.91,2026-02-05 13:03:51,results\api\extract\data\dynamic_poverty_rate_2023.json,bps-data-d8ab23f832cb7cbe
poverty_rate,192,7300,123,434,61,730019243412361,0000,8.7,2026-02-05 13:03:51,results\api\extract\data\dynamic_poverty_rate_2023.json,bps-data-d8ab23f832cb7cbe
poverty_rate,192,7300,124,432,61,730019243212461,0000,5.08,2026-02-05 13:03:51,results\api\extract\data\dynamic_poverty_rate_2024.json,bps-data-8c5cb32173251389
poverty_rate,192,7300,124,432,62,730019243212462,0000,5.21,2026-02-05 13:03:51,results\api\extract\data\dynamic_poverty_rate_2024.json,bps-data-8c5cb32173251389
poverty_rate,192,7300,124,433,61,730019243312461,0000,10.74,2026-02-05 13:03:51,results\api\extract\data\dynamic_poverty_rate_2024.json,bps-data-8c5cb32173251389
poverty_rate,192,7300,124,433,62,730019243312462,0000,10.11,2026-02-05 13:03:51,results\api\extract\data\dynamic_poverty_rate_2024.json,bps-data-8c5cb32173251389
poverty_rate,192,7300,124,434,61,730019243412461,0000,8.06,2026-02-05 13:03:51,results\api\extract\data\dynamic_poverty_rate_2024.json,bps-data-8c5cb32173251389
poverty_rate,192,7300,124,434,62,730019243412462,0000,7.77,2026-02-05 13:03:51,results\api\extract\data\dynamic_poverty_rate_2024.json,bps-data-8c5cb32173251389
poverty_rate,192,7400,121,432,61,740019243212161,0000,7.66,2026-02-05 13:03:51,results\api\extract\data\dynamic_poverty_rate_2021.json,bps-data-389fbfd995754e0e
poverty_rate,192,7400,121,432,62,740019243212162,0000,7.14,2026-02-05 13:03:51,results\api\extract\data\dynamic_poverty_rate_2021.json,bps-data-389fbfd995754e0e
poverty_rate,192,7400,121,433,61,740019243312161,0000,13.89,2026-02-05 13:03:51,results\api\extract\data\dynamic_poverty_rate_2021.json,bps-data-389fbfd995754e0e
poverty_rate,192,7400,121,433,62,740019243312162,0000,14.34,2026-02-05 13:03:51,results\api\extract\data\dynamic_poverty_rate_2021.json,bps-data-389fbfd995754e0e
poverty_rate,192,7400,121,434,61,740019243412161,0000,11.66,2026-02-05 13:03:51,results\api\extract\data\dynamic_poverty_rate_2021.json,bps-data-389fbfd995754e0e
poverty_rate,192,7400,121,434,62,740019243412162,0000,11.74,2026-02-05 13:03:51,results\api\extract\data\dynamic_poverty_rate_2021.json,bps-data-389fbfd995754e0e
poverty_rate,192,7400,122,432,61,740019243212261,0000,6.95,2026-02-05 13:03:51,results\api\extract\data\dynamic_poverty_rate_2022.json,bps-data-e46aa53d43b00c96
poverty_rate,192,7400,122,432,62,740019243212262,0000,7.22,2026-02-05 13:03:51,results\api\extract\data\dynamic_poverty_rate_2022.json,bps-data-e46aa53d43b00c96
poverty_rate,192,7400,122,433,61,740019243312261,0000,13.57,2026-02-05 13:03:51,results\api\extract\data\dynamic_poverty_rate_2022.json,bps-data-e46aa53d43b00c96
poverty_rate,192,7400,122,433,62,740019243312262,0000,13.6,2026-02-05 13:03:51,results\api\extract\data\dynamic_poverty_rate_2022.json,bps-data-e46aa53d43b00c96
poverty_rate,192,7400,122,434,61,740019243412261,0000,11.17,2026-02-05 13:03:51,results\api\extract\data\dynamic_poverty_rate_2022.json,bps-data-e46aa53d43b00c96
poverty_rate,192,7400,122,434,62,740019243412262,0000,11.27,2026-02-05 13:03:51,results\api\extract\data\dynamic_poverty_rate_2022.json,bps-data-e46aa53d43b00c96
poverty_rate,192,7400,123,432,61,740019243212361,0000,7.4,2026-02-05 13:03:51,results\api\extract\data\dynamic_poverty_rate_2023.json,bps-data-d8ab23f832cb7cbe
poverty_rate,192,7400,123,433,61,740019243312361,0000,13.94,2026-02-05 13:03:51,results\api\extract\data\dynamic_poverty_rate_2023.json,bps-data-d8ab23f832cb7cbe
poverty_rate,192,7400,123,434,61,740019243412361,0000,11.43,2026-02-05 13:03:51,results\api\extract\data\dynamic_poverty_rate_2023.json,bps-data-d8ab23f832cb7cbe
poverty_rate,192,7400,124,432,61,740019243212461,0000,7.45,2026-02-05 13:03:51,results\api\extract\data\dynamic_poverty_rate_2024.json,bps-data-8c5cb32173251389
poverty_rate,192,7400,124,432,62,740019243212462,0000,6.78,2026-02-05 13:03:51,results\api\extract\data\dynamic_poverty_rate_2024.json,bps-data-8c5cb32173251389
poverty_rate,192,7400,124,433,61,740019243312461,0000,13.6,2026-02-05 13:03:51,results\api\extract\data\dynamic_poverty_rate_2024.json,bps-data-8c5cb32173251389
poverty_rate,192,7400,124,433,62,740019243312462,0000,13.07,2026-02-05 13:03:51,results\api\extract\data\dynamic_poverty_rate_2024.json,bps-data-8c5cb32173251389
poverty_rate,192,7400,124,434,61,740019243412461,0000,11.21,2026-02-05 13:03:51,results\api\extract\data\dynamic_poverty_rate_2024.json,bps-data-8c5cb32173251389
poverty_rate,192,7400,124,434,62,740019243412462,0000,10.63,2026-02-05 13:03:51,results\api\extract\data\dynamic_poverty_rate_2024.json,bps-data-8c5cb32173251389
poverty_rate,192,7500,121,432,61,750019243212161,0000,4.23,2026-02-05 13:03:51,results\api\extract\data\dynamic_poverty_rate_2021.json,bps-data-389fbfd995754e0e
poverty_rate,192,7500,121,432,62,750019243212162,0000,4.06,2026-02-05 13:03:51,results\api\extract\data\dynamic_poverty_rate_2021.json,bps-data-389fbfd995754e0e
poverty_rate,192,7500,121,433,61,750019243312161,0000,24.47,2026-02-05 13:03:51,results\api\extract\data\dynamic_poverty_rate_2021.json,bps-data-389fbfd995754e0e
poverty_rate,192,7500,121,433,62,750019243312162,0000,24.38,2026-02-05 13:03:51,results\api\extract\data\dynamic_poverty_rate_2021.json,bps-data-389fbfd995754e0e
poverty_rate,192,7500,121,434,61,750019243412161,0000,15.61,2026-02-05 13:03:51,results\api\extract\data\dynamic_poverty_rate_2021.json,bps-data-389fbfd995754e0e
poverty_rate,192,7500,121,434,62,750019243412162,0000,15.41,2026-02-05 13:03:51,results\api\extract\data\dynamic_poverty_rate_2021.json,bps-data-389fbfd995754e0e
poverty_rate,192,7500,122,432,61,750019243212261,0000,3.97,2026-02-05 13:03:51,results\api\extract\data\dynamic_poverty_rate_2022.json,bps-data-e46aa53d43b00c96
poverty_rate,192,7500,122,432,62,750019243212262,0000,4.49,2026-02-05 13:03:51,results\api\extract\data\dynamic_poverty_rate_2022.json,bps-data-e46aa53d43b00c96
poverty_rate,192,7500,122,433,61,750019243312261,0000,24.42,2026-02-05 13:03:51,results\api\extract\data\dynamic_poverty_rate_2022.json,bps-data-e46aa53d43b00c96
poverty_rate,192,7500,122,433,62,750019243312262,0000,24.52,2026-02-05 13:03:51,results\api\extract\data\dynamic_poverty_rate_2022.json,bps-data-e46aa53d43b00c96
poverty_rate,192,7500,122,434,61,750019243412261,0000,15.42,2026-02-05 13:03:51,results\api\extract\data\dynamic_poverty_rate_2022.json,bps-data-e46aa53d43b00c96
poverty_rate,192,7500,122,434,62,750019243412262,0000,15.51,2026-02-05 13:03:51,results\api\extract\data\dynamic_poverty_rate_2022.json,bps-data-e46aa53d43b00c96
poverty_rate,192,7500,123,432,61,750019243212361,0000,4.47,2026-02-05 13:03:51,results\api\extract\data\dynamic_poverty_rate_2023.json,bps-data-d8ab23f832cb7cbe
poverty_rate,192,7500,123,433,61,750019243312361,0000,23.73,2026-02-05 13:03:51,results\api\extract\data\dynamic_poverty_rate_2023.json,bps-data-d8ab23f832cb7cbe
poverty_rate,192,7500,123,434,61,750019243412361,0000,15.15,2026-02-05 13:03:51,results\api\extract\data\dynamic_poverty_rate_2023.json,bps-data-d8ab23f832cb7cbe
poverty_rate,192,7500,124,432,61,750019243212461,0000,4.57,2026-02-05 13:03:51,results\api\extract\data\dynamic_poverty_rate_2024.json,bps-data-8c5cb32173251389
poverty_rate,192,7500,124,432,62,750019243212462,0000,4.99,2026-02-05 13:03:51,results\api\extract\data\dynamic_poverty_rate_2024.json,bps-data-8c5cb32173251389
poverty_rate,192,7500,124,433,61,750019243312461,0000,22.97,2026-02-05 13:03:51,results\api\extract\data\dynamic_poverty_rate_2024.json,bps-data-8c5cb32173251389
poverty_rate,192,7500,124,433,62,750019243312462,0000,21.62,2026-02-05 13:03:51,results\api\extract\data\dynamic_poverty_rate_2024.json,bps-data-8c5cb32173251389
poverty_rate,192,7500,124,434,61,750019243412461,0000,14.57,2026-02-05 13:03:51,results\api\extract\data\dynamic_poverty_rate_2024.json,bps-data-8c5cb32173251389
poverty_rate,192,7500,124,434,62,750019243412462,0000,13.87,2026-02-05 13:03:51,results\api\extract\data\dynamic_poverty_rate_2024.json,bps-data-8c5cb32173251389
poverty_rate,192,7600,121,432,61,760019243212161,0000,9.82,2026-02-05 13:03:51,results\api\extract\data\dynamic_poverty_rate_2021.json,bps-data-389fbfd995754e0e
poverty_rate,192,7600,121,432,62,760019243212162,0000,9.72,2026-02-05 13:03:51,results\api\extract\data\dynamic_poverty_rate_2021.json,bps-data-389fbfd995754e0e
poverty_rate,192,7600,121,433,61,760019243312161,0000,11.67,2026-02-05 13:03:51,results\api\extract\data\dynamic_poverty_rate_2021.json,bps-data-389fbfd995754e0e
poverty_rate,192,7600,121,433,62,760019243312162,0000,12.39,2026-02-05 13:03:51,results\api\extract\data\dynamic_poverty_rate_2021.json,bps-data-389fbfd995754e0e
poverty_rate,192,7600,121,434,61,760019243412161,0000,11.29,2026-02-05 13:03:51,results\api\extract\data\dynamic_poverty_rate_2021.json,bps-data-389fbfd995754e0e
poverty_rate,192,7600,121,434,62,760019243412162,0000,11.85,2026-02-05 13:03:51,results\api\extract\data\dynamic_poverty_rate_2021.json,bps-data-389fbfd995754e0e
poverty_rate,192,7600,122,432,61,760019243212261,0000,9.76,2026-02-05 13:03:51,results\api\extract\data\dynamic_poverty_rate_2022.json,bps-data-e46aa53d43b00c96
poverty_rate,192,7600,122,432,62,760019243212262,0000,9.33,2026-02-05 13:03:51,results\api\extract\data\dynamic_poverty_rate_2022.json,bps-data-e46aa53d43b00c96
poverty_rate,192,7600,122,433,61,760019243312261,0000,12.26,2026-02-05 13:03:51,results\api\extract\data\dynamic_poverty_rate_2022.json,bps-data-e46aa53d43b00c96
poverty_rate,192,7600,122,433,62,760019243312262,0000,12.58,2026-02-05 13:03:51,results\api\extract\data\dynamic_poverty_rate_2022.json,bps-data-e46aa53d43b00c96
poverty_rate,192,7600,122,434,61,760019243412261,0000,11.75,2026-02-05 13:03:51,results\api\extract\data\dynamic_poverty_rate_2022.json,bps-data-e46aa53d43b00c96
poverty_rate,192,7600,122,434,62,760019243412262,0000,11.92,2026-02-05 13:03:51,results\api\extract\data\dynamic_poverty_rate_2022.json,bps-data-e46aa53d43b00c96
poverty_rate,192,7600,123,432,61,760019243212361,0000,9.08,2026-02-05 13:03:51,results\api\extract\data\dynamic_poverty_rate_2023.json,bps-data-d8ab23f832cb7cbe
poverty_rate,192,7600,123,433,61,760019243312361,0000,12.1,2026-02-05 13:03:51,results\api\extract\data\dynamic_poverty_rate_2023.json,bps-data-d8ab23f832cb7cbe
poverty_rate,192,7600,123,434,61,760019243412361,0000,11.49,2026-02-05 13:03:51,results\api\extract\data\dynamic_poverty_rate_2023.json,bps-data-d8ab23f832cb7cbe
poverty_rate,192,7600,124,432,61,760019243212461,0000,9.29,2026-02-05 13:03:51,results\api\extract\data\dynamic_poverty_rate_2024.json,bps-data-8c5cb32173251389
poverty_rate,192,7600,124,432,62,760019243212462,0000,8.33,2026-02-05 13:03:51,results\api\extract\data\dynamic_poverty_rate_2024.json,bps-data-8c5cb32173251389
poverty_rate,192,7600,124,433,61,760019243312461,0000,11.7,2026-02-05 13:03:51,results\api\extract\data\dynamic_poverty_rate_2024.json,bps-data-8c5cb32173251389
poverty_rate,192,7600,124,433,62,760019243312462,0000,11.32,2026-02-05 13:03:51,results\api\extract\data\dynamic_poverty_rate_2024.json,bps-data-8c5cb32173251389
poverty_rate,192,7600,124,434,61,760019243412461,0000,11.21,2026-02-05 13:03:51,results\api\extract\data\dynamic_poverty_rate_2024.json,bps-data-8c5cb32173251389
poverty_rate,192,7600,124,434,62,760019243412462,0000,10.71,2026-02-05 13:03:51,results\api\extract\data\dynamic_poverty_rate_2024.json,bps-data-8c5cb32173251389
poverty_rate,192,8100,121,432,61,810019243212161,0000,6.29,2026-02-05 13:03:51,results\api\extract\data\dynamic_poverty_rate_2021.json,bps-data-389fbfd995754e0e
poverty_rate,192,8100,121,432,62,810019243212162,0000,6.13,2026-02-05 13:03:51,results\api\extract\data\dynamic_poverty_rate_2021.json,bps-data-389fbfd995754e0e
poverty_rate,192,8100,121,433,61,810019243312161,0000,26.96,2026-02-05 13:03:51,results\api\extract\data\dynamic_poverty_rate_2021.json,bps-data-389fbfd995754e0e
poverty_rate,192,8100,121,433,62,810019243312162,0000,24.34,2026-02-05 13:03:51,results\api\extract\data\dynamic_poverty_rate_2021.json,bps-data-389fbfd995754e0e
poverty_rate,192,8100,121,434,61,810019243412161,0000,17.87,2026-02-05 13:03:51,results\api\extract\data\dynamic_poverty_rate_2021.json,bps-data-389fbfd995754e0e
poverty_rate,192,8100,121,434,62,810019243412162,0000,16.3,2026-02-05 13:03:51,results\api\extract\data\dynamic_poverty_rate_2021.json,bps-data-389fbfd995754e0e
poverty_rate,192,8100,122,432,61,810019243212261,0000,5.82,2026-02-05 13:03:51,results\api\extract\data\dynamic_poverty_rate_2022.json,bps-data-e46aa53d43b00c96
poverty_rate,192,8100,122,432,62,810019243212262,0000,5.9,2026-02-05 13:03:51,results\api\extract\data\dynamic_poverty_rate_2022.json,bps-data-e46aa53d43b00c96
poverty_rate,192,8100,122,433,61,810019243312261,0000,23.5,2026-02-05 13:03:51,results\api\extract\data\dynamic_poverty_rate_2022.json,bps-data-e46aa53d43b00c96
poverty_rate,192,8100,122,433,62,810019243312262,0000,24.54,2026-02-05 13:03:51,results\api\extract\data\dynamic_poverty_rate_2022.json,bps-data-e46aa53d43b00c96
poverty_rate,192,8100,122,434,61,810019243412261,0000,15.97,2026-02-05 13:03:51,results\api\extract\data\dynamic_poverty_rate_2022.json,bps-data-e46aa53d43b00c96
poverty_rate,192,8100,122,434,62,810019243412262,0000,16.23,2026-02-05 13:03:51,results\api\extract\data\dynamic_poverty_rate_2022.json,bps-data-e46aa53d43b00c96
poverty_rate,192,8100,123,432,61,810019243212361,0000,5.49,2026-02-05 13:03:51,results\api\extract\data\dynamic_poverty_rate_2023.json,bps-data-d8ab23f832cb7cbe
poverty_rate,192,8100,123,433,61,810019243312361,0000,24.64,2026-02-05 13:03:51,results\api\extract\data\dynamic_poverty_rate_2023.json,bps-data-d8ab23f832cb7cbe
poverty_rate,192,8100,123,434,61,810019243412361,0000,16.42,2026-02-05 13:03:51,results\api\extract\data\dynamic_poverty_rate_2023.json,bps-data-d8ab23f832cb7cbe
poverty_rate,192,8100,124,432,61,810019243212461,0000,5.14,2026-02-05 13:03:51,results\api\extract\data\dynamic_poverty_rate_2024.json,bps-data-8c5cb32173251389
poverty_rate,192,8100,124,432,62,810019243212462,0000,4.59,2026-02-05 13:03:51,results\api\extract\data\dynamic_poverty_rate_2024.json,bps-data-8c5cb32173251389
poverty_rate,192,8100,124,433,61,810019243312461,0000,24.43,2026-02-05 13:03:51,results\api\extract\data\dynamic_poverty_rate_2024.json,bps-data-8c5cb32173251389
poverty_rate,192,8100,124,433,62,810019243312462,0000,25.08,2026-02-05 13:03:51,results\api\extract\data\dynamic_poverty_rate_2024.json,bps-data-8c5cb32173251389
poverty_rate,192,8100,124,434,61,810019243412461,0000,16.05,2026-02-05 13:03:51,results\api\extract\data\dynamic_poverty_rate_2024.json,bps-data-8c5cb32173251389
poverty_rate,192,8100,124,434,62,810019243412462,0000,15.78,2026-02-05 13:03:51,results\api\extract\data\dynamic_poverty_rate_2024.json,bps-data-8c5cb32173251389
poverty_rate,192,8200,121,432,61,820019243212161,0000,5.13,2026-02-05 13:03:51,results\api\extract\data\dynamic_poverty_rate_2021.json,bps-data-389fbfd995754e0e
poverty_rate,192,8200,121,432,62,820019243212162,0000,4.83,2026-02-05 13:03:51,results\api\extract\data\dynamic_poverty_rate_2021.json,bps-data-389fbfd995754e0e
poverty_rate,192,8200,121,433,61,820019243312161,0000,7.59,2026-02-05 13:03:51,results\api\extract\data\dynamic_poverty_rate_2021.json,bps-data-389fbfd995754e0e
poverty_rate,192,8200,121,433,62,820019243312162,0000,7.0,2026-02-05 13:03:51,results\api\extract\data\dynamic_poverty_rate_2021.json,bps-data-389fbfd995754e0e
poverty_rate,192,8200,121,434,61,820019243412161,0000,6.89,2026-02-05 13:03:51,results\api\extract\data\dynamic_poverty_rate_2021.json,bps-data-389fbfd995754e0e
poverty_rate,192,8200,121,434,62,820019243412162,0000,6.38,2026-02-05 13:03:51,results\api\extract\data\dynamic_poverty_rate_2021.json,bps-data-389fbfd995754e0e
poverty_rate,192,8200,122,432,61,820019243212261,0000,5.18,2026-02-05 13:03:51,results\api\extract\data\dynamic_poverty_rate_2022.json,bps-data-e46aa53d43b00c96
poverty_rate,192,8200,122,432,62,820019243212262,0000,6.17,2026-02-05 13:03:51,results\api\extract\data\dynamic_poverty_rate_2022.json,bps-data-e46aa53d43b00c96
poverty_rate,192,8200,122,433,61,820019243312261,0000,6.66,2026-02-05 13:03:51,results\api\extract\data\dynamic_poverty_rate_2022.json,bps-data-e46aa53d43b00c96
poverty_rate,192,8200,122,433,62,820019243312262,0000,6.45,2026-02-05 13:03:51,results\api\extract\data\dynamic_poverty_rate_2022.json,bps-data-e46aa53d43b00c96
poverty_rate,192,8200,122,434,61,820019243412261,0000,6.23,2026-02-05 13:03:51,results\api\extract\data\dynamic_poverty_rate_2022.json,bps-data-e46aa53d43b00c96
poverty_rate,192,8200,122,434,62,820019243412262,0000,6.37,2026-02-05 13:03:51,results\api\extract\data\dynamic_poverty_rate_2022.json,bps-data-e46aa53d43b00c96
poverty_rate,192,8200,123,432,61,820019243212361,0000,6.23,2026-02-05 13:03:51,results\api\extract\data\dynamic_poverty_rate_2023.json,bps-data-d8ab23f832cb7cbe
poverty_rate,192,8200,123,433,61,820019243312361,0000,6.55,2026-02-05 13:03:51,results\api\extract\data\dynamic_poverty_rate_2023.json,bps-data-d8ab23f832cb7cbe
poverty_rate,192,8200,123,434,61,820019243412361,0000,6.46,2026-02-05 13:03:51,results\api\extract\data\dynamic_poverty_rate_2023.json,bps-data-d8ab23f832cb7cbe
poverty_rate,192,8200,124,432,61,820019243212461,0000,6.12,2026-02-05 13:03:51,results\api\extract\data\dynamic_poverty_rate_2024.json,bps-data-8c5cb32173251389
poverty_rate,192,8200,124,432,62,820019243212462,0000,6.27,2026-02-05 13:03:51,results\api\extract\data\dynamic_poverty_rate_2024.json,bps-data-8c5cb32173251389
poverty_rate,192,8200,124,433,61,820019243312461,0000,6.41,2026-02-05 13:03:51,results\api\extract\data\dynamic_poverty_rate_2024.json,bps-data-8c5cb32173251389
poverty_rate,192,8200,124,433,62,820019243312462,0000,5.93,2026-02-05 13:03:51,results\api\extract\data\dynamic_poverty_rate_2024.json,bps-data-8c5cb32173251389
poverty_rate,192,8200,124,434,61,820019243412461,0000,6.32,2026-02-05 13:03:51,results\api\extract\data\dynamic_poverty_rate_2024.json,bps-data-8c5cb32173251389
poverty_rate,192,8200,124,434,62,820019243412462,0000,6.03,2026-02-05 13:03:51,results\api\extract\data\dynamic_poverty_rate_2024.json,bps-data-8c5cb32173251389
poverty_rate,192,9100,121,432,61,910019243212161,0000,6.5,2026-02-05 13:03:51,results\api\extract\data\dynamic_poverty_rate_2021.json,bps-data-389fbfd995754e0e
poverty_rate,192,9100,121,432,62,910019243212162,0000,6.44,2026-02-05 13:03:51,results\api\extract\data\dynamic_poverty_rate_2021.json,bps-data-389fbfd995754e0e
poverty_rate,192,9100,121,433,61,910019243312161,0000,33.4,2026-02-05 13:03:51,results\api\extract\data\dynamic_poverty_rate_2021.json,bps-data-389fbfd995754e0e
poverty_rate,192,9100,121,433,62,910019243312162,0000,33.5,2026-02-05 13:03:51,results\api\extract\data\dynamic_poverty_rate_2021.json,bps-data-389fbfd995754e0e
poverty_rate,192,9100,121,434,61,910019243412161,0000,21.84,2026-02-05 13:03:51,results\api\extract\data\dynamic_poverty_rate_2021.json,bps-data-389fbfd995754e0e
poverty_rate,192,9100,121,434,62,910019243412162,0000,21.82,2026-02-05 13:03:51,results\api\extract\data\dynamic_poverty_rate_2021.json,bps-data-389fbfd995754e0e
poverty_rate,192,9100,122,432,61,910019243212261,0000,6.96,2026-02-05 13:03:51,results\api\extract\data\dynamic_poverty_rate_2022.json,bps-data-e46aa53d43b00c96
poverty_rate,192,9100,122,432,62,910019243212262,0000,7.64,2026-02-05 13:03:51,results\api\extract\data\dynamic_poverty_rate_2022.json,bps-data-e46aa53d43b00c96
poverty_rate,192,9100,122,433,61,910019243312261,0000,31.42,2026-02-05 13:03:51,results\api\extract\data\dynamic_poverty_rate_2022.json,bps-data-e46aa53d43b00c96
poverty_rate,192,9100,122,433,62,910019243312262,0000,32.12,2026-02-05 13:03:51,results\api\extract\data\dynamic_poverty_rate_2022.json,bps-data-e46aa53d43b00c96
poverty_rate,192,9100,122,434,61,910019243412261,0000,21.33,2026-02-05 13:03:51,results\api\extract\data\dynamic_poverty_rate_2022.json,bps-data-e46aa53d43b00c96
poverty_rate,192,9100,122,434,62,910019243412262,0000,21.43,2026-02-05 13:03:51,results\api\extract\data\dynamic_poverty_rate_2022.json,bps-data-e46aa53d43b00c96
poverty_rate,192,9100,123,432,61,910019243212361,0000,8.23,2026-02-05 13:03:51,results\api\extract\data\dynamic_poverty_rate_2023.json,bps-data-d8ab23f832cb7cbe
poverty_rate,192,9100,123,433,61,910019243312361,0000,29.2,2026-02-05 13:03:51,results\api\extract\data\dynamic_poverty_rate_2023.json,bps-data-d8ab23f832cb7cbe
poverty_rate,192,9100,123,434,61,910019243412361,0000,20.49,2026-02-05 13:03:51,results\api\extract\data\dynamic_poverty_rate_2023.json,bps-data-d8ab23f832cb7cbe
poverty_rate,192,9100,124,432,61,910019243212461,0000,8.17,2026-02-05 13:03:51,results\api\extract\data\dynamic_poverty_rate_2024.json,bps-data-8c5cb32173251389
poverty_rate,192,9100,124,432,62,910019243212462,0000,9.5,2026-02-05 13:03:51,results\api\extract\data\dynamic_poverty_rate_2024.json,bps-data-8c5cb32173251389
poverty_rate,192,9100,124,433,61,910019243312461,0000,27.68,2026-02-05 13:03:51,results\api\extract\data\dynamic_poverty_rate_2024.json,bps-data-8c5cb32173251389
poverty_rate,192,9100,124,433,62,910019243312462,0000,26.34,2026-02-05 13:03:51,results\api\extract\data\dynamic_poverty_rate_2024.json,bps-data-8c5cb32173251389
poverty_rate,192,9100,124,434,61,910019243412461,0000,21.66,2026-02-05 13:03:51,results\api\extract\data\dynamic_poverty_rate_2024.json,bps-data-8c5cb32173251389
poverty_rate,192,9100,124,434,62,910019243412462,0000,21.09,2026-02-05 13:03:51,results\api\extract\data\dynamic_poverty_rate_2024.json,bps-data-8c5cb32173251389
poverty_rate,192,9200,124,432,61,920019243212461,0000,8.51,2026-02-05 13:03:51,results\api\extract\data\dynamic_poverty_rate_2024.json,bps-data-8c5cb32173251389
poverty_rate,192,9200,124,432,62,920019243212462,0000,8.03,2026-02-05 13:03:51,results\api\extract\data\dynamic_poverty_rate_2024.json,bps-data-8c5cb32173251389
poverty_rate,192,9200,124,433,61,920019243312461,0000,27.78,2026-02-05 13:03:51,results\api\extract\data\dynamic_poverty_rate_2024.json,bps-data-8c5cb32173251389
poverty_rate,192,9200,124,433,62,920019243312462,0000,25.9,2026-02-05 13:03:51,results\api\extract\data\dynamic_poverty_rate_2024.json,bps-data-8c5cb32173251389
poverty_rate,192,9200,124,434,61,920019243412461,0000,18.13,2026-02-05 13:03:51,results\api\extract\data\dynamic_poverty_rate_2024.json,bps-data-8c5cb32173251389
poverty_rate,192,9200,124,434,62,920019243412462,0000,16.95,2026-02-05 13:03:51,results\api\extract\data\dynamic_poverty_rate_2024.json,bps-data-8c5cb32173251389
poverty_rate,192,9400,121,432,61,940019243212161,0000,4.91,2026-02-05 13:03:51,results\api\extract\data\dynamic_poverty_rate_2021.json,bps-data-389fbfd995754e0e
poverty_rate,192,9400,121,432,62,940019243212162,0000,4.94,2026-02-05 13:03:51,results\api\extract\data\dynamic_poverty_rate_2021.json,bps-data-389fbfd995754e0e
poverty_rate,192,9400,121,433,61,940019243312161,0000,35.71,2026-02-05 13:03:51,results\api\extract\data\dynamic_poverty_rate_2021.json,bps-data-389fbfd995754e0e
poverty_rate,192,9400,121,433,62,940019243312162,0000,36.5,2026-02-05 13:03:51,results\api\extract\data\dynamic_poverty_rate_2021.json,bps-data-389fbfd995754e0e
poverty_rate,192,9400,121,434,61,940019243412161,0000,26.86,2026-02-05 13:03:51,results\api\extract\data\dynamic_poverty_rate_2021.json,bps-data-389fbfd995754e0e
poverty_rate,192,9400,121,434,62,940019243412162,0000,27.38,2026-02-05 13:03:51,results\api\extract\data\dynamic_poverty_rate_2021.json,bps-data-389fbfd995754e0e
poverty_rate,192,9400,122,432,61,940019243212261,0000,5.02,2026-02-05 13:03:51,results\api\extract\data\dynamic_poverty_rate_2022.json,bps-data-e46aa53d43b00c96
poverty_rate,192,9400,122,432,62,940019243212262,0000,5.29,2026-02-05 13:03:51,results\api\extract\data\dynamic_poverty_rate_2022.json,bps-data-e46aa53d43b00c96
poverty_rate,192,9400,122,433,61,940019243312261,0000,35.39,2026-02-05 13:03:51,results\api\extract\data\dynamic_poverty_rate_2022.json,bps-data-e46aa53d43b00c96
poverty_rate,192,9400,122,433,62,940019243312262,0000,35.68,2026-02-05 13:03:51,results\api\extract\data\dynamic_poverty_rate_2022.json,bps-data-e46aa53d43b00c96
poverty_rate,192,9400,122,434,61,940019243412261,0000,26.56,2026-02-05 13:03:51,results\api\extract\data\dynamic_poverty_rate_2022.json,bps-data-e46aa53d43b00c96
poverty_rate,192,9400,122,434,62,940019243412262,0000,26.8,2026-02-05 13:03:51,results\api\extract\data\dynamic_poverty_rate_2022.json,bps-data-e46aa53d43b00c96
poverty_rate,192,9400,123,432,61,940019243212361,0000,5.68,2026-02-05 13:03:51,results\api\extract\data\dynamic_poverty_rate_2023.json,bps-data-d8ab23f832cb7cbe
poverty_rate,192,9400,123,433,61,940019243312361,0000,34.49,2026-02-05 13:03:51,results\api\extract\data\dynamic_poverty_rate_2023.json,bps-data-d8ab23f832cb7cbe
poverty_rate,192,9400,123,434,61,940019243412361,0000,26.03,2026-02-05 13:03:51,results\api\extract\data\dynamic_poverty_rate_2023.json,bps-data-d8ab23f832cb7cbe
poverty_rate,192,9400,124,432,61,940019243212461,0000,6.33,2026-02-05 13:03:51,results\api\extract\data\dynamic_poverty_rate_2024.json,bps-data-8c5cb32173251389
poverty_rate,192,9400,124,432,62,940019243212462,0000,5.93,2026-02-05 13:03:51,results\api\extract\data\dynamic_poverty_rate_2024.json,bps-data-8c5cb32173251389
poverty_rate,192,9400,124,433,61,940019243312461,0000,33.67,2026-02-05 13:03:51,results\api\extract\data\dynamic_poverty_rate_2024.json,bps-data-8c5cb32173251389
poverty_rate,192,9400,124,433,62,940019243312462,0000,36.57,2026-02-05 13:03:51,results\api\extract\data\dynamic_poverty_rate_2024.json,bps-data-8c5cb32173251389
poverty_rate,192,9400,124,434,61,940019243412461,0000,17.26,2026-02-05 13:03:51,results\api\extract\data\dynamic_poverty_rate_2024.json,bps-data-8c5cb32173251389
poverty_rate,192,9400,124,434,62,940019243412462,0000,18.09,2026-02-05 13:03:51,results\api\extract\data\dynamic_poverty_rate_2024.json,bps-data-8c5cb32173251389
poverty_rate,192,9500,124,432,61,950019243212461,0000,3.1,2026-02-05 13:03:51,results\api\extract\data\dynamic_poverty_rate_2024.json,bps-data-8c5cb32173251389
poverty_rate,192,9500,124,432,62,950019243212462,0000,3.65,2026-02-05 13:03:51,results\api\extract\data\dynamic_poverty_rate_2024.json,bps-data-8c5cb32173251389
poverty_rate,192,9500,124,433,61,950019243312461,0000,25.64,2026-02-05 13:03:51,results\api\extract\data\dynamic_poverty_rate_2024.json,bps-data-8c5cb32173251389
poverty_rate,192,9500,124,433,62,950019243312462,0000,28.47,2026-02-05 13:03:51,results\api\extract\data\dynamic_poverty_rate_2024.json,bps-data-8c5cb32173251389
poverty_rate,192,9500,124,434,61,950019243412461,0000,17.44,2026-02-05 13:03:51,results\api\extract\data\dynamic_poverty_rate_2024.json,bps-data-8c5cb32173251389
poverty_rate,192,9500,124,434,62,950019243412462,0000,19.35,2026-02-05 13:03:51,results\api\extract\data\dynamic_poverty_rate_2024.json,bps-data-8c5cb32173251389
poverty_rate,192,9600,124,432,61,960019243212461,0000,4.32,2026-02-05 13:03:51,results\api\extract\data\dynamic_poverty_rate_2024.json,bps-data-8c5cb32173251389
poverty_rate,192,9600,124,432,62,960019243212462,0000,5.27,2026-02-05 13:03:51,results\api\extract\data\dynamic_poverty_rate_2024.json,bps-data-8c5cb32173251389
poverty_rate,192,9600,124,433,61,960019243312461,0000,37.98,2026-02-05 13:03:51,results\api\extract\data\dynamic_poverty_rate_2024.json,bps-data-8c5cb32173251389
poverty_rate,192,9600,124,433,62,960019243312462,0000,34.86,2026-02-05 13:03:51,results\api\extract\data\dynamic_poverty_rate_2024.json,bps-data-8c5cb32173251389
poverty_rate,192,9600,124,434,61,960019243412461,0000,29.76,2026-02-05 13:03:51,results\api\extract\data\dynamic_poverty_rate_2024.json,bps-data-8c5cb32173251389
poverty_rate,192,9600,124,434,62,960019243412462,0000,27.6,2026-02-05 13:03:51,results\api\extract\data\dynamic_poverty_rate_2024.json,bps-data-8c5cb32173251389
poverty_rate,192,9700,124,432,61,970019243212461,0000,16.56,2026-02-05 13:03:51,results\api\extract\data\dynamic_poverty_rate_2024.json,bps-data-8c5cb32173251389
poverty_rate,192,9700,124,432,62,970019243212462,0000,12.11,2026-02-05 13:03:51,results\api\extract\data\dynamic_poverty_rate_2024.json,bps-data-8c5cb32173251389
poverty_rate,192,9700,124,433,61,970019243312461,0000,34.21,2026-02-05 13:03:51,results\api\extract\data\dynamic_poverty_rate_2024.json,bps-data-8c5cb32173251389
poverty_rate,192,9700,124,433,62,970019243312462,0000,31.0,2026-02-05 13:03:51,results\api\extract\data\dynamic_poverty_rate_2024.json,bps-data-8c5cb32173251389
poverty_rate,192,9700,124,434,61,970019243412461,0000,32.97,2026-02-05 13:03:51,results\api\extract\data\dynamic_poverty_rate_2024.json,bps-data-8c5cb32173251389
poverty_rate,192,9700,124,434,62,970019243412462,0000,29.66,2026-02-05 13:03:51,results\api\extract\data\dynamic_poverty_rate_2024.json,bps-data-8c5cb32173251389
poverty_rate,192,9999,121,432,61,999919243212161,0000,7.89,2026-02-05 13:03:51,results\api\extract\data\dynamic_poverty_rate_2021.json,bps-data-389fbfd995754e0e
poverty_rate,192,9999,121,432,62,999919243212162,0000,7.6,2026-02-05 13:03:51,results\api\extract\data\dynamic_poverty_rate_2021.json,bps-data-389fbfd995754e0e
poverty_rate,192,9999,121,433,61,999919243312161,0000,13.1,2026-02-05 13:03:51,results\api\extract\data\dynamic_poverty_rate_2021.json,bps-data-389fbfd995754e0e
poverty_rate,192,9999,121,433,62,999919243312162,0000,12.53,2026-02-05 13:03:51,results\api\extract\data\dynamic_poverty_rate_2021.json,bps-data-389fbfd995754e0e
poverty_rate,192,9999,121,434,61,999919243412161,0000,10.14,2026-02-05 13:03:51,results\api\extract\data\dynamic_poverty_rate_2021.json,bps-data-389fbfd995754e0e
poverty_rate,192,9999,121,434,62,999919243412162,0000,9.71,2026-02-05 13:03:51,results\api\extract\data\dynamic_poverty_rate_2021.json,bps-data-389fbfd995754e0e
poverty_rate,192,9999,122,432,61,999919243212261,0000,7.5,2026-02-05 13:03:51,results\api\extract\data\dynamic_poverty_rate_2022.json,bps-data-e46aa53d43b00c96
poverty_rate,192,9999,122,432,62,999919243212262,0000,7.53,2026-02-05 13:03:51,results\api\extract\data\dynamic_poverty_rate_2022.json,bps-data-e46aa53d43b00c96
poverty_rate,192,9999,122,433,61,999919243312261,0000,12.29,2026-02-05 13:03:51,results\api\extract\data\dynamic_poverty_rate_2022.json,bps-data-e46aa53d43b00c96
poverty_rate,192,9999,122,433,62,999919243312262,0000,12.36,2026-02-05 13:03:51,results\api\extract\data\dynamic_poverty_rate_2022.json,bps-data-e46aa53d43b00c96
poverty_rate,192,9999,122,434,61,999919243412261,0000,9.54,2026-02-05 13:03:51,results\api\extract\data\dynamic_poverty_rate_2022.json,bps-data-e46aa53d43b00c96
poverty_rate,192,9999,122,434,62,999919243412262,0000,9.57,2026-02-05 13:03:51,results\api\extract\data\dynamic_poverty_rate_2022.json,bps-data-e46aa53d43b00c96
poverty_rate,192,9999,123,432,61,999919243212361,0000,7.29,2026-02-05 13:03:51,results\api\extract\data\dynamic_poverty_rate_2023.json,bps-data-d8ab23f832cb7cbe
poverty_rate,192,9999,123,433,61,999919243312361,0000,12.22,2026-02-05 13:03:51,results\api\extract\data\dynamic_poverty_rate_2023.json,bps-data-d8ab23f832cb7cbe
poverty_rate,192,9999,123,434,61,999919243412361,0000,9.36,2026-02-05 13:03:51,results\api\extract\data\dynamic_poverty_rate_2023.json,bps-data-d8ab23f832cb7cbe
poverty_rate,192,9999,124,432,61,999919243212461,0000,7.09,2026-02-05 13:03:51,results\api\extract\data\dynamic_poverty_rate_2024.json,bps-data-8c5cb32173251389
poverty_rate,192,9999,124,432,62,999919243212462,0000,6.66,2026-02-05 13:03:51,results\api\extract\data\dynamic_poverty_rate_2024.json,bps-data-8c5cb32173251389
poverty_rate,192,9999,124,433,61,999919243312461,0000,11.79,2026-02-05 13:03:51,results\api\extract\data\dynamic_poverty_rate_2024.json,bps-data-8c5cb32173251389
poverty_rate,192,9999,124,433,62,999919243312462,0000,11.34,2026-02-05 13:03:51,results\api\extract\data\dynamic_poverty_rate_2024.json,bps-data-8c5cb32173251389
poverty_rate,192,9999,124,434,61,999919243412461,0000,9.03,2026-02-05 13:03:51,results\api\extract\data\dynamic_poverty_rate_2024.json,bps-data-8c5cb32173251389
poverty_rate,192,9999,124,434,62,999919243412462,0000,8.57,2026-02-05 13:03:51,results\api\extract\data\dynamic_poverty_rate_2024.json,bps-data-8c5cb32173251389
regional_gdp_growth_constant_2010,291,1100,121,0,0,110029101210,0000,2.81,2026-02-19 10:27:07,results\api\extract\data\dynamic_regional_gdp_growth_constant_2010_2021.json,bps-data-47670095f60f0d79
regional_gdp_growth_constant_2010,291,1100,122,0,0,110029101220,0000,4.21,2026-02-19 10:27:07,results\api\extract\data\dynamic_regional_gdp_growth_constant_2010_2022.json,bps-data-f2910978e6d118d6
regional_gdp_growth_constant_2010,291,1100,123,0,0,110029101230,0000,4.23,2026-02-19 10:27:07,results\api\extract\data\dynamic_regional_gdp_growth_constant_2010_2023.json,bps-data-0b39d247e8bff8b6
regional_gdp_growth_constant_2010,291,1100,124,0,0,110029101240,0000,4.66,2026-02-19 10:27:07,results\api\extract\data\dynamic_regional_gdp_growth_constant_2010_2024.json,bps-data-72cb305a5ceb8b55
regional_gdp_growth_constant_2010,291,1200,121,0,0,120029101210,0000,2.61,2026-02-19 10:27:07,results\api\extract\data\dynamic_regional_gdp_growth_constant_2010_2021.json,bps-data-47670095f60f0d79
regional_gdp_growth_constant_2010,291,1200,122,0,0,120029101220,0000,4.73,2026-02-19 10:27:07,results\api\extract\data\dynamic_regional_gdp_growth_constant_2010_2022.json,bps-data-f2910978e6d118d6
regional_gdp_growth_constant_2010,291,1200,123,0,0,120029101230,0000,5.01,2026-02-19 10:27:07,results\api\extract\data\dynamic_regional_gdp_growth_constant_2010_2023.json,bps-data-0b39d247e8bff8b6
regional_gdp_growth_constant_2010,291,1200,124,0,0,120029101240,0000,5.03,2026-02-19 10:27:07,results\api\extract\data\dynamic_regional_gdp_growth_constant_2010_2024.json,bps-data-72cb305a5ceb8b55
regional_gdp_growth_constant_2010,291,1300,121,0,0,130029101210,0000,3.29,2026-02-19 10:27:07,results\api\extract\data\dynamic_regional_gdp_growth_constant_2010_2021.json,bps-data-47670095f60f0d79
regional_gdp_growth_constant_2010,291,1300,122,0,0,130029101220,0000,4.36,2026-02-19 10:27:07,results\api\extract\data\dynamic_regional_gdp_growth_constant_2010_2022.json,bps-data-f2910978e6d118d6
regional_gdp_growth_constant_2010,291,1300,123,0,0,130029101230,0000,4.62,2026-02-19 10:27:07,results\api\extract\data\dynamic_regional_gdp_growth_constant_2010_2023.json,bps-data-0b39d247e8bff8b6
regional_gdp_growth_constant_2010,291,1300,124,0,0,130029101240,0000,4.37,2026-02-19 10:27:07,results\api\extract\data\dynamic_regional_gdp_growth_constant_2010_2024.json,bps-data-72cb305a5ceb8b55
regional_gdp_growth_constant_2010,291,1400,121,0,0,140029101210,0000,3.36,2026-02-19 10:27:07,results\api\extract\data\dynamic_regional_gdp_growth_constant_2010_2021.json,bps-data-47670095f60f0d79
regional_gdp_growth_constant_2010,291,1400,122,0,0,140029101220,0000,4.55,2026-02-19 10:27:07,results\api\extract\data\dynamic_regional_gdp_growth_constant_2010_2022.json,bps-data-f2910978e6d118d6
regional_gdp_growth_constant_2010,291,1400,123,0,0,140029101230,0000,4.21,2026-02-19 10:27:07,results\api\extract\data\dynamic_regional_gdp_growth_constant_2010_2023.json,bps-data-0b39d247e8bff8b6
regional_gdp_growth_constant_2010,291,1400,124,0,0,140029101240,0000,3.52,2026-02-19 10:27:07,results\api\extract\data\dynamic_regional_gdp_growth_constant_2010_2024.json,bps-data-72cb305a5ceb8b55
regional_gdp_growth_constant_2010,291,1500,121,0,0,150029101210,0000,3.7,2026-02-19 10:27:07,results\api\extract\data\dynamic_regional_gdp_growth_constant_2010_2021.json,bps-data-47670095f60f0d79
regional_gdp_growth_constant_2010,291,1500,122,0,0,150029101220,0000,5.12,2026-02-19 10:27:07,results\api\extract\data\dynamic_regional_gdp_growth_constant_2010_2022.json,bps-data-f2910978e6d118d6
regional_gdp_growth_constant_2010,291,1500,123,0,0,150029101230,0000,4.65,2026-02-19 10:27:07,results\api\extract\data\dynamic_regional_gdp_growth_constant_2010_2023.json,bps-data-0b39d247e8bff8b6
regional_gdp_growth_constant_2010,291,1500,124,0,0,150029101240,0000,4.5,2026-02-19 10:27:07,results\api\extract\data\dynamic_regional_gdp_growth_constant_2010_2024.json,bps-data-72cb305a5ceb8b55
regional_gdp_growth_constant_2010,291,1600,121,0,0,160029101210,0000,3.58,2026-02-19 10:27:07,results\api\extract\data\dynamic_regional_gdp_growth_constant_2010_2021.json,bps-data-47670095f60f0d79
regional_gdp_growth_constant_2010,291,1600,122,0,0,160029101220,0000,5.24,2026-02-19 10:27:07,results\api\extract\data\dynamic_regional_gdp_growth_constant_2010_2022.json,bps-data-f2910978e6d118d6
regional_gdp_growth_constant_2010,291,1600,123,0,0,160029101230,0000,5.08,2026-02-19 10:27:07,results\api\extract\data\dynamic_regional_gdp_growth_constant_2010_2023.json,bps-data-0b39d247e8bff8b6
regional_gdp_growth_constant_2010,291,1600,124,0,0,160029101240,0000,5.03,2026-02-19 10:27:07,results\api\extract\data\dynamic_regional_gdp_growth_constant_2010_2024.json,bps-data-72cb305a5ceb8b55
regional_gdp_growth_constant_2010,291,1700,121,0,0,170029101210,0000,3.27,2026-02-19 10:27:07,results\api\extract\data\dynamic_regional_gdp_growth_constant_2010_2021.json,bps-data-47670095f60f0d79
regional_gdp_growth_constant_2010,291,1700,122,0,0,170029101220,0000,4.31,2026-02-19 10:27:07,results\api\extract\data\dynamic_regional_gdp_growth_constant_2010_2022.json,bps-data-f2910978e6d118d6
regional_gdp_growth_constant_2010,291,1700,123,0,0,170029101230,0000,4.28,2026-02-19 10:27:07,results\api\extract\data\dynamic_regional_gdp_growth_constant_2010_2023.json,bps-data-0b39d247e8bff8b6
regional_gdp_growth_constant_2010,291,1700,124,0,0,170029101240,0000,4.62,2026-02-19 10:27:07,results\api\extract\data\dynamic_regional_gdp_growth_constant_2010_2024.json,bps-data-72cb305a5ceb8b55
regional_gdp_growth_constant_2010,291,1800,121,0,0,180029101210,0000,2.77,2026-02-19 10:27:07,results\api\extract\data\dynamic_regional_gdp_growth_constant_2010_2021.json,bps-data-47670095f60f0d79
regional_gdp_growth_constant_2010,291,1800,122,0,0,180029101220,0000,4.28,2026-02-19 10:27:07,results\api\extract\data\dynamic_regional_gdp_growth_constant_2010_2022.json,bps-data-f2910978e6d118d6
regional_gdp_growth_constant_2010,291,1800,123,0,0,180029101230,0000,4.55,2026-02-19 10:27:07,results\api\extract\data\dynamic_regional_gdp_growth_constant_2010_2023.json,bps-data-0b39d247e8bff8b6
regional_gdp_growth_constant_2010,291,1800,124,0,0,180029101240,0000,4.57,2026-02-19 10:27:07,results\api\extract\data\dynamic_regional_gdp_growth_constant_2010_2024.json,bps-data-72cb305a5ceb8b55
regional_gdp_growth_constant_2010,291,1900,121,0,0,190029101210,0000,5.05,2026-02-19 10:27:07,results\api\extract\data\dynamic_regional_gdp_growth_constant_2010_2021.json,bps-data-47670095f60f0d79
regional_gdp_growth_constant_2010,291,1900,122,0,0,190029101220,0000,4.4,2026-02-19 10:27:07,results\api\extract\data\dynamic_regional_gdp_growth_constant_2010_2022.json,bps-data-f2910978e6d118d6
regional_gdp_growth_constant_2010,291,1900,123,0,0,190029101230,0000,4.38,2026-02-19 10:27:07,results\api\extract\data\dynamic_regional_gdp_growth_constant_2010_2023.json,bps-data-0b39d247e8bff8b6
regional_gdp_growth_constant_2010,291,1900,124,0,0,190029101240,0000,0.77,2026-02-19 10:27:07,results\api\extract\data\dynamic_regional_gdp_growth_constant_2010_2024.json,bps-data-72cb305a5ceb8b55
regional_gdp_growth_constant_2010,291,2100,121,0,0,210029101210,0000,3.43,2026-02-19 10:27:07,results\api\extract\data\dynamic_regional_gdp_growth_constant_2010_2021.json,bps-data-47670095f60f0d79
regional_gdp_growth_constant_2010,291,2100,122,0,0,210029101220,0000,5.06,2026-02-19 10:27:07,results\api\extract\data\dynamic_regional_gdp_growth_constant_2010_2022.json,bps-data-f2910978e6d118d6
regional_gdp_growth_constant_2010,291,2100,123,0,0,210029101230,0000,5.16,2026-02-19 10:27:07,results\api\extract\data\dynamic_regional_gdp_growth_constant_2010_2023.json,bps-data-0b39d247e8bff8b6
regional_gdp_growth_constant_2010,291,2100,124,0,0,210029101240,0000,5.02,2026-02-19 10:27:07,results\api\extract\data\dynamic_regional_gdp_growth_constant_2010_2024.json,bps-data-72cb305a5ceb8b55
regional_gdp_growth_constant_2010,291,3100,121,0,0,310029101210,0000,3.55,2026-02-19 10:27:07,results\api\extract\data\dynamic_regional_gdp_growth_constant_2010_2021.json,bps-data-47670095f60f0d79
regional_gdp_growth_constant_2010,291,3100,122,0,0,310029101220,0000,5.25,2026-02-19 10:27:07,results\api\extract\data\dynamic_regional_gdp_growth_constant_2010_2022.json,bps-data-f2910978e6d118d6
regional_gdp_growth_constant_2010,291,3100,123,0,0,310029101230,0000,4.96,2026-02-19 10:27:07,results\api\extract\data\dynamic_regional_gdp_growth_constant_2010_2023.json,bps-data-0b39d247e8bff8b6
regional_gdp_growth_constant_2010,291,3100,124,0,0,310029101240,0000,4.91,2026-02-19 10:27:07,results\api\extract\data\dynamic_regional_gdp_growth_constant_2010_2024.json,bps-data-72cb305a5ceb8b55
regional_gdp_growth_constant_2010,291,3200,121,0,0,320029101210,0000,3.74,2026-02-19 10:27:07,results\api\extract\data\dynamic_regional_gdp_growth_constant_2010_2021.json,bps-data-47670095f60f0d79
regional_gdp_growth_constant_2010,291,3200,122,0,0,320029101220,0000,5.45,2026-02-19 10:27:07,results\api\extract\data\dynamic_regional_gdp_growth_constant_2010_2022.json,bps-data-f2910978e6d118d6
regional_gdp_growth_constant_2010,291,3200,123,0,0,320029101230,0000,5.0,2026-02-19 10:27:07,results\api\extract\data\dynamic_regional_gdp_growth_constant_2010_2023.json,bps-data-0b39d247e8bff8b6
regional_gdp_growth_constant_2010,291,3200,124,0,0,320029101240,0000,4.95,2026-02-19 10:27:07,results\api\extract\data\dynamic_regional_gdp_growth_constant_2010_2024.json,bps-data-72cb305a5ceb8b55
regional_gdp_growth_constant_2010,291,3300,121,0,0,330029101210,0000,3.33,2026-02-19 10:27:07,results\api\extract\data\dynamic_regional_gdp_growth_constant_2010_2021.json,bps-data-47670095f60f0d79
regional_gdp_growth_constant_2010,291,3300,122,0,0,330029101220,0000,5.31,2026-02-19 10:27:07,results\api\extract\data\dynamic_regional_gdp_growth_constant_2010_2022.json,bps-data-f2910978e6d118d6
regional_gdp_growth_constant_2010,291,3300,123,0,0,330029101230,0000,4.97,2026-02-19 10:27:07,results\api\extract\data\dynamic_regional_gdp_growth_constant_2010_2023.json,bps-data-0b39d247e8bff8b6
regional_gdp_growth_constant_2010,291,3300,124,0,0,330029101240,0000,4.95,2026-02-19 10:27:07,results\api\extract\data\dynamic_regional_gdp_growth_constant_2010_2024.json,bps-data-72cb305a5ceb8b55
regional_gdp_growth_constant_2010,291,3400,121,0,0,340029101210,0000,5.58,2026-02-19 10:27:07,results\api\extract\data\dynamic_regional_gdp_growth_constant_2010_2021.json,bps-data-47670095f60f0d79
regional_gdp_growth_constant_2010,291,3400,122,0,0,340029101220,0000,5.15,2026-02-19 10:27:07,results\api\extract\data\dynamic_regional_gdp_growth_constant_2010_2022.json,bps-data-f2910978e6d118d6
regional_gdp_growth_constant_2010,291,3400,123,0,0,340029101230,0000,5.07,2026-02-19 10:27:07,results\api\extract\data\dynamic_regional_gdp_growth_constant_2010_2023.json,bps-data-0b39d247e8bff8b6
regional_gdp_growth_constant_2010,291,3400,124,0,0,340029101240,0000,5.03,2026-02-19 10:27:07,results\api\extract\data\dynamic_regional_gdp_growth_constant_2010_2024.json,bps-data-72cb305a5ceb8b55
regional_gdp_growth_constant_2010,291,3500,121,0,0,350029101210,0000,3.56,2026-02-19 10:27:07,results\api\extract\data\dynamic_regional_gdp_growth_constant_2010_2021.json,bps-data-47670095f60f0d79
regional_gdp_growth_constant_2010,291,3500,122,0,0,350029101220,0000,5.34,2026-02-19 10:27:07,results\api\extract\data\dynamic_regional_gdp_growth_constant_2010_2022.json,bps-data-f2910978e6d118d6
regional_gdp_growth_constant_2010,291,3500,123,0,0,350029101230,0000,4.95,2026-02-19 10:27:07,results\api\extract\data\dynamic_regional_gdp_growth_constant_2010_2023.json,bps-data-0b39d247e8bff8b6
regional_gdp_growth_constant_2010,291,3500,124,0,0,350029101240,0000,4.93,2026-02-19 10:27:07,results\api\extract\data\dynamic_regional_gdp_growth_constant_2010_2024.json,bps-data-72cb305a5ceb8b55
regional_gdp_growth_constant_2010,291,3600,121,0,0,360029101210,0000,4.49,2026-02-19 10:27:07,results\api\extract\data\dynamic_regional_gdp_growth_constant_2010_2021.json,bps-data-47670095f60f0d79
regional_gdp_growth_constant_2010,291,3600,122,0,0,360029101220,0000,5.03,2026-02-19 10:27:07,results\api\extract\data\dynamic_regional_gdp_growth_constant_2010_2022.json,bps-data-f2910978e6d118d6
regional_gdp_growth_constant_2010,291,3600,123,0,0,360029101230,0000,4.81,2026-02-19 10:27:07,results\api\extract\data\dynamic_regional_gdp_growth_constant_2010_2023.json,bps-data-0b39d247e8bff8b6
regional_gdp_growth_constant_2010,291,3600,124,0,0,360029101240,0000,4.79,2026-02-19 10:27:07,results\api\extract\data\dynamic_regional_gdp_growth_constant_2010_2024.json,bps-data-72cb305a5ceb8b55
regional_gdp_growth_constant_2010,291,5100,121,0,0,510029101210,0000,-2.46,2026-02-19 10:27:07,results\api\extract\data\dynamic_regional_gdp_growth_constant_2010_2021.json,bps-data-47670095f60f0d79
regional_gdp_growth_constant_2010,291,5100,122,0,0,510029101220,0000,4.84,2026-02-19 10:27:07,results\api\extract\data\dynamic_regional_gdp_growth_constant_2010_2022.json,bps-data-f2910978e6d118d6
regional_gdp_growth_constant_2010,291,5100,123,0,0,510029101230,0000,5.72,2026-02-19 10:27:07,results\api\extract\data\dynamic_regional_gdp_growth_constant_2010_2023.json,bps-data-0b39d247e8bff8b6
regional_gdp_growth_constant_2010,291,5100,124,0,0,510029101240,0000,5.48,2026-02-19 10:27:07,results\api\extract\data\dynamic_regional_gdp_growth_constant_2010_2024.json,bps-data-72cb305a5ceb8b55
regional_gdp_growth_constant_2010,291,5200,121,0,0,520029101210,0000,2.3,2026-02-19 10:27:07,results\api\extract\data\dynamic_regional_gdp_growth_constant_2010_2021.json,bps-data-47670095f60f0d79
regional_gdp_growth_constant_2010,291,5200,122,0,0,520029101220,0000,6.95,2026-02-19 10:27:07,results\api\extract\data\dynamic_regional_gdp_growth_constant_2010_2022.json,bps-data-f2910978e6d118d6
regional_gdp_growth_constant_2010,291,5200,123,0,0,520029101230,0000,1.8,2026-02-19 10:27:07,results\api\extract\data\dynamic_regional_gdp_growth_constant_2010_2023.json,bps-data-0b39d247e8bff8b6
regional_gdp_growth_constant_2010,291,5200,124,0,0,520029101240,0000,5.3,2026-02-19 10:27:07,results\api\extract\data\dynamic_regional_gdp_growth_constant_2010_2024.json,bps-data-72cb305a5ceb8b55
regional_gdp_growth_constant_2010,291,5300,121,0,0,530029101210,0000,2.52,2026-02-19 10:27:07,results\api\extract\data\dynamic_regional_gdp_growth_constant_2010_2021.json,bps-data-47670095f60f0d79
regional_gdp_growth_constant_2010,291,5300,122,0,0,530029101220,0000,3.08,2026-02-19 10:27:07,results\api\extract\data\dynamic_regional_gdp_growth_constant_2010_2022.json,bps-data-f2910978e6d118d6
regional_gdp_growth_constant_2010,291,5300,123,0,0,530029101230,0000,3.49,2026-02-19 10:27:07,results\api\extract\data\dynamic_regional_gdp_growth_constant_2010_2023.json,bps-data-0b39d247e8bff8b6
regional_gdp_growth_constant_2010,291,5300,124,0,0,530029101240,0000,3.87,2026-02-19 10:27:07,results\api\extract\data\dynamic_regional_gdp_growth_constant_2010_2024.json,bps-data-72cb305a5ceb8b55
regional_gdp_growth_constant_2010,291,6100,121,0,0,610029101210,0000,4.8,2026-02-19 10:27:07,results\api\extract\data\dynamic_regional_gdp_growth_constant_2010_2021.json,bps-data-47670095f60f0d79
regional_gdp_growth_constant_2010,291,6100,122,0,0,610029101220,0000,5.07,2026-02-19 10:27:07,results\api\extract\data\dynamic_regional_gdp_growth_constant_2010_2022.json,bps-data-f2910978e6d118d6
regional_gdp_growth_constant_2010,291,6100,123,0,0,610029101230,0000,4.46,2026-02-19 10:27:07,results\api\extract\data\dynamic_regional_gdp_growth_constant_2010_2023.json,bps-data-0b39d247e8bff8b6
regional_gdp_growth_constant_2010,291,6100,124,0,0,610029101240,0000,4.9,2026-02-19 10:27:07,results\api\extract\data\dynamic_regional_gdp_growth_constant_2010_2024.json,bps-data-72cb305a5ceb8b55
regional_gdp_growth_constant_2010,291,6200,121,0,0,620029101210,0000,3.59,2026-02-19 10:27:07,results\api\extract\data\dynamic_regional_gdp_growth_constant_2010_2021.json,bps-data-47670095f60f0d79
regional_gdp_growth_constant_2010,291,6200,122,0,0,620029101220,0000,6.45,2026-02-19 10:27:07,results\api\extract\data\dynamic_regional_gdp_growth_constant_2010_2022.json,bps-data-f2910978e6d118d6
regional_gdp_growth_constant_2010,291,6200,123,0,0,620029101230,0000,4.14,2026-02-19 10:27:07,results\api\extract\data\dynamic_regional_gdp_growth_constant_2010_2023.json,bps-data-0b39d247e8bff8b6
regional_gdp_growth_constant_2010,291,6200,124,0,0,620029101240,0000,4.46,2026-02-19 10:27:07,results\api\extract\data\dynamic_regional_gdp_growth_constant_2010_2024.json,bps-data-72cb305a5ceb8b55
regional_gdp_growth_constant_2010,291,6300,121,0,0,630029101210,0000,3.48,2026-02-19 10:27:07,results\api\extract\data\dynamic_regional_gdp_growth_constant_2010_2021.json,bps-data-47670095f60f0d79
regional_gdp_growth_constant_2010,291,6300,122,0,0,630029101220,0000,5.11,2026-02-19 10:27:07,results\api\extract\data\dynamic_regional_gdp_growth_constant_2010_2022.json,bps-data-f2910978e6d118d6
regional_gdp_growth_constant_2010,291,6300,123,0,0,630029101230,0000,4.84,2026-02-19 10:27:07,results\api\extract\data\dynamic_regional_gdp_growth_constant_2010_2023.json,bps-data-0b39d247e8bff8b6
regional_gdp_growth_constant_2010,291,6300,124,0,0,630029101240,0000,5.06,2026-02-19 10:27:07,results\api\extract\data\dynamic_regional_gdp_growth_constant_2010_2024.json,bps-data-72cb305a5ceb8b55
regional_gdp_growth_constant_2010,291,6400,121,0,0,640029101210,0000,2.55,2026-02-19 10:27:07,results\api\extract\data\dynamic_regional_gdp_growth_constant_2010_2021.json,bps-data-47670095f60f0d79
regional_gdp_growth_constant_2010,291,6400,122,0,0,640029101220,0000,4.48,2026-02-19 10:27:07,results\api\extract\data\dynamic_regional_gdp_growth_constant_2010_2022.json,bps-data-f2910978e6d118d6
regional_gdp_growth_constant_2010,291,6400,123,0,0,640029101230,0000,6.22,2026-02-19 10:27:07,results\api\extract\data\dynamic_regional_gdp_growth_constant_2010_2023.json,bps-data-0b39d247e8bff8b6
regional_gdp_growth_constant_2010,291,6400,124,0,0,640029101240,0000,6.17,2026-02-19 10:27:07,results\api\extract\data\dynamic_regional_gdp_growth_constant_2010_2024.json,bps-data-72cb305a5ceb8b55
regional_gdp_growth_constant_2010,291,6500,121,0,0,650029101210,0000,3.99,2026-02-19 10:27:07,results\api\extract\data\dynamic_regional_gdp_growth_constant_2010_2021.json,bps-data-47670095f60f0d79
regional_gdp_growth_constant_2010,291,6500,122,0,0,650029101220,0000,5.32,2026-02-19 10:27:07,results\api\extract\data\dynamic_regional_gdp_growth_constant_2010_2022.json,bps-data-f2910978e6d118d6
regional_gdp_growth_constant_2010,291,6500,123,0,0,650029101230,0000,4.96,2026-02-19 10:27:07,results\api\extract\data\dynamic_regional_gdp_growth_constant_2010_2023.json,bps-data-0b39d247e8bff8b6
regional_gdp_growth_constant_2010,291,6500,124,0,0,650029101240,0000,4.73,2026-02-19 10:27:07,results\api\extract\data\dynamic_regional_gdp_growth_constant_2010_2024.json,bps-data-72cb305a5ceb8b55
regional_gdp_growth_constant_2010,291,7100,121,0,0,710029101210,0000,4.16,2026-02-19 10:27:07,results\api\extract\data\dynamic_regional_gdp_growth_constant_2010_2021.json,bps-data-47670095f60f0d79
regional_gdp_growth_constant_2010,291,7100,122,0,0,710029101220,0000,5.42,2026-02-19 10:27:07,results\api\extract\data\dynamic_regional_gdp_growth_constant_2010_2022.json,bps-data-f2910978e6d118d6
regional_gdp_growth_constant_2010,291,7100,123,0,0,710029101230,0000,5.48,2026-02-19 10:27:07,results\api\extract\data\dynamic_regional_gdp_growth_constant_2010_2023.json,bps-data-0b39d247e8bff8b6
regional_gdp_growth_constant_2010,291,7100,124,0,0,710029101240,0000,5.39,2026-02-19 10:27:07,results\api\extract\data\dynamic_regional_gdp_growth_constant_2010_2024.json,bps-data-72cb305a5ceb8b55
regional_gdp_growth_constant_2010,291,7200,121,0,0,720029101210,0000,11.68,2026-02-19 10:27:07,results\api\extract\data\dynamic_regional_gdp_growth_constant_2010_2021.json,bps-data-47670095f60f0d79
regional_gdp_growth_constant_2010,291,7200,122,0,0,720029101220,0000,15.22,2026-02-19 10:27:07,results\api\extract\data\dynamic_regional_gdp_growth_constant_2010_2022.json,bps-data-f2910978e6d118d6
regional_gdp_growth_constant_2010,291,7200,123,0,0,720029101230,0000,11.91,2026-02-19 10:27:07,results\api\extract\data\dynamic_regional_gdp_growth_constant_2010_2023.json,bps-data-0b39d247e8bff8b6
regional_gdp_growth_constant_2010,291,7200,124,0,0,720029101240,0000,9.89,2026-02-19 10:27:07,results\api\extract\data\dynamic_regional_gdp_growth_constant_2010_2024.json,bps-data-72cb305a5ceb8b55
regional_gdp_growth_constant_2010,291,7300,121,0,0,730029101210,0000,4.64,2026-02-19 10:27:07,results\api\extract\data\dynamic_regional_gdp_growth_constant_2010_2021.json,bps-data-47670095f60f0d79
regional_gdp_growth_constant_2010,291,7300,122,0,0,730029101220,0000,5.1,2026-02-19 10:27:07,results\api\extract\data\dynamic_regional_gdp_growth_constant_2010_2022.json,bps-data-f2910978e6d118d6
regional_gdp_growth_constant_2010,291,7300,123,0,0,730029101230,0000,4.51,2026-02-19 10:27:07,results\api\extract\data\dynamic_regional_gdp_growth_constant_2010_2023.json,bps-data-0b39d247e8bff8b6
regional_gdp_growth_constant_2010,291,7300,124,0,0,730029101240,0000,5.02,2026-02-19 10:27:07,results\api\extract\data\dynamic_regional_gdp_growth_constant_2010_2024.json,bps-data-72cb305a5ceb8b55
regional_gdp_growth_constant_2010,291,7400,121,0,0,740029101210,0000,4.1,2026-02-19 10:27:07,results\api\extract\data\dynamic_regional_gdp_growth_constant_2010_2021.json,bps-data-47670095f60f0d79
regional_gdp_growth_constant_2010,291,7400,122,0,0,740029101220,0000,5.53,2026-02-19 10:27:07,results\api\extract\data\dynamic_regional_gdp_growth_constant_2010_2022.json,bps-data-f2910978e6d118d6
regional_gdp_growth_constant_2010,291,7400,123,0,0,740029101230,0000,5.35,2026-02-19 10:27:07,results\api\extract\data\dynamic_regional_gdp_growth_constant_2010_2023.json,bps-data-0b39d247e8bff8b6
regional_gdp_growth_constant_2010,291,7400,124,0,0,740029101240,0000,5.4,2026-02-19 10:27:07,results\api\extract\data\dynamic_regional_gdp_growth_constant_2010_2024.json,bps-data-72cb305a5ceb8b55
regional_gdp_growth_constant_2010,291,7500,121,0,0,750029101210,0000,2.4,2026-02-19 10:27:07,results\api\extract\data\dynamic_regional_gdp_growth_constant_2010_2021.json,bps-data-47670095f60f0d79
regional_gdp_growth_constant_2010,291,7500,122,0,0,750029101220,0000,4.03,2026-02-19 10:27:07,results\api\extract\data\dynamic_regional_gdp_growth_constant_2010_2022.json,bps-data-f2910978e6d118d6
regional_gdp_growth_constant_2010,291,7500,123,0,0,750029101230,0000,4.5,2026-02-19 10:27:07,results\api\extract\data\dynamic_regional_gdp_growth_constant_2010_2023.json,bps-data-0b39d247e8bff8b6
regional_gdp_growth_constant_2010,291,7500,124,0,0,750029101240,0000,4.13,2026-02-19 10:27:07,results\api\extract\data\dynamic_regional_gdp_growth_constant_2010_2024.json,bps-data-72cb305a5ceb8b55
regional_gdp_growth_constant_2010,291,7600,121,0,0,760029101210,0000,2.57,2026-02-19 10:27:07,results\api\extract\data\dynamic_regional_gdp_growth_constant_2010_2021.json,bps-data-47670095f60f0d79
regional_gdp_growth_constant_2010,291,7600,122,0,0,760029101220,0000,2.26,2026-02-19 10:27:07,results\api\extract\data\dynamic_regional_gdp_growth_constant_2010_2022.json,bps-data-f2910978e6d118d6
regional_gdp_growth_constant_2010,291,7600,123,0,0,760029101230,0000,5.23,2026-02-19 10:27:07,results\api\extract\data\dynamic_regional_gdp_growth_constant_2010_2023.json,bps-data-0b39d247e8bff8b6
regional_gdp_growth_constant_2010,291,7600,124,0,0,760029101240,0000,4.76,2026-02-19 10:27:07,results\api\extract\data\dynamic_regional_gdp_growth_constant_2010_2024.json,bps-data-72cb305a5ceb8b55
regional_gdp_growth_constant_2010,291,8100,121,0,0,810029101210,0000,3.63,2026-02-19 10:27:07,results\api\extract\data\dynamic_regional_gdp_growth_constant_2010_2021.json,bps-data-47670095f60f0d79
regional_gdp_growth_constant_2010,291,8100,122,0,0,810029101220,0000,5.31,2026-02-19 10:27:07,results\api\extract\data\dynamic_regional_gdp_growth_constant_2010_2022.json,bps-data-f2910978e6d118d6
regional_gdp_growth_constant_2010,291,8100,123,0,0,810029101230,0000,5.21,2026-02-19 10:27:07,results\api\extract\data\dynamic_regional_gdp_growth_constant_2010_2023.json,bps-data-0b39d247e8bff8b6
regional_gdp_growth_constant_2010,291,8100,124,0,0,810029101240,0000,5.34,2026-02-19 10:27:07,results\api\extract\data\dynamic_regional_gdp_growth_constant_2010_2024.json,bps-data-72cb305a5ceb8b55
regional_gdp_growth_constant_2010,291,8200,121,0,0,820029101210,0000,16.79,2026-02-19 10:27:07,results\api\extract\data\dynamic_regional_gdp_growth_constant_2010_2021.json,bps-data-47670095f60f0d79
regional_gdp_growth_constant_2010,291,8200,122,0,0,820029101220,0000,22.94,2026-02-19 10:27:07,results\api\extract\data\dynamic_regional_gdp_growth_constant_2010_2022.json,bps-data-f2910978e6d118d6
regional_gdp_growth_constant_2010,291,8200,123,0,0,820029101230,0000,21.57,2026-02-19 10:27:07,results\api\extract\data\dynamic_regional_gdp_growth_constant_2010_2023.json,bps-data-0b39d247e8bff8b6
regional_gdp_growth_constant_2010,291,8200,124,0,0,820029101240,0000,13.92,2026-02-19 10:27:07,results\api\extract\data\dynamic_regional_gdp_growth_constant_2010_2024.json,bps-data-72cb305a5ceb8b55
regional_gdp_growth_constant_2010,291,9100,121,0,0,910029101210,0000,-0.51,2026-02-19 10:27:07,results\api\extract\data\dynamic_regional_gdp_growth_constant_2010_2021.json,bps-data-47670095f60f0d79
regional_gdp_growth_constant_2010,291,9100,122,0,0,910029101220,0000,2.03,2026-02-19 10:27:07,results\api\extract\data\dynamic_regional_gdp_growth_constant_2010_2022.json,bps-data-f2910978e6d118d6
regional_gdp_growth_constant_2010,291,9100,123,0,0,910029101230,0000,5.18,2026-02-19 10:27:07,results\api\extract\data\dynamic_regional_gdp_growth_constant_2010_2023.json,bps-data-0b39d247e8bff8b6
regional_gdp_growth_constant_2010,291,9100,124,0,0,910029101240,0000,20.8,2026-02-19 10:27:07,results\api\extract\data\dynamic_regional_gdp_growth_constant_2010_2024.json,bps-data-72cb305a5ceb8b55
regional_gdp_growth_constant_2010,291,9200,123,0,0,920029101230,0000,1.82,2026-02-19 10:27:07,results\api\extract\data\dynamic_regional_gdp_growth_constant_2010_2023.json,bps-data-0b39d247e8bff8b6
regional_gdp_growth_constant_2010,291,9200,124,0,0,920029101240,0000,3.6,2026-02-19 10:27:07,results\api\extract\data\dynamic_regional_gdp_growth_constant_2010_2024.json,bps-data-72cb305a5ceb8b55
regional_gdp_growth_constant_2010,291,9400,121,0,0,940029101210,0000,15.16,2026-02-19 10:27:07,results\api\extract\data\dynamic_regional_gdp_growth_constant_2010_2021.json,bps-data-47670095f60f0d79
regional_gdp_growth_constant_2010,291,9400,122,0,0,940029101220,0000,8.97,2026-02-19 10:27:07,results\api\extract\data\dynamic_regional_gdp_growth_constant_2010_2022.json,bps-data-f2910978e6d118d6
regional_gdp_growth_constant_2010,291,9400,123,0,0,940029101230,0000,4.22,2026-02-19 10:27:07,results\api\extract\data\dynamic_regional_gdp_growth_constant_2010_2023.json,bps-data-0b39d247e8bff8b6
regional_gdp_growth_constant_2010,291,9400,124,0,0,940029101240,0000,4.11,2026-02-19 10:27:07,results\api\extract\data\dynamic_regional_gdp_growth_constant_2010_2024.json,bps-data-72cb305a5ceb8b55
regional_gdp_growth_constant_2010,291,9500,123,0,0,950029101230,0000,4.23,2026-02-19 10:27:07,results\api\extract\data\dynamic_regional_gdp_growth_constant_2010_2023.json,bps-data-0b39d247e8bff8b6
regional_gdp_growth_constant_2010,291,9500,124,0,0,950029101240,0000,5.09,2026-02-19 10:27:07,results\api\extract\data\dynamic_regional_gdp_growth_constant_2010_2024.json,bps-data-72cb305a5ceb8b55
regional_gdp_growth_constant_2010,291,9600,123,0,0,960029101230,0000,5.95,2026-02-19 10:27:07,results\api\extract\data\dynamic_regional_gdp_growth_constant_2010_2023.json,bps-data-0b39d247e8bff8b6
regional_gdp_growth_constant_2010,291,9600,124,0,0,960029101240,0000,4.36,2026-02-19 10:27:07,results\api\extract\data\dynamic_regional_gdp_growth_constant_2010_2024.json,bps-data-72cb305a5ceb8b55
regional_gdp_growth_constant_2010,291,9700,123,0,0,970029101230,0000,4.78,2026-02-19 10:27:07,results\api\extract\data\dynamic_regional_gdp_growth_constant_2010_2023.json,bps-data-0b39d247e8bff8b6
regional_gdp_growth_constant_2010,291,9700,124,0,0,970029101240,0000,4.75,2026-02-19 10:27:07,results\api\extract\data\dynamic_regional_gdp_growth_constant_2010_2024.json,bps-data-72cb305a5ceb8b55
regional_gdp_growth_constant_2010,291,9999,121,0,0,999929101210,0000,3.7,2026-02-19 10:27:07,results\api\extract\data\dynamic_regional_gdp_growth_constant_2010_2021.json,bps-data-47670095f60f0d79
regional_gdp_growth_constant_2010,291,9999,122,0,0,999929101220,0000,5.31,2026-02-19 10:27:07,results\api\extract\data\dynamic_regional_gdp_growth_constant_2010_2022.json,bps-data-f2910978e6d118d6
regional_gdp_growth_constant_2010,291,9999,123,0,0,999929101230,0000,5.05,2026-02-19 10:27:07,results\api\extract\data\dynamic_regional_gdp_growth_constant_2010_2023.json,bps-data-0b39d247e8bff8b6
regional_gdp_growth_constant_2010,291,9999,124,0,0,999929101240,0000,5.03,2026-02-19 10:27:07,results\api\extract\data\dynamic_regional_gdp_growth_constant_2010_2024.json,bps-data-72cb305a5ceb8b55
mean_years_schooling_new_method,415,1100,121,0,0,110041501210,0000,9.37,2025-11-05 12:00:46,results\api\extract\data\dynamic_mean_years_schooling_new_method_2021.json,bps-data-0c5c8c6bbcc24cd9
mean_years_schooling_new_method,415,1100,122,0,0,110041501220,0000,9.44,2025-11-05 12:00:46,results\api\extract\data\dynamic_mean_years_schooling_new_method_2022.json,bps-data-cfe0654330afe1eb
mean_years_schooling_new_method,415,1100,123,0,0,110041501230,0000,9.55,2025-11-05 12:00:46,results\api\extract\data\dynamic_mean_years_schooling_new_method_2023.json,bps-data-6b97f25855ece024
mean_years_schooling_new_method,415,1100,124,0,0,110041501240,0000,9.64,2025-11-05 12:00:46,results\api\extract\data\dynamic_mean_years_schooling_new_method_2024.json,bps-data-fa22b966ff2b1e98
mean_years_schooling_new_method,415,1101,121,0,0,110141501210,0000,9.48,2025-11-05 12:00:46,results\api\extract\data\dynamic_mean_years_schooling_new_method_2021.json,bps-data-0c5c8c6bbcc24cd9
mean_years_schooling_new_method,415,1101,122,0,0,110141501220,0000,9.73,2025-11-05 12:00:46,results\api\extract\data\dynamic_mean_years_schooling_new_method_2022.json,bps-data-cfe0654330afe1eb
mean_years_schooling_new_method,415,1101,123,0,0,110141501230,0000,9.81,2025-11-05 12:00:46,results\api\extract\data\dynamic_mean_years_schooling_new_method_2023.json,bps-data-6b97f25855ece024
mean_years_schooling_new_method,415,1101,124,0,0,110141501240,0000,9.89,2025-11-05 12:00:46,results\api\extract\data\dynamic_mean_years_schooling_new_method_2024.json,bps-data-fa22b966ff2b1e98
mean_years_schooling_new_method,415,1102,121,0,0,110241501210,0000,8.68,2025-11-05 12:00:46,results\api\extract\data\dynamic_mean_years_schooling_new_method_2021.json,bps-data-0c5c8c6bbcc24cd9
mean_years_schooling_new_method,415,1102,122,0,0,110241501220,0000,8.69,2025-11-05 12:00:46,results\api\extract\data\dynamic_mean_years_schooling_new_method_2022.json,bps-data-cfe0654330afe1eb
mean_years_schooling_new_method,415,1102,123,0,0,110241501230,0000,8.7,2025-11-05 12:00:46,results\api\extract\data\dynamic_mean_years_schooling_new_method_2023.json,bps-data-6b97f25855ece024
mean_years_schooling_new_method,415,1102,124,0,0,110241501240,0000,8.72,2025-11-05 12:00:46,results\api\extract\data\dynamic_mean_years_schooling_new_method_2024.json,bps-data-fa22b966ff2b1e98
mean_years_schooling_new_method,415,1103,121,0,0,110341501210,0000,8.88,2025-11-05 12:00:46,results\api\extract\data\dynamic_mean_years_schooling_new_method_2021.json,bps-data-0c5c8c6bbcc24cd9
mean_years_schooling_new_method,415,1103,122,0,0,110341501220,0000,8.89,2025-11-05 12:00:46,results\api\extract\data\dynamic_mean_years_schooling_new_method_2022.json,bps-data-cfe0654330afe1eb
mean_years_schooling_new_method,415,1103,123,0,0,110341501230,0000,8.91,2025-11-05 12:00:46,results\api\extract\data\dynamic_mean_years_schooling_new_method_2023.json,bps-data-6b97f25855ece024
mean_years_schooling_new_method,415,1103,124,0,0,110341501240,0000,8.92,2025-11-05 12:00:46,results\api\extract\data\dynamic_mean_years_schooling_new_method_2024.json,bps-data-fa22b966ff2b1e98
mean_years_schooling_new_method,415,1104,121,0,0,110441501210,0000,9.67,2025-11-05 12:00:46,results\api\extract\data\dynamic_mean_years_schooling_new_method_2021.json,bps-data-0c5c8c6bbcc24cd9
mean_years_schooling_new_method,415,1104,122,0,0,110441501220,0000,9.92,2025-11-05 12:00:46,results\api\extract\data\dynamic_mean_years_schooling_new_method_2022.json,bps-data-cfe0654330afe1eb
mean_years_schooling_new_method,415,1104,123,0,0,110441501230,0000,10.09,2025-11-05 12:00:46,results\api\extract\data\dynamic_mean_years_schooling_new_method_2023.json,bps-data-6b97f25855ece024
mean_years_schooling_new_method,415,1104,124,0,0,110441501240,0000,10.1,2025-11-05 12:00:46,results\api\extract\data\dynamic_mean_years_schooling_new_method_2024.json,bps-data-fa22b966ff2b1e98
mean_years_schooling_new_method,415,1105,121,0,0,110541501210,0000,8.21,2025-11-05 12:00:46,results\api\extract\data\dynamic_mean_years_schooling_new_method_2021.json,bps-data-0c5c8c6bbcc24cd9
mean_years_schooling_new_method,415,1105,122,0,0,110541501220,0000,8.32,2025-11-05 12:00:46,results\api\extract\data\dynamic_mean_years_schooling_new_method_2022.json,bps-data-cfe0654330afe1eb
mean_years_schooling_new_method,415,1105,123,0,0,110541501230,0000,8.47,2025-11-05 12:00:46,results\api\extract\data\dynamic_mean_years_schooling_new_method_2023.json,bps-data-6b97f25855ece024
mean_years_schooling_new_method,415,1105,124,0,0,110541501240,0000,8.48,2025-11-05 12:00:46,results\api\extract\data\dynamic_mean_years_schooling_new_method_2024.json,bps-data-fa22b966ff2b1e98
mean_years_schooling_new_method,415,1106,121,0,0,110641501210,0000,9.86,2025-11-05 12:00:46,results\api\extract\data\dynamic_mean_years_schooling_new_method_2021.json,bps-data-0c5c8c6bbcc24cd9
mean_years_schooling_new_method,415,1106,122,0,0,110641501220,0000,9.87,2025-11-05 12:00:46,results\api\extract\data\dynamic_mean_years_schooling_new_method_2022.json,bps-data-cfe0654330afe1eb
mean_years_schooling_new_method,415,1106,123,0,0,110641501230,0000,9.89,2025-11-05 12:00:46,results\api\extract\data\dynamic_mean_years_schooling_new_method_2023.json,bps-data-6b97f25855ece024
mean_years_schooling_new_method,415,1106,124,0,0,110641501240,0000,10.03,2025-11-05 12:00:46,results\api\extract\data\dynamic_mean_years_schooling_new_method_2024.json,bps-data-fa22b966ff2b1e98
mean_years_schooling_new_method,415,1107,121,0,0,110741501210,0000,9.55,2025-11-05 12:00:46,results\api\extract\data\dynamic_mean_years_schooling_new_method_2021.json,bps-data-0c5c8c6bbcc24cd9
mean_years_schooling_new_method,415,1107,122,0,0,110741501220,0000,9.87,2025-11-05 12:00:46,results\api\extract\data\dynamic_mean_years_schooling_new_method_2022.json,bps-data-cfe0654330afe1eb
mean_years_schooling_new_method,415,1107,123,0,0,110741501230,0000,9.98,2025-11-05 12:00:46,results\api\extract\data\dynamic_mean_years_schooling_new_method_2023.json,bps-data-6b97f25855ece024
mean_years_schooling_new_method,415,1107,124,0,0,110741501240,0000,9.99,2025-11-05 12:00:46,results\api\extract\data\dynamic_mean_years_schooling_new_method_2024.json,bps-data-fa22b966ff2b1e98
mean_years_schooling_new_method,415,1108,121,0,0,110841501210,0000,10.33,2025-11-05 12:00:46,results\api\extract\data\dynamic_mean_years_schooling_new_method_2021.json,bps-data-0c5c8c6bbcc24cd9
mean_years_schooling_new_method,415,1108,122,0,0,110841501220,0000,10.35,2025-11-05 12:00:46,results\api\extract\data\dynamic_mean_years_schooling_new_method_2022.json,bps-data-cfe0654330afe1eb
mean_years_schooling_new_method,415,1108,123,0,0,110841501230,0000,10.36,2025-11-05 12:00:46,results\api\extract\data\dynamic_mean_years_schooling_new_method_2023.json,bps-data-6b97f25855ece024
mean_years_schooling_new_method,415,1108,124,0,0,110841501240,0000,10.37,2025-11-05 12:00:46,results\api\extract\data\dynamic_mean_years_schooling_new_method_2024.json,bps-data-fa22b966ff2b1e98
mean_years_schooling_new_method,415,1109,121,0,0,110941501210,0000,9.0,2025-11-05 12:00:46,results\api\extract\data\dynamic_mean_years_schooling_new_method_2021.json,bps-data-0c5c8c6bbcc24cd9
mean_years_schooling_new_method,415,1109,122,0,0,110941501220,0000,9.02,2025-11-05 12:00:46,results\api\extract\data\dynamic_mean_years_schooling_new_method_2022.json,bps-data-cfe0654330afe1eb
mean_years_schooling_new_method,415,1109,123,0,0,110941501230,0000,9.03,2025-11-05 12:00:46,results\api\extract\data\dynamic_mean_years_schooling_new_method_2023.json,bps-data-6b97f25855ece024
mean_years_schooling_new_method,415,1109,124,0,0,110941501240,0000,9.04,2025-11-05 12:00:46,results\api\extract\data\dynamic_mean_years_schooling_new_method_2024.json,bps-data-fa22b966ff2b1e98
mean_years_schooling_new_method,415,1110,121,0,0,111041501210,0000,9.29,2025-11-05 12:00:46,results\api\extract\data\dynamic_mean_years_schooling_new_method_2021.json,bps-data-0c5c8c6bbcc24cd9
mean_years_schooling_new_method,415,1110,122,0,0,111041501220,0000,9.31,2025-11-05 12:00:46,results\api\extract\data\dynamic_mean_years_schooling_new_method_2022.json,bps-data-cfe0654330afe1eb
mean_years_schooling_new_method,415,1110,123,0,0,111041501230,0000,9.32,2025-11-05 12:00:46,results\api\extract\data\dynamic_mean_years_schooling_new_method_2023.json,bps-data-6b97f25855ece024
mean_years_schooling_new_method,415,1110,124,0,0,111041501240,0000,9.59,2025-11-05 12:00:46,results\api\extract\data\dynamic_mean_years_schooling_new_method_2024.json,bps-data-fa22b966ff2b1e98
mean_years_schooling_new_method,415,1111,121,0,0,111141501210,0000,8.64,2025-11-05 12:00:46,results\api\extract\data\dynamic_mean_years_schooling_new_method_2021.json,bps-data-0c5c8c6bbcc24cd9
mean_years_schooling_new_method,415,1111,122,0,0,111141501220,0000,8.73,2025-11-05 12:00:46,results\api\extract\data\dynamic_mean_years_schooling_new_method_2022.json,bps-data-cfe0654330afe1eb
mean_years_schooling_new_method,415,1111,123,0,0,111141501230,0000,8.85,2025-11-05 12:00:46,results\api\extract\data\dynamic_mean_years_schooling_new_method_2023.json,bps-data-6b97f25855ece024
mean_years_schooling_new_method,415,1111,124,0,0,111141501240,0000,9.11,2025-11-05 12:00:46,results\api\extract\data\dynamic_mean_years_schooling_new_method_2024.json,bps-data-fa22b966ff2b1e98
mean_years_schooling_new_method,415,1112,121,0,0,111241501210,0000,8.67,2025-11-05 12:00:46,results\api\extract\data\dynamic_mean_years_schooling_new_method_2021.json,bps-data-0c5c8c6bbcc24cd9
mean_years_schooling_new_method,415,1112,122,0,0,111241501220,0000,8.68,2025-11-05 12:00:46,results\api\extract\data\dynamic_mean_years_schooling_new_method_2022.json,bps-data-cfe0654330afe1eb
mean_years_schooling_new_method,415,1112,123,0,0,111241501230,0000,8.77,2025-11-05 12:00:46,results\api\extract\data\dynamic_mean_years_schooling_new_method_2023.json,bps-data-6b97f25855ece024
mean_years_schooling_new_method,415,1112,124,0,0,111241501240,0000,8.78,2025-11-05 12:00:46,results\api\extract\data\dynamic_mean_years_schooling_new_method_2024.json,bps-data-fa22b966ff2b1e98
mean_years_schooling_new_method,415,1113,121,0,0,111341501210,0000,8.4,2025-11-05 12:00:46,results\api\extract\data\dynamic_mean_years_schooling_new_method_2021.json,bps-data-0c5c8c6bbcc24cd9
mean_years_schooling_new_method,415,1113,122,0,0,111341501220,0000,8.41,2025-11-05 12:00:46,results\api\extract\data\dynamic_mean_years_schooling_new_method_2022.json,bps-data-cfe0654330afe1eb
mean_years_schooling_new_method,415,1113,123,0,0,111341501230,0000,8.42,2025-11-05 12:00:46,results\api\extract\data\dynamic_mean_years_schooling_new_method_2023.json,bps-data-6b97f25855ece024
mean_years_schooling_new_method,415,1113,124,0,0,111341501240,0000,8.44,2025-11-05 12:00:46,results\api\extract\data\dynamic_mean_years_schooling_new_method_2024.json,bps-data-fa22b966ff2b1e98
mean_years_schooling_new_method,415,1114,121,0,0,111441501210,0000,8.91,2025-11-05 12:00:46,results\api\extract\data\dynamic_mean_years_schooling_new_method_2021.json,bps-data-0c5c8c6bbcc24cd9
mean_years_schooling_new_method,415,1114,122,0,0,111441501220,0000,9.04,2025-11-05 12:00:46,results\api\extract\data\dynamic_mean_years_schooling_new_method_2022.json,bps-data-cfe0654330afe1eb
mean_years_schooling_new_method,415,1114,123,0,0,111441501230,0000,9.24,2025-11-05 12:00:46,results\api\extract\data\dynamic_mean_years_schooling_new_method_2023.json,bps-data-6b97f25855ece024
mean_years_schooling_new_method,415,1114,124,0,0,111441501240,0000,9.3,2025-11-05 12:00:46,results\api\extract\data\dynamic_mean_years_schooling_new_method_2024.json,bps-data-fa22b966ff2b1e98
mean_years_schooling_new_method,415,1115,121,0,0,111541501210,0000,8.69,2025-11-05 12:00:46,results\api\extract\data\dynamic_mean_years_schooling_new_method_2021.json,bps-data-0c5c8c6bbcc24cd9
mean_years_schooling_new_method,415,1115,122,0,0,111541501220,0000,8.95,2025-11-05 12:00:46,results\api\extract\data\dynamic_mean_years_schooling_new_method_2022.json,bps-data-cfe0654330afe1eb
mean_years_schooling_new_method,415,1115,123,0,0,111541501230,0000,8.96,2025-11-05 12:00:46,results\api\extract\data\dynamic_mean_years_schooling_new_method_2023.json,bps-data-6b97f25855ece024
mean_years_schooling_new_method,415,1115,124,0,0,111541501240,0000,9.25,2025-11-05 12:00:46,results\api\extract\data\dynamic_mean_years_schooling_new_method_2024.json,bps-data-fa22b966ff2b1e98
mean_years_schooling_new_method,415,1116,121,0,0,111641501210,0000,8.71,2025-11-05 12:00:46,results\api\extract\data\dynamic_mean_years_schooling_new_method_2021.json,bps-data-0c5c8c6bbcc24cd9
mean_years_schooling_new_method,415,1116,122,0,0,111641501220,0000,8.72,2025-11-05 12:00:46,results\api\extract\data\dynamic_mean_years_schooling_new_method_2022.json,bps-data-cfe0654330afe1eb
mean_years_schooling_new_method,415,1116,123,0,0,111641501230,0000,8.74,2025-11-05 12:00:46,results\api\extract\data\dynamic_mean_years_schooling_new_method_2023.json,bps-data-6b97f25855ece024
mean_years_schooling_new_method,415,1116,124,0,0,111641501240,0000,9.02,2025-11-05 12:00:46,results\api\extract\data\dynamic_mean_years_schooling_new_method_2024.json,bps-data-fa22b966ff2b1e98
mean_years_schooling_new_method,415,1117,121,0,0,111741501210,0000,10.0,2025-11-05 12:00:46,results\api\extract\data\dynamic_mean_years_schooling_new_method_2021.json,bps-data-0c5c8c6bbcc24cd9
mean_years_schooling_new_method,415,1117,122,0,0,111741501220,0000,10.01,2025-11-05 12:00:46,results\api\extract\data\dynamic_mean_years_schooling_new_method_2022.json,bps-data-cfe0654330afe1eb
mean_years_schooling_new_method,415,1117,123,0,0,111741501230,0000,10.12,2025-11-05 12:00:46,results\api\extract\data\dynamic_mean_years_schooling_new_method_2023.json,bps-data-6b97f25855ece024
mean_years_schooling_new_method,415,1117,124,0,0,111741501240,0000,10.13,2025-11-05 12:00:46,results\api\extract\data\dynamic_mean_years_schooling_new_method_2024.json,bps-data-fa22b966ff2b1e98
mean_years_schooling_new_method,415,1118,121,0,0,111841501210,0000,9.34,2025-11-05 12:00:46,results\api\extract\data\dynamic_mean_years_schooling_new_method_2021.json,bps-data-0c5c8c6bbcc24cd9
mean_years_schooling_new_method,415,1118,122,0,0,111841501220,0000,9.53,2025-11-05 12:00:46,results\api\extract\data\dynamic_mean_years_schooling_new_method_2022.json,bps-data-cfe0654330afe1eb
mean_years_schooling_new_method,415,1118,123,0,0,111841501230,0000,9.58,2025-11-05 12:00:46,results\api\extract\data\dynamic_mean_years_schooling_new_method_2023.json,bps-data-6b97f25855ece024
mean_years_schooling_new_method,415,1118,124,0,0,111841501240,0000,9.59,2025-11-05 12:00:46,results\api\extract\data\dynamic_mean_years_schooling_new_method_2024.json,bps-data-fa22b966ff2b1e98
mean_years_schooling_new_method,415,1171,121,0,0,117141501210,0000,12.83,2025-11-05 12:00:46,results\api\extract\data\dynamic_mean_years_schooling_new_method_2021.json,bps-data-0c5c8c6bbcc24cd9
mean_years_schooling_new_method,415,1171,122,0,0,117141501220,0000,13.03,2025-11-05 12:00:46,results\api\extract\data\dynamic_mean_years_schooling_new_method_2022.json,bps-data-cfe0654330afe1eb
mean_years_schooling_new_method,415,1171,123,0,0,117141501230,0000,13.04,2025-11-05 12:00:46,results\api\extract\data\dynamic_mean_years_schooling_new_method_2023.json,bps-data-6b97f25855ece024
mean_years_schooling_new_method,415,1171,124,0,0,117141501240,0000,13.1,2025-11-05 12:00:46,results\api\extract\data\dynamic_mean_years_schooling_new_method_2024.json,bps-data-fa22b966ff2b1e98
mean_years_schooling_new_method,415,1172,121,0,0,117241501210,0000,11.18,2025-11-05 12:00:46,results\api\extract\data\dynamic_mean_years_schooling_new_method_2021.json,bps-data-0c5c8c6bbcc24cd9
mean_years_schooling_new_method,415,1172,122,0,0,117241501220,0000,11.19,2025-11-05 12:00:46,results\api\extract\data\dynamic_mean_years_schooling_new_method_2022.json,bps-data-cfe0654330afe1eb
mean_years_schooling_new_method,415,1172,123,0,0,117241501230,0000,11.2,2025-11-05 12:00:46,results\api\extract\data\dynamic_mean_years_schooling_new_method_2023.json,bps-data-6b97f25855ece024
mean_years_schooling_new_method,415,1172,124,0,0,117241501240,0000,11.22,2025-11-05 12:00:46,results\api\extract\data\dynamic_mean_years_schooling_new_method_2024.json,bps-data-fa22b966ff2b1e98
mean_years_schooling_new_method,415,1173,121,0,0,117341501210,0000,11.12,2025-11-05 12:00:46,results\api\extract\data\dynamic_mean_years_schooling_new_method_2021.json,bps-data-0c5c8c6bbcc24cd9
mean_years_schooling_new_method,415,1173,122,0,0,117341501220,0000,11.14,2025-11-05 12:00:46,results\api\extract\data\dynamic_mean_years_schooling_new_method_2022.json,bps-data-cfe0654330afe1eb
mean_years_schooling_new_method,415,1173,123,0,0,117341501230,0000,11.27,2025-11-05 12:00:46,results\api\extract\data\dynamic_mean_years_schooling_new_method_2023.json,bps-data-6b97f25855ece024
mean_years_schooling_new_method,415,1173,124,0,0,117341501240,0000,11.28,2025-11-05 12:00:46,results\api\extract\data\dynamic_mean_years_schooling_new_method_2024.json,bps-data-fa22b966ff2b1e98
mean_years_schooling_new_method,415,1174,121,0,0,117441501210,0000,11.11,2025-11-05 12:00:46,results\api\extract\data\dynamic_mean_years_schooling_new_method_2021.json,bps-data-0c5c8c6bbcc24cd9
mean_years_schooling_new_method,415,1174,122,0,0,117441501220,0000,11.12,2025-11-05 12:00:46,results\api\extract\data\dynamic_mean_years_schooling_new_method_2022.json,bps-data-cfe0654330afe1eb
mean_years_schooling_new_method,415,1174,123,0,0,117441501230,0000,11.27,2025-11-05 12:00:46,results\api\extract\data\dynamic_mean_years_schooling_new_method_2023.json,bps-data-6b97f25855ece024
mean_years_schooling_new_method,415,1174,124,0,0,117441501240,0000,11.31,2025-11-05 12:00:46,results\api\extract\data\dynamic_mean_years_schooling_new_method_2024.json,bps-data-fa22b966ff2b1e98
mean_years_schooling_new_method,415,1175,121,0,0,117541501210,0000,8.03,2025-11-05 12:00:46,results\api\extract\data\dynamic_mean_years_schooling_new_method_2021.json,bps-data-0c5c8c6bbcc24cd9
mean_years_schooling_new_method,415,1175,122,0,0,117541501220,0000,8.22,2025-11-05 12:00:46,results\api\extract\data\dynamic_mean_years_schooling_new_method_2022.json,bps-data-cfe0654330afe1eb
mean_years_schooling_new_method,415,1175,123,0,0,117541501230,0000,8.32,2025-11-05 12:00:46,results\api\extract\data\dynamic_mean_years_schooling_new_method_2023.json,bps-data-6b97f25855ece024
mean_years_schooling_new_method,415,1175,124,0,0,117541501240,0000,8.43,2025-11-05 12:00:46,results\api\extract\data\dynamic_mean_years_schooling_new_method_2024.json,bps-data-fa22b966ff2b1e98
mean_years_schooling_new_method,415,1200,121,0,0,120041501210,0000,9.58,2025-11-05 12:00:46,results\api\extract\data\dynamic_mean_years_schooling_new_method_2021.json,bps-data-0c5c8c6bbcc24cd9
mean_years_schooling_new_method,415,1200,122,0,0,120041501220,0000,9.71,2025-11-05 12:00:46,results\api\extract\data\dynamic_mean_years_schooling_new_method_2022.json,bps-data-cfe0654330afe1eb
mean_years_schooling_new_method,415,1200,123,0,0,120041501230,0000,9.82,2025-11-05 12:00:46,results\api\extract\data\dynamic_mean_years_schooling_new_method_2023.json,bps-data-6b97f25855ece024
mean_years_schooling_new_method,415,1200,124,0,0,120041501240,0000,9.93,2025-11-05 12:00:46,results\api\extract\data\dynamic_mean_years_schooling_new_method_2024.json,bps-data-fa22b966ff2b1e98
mean_years_schooling_new_method,415,1201,121,0,0,120141501210,0000,5.64,2025-11-05 12:00:46,results\api\extract\data\dynamic_mean_years_schooling_new_method_2021.json,bps-data-0c5c8c6bbcc24cd9
mean_years_schooling_new_method,415,1201,122,0,0,120141501220,0000,5.88,2025-11-05 12:00:46,results\api\extract\data\dynamic_mean_years_schooling_new_method_2022.json,bps-data-cfe0654330afe1eb
mean_years_schooling_new_method,415,1201,123,0,0,120141501230,0000,6.14,2025-11-05 12:00:46,results\api\extract\data\dynamic_mean_years_schooling_new_method_2023.json,bps-data-6b97f25855ece024
mean_years_schooling_new_method,415,1201,124,0,0,120141501240,0000,6.4,2025-11-05 12:00:46,results\api\extract\data\dynamic_mean_years_schooling_new_method_2024.json,bps-data-fa22b966ff2b1e98
mean_years_schooling_new_method,415,1202,121,0,0,120241501210,0000,8.63,2025-11-05 12:00:46,results\api\extract\data\dynamic_mean_years_schooling_new_method_2021.json,bps-data-0c5c8c6bbcc24cd9
mean_years_schooling_new_method,415,1202,122,0,0,120241501220,0000,8.76,2025-11-05 12:00:46,results\api\extract\data\dynamic_mean_years_schooling_new_method_2022.json,bps-data-cfe0654330afe1eb
mean_years_schooling_new_method,415,1202,123,0,0,120241501230,0000,8.84,2025-11-05 12:00:46,results\api\extract\data\dynamic_mean_years_schooling_new_method_2023.json,bps-data-6b97f25855ece024
mean_years_schooling_new_method,415,1202,124,0,0,120241501240,0000,9.11,2025-11-05 12:00:46,results\api\extract\data\dynamic_mean_years_schooling_new_method_2024.json,bps-data-fa22b966ff2b1e98
mean_years_schooling_new_method,415,1203,121,0,0,120341501210,0000,9.29,2025-11-05 12:00:46,results\api\extract\data\dynamic_mean_years_schooling_new_method_2021.json,bps-data-0c5c8c6bbcc24cd9
mean_years_schooling_new_method,415,1203,122,0,0,120341501220,0000,9.34,2025-11-05 12:00:46,results\api\extract\data\dynamic_mean_years_schooling_new_method_2022.json,bps-data-cfe0654330afe1eb
mean_years_schooling_new_method,415,1203,123,0,0,120341501230,0000,9.51,2025-11-05 12:00:46,results\api\extract\data\dynamic_mean_years_schooling_new_method_2023.json,bps-data-6b97f25855ece024
mean_years_schooling_new_method,415,1203,124,0,0,120341501240,0000,9.56,2025-11-05 12:00:46,results\api\extract\data\dynamic_mean_years_schooling_new_method_2024.json,bps-data-fa22b966ff2b1e98
mean_years_schooling_new_method,415,1204,121,0,0,120441501210,0000,8.84,2025-11-05 12:00:46,results\api\extract\data\dynamic_mean_years_schooling_new_method_2021.json,bps-data-0c5c8c6bbcc24cd9
mean_years_schooling_new_method,415,1204,122,0,0,120441501220,0000,8.86,2025-11-05 12:00:46,results\api\extract\data\dynamic_mean_years_schooling_new_method_2022.json,bps-data-cfe0654330afe1eb
mean_years_schooling_new_method,415,1204,123,0,0,120441501230,0000,8.87,2025-11-05 12:00:46,results\api\extract\data\dynamic_mean_years_schooling_new_method_2023.json,bps-data-6b97f25855ece024
mean_years_schooling_new_method,415,1204,124,0,0,120441501240,0000,8.92,2025-11-05 12:00:46,results\api\extract\data\dynamic_mean_years_schooling_new_method_2024.json,bps-data-fa22b966ff2b1e98
mean_years_schooling_new_method,415,1205,121,0,0,120541501210,0000,9.99,2025-11-05 12:00:46,results\api\extract\data\dynamic_mean_years_schooling_new_method_2021.json,bps-data-0c5c8c6bbcc24cd9
mean_years_schooling_new_method,415,1205,122,0,0,120541501220,0000,10.0,2025-11-05 12:00:46,results\api\extract\data\dynamic_mean_years_schooling_new_method_2022.json,bps-data-cfe0654330afe1eb
mean_years_schooling_new_method,415,1205,123,0,0,120541501230,0000,10.09,2025-11-05 12:00:46,results\api\extract\data\dynamic_mean_years_schooling_new_method_2023.json,bps-data-6b97f25855ece024
mean_years_schooling_new_method,415,1205,124,0,0,120541501240,0000,10.31,2025-11-05 12:00:46,results\api\extract\data\dynamic_mean_years_schooling_new_method_2024.json,bps-data-fa22b966ff2b1e98
mean_years_schooling_new_method,415,1206,121,0,0,120641501210,0000,10.57,2025-11-05 12:00:46,results\api\extract\data\dynamic_mean_years_schooling_new_method_2021.json,bps-data-0c5c8c6bbcc24cd9
mean_years_schooling_new_method,415,1206,122,0,0,120641501220,0000,10.58,2025-11-05 12:00:46,results\api\extract\data\dynamic_mean_years_schooling_new_method_2022.json,bps-data-cfe0654330afe1eb
mean_years_schooling_new_method,415,1206,123,0,0,120641501230,0000,10.59,2025-11-05 12:00:46,results\api\extract\data\dynamic_mean_years_schooling_new_method_2023.json,bps-data-6b97f25855ece024
mean_years_schooling_new_method,415,1206,124,0,0,120641501240,0000,10.77,2025-11-05 12:00:46,results\api\extract\data\dynamic_mean_years_schooling_new_method_2024.json,bps-data-fa22b966ff2b1e98
mean_years_schooling_new_method,415,1207,121,0,0,120741501210,0000,9.25,2025-11-05 12:00:46,results\api\extract\data\dynamic_mean_years_schooling_new_method_2021.json,bps-data-0c5c8c6bbcc24cd9
mean_years_schooling_new_method,415,1207,122,0,0,120741501220,0000,9.4,2025-11-05 12:00:46,results\api\extract\data\dynamic_mean_years_schooling_new_method_2022.json,bps-data-cfe0654330afe1eb
mean_years_schooling_new_method,415,1207,123,0,0,120741501230,0000,9.49,2025-11-05 12:00:46,results\api\extract\data\dynamic_mean_years_schooling_new_method_2023.json,bps-data-6b97f25855ece024
mean_years_schooling_new_method,415,1207,124,0,0,120741501240,0000,9.5,2025-11-05 12:00:46,results\api\extract\data\dynamic_mean_years_schooling_new_method_2024.json,bps-data-fa22b966ff2b1e98
mean_years_schooling_new_method,415,1208,121,0,0,120841501210,0000,8.8,2025-11-05 12:00:46,results\api\extract\data\dynamic_mean_years_schooling_new_method_2021.json,bps-data-0c5c8c6bbcc24cd9
mean_years_schooling_new_method,415,1208,122,0,0,120841501220,0000,8.82,2025-11-05 12:00:46,results\api\extract\data\dynamic_mean_years_schooling_new_method_2022.json,bps-data-cfe0654330afe1eb
mean_years_schooling_new_method,415,1208,123,0,0,120841501230,0000,8.83,2025-11-05 12:00:46,results\api\extract\data\dynamic_mean_years_schooling_new_method_2023.json,bps-data-6b97f25855ece024
mean_years_schooling_new_method,415,1208,124,0,0,120841501240,0000,8.85,2025-11-05 12:00:46,results\api\extract\data\dynamic_mean_years_schooling_new_method_2024.json,bps-data-fa22b966ff2b1e98
mean_years_schooling_new_method,415,1209,121,0,0,120941501210,0000,9.61,2025-11-05 12:00:46,results\api\extract\data\dynamic_mean_years_schooling_new_method_2021.json,bps-data-0c5c8c6bbcc24cd9
mean_years_schooling_new_method,415,1209,122,0,0,120941501220,0000,9.63,2025-11-05 12:00:46,results\api\extract\data\dynamic_mean_years_schooling_new_method_2022.json,bps-data-cfe0654330afe1eb
mean_years_schooling_new_method,415,1209,123,0,0,120941501230,0000,9.72,2025-11-05 12:00:46,results\api\extract\data\dynamic_mean_years_schooling_new_method_2023.json,bps-data-6b97f25855ece024
mean_years_schooling_new_method,415,1209,124,0,0,120941501240,0000,9.73,2025-11-05 12:00:46,results\api\extract\data\dynamic_mean_years_schooling_new_method_2024.json,bps-data-fa22b966ff2b1e98
mean_years_schooling_new_method,415,1210,121,0,0,121041501210,0000,9.59,2025-11-05 12:00:46,results\api\extract\data\dynamic_mean_years_schooling_new_method_2021.json,bps-data-0c5c8c6bbcc24cd9
mean_years_schooling_new_method,415,1210,122,0,0,121041501220,0000,9.72,2025-11-05 12:00:46,results\api\extract\data\dynamic_mean_years_schooling_new_method_2022.json,bps-data-cfe0654330afe1eb
mean_years_schooling_new_method,415,1210,123,0,0,121041501230,0000,9.88,2025-11-05 12:00:46,results\api\extract\data\dynamic_mean_years_schooling_new_method_2023.json,bps-data-6b97f25855ece024
mean_years_schooling_new_method,415,1210,124,0,0,121041501240,0000,9.89,2025-11-05 12:00:46,results\api\extract\data\dynamic_mean_years_schooling_new_method_2024.json,bps-data-fa22b966ff2b1e98
mean_years_schooling_new_method,415,1211,121,0,0,121141501210,0000,10.0,2025-11-05 12:00:46,results\api\extract\data\dynamic_mean_years_schooling_new_method_2021.json,bps-data-0c5c8c6bbcc24cd9
mean_years_schooling_new_method,415,1211,122,0,0,121141501220,0000,10.02,2025-11-05 12:00:46,results\api\extract\data\dynamic_mean_years_schooling_new_method_2022.json,bps-data-cfe0654330afe1eb
mean_years_schooling_new_method,415,1211,123,0,0,121141501230,0000,10.03,2025-11-05 12:00:46,results\api\extract\data\dynamic_mean_years_schooling_new_method_2023.json,bps-data-6b97f25855ece024
mean_years_schooling_new_method,415,1211,124,0,0,121141501240,0000,10.12,2025-11-05 12:00:46,results\api\extract\data\dynamic_mean_years_schooling_new_method_2024.json,bps-data-fa22b966ff2b1e98
mean_years_schooling_new_method,415,1212,121,0,0,121241501210,0000,10.1,2025-11-05 12:00:46,results\api\extract\data\dynamic_mean_years_schooling_new_method_2021.json,bps-data-0c5c8c6bbcc24cd9
mean_years_schooling_new_method,415,1212,122,0,0,121241501220,0000,10.27,2025-11-05 12:00:46,results\api\extract\data\dynamic_mean_years_schooling_new_method_2022.json,bps-data-cfe0654330afe1eb
mean_years_schooling_new_method,415,1212,123,0,0,121241501230,0000,10.28,2025-11-05 12:00:46,results\api\extract\data\dynamic_mean_years_schooling_new_method_2023.json,bps-data-6b97f25855ece024
mean_years_schooling_new_method,415,1212,124,0,0,121241501240,0000,10.29,2025-11-05 12:00:46,results\api\extract\data\dynamic_mean_years_schooling_new_method_2024.json,bps-data-fa22b966ff2b1e98
mean_years_schooling_new_method,415,1213,121,0,0,121341501210,0000,8.66,2025-11-05 12:00:46,results\api\extract\data\dynamic_mean_years_schooling_new_method_2021.json,bps-data-0c5c8c6bbcc24cd9
mean_years_schooling_new_method,415,1213,122,0,0,121341501220,0000,8.68,2025-11-05 12:00:46,results\api\extract\data\dynamic_mean_years_schooling_new_method_2022.json,bps-data-cfe0654330afe1eb
mean_years_schooling_new_method,415,1213,123,0,0,121341501230,0000,8.73,2025-11-05 12:00:46,results\api\extract\data\dynamic_mean_years_schooling_new_method_2023.json,bps-data-6b97f25855ece024
mean_years_schooling_new_method,415,1213,124,0,0,121341501240,0000,8.74,2025-11-05 12:00:46,results\api\extract\data\dynamic_mean_years_schooling_new_method_2024.json,bps-data-fa22b966ff2b1e98
mean_years_schooling_new_method,415,1214,121,0,0,121441501210,0000,6.06,2025-11-05 12:00:46,results\api\extract\data\dynamic_mean_years_schooling_new_method_2021.json,bps-data-0c5c8c6bbcc24cd9
mean_years_schooling_new_method,415,1214,122,0,0,121441501220,0000,6.23,2025-11-05 12:00:46,results\api\extract\data\dynamic_mean_years_schooling_new_method_2022.json,bps-data-cfe0654330afe1eb
mean_years_schooling_new_method,415,1214,123,0,0,121441501230,0000,6.48,2025-11-05 12:00:46,results\api\extract\data\dynamic_mean_years_schooling_new_method_2023.json,bps-data-6b97f25855ece024
mean_years_schooling_new_method,415,1214,124,0,0,121441501240,0000,6.52,2025-11-05 12:00:46,results\api\extract\data\dynamic_mean_years_schooling_new_method_2024.json,bps-data-fa22b966ff2b1e98
mean_years_schooling_new_method,415,1215,121,0,0,121541501210,0000,9.71,2025-11-05 12:00:46,results\api\extract\data\dynamic_mean_years_schooling_new_method_2021.json,bps-data-0c5c8c6bbcc24cd9
mean_years_schooling_new_method,415,1215,122,0,0,121541501220,0000,10.0,2025-11-05 12:00:46,results\api\extract\data\dynamic_mean_years_schooling_new_method_2022.json,bps-data-cfe0654330afe1eb
mean_years_schooling_new_method,415,1215,123,0,0,121541501230,0000,10.01,2025-11-05 12:00:46,results\api\extract\data\dynamic_mean_years_schooling_new_method_2023.json,bps-data-6b97f25855ece024
mean_years_schooling_new_method,415,1215,124,0,0,121541501240,0000,10.13,2025-11-05 12:00:46,results\api\extract\data\dynamic_mean_years_schooling_new_method_2024.json,bps-data-fa22b966ff2b1e98
mean_years_schooling_new_method,415,1216,121,0,0,121641501210,0000,9.14,2025-11-05 12:00:46,results\api\extract\data\dynamic_mean_years_schooling_new_method_2021.json,bps-data-0c5c8c6bbcc24cd9
mean_years_schooling_new_method,415,1216,122,0,0,121641501220,0000,9.39,2025-11-05 12:00:46,results\api\extract\data\dynamic_mean_years_schooling_new_method_2022.json,bps-data-cfe0654330afe1eb
mean_years_schooling_new_method,415,1216,123,0,0,121641501230,0000,9.61,2025-11-05 12:00:46,results\api\extract\data\dynamic_mean_years_schooling_new_method_2023.json,bps-data-6b97f25855ece024
mean_years_schooling_new_method,415,1216,124,0,0,121641501240,0000,9.73,2025-11-05 12:00:46,results\api\extract\data\dynamic_mean_years_schooling_new_method_2024.json,bps-data-fa22b966ff2b1e98
mean_years_schooling_new_method,415,1217,121,0,0,121741501210,0000,9.44,2025-11-05 12:00:46,results\api\extract\data\dynamic_mean_years_schooling_new_method_2021.json,bps-data-0c5c8c6bbcc24cd9
mean_years_schooling_new_method,415,1217,122,0,0,121741501220,0000,9.46,2025-11-05 12:00:46,results\api\extract\data\dynamic_mean_years_schooling_new_method_2022.json,bps-data-cfe0654330afe1eb
mean_years_schooling_new_method,415,1217,123,0,0,121741501230,0000,9.47,2025-11-05 12:00:46,results\api\extract\data\dynamic_mean_years_schooling_new_method_2023.json,bps-data-6b97f25855ece024
mean_years_schooling_new_method,415,1217,124,0,0,121741501240,0000,9.61,2025-11-05 12:00:46,results\api\extract\data\dynamic_mean_years_schooling_new_method_2024.json,bps-data-fa22b966ff2b1e98
mean_years_schooling_new_method,415,1218,121,0,0,121841501210,0000,8.69,2025-11-05 12:00:46,results\api\extract\data\dynamic_mean_years_schooling_new_method_2021.json,bps-data-0c5c8c6bbcc24cd9
mean_years_schooling_new_method,415,1218,122,0,0,121841501220,0000,8.71,2025-11-05 12:00:46,results\api\extract\data\dynamic_mean_years_schooling_new_method_2022.json,bps-data-cfe0654330afe1eb
mean_years_schooling_new_method,415,1218,123,0,0,121841501230,0000,8.85,2025-11-05 12:00:46,results\api\extract\data\dynamic_mean_years_schooling_new_method_2023.json,bps-data-6b97f25855ece024
mean_years_schooling_new_method,415,1218,124,0,0,121841501240,0000,9.12,2025-11-05 12:00:46,results\api\extract\data\dynamic_mean_years_schooling_new_method_2024.json,bps-data-fa22b966ff2b1e98
mean_years_schooling_new_method,415,1219,121,0,0,121941501210,0000,8.07,2025-11-05 12:00:46,results\api\extract\data\dynamic_mean_years_schooling_new_method_2021.json,bps-data-0c5c8c6bbcc24cd9
mean_years_schooling_new_method,415,1219,122,0,0,121941501220,0000,8.26,2025-11-05 12:00:46,results\api\extract\data\dynamic_mean_years_schooling_new_method_2022.json,bps-data-cfe0654330afe1eb
mean_years_schooling_new_method,415,1219,123,0,0,121941501230,0000,8.5,2025-11-05 12:00:46,results\api\extract\data\dynamic_mean_years_schooling_new_method_2023.json,bps-data-6b97f25855ece024
mean_years_schooling_new_method,415,1219,124,0,0,121941501240,0000,8.51,2025-11-05 12:00:46,results\api\extract\data\dynamic_mean_years_schooling_new_method_2024.json,bps-data-fa22b966ff2b1e98
mean_years_schooling_new_method,415,1220,121,0,0,122041501210,0000,9.38,2025-11-05 12:00:46,results\api\extract\data\dynamic_mean_years_schooling_new_method_2021.json,bps-data-0c5c8c6bbcc24cd9
mean_years_schooling_new_method,415,1220,122,0,0,122041501220,0000,9.46,2025-11-05 12:00:46,results\api\extract\data\dynamic_mean_years_schooling_new_method_2022.json,bps-data-cfe0654330afe1eb
mean_years_schooling_new_method,415,1220,123,0,0,122041501230,0000,9.55,2025-11-05 12:00:46,results\api\extract\data\dynamic_mean_years_schooling_new_method_2023.json,bps-data-6b97f25855ece024
mean_years_schooling_new_method,415,1220,124,0,0,122041501240,0000,9.82,2025-11-05 12:00:46,results\api\extract\data\dynamic_mean_years_schooling_new_method_2024.json,bps-data-fa22b966ff2b1e98
mean_years_schooling_new_method,415,1221,121,0,0,122141501210,0000,9.02,2025-11-05 12:00:46,results\api\extract\data\dynamic_mean_years_schooling_new_method_2021.json,bps-data-0c5c8c6bbcc24cd9
mean_years_schooling_new_method,415,1221,122,0,0,122141501220,0000,9.31,2025-11-05 12:00:46,results\api\extract\data\dynamic_mean_years_schooling_new_method_2022.json,bps-data-cfe0654330afe1eb
mean_years_schooling_new_method,415,1221,123,0,0,122141501230,0000,9.43,2025-11-05 12:00:46,results\api\extract\data\dynamic_mean_years_schooling_new_method_2023.json,bps-data-6b97f25855ece024
mean_years_schooling_new_method,415,1221,124,0,0,122141501240,0000,9.63,2025-11-05 12:00:46,results\api\extract\data\dynamic_mean_years_schooling_new_method_2024.json,bps-data-fa22b966ff2b1e98
mean_years_schooling_new_method,415,1222,121,0,0,122241501210,0000,8.9,2025-11-05 12:00:46,results\api\extract\data\dynamic_mean_years_schooling_new_method_2021.json,bps-data-0c5c8c6bbcc24cd9
mean_years_schooling_new_method,415,1222,122,0,0,122241501220,0000,8.92,2025-11-05 12:00:46,results\api\extract\data\dynamic_mean_years_schooling_new_method_2022.json,bps-data-cfe0654330afe1eb
mean_years_schooling_new_method,415,1222,123,0,0,122241501230,0000,8.93,2025-11-05 12:00:46,results\api\extract\data\dynamic_mean_years_schooling_new_method_2023.json,bps-data-6b97f25855ece024
mean_years_schooling_new_method,415,1222,124,0,0,122241501240,0000,9.19,2025-11-05 12:00:46,results\api\extract\data\dynamic_mean_years_schooling_new_method_2024.json,bps-data-fa22b966ff2b1e98
mean_years_schooling_new_method,415,1223,121,0,0,122341501210,0000,8.41,2025-11-05 12:00:46,results\api\extract\data\dynamic_mean_years_schooling_new_method_2021.json,bps-data-0c5c8c6bbcc24cd9
mean_years_schooling_new_method,415,1223,122,0,0,122341501220,0000,8.64,2025-11-05 12:00:46,results\api\extract\data\dynamic_mean_years_schooling_new_method_2022.json,bps-data-cfe0654330afe1eb
mean_years_schooling_new_method,415,1223,123,0,0,122341501230,0000,8.87,2025-11-05 12:00:46,results\api\extract\data\dynamic_mean_years_schooling_new_method_2023.json,bps-data-6b97f25855ece024
mean_years_schooling_new_method,415,1223,124,0,0,122341501240,0000,9.14,2025-11-05 12:00:46,results\api\extract\data\dynamic_mean_years_schooling_new_method_2024.json,bps-data-fa22b966ff2b1e98
mean_years_schooling_new_method,415,1224,121,0,0,122441501210,0000,6.77,2025-11-05 12:00:46,results\api\extract\data\dynamic_mean_years_schooling_new_method_2021.json,bps-data-0c5c8c6bbcc24cd9
mean_years_schooling_new_method,415,1224,122,0,0,122441501220,0000,6.78,2025-11-05 12:00:46,results\api\extract\data\dynamic_mean_years_schooling_new_method_2022.json,bps-data-cfe0654330afe1eb
mean_years_schooling_new_method,415,1224,123,0,0,122441501230,0000,6.85,2025-11-05 12:00:46,results\api\extract\data\dynamic_mean_years_schooling_new_method_2023.json,bps-data-6b97f25855ece024
mean_years_schooling_new_method,415,1224,124,0,0,122441501240,0000,7.05,2025-11-05 12:00:46,results\api\extract\data\dynamic_mean_years_schooling_new_method_2024.json,bps-data-fa22b966ff2b1e98
mean_years_schooling_new_method,415,1225,121,0,0,122541501210,0000,6.69,2025-11-05 12:00:46,results\api\extract\data\dynamic_mean_years_schooling_new_method_2021.json,bps-data-0c5c8c6bbcc24cd9
mean_years_schooling_new_method,415,1225,122,0,0,122541501220,0000,6.97,2025-11-05 12:00:46,results\api\extract\data\dynamic_mean_years_schooling_new_method_2022.json,bps-data-cfe0654330afe1eb
mean_years_schooling_new_method,415,1225,123,0,0,122541501230,0000,7.07,2025-11-05 12:00:46,results\api\extract\data\dynamic_mean_years_schooling_new_method_2023.json,bps-data-6b97f25855ece024
mean_years_schooling_new_method,415,1225,124,0,0,122541501240,0000,7.26,2025-11-05 12:00:46,results\api\extract\data\dynamic_mean_years_schooling_new_method_2024.json,bps-data-fa22b966ff2b1e98
mean_years_schooling_new_method,415,1271,121,0,0,127141501210,0000,10.41,2025-11-05 12:00:46,results\api\extract\data\dynamic_mean_years_schooling_new_method_2021.json,bps-data-0c5c8c6bbcc24cd9
mean_years_schooling_new_method,415,1271,122,0,0,127141501220,0000,10.43,2025-11-05 12:00:46,results\api\extract\data\dynamic_mean_years_schooling_new_method_2022.json,bps-data-cfe0654330afe1eb
mean_years_schooling_new_method,415,1271,123,0,0,127141501230,0000,10.44,2025-11-05 12:00:46,results\api\extract\data\dynamic_mean_years_schooling_new_method_2023.json,bps-data-6b97f25855ece024
mean_years_schooling_new_method,415,1271,124,0,0,127141501240,0000,10.45,2025-11-05 12:00:46,results\api\extract\data\dynamic_mean_years_schooling_new_method_2024.json,bps-data-fa22b966ff2b1e98
mean_years_schooling_new_method,415,1272,121,0,0,127241501210,0000,9.45,2025-11-05 12:00:46,results\api\extract\data\dynamic_mean_years_schooling_new_method_2021.json,bps-data-0c5c8c6bbcc24cd9
mean_years_schooling_new_method,415,1272,122,0,0,127241501220,0000,9.55,2025-11-05 12:00:46,results\api\extract\data\dynamic_mean_years_schooling_new_method_2022.json,bps-data-cfe0654330afe1eb
mean_years_schooling_new_method,415,1272,123,0,0,127241501230,0000,9.68,2025-11-05 12:00:46,results\api\extract\data\dynamic_mean_years_schooling_new_method_2023.json,bps-data-6b97f25855ece024
mean_years_schooling_new_method,415,1272,124,0,0,127241501240,0000,9.69,2025-11-05 12:00:46,results\api\extract\data\dynamic_mean_years_schooling_new_method_2024.json,bps-data-fa22b966ff2b1e98
mean_years_schooling_new_method,415,1273,121,0,0,127341501210,0000,11.29,2025-11-05 12:00:46,results\api\extract\data\dynamic_mean_years_schooling_new_method_2021.json,bps-data-0c5c8c6bbcc24cd9
mean_years_schooling_new_method,415,1273,122,0,0,127341501220,0000,11.31,2025-11-05 12:00:46,results\api\extract\data\dynamic_mean_years_schooling_new_method_2022.json,bps-data-cfe0654330afe1eb
mean_years_schooling_new_method,415,1273,123,0,0,127341501230,0000,11.58,2025-11-05 12:00:46,results\api\extract\data\dynamic_mean_years_schooling_new_method_2023.json,bps-data-6b97f25855ece024
mean_years_schooling_new_method,415,1273,124,0,0,127341501240,0000,11.82,2025-11-05 12:00:46,results\api\extract\data\dynamic_mean_years_schooling_new_method_2024.json,bps-data-fa22b966ff2b1e98
mean_years_schooling_new_method,415,1274,121,0,0,127441501210,0000,10.44,2025-11-05 12:00:46,results\api\extract\data\dynamic_mean_years_schooling_new_method_2021.json,bps-data-0c5c8c6bbcc24cd9
mean_years_schooling_new_method,415,1274,122,0,0,127441501220,0000,10.65,2025-11-05 12:00:46,results\api\extract\data\dynamic_mean_years_schooling_new_method_2022.json,bps-data-cfe0654330afe1eb
mean_years_schooling_new_method,415,1274,123,0,0,127441501230,0000,10.86,2025-11-05 12:00:46,results\api\extract\data\dynamic_mean_years_schooling_new_method_2023.json,bps-data-6b97f25855ece024
mean_years_schooling_new_method,415,1274,124,0,0,127441501240,0000,10.87,2025-11-05 12:00:46,results\api\extract\data\dynamic_mean_years_schooling_new_method_2024.json,bps-data-fa22b966ff2b1e98
mean_years_schooling_new_method,415,1275,121,0,0,127541501210,0000,11.48,2025-11-05 12:00:46,results\api\extract\data\dynamic_mean_years_schooling_new_method_2021.json,bps-data-0c5c8c6bbcc24cd9
mean_years_schooling_new_method,415,1275,122,0,0,127541501220,0000,11.5,2025-11-05 12:00:46,results\api\extract\data\dynamic_mean_years_schooling_new_method_2022.json,bps-data-cfe0654330afe1eb
mean_years_schooling_new_method,415,1275,123,0,0,127541501230,0000,11.62,2025-11-05 12:00:46,results\api\extract\data\dynamic_mean_years_schooling_new_method_2023.json,bps-data-6b97f25855ece024
mean_years_schooling_new_method,415,1275,124,0,0,127541501240,0000,11.79,2025-11-05 12:00:46,results\api\extract\data\dynamic_mean_years_schooling_new_method_2024.json,bps-data-fa22b966ff2b1e98
mean_years_schooling_new_method,415,1276,121,0,0,127641501210,0000,10.94,2025-11-05 12:00:46,results\api\extract\data\dynamic_mean_years_schooling_new_method_2021.json,bps-data-0c5c8c6bbcc24cd9
mean_years_schooling_new_method,415,1276,122,0,0,127641501220,0000,11.18,2025-11-05 12:00:46,results\api\extract\data\dynamic_mean_years_schooling_new_method_2022.json,bps-data-cfe0654330afe1eb
mean_years_schooling_new_method,415,1276,123,0,0,127641501230,0000,11.19,2025-11-05 12:00:46,results\api\extract\data\dynamic_mean_years_schooling_new_method_2023.json,bps-data-6b97f25855ece024
mean_years_schooling_new_method,415,1276,124,0,0,127641501240,0000,11.2,2025-11-05 12:00:46,results\api\extract\data\dynamic_mean_years_schooling_new_method_2024.json,bps-data-fa22b966ff2b1e98
mean_years_schooling_new_method,415,1277,121,0,0,127741501210,0000,11.09,2025-11-05 12:00:46,results\api\extract\data\dynamic_mean_years_schooling_new_method_2021.json,bps-data-0c5c8c6bbcc24cd9
mean_years_schooling_new_method,415,1277,122,0,0,127741501220,0000,11.11,2025-11-05 12:00:46,results\api\extract\data\dynamic_mean_years_schooling_new_method_2022.json,bps-data-cfe0654330afe1eb
mean_years_schooling_new_method,415,1277,123,0,0,127741501230,0000,11.12,2025-11-05 12:00:46,results\api\extract\data\dynamic_mean_years_schooling_new_method_2023.json,bps-data-6b97f25855ece024
mean_years_schooling_new_method,415,1277,124,0,0,127741501240,0000,11.13,2025-11-05 12:00:46,results\api\extract\data\dynamic_mean_years_schooling_new_method_2024.json,bps-data-fa22b966ff2b1e98
mean_years_schooling_new_method,415,1278,121,0,0,127841501210,0000,8.62,2025-11-05 12:00:46,results\api\extract\data\dynamic_mean_years_schooling_new_method_2021.json,bps-data-0c5c8c6bbcc24cd9
mean_years_schooling_new_method,415,1278,122,0,0,127841501220,0000,8.64,2025-11-05 12:00:46,results\api\extract\data\dynamic_mean_years_schooling_new_method_2022.json,bps-data-cfe0654330afe1eb
mean_years_schooling_new_method,415,1278,123,0,0,127841501230,0000,8.65,2025-11-05 12:00:46,results\api\extract\data\dynamic_mean_years_schooling_new_method_2023.json,bps-data-6b97f25855ece024
mean_years_schooling_new_method,415,1278,124,0,0,127841501240,0000,8.76,2025-11-05 12:00:46,results\api\extract\data\dynamic_mean_years_schooling_new_method_2024.json,bps-data-fa22b966ff2b1e98
mean_years_schooling_new_method,415,1300,121,0,0,130041501210,0000,9.07,2025-11-05 12:00:46,results\api\extract\data\dynamic_mean_years_schooling_new_method_2021.json,bps-data-0c5c8c6bbcc24cd9
mean_years_schooling_new_method,415,1300,122,0,0,130041501220,0000,9.18,2025-11-05 12:00:46,results\api\extract\data\dynamic_mean_years_schooling_new_method_2022.json,bps-data-cfe0654330afe1eb
mean_years_schooling_new_method,415,1300,123,0,0,130041501230,0000,9.28,2025-11-05 12:00:46,results\api\extract\data\dynamic_mean_years_schooling_new_method_2023.json,bps-data-6b97f25855ece024
mean_years_schooling_new_method,415,1300,124,0,0,130041501240,0000,9.44,2025-11-05 12:00:46,results\api\extract\data\dynamic_mean_years_schooling_new_method_2024.json,bps-data-fa22b966ff2b1e98
mean_years_schooling_new_method,415,1301,121,0,0,130141501210,0000,7.2,2025-11-05 12:00:46,results\api\extract\data\dynamic_mean_years_schooling_new_method_2021.json,bps-data-0c5c8c6bbcc24cd9
mean_years_schooling_new_method,415,1301,122,0,0,130141501220,0000,7.48,2025-11-05 12:00:46,results\api\extract\data\dynamic_mean_years_schooling_new_method_2022.json,bps-data-cfe0654330afe1eb
mean_years_schooling_new_method,415,1301,123,0,0,130141501230,0000,7.76,2025-11-05 12:00:46,results\api\extract\data\dynamic_mean_years_schooling_new_method_2023.json,bps-data-6b97f25855ece024
mean_years_schooling_new_method,415,1301,124,0,0,130141501240,0000,8.03,2025-11-05 12:00:46,results\api\extract\data\dynamic_mean_years_schooling_new_method_2024.json,bps-data-fa22b966ff2b1e98
mean_years_schooling_new_method,415,1302,121,0,0,130241501210,0000,8.27,2025-11-05 12:00:46,results\api\extract\data\dynamic_mean_years_schooling_new_method_2021.json,bps-data-0c5c8c6bbcc24cd9
mean_years_schooling_new_method,415,1302,122,0,0,130241501220,0000,8.43,2025-11-05 12:00:46,results\api\extract\data\dynamic_mean_years_schooling_new_method_2022.json,bps-data-cfe0654330afe1eb
mean_years_schooling_new_method,415,1302,123,0,0,130241501230,0000,8.58,2025-11-05 12:00:46,results\api\extract\data\dynamic_mean_years_schooling_new_method_2023.json,bps-data-6b97f25855ece024
mean_years_schooling_new_method,415,1302,124,0,0,130241501240,0000,8.81,2025-11-05 12:00:46,results\api\extract\data\dynamic_mean_years_schooling_new_method_2024.json,bps-data-fa22b966ff2b1e98
mean_years_schooling_new_method,415,1303,121,0,0,130341501210,0000,7.87,2025-11-05 12:00:46,results\api\extract\data\dynamic_mean_years_schooling_new_method_2021.json,bps-data-0c5c8c6bbcc24cd9
mean_years_schooling_new_method,415,1303,122,0,0,130341501220,0000,7.89,2025-11-05 12:00:46,results\api\extract\data\dynamic_mean_years_schooling_new_method_2022.json,bps-data-cfe0654330afe1eb
mean_years_schooling_new_method,415,1303,123,0,0,130341501230,0000,7.9,2025-11-05 12:00:46,results\api\extract\data\dynamic_mean_years_schooling_new_method_2023.json,bps-data-6b97f25855ece024
mean_years_schooling_new_method,415,1303,124,0,0,130341501240,0000,7.91,2025-11-05 12:00:46,results\api\extract\data\dynamic_mean_years_schooling_new_method_2024.json,bps-data-fa22b966ff2b1e98
mean_years_schooling_new_method,415,1304,121,0,0,130441501210,0000,8.12,2025-11-05 12:00:46,results\api\extract\data\dynamic_mean_years_schooling_new_method_2021.json,bps-data-0c5c8c6bbcc24cd9
mean_years_schooling_new_method,415,1304,122,0,0,130441501220,0000,8.3,2025-11-05 12:00:46,results\api\extract\data\dynamic_mean_years_schooling_new_method_2022.json,bps-data-cfe0654330afe1eb
mean_years_schooling_new_method,415,1304,123,0,0,130441501230,0000,8.57,2025-11-05 12:00:46,results\api\extract\data\dynamic_mean_years_schooling_new_method_2023.json,bps-data-6b97f25855ece024
mean_years_schooling_new_method,415,1304,124,0,0,130441501240,0000,8.62,2025-11-05 12:00:46,results\api\extract\data\dynamic_mean_years_schooling_new_method_2024.json,bps-data-fa22b966ff2b1e98
mean_years_schooling_new_method,415,1305,121,0,0,130541501210,0000,8.62,2025-11-05 12:00:46,results\api\extract\data\dynamic_mean_years_schooling_new_method_2021.json,bps-data-0c5c8c6bbcc24cd9
mean_years_schooling_new_method,415,1305,122,0,0,130541501220,0000,8.9,2025-11-05 12:00:46,results\api\extract\data\dynamic_mean_years_schooling_new_method_2022.json,bps-data-cfe0654330afe1eb
mean_years_schooling_new_method,415,1305,123,0,0,130541501230,0000,9.02,2025-11-05 12:00:46,results\api\extract\data\dynamic_mean_years_schooling_new_method_2023.json,bps-data-6b97f25855ece024
mean_years_schooling_new_method,415,1305,124,0,0,130541501240,0000,9.29,2025-11-05 12:00:46,results\api\extract\data\dynamic_mean_years_schooling_new_method_2024.json,bps-data-fa22b966ff2b1e98
mean_years_schooling_new_method,415,1306,121,0,0,130641501210,0000,7.88,2025-11-05 12:00:46,results\api\extract\data\dynamic_mean_years_schooling_new_method_2021.json,bps-data-0c5c8c6bbcc24cd9
mean_years_schooling_new_method,415,1306,122,0,0,130641501220,0000,8.16,2025-11-05 12:00:46,results\api\extract\data\dynamic_mean_years_schooling_new_method_2022.json,bps-data-cfe0654330afe1eb
mean_years_schooling_new_method,415,1306,123,0,0,130641501230,0000,8.41,2025-11-05 12:00:46,results\api\extract\data\dynamic_mean_years_schooling_new_method_2023.json,bps-data-6b97f25855ece024
mean_years_schooling_new_method,415,1306,124,0,0,130641501240,0000,8.42,2025-11-05 12:00:46,results\api\extract\data\dynamic_mean_years_schooling_new_method_2024.json,bps-data-fa22b966ff2b1e98
mean_years_schooling_new_method,415,1307,121,0,0,130741501210,0000,8.97,2025-11-05 12:00:46,results\api\extract\data\dynamic_mean_years_schooling_new_method_2021.json,bps-data-0c5c8c6bbcc24cd9
mean_years_schooling_new_method,415,1307,122,0,0,130741501220,0000,8.98,2025-11-05 12:00:46,results\api\extract\data\dynamic_mean_years_schooling_new_method_2022.json,bps-data-cfe0654330afe1eb
mean_years_schooling_new_method,415,1307,123,0,0,130741501230,0000,9.22,2025-11-05 12:00:46,results\api\extract\data\dynamic_mean_years_schooling_new_method_2023.json,bps-data-6b97f25855ece024
mean_years_schooling_new_method,415,1307,124,0,0,130741501240,0000,9.23,2025-11-05 12:00:46,results\api\extract\data\dynamic_mean_years_schooling_new_method_2024.json,bps-data-fa22b966ff2b1e98
mean_years_schooling_new_method,415,1308,121,0,0,130841501210,0000,8.07,2025-11-05 12:00:46,results\api\extract\data\dynamic_mean_years_schooling_new_method_2021.json,bps-data-0c5c8c6bbcc24cd9
mean_years_schooling_new_method,415,1308,122,0,0,130841501220,0000,8.08,2025-11-05 12:00:46,results\api\extract\data\dynamic_mean_years_schooling_new_method_2022.json,bps-data-cfe0654330afe1eb
mean_years_schooling_new_method,415,1308,123,0,0,130841501230,0000,8.12,2025-11-05 12:00:46,results\api\extract\data\dynamic_mean_years_schooling_new_method_2023.json,bps-data-6b97f25855ece024
mean_years_schooling_new_method,415,1308,124,0,0,130841501240,0000,8.13,2025-11-05 12:00:46,results\api\extract\data\dynamic_mean_years_schooling_new_method_2024.json,bps-data-fa22b966ff2b1e98
mean_years_schooling_new_method,415,1309,121,0,0,130941501210,0000,8.1,2025-11-05 12:00:46,results\api\extract\data\dynamic_mean_years_schooling_new_method_2021.json,bps-data-0c5c8c6bbcc24cd9
mean_years_schooling_new_method,415,1309,122,0,0,130941501220,0000,8.11,2025-11-05 12:00:46,results\api\extract\data\dynamic_mean_years_schooling_new_method_2022.json,bps-data-cfe0654330afe1eb
mean_years_schooling_new_method,415,1309,123,0,0,130941501230,0000,8.13,2025-11-05 12:00:46,results\api\extract\data\dynamic_mean_years_schooling_new_method_2023.json,bps-data-6b97f25855ece024
mean_years_schooling_new_method,415,1309,124,0,0,130941501240,0000,8.14,2025-11-05 12:00:46,results\api\extract\data\dynamic_mean_years_schooling_new_method_2024.json,bps-data-fa22b966ff2b1e98
mean_years_schooling_new_method,415,1310,121,0,0,131041501210,0000,8.32,2025-11-05 12:00:46,results\api\extract\data\dynamic_mean_years_schooling_new_method_2021.json,bps-data-0c5c8c6bbcc24cd9
mean_years_schooling_new_method,415,1310,122,0,0,131041501220,0000,8.41,2025-11-05 12:00:46,results\api\extract\data\dynamic_mean_years_schooling_new_method_2022.json,bps-data-cfe0654330afe1eb
mean_years_schooling_new_method,415,1310,123,0,0,131041501230,0000,8.69,2025-11-05 12:00:46,results\api\extract\data\dynamic_mean_years_schooling_new_method_2023.json,bps-data-6b97f25855ece024
mean_years_schooling_new_method,415,1310,124,0,0,131041501240,0000,8.85,2025-11-05 12:00:46,results\api\extract\data\dynamic_mean_years_schooling_new_method_2024.json,bps-data-fa22b966ff2b1e98
mean_years_schooling_new_method,415,1311,121,0,0,131141501210,0000,8.55,2025-11-05 12:00:46,results\api\extract\data\dynamic_mean_years_schooling_new_method_2021.json,bps-data-0c5c8c6bbcc24cd9
mean_years_schooling_new_method,415,1311,122,0,0,131141501220,0000,8.56,2025-11-05 12:00:46,results\api\extract\data\dynamic_mean_years_schooling_new_method_2022.json,bps-data-cfe0654330afe1eb
mean_years_schooling_new_method,415,1311,123,0,0,131141501230,0000,8.71,2025-11-05 12:00:46,results\api\extract\data\dynamic_mean_years_schooling_new_method_2023.json,bps-data-6b97f25855ece024
mean_years_schooling_new_method,415,1311,124,0,0,131141501240,0000,8.98,2025-11-05 12:00:46,results\api\extract\data\dynamic_mean_years_schooling_new_method_2024.json,bps-data-fa22b966ff2b1e98
mean_years_schooling_new_method,415,1312,121,0,0,131241501210,0000,8.27,2025-11-05 12:00:46,results\api\extract\data\dynamic_mean_years_schooling_new_method_2021.json,bps-data-0c5c8c6bbcc24cd9
mean_years_schooling_new_method,415,1312,122,0,0,131241501220,0000,8.55,2025-11-05 12:00:46,results\api\extract\data\dynamic_mean_years_schooling_new_method_2022.json,bps-data-cfe0654330afe1eb
mean_years_schooling_new_method,415,1312,123,0,0,131241501230,0000,8.81,2025-11-05 12:00:46,results\api\extract\data\dynamic_mean_years_schooling_new_method_2023.json,bps-data-6b97f25855ece024
mean_years_schooling_new_method,415,1312,124,0,0,131241501240,0000,8.99,2025-11-05 12:00:46,results\api\extract\data\dynamic_mean_years_schooling_new_method_2024.json,bps-data-fa22b966ff2b1e98
mean_years_schooling_new_method,415,1371,121,0,0,137141501210,0000,11.59,2025-11-05 12:00:46,results\api\extract\data\dynamic_mean_years_schooling_new_method_2021.json,bps-data-0c5c8c6bbcc24cd9
mean_years_schooling_new_method,415,1371,122,0,0,137141501220,0000,11.6,2025-11-05 12:00:46,results\api\extract\data\dynamic_mean_years_schooling_new_method_2022.json,bps-data-cfe0654330afe1eb
mean_years_schooling_new_method,415,1371,123,0,0,137141501230,0000,11.62,2025-11-05 12:00:46,results\api\extract\data\dynamic_mean_years_schooling_new_method_2023.json,bps-data-6b97f25855ece024
mean_years_schooling_new_method,415,1371,124,0,0,137141501240,0000,11.63,2025-11-05 12:00:46,results\api\extract\data\dynamic_mean_years_schooling_new_method_2024.json,bps-data-fa22b966ff2b1e98
mean_years_schooling_new_method,415,1372,121,0,0,137241501210,0000,11.04,2025-11-05 12:00:46,results\api\extract\data\dynamic_mean_years_schooling_new_method_2021.json,bps-data-0c5c8c6bbcc24cd9
mean_years_schooling_new_method,415,1372,122,0,0,137241501220,0000,11.35,2025-11-05 12:00:46,results\api\extract\data\dynamic_mean_years_schooling_new_method_2022.json,bps-data-cfe0654330afe1eb
mean_years_schooling_new_method,415,1372,123,0,0,137241501230,0000,11.36,2025-11-05 12:00:46,results\api\extract\data\dynamic_mean_years_schooling_new_method_2023.json,bps-data-6b97f25855ece024
mean_years_schooling_new_method,415,1372,124,0,0,137241501240,0000,11.37,2025-11-05 12:00:46,results\api\extract\data\dynamic_mean_years_schooling_new_method_2024.json,bps-data-fa22b966ff2b1e98
mean_years_schooling_new_method,415,1373,121,0,0,137341501210,0000,10.32,2025-11-05 12:00:46,results\api\extract\data\dynamic_mean_years_schooling_new_method_2021.json,bps-data-0c5c8c6bbcc24cd9
mean_years_schooling_new_method,415,1373,122,0,0,137341501220,0000,10.43,2025-11-05 12:00:46,results\api\extract\data\dynamic_mean_years_schooling_new_method_2022.json,bps-data-cfe0654330afe1eb
mean_years_schooling_new_method,415,1373,123,0,0,137341501230,0000,10.44,2025-11-05 12:00:46,results\api\extract\data\dynamic_mean_years_schooling_new_method_2023.json,bps-data-6b97f25855ece024
mean_years_schooling_new_method,415,1373,124,0,0,137341501240,0000,10.53,2025-11-05 12:00:46,results\api\extract\data\dynamic_mean_years_schooling_new_method_2024.json,bps-data-fa22b966ff2b1e98
mean_years_schooling_new_method,415,1374,121,0,0,137441501210,0000,11.63,2025-11-05 12:00:46,results\api\extract\data\dynamic_mean_years_schooling_new_method_2021.json,bps-data-0c5c8c6bbcc24cd9
mean_years_schooling_new_method,415,1374,122,0,0,137441501220,0000,11.92,2025-11-05 12:00:46,results\api\extract\data\dynamic_mean_years_schooling_new_method_2022.json,bps-data-cfe0654330afe1eb
mean_years_schooling_new_method,415,1374,123,0,0,137441501230,0000,11.94,2025-11-05 12:00:46,results\api\extract\data\dynamic_mean_years_schooling_new_method_2023.json,bps-data-6b97f25855ece024
mean_years_schooling_new_method,415,1374,124,0,0,137441501240,0000,12.0,2025-11-05 12:00:46,results\api\extract\data\dynamic_mean_years_schooling_new_method_2024.json,bps-data-fa22b966ff2b1e98
mean_years_schooling_new_method,415,1375,121,0,0,137541501210,0000,11.34,2025-11-05 12:00:46,results\api\extract\data\dynamic_mean_years_schooling_new_method_2021.json,bps-data-0c5c8c6bbcc24cd9
mean_years_schooling_new_method,415,1375,122,0,0,137541501220,0000,11.63,2025-11-05 12:00:46,results\api\extract\data\dynamic_mean_years_schooling_new_method_2022.json,bps-data-cfe0654330afe1eb
mean_years_schooling_new_method,415,1375,123,0,0,137541501230,0000,11.64,2025-11-05 12:00:46,results\api\extract\data\dynamic_mean_years_schooling_new_method_2023.json,bps-data-6b97f25855ece024
mean_years_schooling_new_method,415,1375,124,0,0,137541501240,0000,11.65,2025-11-05 12:00:46,results\api\extract\data\dynamic_mean_years_schooling_new_method_2024.json,bps-data-fa22b966ff2b1e98
mean_years_schooling_new_method,415,1376,121,0,0,137641501210,0000,10.81,2025-11-05 12:00:46,results\api\extract\data\dynamic_mean_years_schooling_new_method_2021.json,bps-data-0c5c8c6bbcc24cd9
mean_years_schooling_new_method,415,1376,122,0,0,137641501220,0000,10.82,2025-11-05 12:00:46,results\api\extract\data\dynamic_mean_years_schooling_new_method_2022.json,bps-data-cfe0654330afe1eb
mean_years_schooling_new_method,415,1376,123,0,0,137641501230,0000,10.88,2025-11-05 12:00:46,results\api\extract\data\dynamic_mean_years_schooling_new_method_2023.json,bps-data-6b97f25855ece024
mean_years_schooling_new_method,415,1376,124,0,0,137641501240,0000,10.89,2025-11-05 12:00:46,results\api\extract\data\dynamic_mean_years_schooling_new_method_2024.json,bps-data-fa22b966ff2b1e98
mean_years_schooling_new_method,415,1377,121,0,0,137741501210,0000,10.67,2025-11-05 12:00:46,results\api\extract\data\dynamic_mean_years_schooling_new_method_2021.json,bps-data-0c5c8c6bbcc24cd9
mean_years_schooling_new_method,415,1377,122,0,0,137741501220,0000,10.78,2025-11-05 12:00:46,results\api\extract\data\dynamic_mean_years_schooling_new_method_2022.json,bps-data-cfe0654330afe1eb
mean_years_schooling_new_method,415,1377,123,0,0,137741501230,0000,10.79,2025-11-05 12:00:46,results\api\extract\data\dynamic_mean_years_schooling_new_method_2023.json,bps-data-6b97f25855ece024
mean_years_schooling_new_method,415,1377,124,0,0,137741501240,0000,11.06,2025-11-05 12:00:46,results\api\extract\data\dynamic_mean_years_schooling_new_method_2024.json,bps-data-fa22b966ff2b1e98
mean_years_schooling_new_method,415,1400,121,0,0,140041501210,0000,9.19,2025-11-05 12:00:46,results\api\extract\data\dynamic_mean_years_schooling_new_method_2021.json,bps-data-0c5c8c6bbcc24cd9
mean_years_schooling_new_method,415,1400,122,0,0,140041501220,0000,9.22,2025-11-05 12:00:46,results\api\extract\data\dynamic_mean_years_schooling_new_method_2022.json,bps-data-cfe0654330afe1eb
mean_years_schooling_new_method,415,1400,123,0,0,140041501230,0000,9.32,2025-11-05 12:00:46,results\api\extract\data\dynamic_mean_years_schooling_new_method_2023.json,bps-data-6b97f25855ece024
mean_years_schooling_new_method,415,1400,124,0,0,140041501240,0000,9.43,2025-11-05 12:00:46,results\api\extract\data\dynamic_mean_years_schooling_new_method_2024.json,bps-data-fa22b966ff2b1e98
mean_years_schooling_new_method,415,1401,121,0,0,140141501210,0000,8.75,2025-11-05 12:00:46,results\api\extract\data\dynamic_mean_years_schooling_new_method_2021.json,bps-data-0c5c8c6bbcc24cd9
mean_years_schooling_new_method,415,1401,122,0,0,140141501220,0000,8.76,2025-11-05 12:00:46,results\api\extract\data\dynamic_mean_years_schooling_new_method_2022.json,bps-data-cfe0654330afe1eb
mean_years_schooling_new_method,415,1401,123,0,0,140141501230,0000,8.9,2025-11-05 12:00:46,results\api\extract\data\dynamic_mean_years_schooling_new_method_2023.json,bps-data-6b97f25855ece024
mean_years_schooling_new_method,415,1401,124,0,0,140141501240,0000,9.14,2025-11-05 12:00:46,results\api\extract\data\dynamic_mean_years_schooling_new_method_2024.json,bps-data-fa22b966ff2b1e98
mean_years_schooling_new_method,415,1402,121,0,0,140241501210,0000,8.39,2025-11-05 12:00:46,results\api\extract\data\dynamic_mean_years_schooling_new_method_2021.json,bps-data-0c5c8c6bbcc24cd9
mean_years_schooling_new_method,415,1402,122,0,0,140241501220,0000,8.4,2025-11-05 12:00:46,results\api\extract\data\dynamic_mean_years_schooling_new_method_2022.json,bps-data-cfe0654330afe1eb
mean_years_schooling_new_method,415,1402,123,0,0,140241501230,0000,8.42,2025-11-05 12:00:46,results\api\extract\data\dynamic_mean_years_schooling_new_method_2023.json,bps-data-6b97f25855ece024
mean_years_schooling_new_method,415,1402,124,0,0,140241501240,0000,8.43,2025-11-05 12:00:46,results\api\extract\data\dynamic_mean_years_schooling_new_method_2024.json,bps-data-fa22b966ff2b1e98
mean_years_schooling_new_method,415,1403,121,0,0,140341501210,0000,7.24,2025-11-05 12:00:46,results\api\extract\data\dynamic_mean_years_schooling_new_method_2021.json,bps-data-0c5c8c6bbcc24cd9
mean_years_schooling_new_method,415,1403,122,0,0,140341501220,0000,7.26,2025-11-05 12:00:46,results\api\extract\data\dynamic_mean_years_schooling_new_method_2022.json,bps-data-cfe0654330afe1eb
mean_years_schooling_new_method,415,1403,123,0,0,140341501230,0000,7.31,2025-11-05 12:00:46,results\api\extract\data\dynamic_mean_years_schooling_new_method_2023.json,bps-data-6b97f25855ece024
mean_years_schooling_new_method,415,1403,124,0,0,140341501240,0000,7.32,2025-11-05 12:00:46,results\api\extract\data\dynamic_mean_years_schooling_new_method_2024.json,bps-data-fa22b966ff2b1e98
mean_years_schooling_new_method,415,1404,121,0,0,140441501210,0000,8.7,2025-11-05 12:00:46,results\api\extract\data\dynamic_mean_years_schooling_new_method_2021.json,bps-data-0c5c8c6bbcc24cd9
mean_years_schooling_new_method,415,1404,122,0,0,140441501220,0000,8.72,2025-11-05 12:00:46,results\api\extract\data\dynamic_mean_years_schooling_new_method_2022.json,bps-data-cfe0654330afe1eb
mean_years_schooling_new_method,415,1404,123,0,0,140441501230,0000,8.73,2025-11-05 12:00:46,results\api\extract\data\dynamic_mean_years_schooling_new_method_2023.json,bps-data-6b97f25855ece024
mean_years_schooling_new_method,415,1404,124,0,0,140441501240,0000,8.96,2025-11-05 12:00:46,results\api\extract\data\dynamic_mean_years_schooling_new_method_2024.json,bps-data-fa22b966ff2b1e98
mean_years_schooling_new_method,415,1405,121,0,0,140541501210,0000,9.86,2025-11-05 12:00:46,results\api\extract\data\dynamic_mean_years_schooling_new_method_2021.json,bps-data-0c5c8c6bbcc24cd9
mean_years_schooling_new_method,415,1405,122,0,0,140541501220,0000,9.87,2025-11-05 12:00:46,results\api\extract\data\dynamic_mean_years_schooling_new_method_2022.json,bps-data-cfe0654330afe1eb
mean_years_schooling_new_method,415,1405,123,0,0,140541501230,0000,9.88,2025-11-05 12:00:46,results\api\extract\data\dynamic_mean_years_schooling_new_method_2023.json,bps-data-6b97f25855ece024
mean_years_schooling_new_method,415,1405,124,0,0,140541501240,0000,9.92,2025-11-05 12:00:46,results\api\extract\data\dynamic_mean_years_schooling_new_method_2024.json,bps-data-fa22b966ff2b1e98
mean_years_schooling_new_method,415,1406,121,0,0,140641501210,0000,9.27,2025-11-05 12:00:46,results\api\extract\data\dynamic_mean_years_schooling_new_method_2021.json,bps-data-0c5c8c6bbcc24cd9
mean_years_schooling_new_method,415,1406,122,0,0,140641501220,0000,9.39,2025-11-05 12:00:46,results\api\extract\data\dynamic_mean_years_schooling_new_method_2022.json,bps-data-cfe0654330afe1eb
mean_years_schooling_new_method,415,1406,123,0,0,140641501230,0000,9.4,2025-11-05 12:00:46,results\api\extract\data\dynamic_mean_years_schooling_new_method_2023.json,bps-data-6b97f25855ece024
mean_years_schooling_new_method,415,1406,124,0,0,140641501240,0000,9.58,2025-11-05 12:00:46,results\api\extract\data\dynamic_mean_years_schooling_new_method_2024.json,bps-data-fa22b966ff2b1e98
mean_years_schooling_new_method,415,1407,121,0,0,140741501210,0000,8.54,2025-11-05 12:00:46,results\api\extract\data\dynamic_mean_years_schooling_new_method_2021.json,bps-data-0c5c8c6bbcc24cd9
mean_years_schooling_new_method,415,1407,122,0,0,140741501220,0000,8.55,2025-11-05 12:00:46,results\api\extract\data\dynamic_mean_years_schooling_new_method_2022.json,bps-data-cfe0654330afe1eb
mean_years_schooling_new_method,415,1407,123,0,0,140741501230,0000,8.81,2025-11-05 12:00:46,results\api\extract\data\dynamic_mean_years_schooling_new_method_2023.json,bps-data-6b97f25855ece024
mean_years_schooling_new_method,415,1407,124,0,0,140741501240,0000,8.94,2025-11-05 12:00:46,results\api\extract\data\dynamic_mean_years_schooling_new_method_2024.json,bps-data-fa22b966ff2b1e98
mean_years_schooling_new_method,415,1408,121,0,0,140841501210,0000,9.7,2025-11-05 12:00:46,results\api\extract\data\dynamic_mean_years_schooling_new_method_2021.json,bps-data-0c5c8c6bbcc24cd9
mean_years_schooling_new_method,415,1408,122,0,0,140841501220,0000,9.71,2025-11-05 12:00:46,results\api\extract\data\dynamic_mean_years_schooling_new_method_2022.json,bps-data-cfe0654330afe1eb
mean_years_schooling_new_method,415,1408,123,0,0,140841501230,0000,9.73,2025-11-05 12:00:46,results\api\extract\data\dynamic_mean_years_schooling_new_method_2023.json,bps-data-6b97f25855ece024
mean_years_schooling_new_method,415,1408,124,0,0,140841501240,0000,9.74,2025-11-05 12:00:46,results\api\extract\data\dynamic_mean_years_schooling_new_method_2024.json,bps-data-fa22b966ff2b1e98
mean_years_schooling_new_method,415,1409,121,0,0,140941501210,0000,8.26,2025-11-05 12:00:46,results\api\extract\data\dynamic_mean_years_schooling_new_method_2021.json,bps-data-0c5c8c6bbcc24cd9
mean_years_schooling_new_method,415,1409,122,0,0,140941501220,0000,8.28,2025-11-05 12:00:46,results\api\extract\data\dynamic_mean_years_schooling_new_method_2022.json,bps-data-cfe0654330afe1eb
mean_years_schooling_new_method,415,1409,123,0,0,140941501230,0000,8.52,2025-11-05 12:00:46,results\api\extract\data\dynamic_mean_years_schooling_new_method_2023.json,bps-data-6b97f25855ece024
mean_years_schooling_new_method,415,1409,124,0,0,140941501240,0000,8.53,2025-11-05 12:00:46,results\api\extract\data\dynamic_mean_years_schooling_new_method_2024.json,bps-data-fa22b966ff2b1e98
mean_years_schooling_new_method,415,1410,121,0,0,141041501210,0000,7.84,2025-11-05 12:00:46,results\api\extract\data\dynamic_mean_years_schooling_new_method_2021.json,bps-data-0c5c8c6bbcc24cd9
mean_years_schooling_new_method,415,1410,122,0,0,141041501220,0000,7.88,2025-11-05 12:00:46,results\api\extract\data\dynamic_mean_years_schooling_new_method_2022.json,bps-data-cfe0654330afe1eb
mean_years_schooling_new_method,415,1410,123,0,0,141041501230,0000,7.99,2025-11-05 12:00:46,results\api\extract\data\dynamic_mean_years_schooling_new_method_2023.json,bps-data-6b97f25855ece024
mean_years_schooling_new_method,415,1410,124,0,0,141041501240,0000,8.12,2025-11-05 12:00:46,results\api\extract\data\dynamic_mean_years_schooling_new_method_2024.json,bps-data-fa22b966ff2b1e98
mean_years_schooling_new_method,415,1471,121,0,0,147141501210,0000,11.92,2025-11-05 12:00:46,results\api\extract\data\dynamic_mean_years_schooling_new_method_2021.json,bps-data-0c5c8c6bbcc24cd9
mean_years_schooling_new_method,415,1471,122,0,0,147141501220,0000,11.93,2025-11-05 12:00:46,results\api\extract\data\dynamic_mean_years_schooling_new_method_2022.json,bps-data-cfe0654330afe1eb
mean_years_schooling_new_method,415,1471,123,0,0,147141501230,0000,11.94,2025-11-05 12:00:46,results\api\extract\data\dynamic_mean_years_schooling_new_method_2023.json,bps-data-6b97f25855ece024
mean_years_schooling_new_method,415,1471,124,0,0,147141501240,0000,11.96,2025-11-05 12:00:46,results\api\extract\data\dynamic_mean_years_schooling_new_method_2024.json,bps-data-fa22b966ff2b1e98
mean_years_schooling_new_method,415,1473,121,0,0,147341501210,0000,10.14,2025-11-05 12:00:46,results\api\extract\data\dynamic_mean_years_schooling_new_method_2021.json,bps-data-0c5c8c6bbcc24cd9
mean_years_schooling_new_method,415,1473,122,0,0,147341501220,0000,10.15,2025-11-05 12:00:46,results\api\extract\data\dynamic_mean_years_schooling_new_method_2022.json,bps-data-cfe0654330afe1eb
mean_years_schooling_new_method,415,1473,123,0,0,147341501230,0000,10.16,2025-11-05 12:00:46,results\api\extract\data\dynamic_mean_years_schooling_new_method_2023.json,bps-data-6b97f25855ece024
mean_years_schooling_new_method,415,1473,124,0,0,147341501240,0000,10.29,2025-11-05 12:00:46,results\api\extract\data\dynamic_mean_years_schooling_new_method_2024.json,bps-data-fa22b966ff2b1e98
mean_years_schooling_new_method,415,1500,121,0,0,150041501210,0000,8.6,2025-11-05 12:00:46,results\api\extract\data\dynamic_mean_years_schooling_new_method_2021.json,bps-data-0c5c8c6bbcc24cd9
mean_years_schooling_new_method,415,1500,122,0,0,150041501220,0000,8.68,2025-11-05 12:00:46,results\api\extract\data\dynamic_mean_years_schooling_new_method_2022.json,bps-data-cfe0654330afe1eb
mean_years_schooling_new_method,415,1500,123,0,0,150041501230,0000,8.81,2025-11-05 12:00:46,results\api\extract\data\dynamic_mean_years_schooling_new_method_2023.json,bps-data-6b97f25855ece024
mean_years_schooling_new_method,415,1500,124,0,0,150041501240,0000,8.9,2025-11-05 12:00:46,results\api\extract\data\dynamic_mean_years_schooling_new_method_2024.json,bps-data-fa22b966ff2b1e98
mean_years_schooling_new_method,415,1501,121,0,0,150141501210,0000,8.56,2025-11-05 12:00:46,results\api\extract\data\dynamic_mean_years_schooling_new_method_2021.json,bps-data-0c5c8c6bbcc24cd9
mean_years_schooling_new_method,415,1501,122,0,0,150141501220,0000,8.57,2025-11-05 12:00:46,results\api\extract\data\dynamic_mean_years_schooling_new_method_2022.json,bps-data-cfe0654330afe1eb
mean_years_schooling_new_method,415,1501,123,0,0,150141501230,0000,8.59,2025-11-05 12:00:46,results\api\extract\data\dynamic_mean_years_schooling_new_method_2023.json,bps-data-6b97f25855ece024
mean_years_schooling_new_method,415,1501,124,0,0,150141501240,0000,8.6,2025-11-05 12:00:46,results\api\extract\data\dynamic_mean_years_schooling_new_method_2024.json,bps-data-fa22b966ff2b1e98
mean_years_schooling_new_method,415,1502,121,0,0,150241501210,0000,7.9,2025-11-05 12:00:46,results\api\extract\data\dynamic_mean_years_schooling_new_method_2021.json,bps-data-0c5c8c6bbcc24cd9
mean_years_schooling_new_method,415,1502,122,0,0,150241501220,0000,7.91,2025-11-05 12:00:46,results\api\extract\data\dynamic_mean_years_schooling_new_method_2022.json,bps-data-cfe0654330afe1eb
mean_years_schooling_new_method,415,1502,123,0,0,150241501230,0000,8.13,2025-11-05 12:00:46,results\api\extract\data\dynamic_mean_years_schooling_new_method_2023.json,bps-data-6b97f25855ece024
mean_years_schooling_new_method,415,1502,124,0,0,150241501240,0000,8.4,2025-11-05 12:00:46,results\api\extract\data\dynamic_mean_years_schooling_new_method_2024.json,bps-data-fa22b966ff2b1e98
mean_years_schooling_new_method,415,1503,121,0,0,150341501210,0000,8.04,2025-11-05 12:00:46,results\api\extract\data\dynamic_mean_years_schooling_new_method_2021.json,bps-data-0c5c8c6bbcc24cd9
mean_years_schooling_new_method,415,1503,122,0,0,150341501220,0000,8.12,2025-11-05 12:00:46,results\api\extract\data\dynamic_mean_years_schooling_new_method_2022.json,bps-data-cfe0654330afe1eb
mean_years_schooling_new_method,415,1503,123,0,0,150341501230,0000,8.14,2025-11-05 12:00:46,results\api\extract\data\dynamic_mean_years_schooling_new_method_2023.json,bps-data-6b97f25855ece024
mean_years_schooling_new_method,415,1503,124,0,0,150341501240,0000,8.35,2025-11-05 12:00:46,results\api\extract\data\dynamic_mean_years_schooling_new_method_2024.json,bps-data-fa22b966ff2b1e98
mean_years_schooling_new_method,415,1504,121,0,0,150441501210,0000,8.12,2025-11-05 12:00:46,results\api\extract\data\dynamic_mean_years_schooling_new_method_2021.json,bps-data-0c5c8c6bbcc24cd9
mean_years_schooling_new_method,415,1504,122,0,0,150441501220,0000,8.21,2025-11-05 12:00:46,results\api\extract\data\dynamic_mean_years_schooling_new_method_2022.json,bps-data-cfe0654330afe1eb
mean_years_schooling_new_method,415,1504,123,0,0,150441501230,0000,8.22,2025-11-05 12:00:46,results\api\extract\data\dynamic_mean_years_schooling_new_method_2023.json,bps-data-6b97f25855ece024
mean_years_schooling_new_method,415,1504,124,0,0,150441501240,0000,8.35,2025-11-05 12:00:46,results\api\extract\data\dynamic_mean_years_schooling_new_method_2024.json,bps-data-fa22b966ff2b1e98
mean_years_schooling_new_method,415,1505,121,0,0,150541501210,0000,8.58,2025-11-05 12:00:46,results\api\extract\data\dynamic_mean_years_schooling_new_method_2021.json,bps-data-0c5c8c6bbcc24cd9
mean_years_schooling_new_method,415,1505,122,0,0,150541501220,0000,8.59,2025-11-05 12:00:46,results\api\extract\data\dynamic_mean_years_schooling_new_method_2022.json,bps-data-cfe0654330afe1eb
mean_years_schooling_new_method,415,1505,123,0,0,150541501230,0000,8.69,2025-11-05 12:00:46,results\api\extract\data\dynamic_mean_years_schooling_new_method_2023.json,bps-data-6b97f25855ece024
mean_years_schooling_new_method,415,1505,124,0,0,150541501240,0000,8.7,2025-11-05 12:00:46,results\api\extract\data\dynamic_mean_years_schooling_new_method_2024.json,bps-data-fa22b966ff2b1e98
mean_years_schooling_new_method,415,1506,121,0,0,150641501210,0000,6.92,2025-11-05 12:00:46,results\api\extract\data\dynamic_mean_years_schooling_new_method_2021.json,bps-data-0c5c8c6bbcc24cd9
mean_years_schooling_new_method,415,1506,122,0,0,150641501220,0000,7.19,2025-11-05 12:00:46,results\api\extract\data\dynamic_mean_years_schooling_new_method_2022.json,bps-data-cfe0654330afe1eb
mean_years_schooling_new_method,415,1506,123,0,0,150641501230,0000,7.43,2025-11-05 12:00:46,results\api\extract\data\dynamic_mean_years_schooling_new_method_2023.json,bps-data-6b97f25855ece024
mean_years_schooling_new_method,415,1506,124,0,0,150641501240,0000,7.7,2025-11-05 12:00:46,results\api\extract\data\dynamic_mean_years_schooling_new_method_2024.json,bps-data-fa22b966ff2b1e98
mean_years_schooling_new_method,415,1507,121,0,0,150741501210,0000,8.0,2025-11-05 12:00:46,results\api\extract\data\dynamic_mean_years_schooling_new_method_2021.json,bps-data-0c5c8c6bbcc24cd9
mean_years_schooling_new_method,415,1507,122,0,0,150741501220,0000,8.18,2025-11-05 12:00:46,results\api\extract\data\dynamic_mean_years_schooling_new_method_2022.json,bps-data-cfe0654330afe1eb
mean_years_schooling_new_method,415,1507,123,0,0,150741501230,0000,8.31,2025-11-05 12:00:46,results\api\extract\data\dynamic_mean_years_schooling_new_method_2023.json,bps-data-6b97f25855ece024
mean_years_schooling_new_method,415,1507,124,0,0,150741501240,0000,8.32,2025-11-05 12:00:46,results\api\extract\data\dynamic_mean_years_schooling_new_method_2024.json,bps-data-fa22b966ff2b1e98
mean_years_schooling_new_method,415,1508,121,0,0,150841501210,0000,7.59,2025-11-05 12:00:46,results\api\extract\data\dynamic_mean_years_schooling_new_method_2021.json,bps-data-0c5c8c6bbcc24cd9
mean_years_schooling_new_method,415,1508,122,0,0,150841501220,0000,7.7,2025-11-05 12:00:46,results\api\extract\data\dynamic_mean_years_schooling_new_method_2022.json,bps-data-cfe0654330afe1eb
mean_years_schooling_new_method,415,1508,123,0,0,150841501230,0000,7.94,2025-11-05 12:00:46,results\api\extract\data\dynamic_mean_years_schooling_new_method_2023.json,bps-data-6b97f25855ece024
mean_years_schooling_new_method,415,1508,124,0,0,150841501240,0000,8.04,2025-11-05 12:00:46,results\api\extract\data\dynamic_mean_years_schooling_new_method_2024.json,bps-data-fa22b966ff2b1e98
mean_years_schooling_new_method,415,1509,121,0,0,150941501210,0000,8.28,2025-11-05 12:00:46,results\api\extract\data\dynamic_mean_years_schooling_new_method_2021.json,bps-data-0c5c8c6bbcc24cd9
mean_years_schooling_new_method,415,1509,122,0,0,150941501220,0000,8.29,2025-11-05 12:00:46,results\api\extract\data\dynamic_mean_years_schooling_new_method_2022.json,bps-data-cfe0654330afe1eb
mean_years_schooling_new_method,415,1509,123,0,0,150941501230,0000,8.39,2025-11-05 12:00:46,results\api\extract\data\dynamic_mean_years_schooling_new_method_2023.json,bps-data-6b97f25855ece024
mean_years_schooling_new_method,415,1509,124,0,0,150941501240,0000,8.6,2025-11-05 12:00:46,results\api\extract\data\dynamic_mean_years_schooling_new_method_2024.json,bps-data-fa22b966ff2b1e98
mean_years_schooling_new_method,415,1571,121,0,0,157141501210,0000,11.2,2025-11-05 12:00:46,results\api\extract\data\dynamic_mean_years_schooling_new_method_2021.json,bps-data-0c5c8c6bbcc24cd9
mean_years_schooling_new_method,415,1571,122,0,0,157141501220,0000,11.21,2025-11-05 12:00:46,results\api\extract\data\dynamic_mean_years_schooling_new_method_2022.json,bps-data-cfe0654330afe1eb
mean_years_schooling_new_method,415,1571,123,0,0,157141501230,0000,11.32,2025-11-05 12:00:46,results\api\extract\data\dynamic_mean_years_schooling_new_method_2023.json,bps-data-6b97f25855ece024
mean_years_schooling_new_method,415,1571,124,0,0,157141501240,0000,11.51,2025-11-05 12:00:46,results\api\extract\data\dynamic_mean_years_schooling_new_method_2024.json,bps-data-fa22b966ff2b1e98
mean_years_schooling_new_method,415,1572,121,0,0,157241501210,0000,10.33,2025-11-05 12:00:46,results\api\extract\data\dynamic_mean_years_schooling_new_method_2021.json,bps-data-0c5c8c6bbcc24cd9
mean_years_schooling_new_method,415,1572,122,0,0,157241501220,0000,10.34,2025-11-05 12:00:46,results\api\extract\data\dynamic_mean_years_schooling_new_method_2022.json,bps-data-cfe0654330afe1eb
mean_years_schooling_new_method,415,1572,123,0,0,157241501230,0000,10.36,2025-11-05 12:00:46,results\api\extract\data\dynamic_mean_years_schooling_new_method_2023.json,bps-data-6b97f25855ece024
mean_years_schooling_new_method,415,1572,124,0,0,157241501240,0000,10.48,2025-11-05 12:00:46,results\api\extract\data\dynamic_mean_years_schooling_new_method_2024.json,bps-data-fa22b966ff2b1e98
mean_years_schooling_new_method,415,1600,121,0,0,160041501210,0000,8.3,2025-11-05 12:00:46,results\api\extract\data\dynamic_mean_years_schooling_new_method_2021.json,bps-data-0c5c8c6bbcc24cd9
mean_years_schooling_new_method,415,1600,122,0,0,160041501220,0000,8.37,2025-11-05 12:00:46,results\api\extract\data\dynamic_mean_years_schooling_new_method_2022.json,bps-data-cfe0654330afe1eb
mean_years_schooling_new_method,415,1600,123,0,0,160041501230,0000,8.5,2025-11-05 12:00:46,results\api\extract\data\dynamic_mean_years_schooling_new_method_2023.json,bps-data-6b97f25855ece024
mean_years_schooling_new_method,415,1600,124,0,0,160041501240,0000,8.57,2025-11-05 12:00:46,results\api\extract\data\dynamic_mean_years_schooling_new_method_2024.json,bps-data-fa22b966ff2b1e98
mean_years_schooling_new_method,415,1601,121,0,0,160141501210,0000,8.71,2025-11-05 12:00:46,results\api\extract\data\dynamic_mean_years_schooling_new_method_2021.json,bps-data-0c5c8c6bbcc24cd9
mean_years_schooling_new_method,415,1601,122,0,0,160141501220,0000,8.73,2025-11-05 12:00:46,results\api\extract\data\dynamic_mean_years_schooling_new_method_2022.json,bps-data-cfe0654330afe1eb
mean_years_schooling_new_method,415,1601,123,0,0,160141501230,0000,8.85,2025-11-05 12:00:46,results\api\extract\data\dynamic_mean_years_schooling_new_method_2023.json,bps-data-6b97f25855ece024
mean_years_schooling_new_method,415,1601,124,0,0,160141501240,0000,8.86,2025-11-05 12:00:46,results\api\extract\data\dynamic_mean_years_schooling_new_method_2024.json,bps-data-fa22b966ff2b1e98
mean_years_schooling_new_method,415,1602,121,0,0,160241501210,0000,7.05,2025-11-05 12:00:46,results\api\extract\data\dynamic_mean_years_schooling_new_method_2021.json,bps-data-0c5c8c6bbcc24cd9
mean_years_schooling_new_method,415,1602,122,0,0,160241501220,0000,7.07,2025-11-05 12:00:46,results\api\extract\data\dynamic_mean_years_schooling_new_method_2022.json,bps-data-cfe0654330afe1eb
mean_years_schooling_new_method,415,1602,123,0,0,160241501230,0000,7.08,2025-11-05 12:00:46,results\api\extract\data\dynamic_mean_years_schooling_new_method_2023.json,bps-data-6b97f25855ece024
mean_years_schooling_new_method,415,1602,124,0,0,160241501240,0000,7.19,2025-11-05 12:00:46,results\api\extract\data\dynamic_mean_years_schooling_new_method_2024.json,bps-data-fa22b966ff2b1e98
mean_years_schooling_new_method,415,1603,121,0,0,160341501210,0000,7.8,2025-11-05 12:00:46,results\api\extract\data\dynamic_mean_years_schooling_new_method_2021.json,bps-data-0c5c8c6bbcc24cd9
mean_years_schooling_new_method,415,1603,122,0,0,160341501220,0000,7.9,2025-11-05 12:00:46,results\api\extract\data\dynamic_mean_years_schooling_new_method_2022.json,bps-data-cfe0654330afe1eb
mean_years_schooling_new_method,415,1603,123,0,0,160341501230,0000,8.14,2025-11-05 12:00:46,results\api\extract\data\dynamic_mean_years_schooling_new_method_2023.json,bps-data-6b97f25855ece024
mean_years_schooling_new_method,415,1603,124,0,0,160341501240,0000,8.27,2025-11-05 12:00:46,results\api\extract\data\dynamic_mean_years_schooling_new_method_2024.json,bps-data-fa22b966ff2b1e98
mean_years_schooling_new_method,415,1604,121,0,0,160441501210,0000,8.52,2025-11-05 12:00:46,results\api\extract\data\dynamic_mean_years_schooling_new_method_2021.json,bps-data-0c5c8c6bbcc24cd9
mean_years_schooling_new_method,415,1604,122,0,0,160441501220,0000,8.53,2025-11-05 12:00:46,results\api\extract\data\dynamic_mean_years_schooling_new_method_2022.json,bps-data-cfe0654330afe1eb
mean_years_schooling_new_method,415,1604,123,0,0,160441501230,0000,8.56,2025-11-05 12:00:46,results\api\extract\data\dynamic_mean_years_schooling_new_method_2023.json,bps-data-6b97f25855ece024
mean_years_schooling_new_method,415,1604,124,0,0,160441501240,0000,8.69,2025-11-05 12:00:46,results\api\extract\data\dynamic_mean_years_schooling_new_method_2024.json,bps-data-fa22b966ff2b1e98
mean_years_schooling_new_method,415,1605,121,0,0,160541501210,0000,7.53,2025-11-05 12:00:46,results\api\extract\data\dynamic_mean_years_schooling_new_method_2021.json,bps-data-0c5c8c6bbcc24cd9
mean_years_schooling_new_method,415,1605,122,0,0,160541501220,0000,7.55,2025-11-05 12:00:46,results\api\extract\data\dynamic_mean_years_schooling_new_method_2022.json,bps-data-cfe0654330afe1eb
mean_years_schooling_new_method,415,1605,123,0,0,160541501230,0000,7.56,2025-11-05 12:00:46,results\api\extract\data\dynamic_mean_years_schooling_new_method_2023.json,bps-data-6b97f25855ece024
mean_years_schooling_new_method,415,1605,124,0,0,160541501240,0000,7.57,2025-11-05 12:00:46,results\api\extract\data\dynamic_mean_years_schooling_new_method_2024.json,bps-data-fa22b966ff2b1e98
mean_years_schooling_new_method,415,1606,121,0,0,160641501210,0000,7.63,2025-11-05 12:00:46,results\api\extract\data\dynamic_mean_years_schooling_new_method_2021.json,bps-data-0c5c8c6bbcc24cd9
mean_years_schooling_new_method,415,1606,122,0,0,160641501220,0000,7.65,2025-11-05 12:00:46,results\api\extract\data\dynamic_mean_years_schooling_new_method_2022.json,bps-data-cfe0654330afe1eb
mean_years_schooling_new_method,415,1606,123,0,0,160641501230,0000,7.68,2025-11-05 12:00:46,results\api\extract\data\dynamic_mean_years_schooling_new_method_2023.json,bps-data-6b97f25855ece024
mean_years_schooling_new_method,415,1606,124,0,0,160641501240,0000,7.95,2025-11-05 12:00:46,results\api\extract\data\dynamic_mean_years_schooling_new_method_2024.json,bps-data-fa22b966ff2b1e98
mean_years_schooling_new_method,415,1607,121,0,0,160741501210,0000,7.44,2025-11-05 12:00:46,results\api\extract\data\dynamic_mean_years_schooling_new_method_2021.json,bps-data-0c5c8c6bbcc24cd9
mean_years_schooling_new_method,415,1607,122,0,0,160741501220,0000,7.45,2025-11-05 12:00:46,results\api\extract\data\dynamic_mean_years_schooling_new_method_2022.json,bps-data-cfe0654330afe1eb
mean_years_schooling_new_method,415,1607,123,0,0,160741501230,0000,7.46,2025-11-05 12:00:46,results\api\extract\data\dynamic_mean_years_schooling_new_method_2023.json,bps-data-6b97f25855ece024
mean_years_schooling_new_method,415,1607,124,0,0,160741501240,0000,7.48,2025-11-05 12:00:46,results\api\extract\data\dynamic_mean_years_schooling_new_method_2024.json,bps-data-fa22b966ff2b1e98
mean_years_schooling_new_method,415,1608,121,0,0,160841501210,0000,7.85,2025-11-05 12:00:46,results\api\extract\data\dynamic_mean_years_schooling_new_method_2021.json,bps-data-0c5c8c6bbcc24cd9
mean_years_schooling_new_method,415,1608,122,0,0,160841501220,0000,7.86,2025-11-05 12:00:46,results\api\extract\data\dynamic_mean_years_schooling_new_method_2022.json,bps-data-cfe0654330afe1eb
mean_years_schooling_new_method,415,1608,123,0,0,160841501230,0000,8.05,2025-11-05 12:00:46,results\api\extract\data\dynamic_mean_years_schooling_new_method_2023.json,bps-data-6b97f25855ece024
mean_years_schooling_new_method,415,1608,124,0,0,160841501240,0000,8.25,2025-11-05 12:00:46,results\api\extract\data\dynamic_mean_years_schooling_new_method_2024.json,bps-data-fa22b966ff2b1e98
mean_years_schooling_new_method,415,1609,121,0,0,160941501210,0000,7.56,2025-11-05 12:00:46,results\api\extract\data\dynamic_mean_years_schooling_new_method_2021.json,bps-data-0c5c8c6bbcc24cd9
mean_years_schooling_new_method,415,1609,122,0,0,160941501220,0000,7.8,2025-11-05 12:00:46,results\api\extract\data\dynamic_mean_years_schooling_new_method_2022.json,bps-data-cfe0654330afe1eb
mean_years_schooling_new_method,415,1609,123,0,0,160941501230,0000,8.07,2025-11-05 12:00:46,results\api\extract\data\dynamic_mean_years_schooling_new_method_2023.json,bps-data-6b97f25855ece024
mean_years_schooling_new_method,415,1609,124,0,0,160941501240,0000,8.08,2025-11-05 12:00:46,results\api\extract\data\dynamic_mean_years_schooling_new_method_2024.json,bps-data-fa22b966ff2b1e98
mean_years_schooling_new_method,415,1610,121,0,0,161041501210,0000,7.87,2025-11-05 12:00:46,results\api\extract\data\dynamic_mean_years_schooling_new_method_2021.json,bps-data-0c5c8c6bbcc24cd9
mean_years_schooling_new_method,415,1610,122,0,0,161041501220,0000,7.91,2025-11-05 12:00:46,results\api\extract\data\dynamic_mean_years_schooling_new_method_2022.json,bps-data-cfe0654330afe1eb
mean_years_schooling_new_method,415,1610,123,0,0,161041501230,0000,8.08,2025-11-05 12:00:46,results\api\extract\data\dynamic_mean_years_schooling_new_method_2023.json,bps-data-6b97f25855ece024
mean_years_schooling_new_method,415,1610,124,0,0,161041501240,0000,8.09,2025-11-05 12:00:46,results\api\extract\data\dynamic_mean_years_schooling_new_method_2024.json,bps-data-fa22b966ff2b1e98
mean_years_schooling_new_method,415,1611,121,0,0,161141501210,0000,7.64,2025-11-05 12:00:46,results\api\extract\data\dynamic_mean_years_schooling_new_method_2021.json,bps-data-0c5c8c6bbcc24cd9
mean_years_schooling_new_method,415,1611,122,0,0,161141501220,0000,7.65,2025-11-05 12:00:46,results\api\extract\data\dynamic_mean_years_schooling_new_method_2022.json,bps-data-cfe0654330afe1eb
mean_years_schooling_new_method,415,1611,123,0,0,161141501230,0000,7.66,2025-11-05 12:00:46,results\api\extract\data\dynamic_mean_years_schooling_new_method_2023.json,bps-data-6b97f25855ece024
mean_years_schooling_new_method,415,1611,124,0,0,161141501240,0000,7.68,2025-11-05 12:00:46,results\api\extract\data\dynamic_mean_years_schooling_new_method_2024.json,bps-data-fa22b966ff2b1e98
mean_years_schooling_new_method,415,1612,121,0,0,161241501210,0000,7.05,2025-11-05 12:00:46,results\api\extract\data\dynamic_mean_years_schooling_new_method_2021.json,bps-data-0c5c8c6bbcc24cd9
mean_years_schooling_new_method,415,1612,122,0,0,161241501220,0000,7.06,2025-11-05 12:00:46,results\api\extract\data\dynamic_mean_years_schooling_new_method_2022.json,bps-data-cfe0654330afe1eb
mean_years_schooling_new_method,415,1612,123,0,0,161241501230,0000,7.08,2025-11-05 12:00:46,results\api\extract\data\dynamic_mean_years_schooling_new_method_2023.json,bps-data-6b97f25855ece024
mean_years_schooling_new_method,415,1612,124,0,0,161241501240,0000,7.27,2025-11-05 12:00:46,results\api\extract\data\dynamic_mean_years_schooling_new_method_2024.json,bps-data-fa22b966ff2b1e98
mean_years_schooling_new_method,415,1613,121,0,0,161341501210,0000,7.09,2025-11-05 12:00:46,results\api\extract\data\dynamic_mean_years_schooling_new_method_2021.json,bps-data-0c5c8c6bbcc24cd9
mean_years_schooling_new_method,415,1613,122,0,0,161341501220,0000,7.26,2025-11-05 12:00:46,results\api\extract\data\dynamic_mean_years_schooling_new_method_2022.json,bps-data-cfe0654330afe1eb
mean_years_schooling_new_method,415,1613,123,0,0,161341501230,0000,7.5,2025-11-05 12:00:46,results\api\extract\data\dynamic_mean_years_schooling_new_method_2023.json,bps-data-6b97f25855ece024
mean_years_schooling_new_method,415,1613,124,0,0,161341501240,0000,7.51,2025-11-05 12:00:46,results\api\extract\data\dynamic_mean_years_schooling_new_method_2024.json,bps-data-fa22b966ff2b1e98
mean_years_schooling_new_method,415,1671,121,0,0,167141501210,0000,10.75,2025-11-05 12:00:46,results\api\extract\data\dynamic_mean_years_schooling_new_method_2021.json,bps-data-0c5c8c6bbcc24cd9
mean_years_schooling_new_method,415,1671,122,0,0,167141501220,0000,10.91,2025-11-05 12:00:46,results\api\extract\data\dynamic_mean_years_schooling_new_method_2022.json,bps-data-cfe0654330afe1eb
mean_years_schooling_new_method,415,1671,123,0,0,167141501230,0000,10.92,2025-11-05 12:00:46,results\api\extract\data\dynamic_mean_years_schooling_new_method_2023.json,bps-data-6b97f25855ece024
mean_years_schooling_new_method,415,1671,124,0,0,167141501240,0000,10.93,2025-11-05 12:00:46,results\api\extract\data\dynamic_mean_years_schooling_new_method_2024.json,bps-data-fa22b966ff2b1e98
mean_years_schooling_new_method,415,1672,121,0,0,167241501210,0000,9.97,2025-11-05 12:00:46,results\api\extract\data\dynamic_mean_years_schooling_new_method_2021.json,bps-data-0c5c8c6bbcc24cd9
mean_years_schooling_new_method,415,1672,122,0,0,167241501220,0000,10.2,2025-11-05 12:00:46,results\api\extract\data\dynamic_mean_years_schooling_new_method_2022.json,bps-data-cfe0654330afe1eb
mean_years_schooling_new_method,415,1672,123,0,0,167241501230,0000,10.35,2025-11-05 12:00:46,results\api\extract\data\dynamic_mean_years_schooling_new_method_2023.json,bps-data-6b97f25855ece024
mean_years_schooling_new_method,415,1672,124,0,0,167241501240,0000,10.36,2025-11-05 12:00:46,results\api\extract\data\dynamic_mean_years_schooling_new_method_2024.json,bps-data-fa22b966ff2b1e98
mean_years_schooling_new_method,415,1673,121,0,0,167341501210,0000,9.4,2025-11-05 12:00:46,results\api\extract\data\dynamic_mean_years_schooling_new_method_2021.json,bps-data-0c5c8c6bbcc24cd9
mean_years_schooling_new_method,415,1673,122,0,0,167341501220,0000,9.41,2025-11-05 12:00:46,results\api\extract\data\dynamic_mean_years_schooling_new_method_2022.json,bps-data-cfe0654330afe1eb
mean_years_schooling_new_method,415,1673,123,0,0,167341501230,0000,9.43,2025-11-05 12:00:46,results\api\extract\data\dynamic_mean_years_schooling_new_method_2023.json,bps-data-6b97f25855ece024
mean_years_schooling_new_method,415,1673,124,0,0,167341501240,0000,9.44,2025-11-05 12:00:46,results\api\extract\data\dynamic_mean_years_schooling_new_method_2024.json,bps-data-fa22b966ff2b1e98
mean_years_schooling_new_method,415,1674,121,0,0,167441501210,0000,9.9,2025-11-05 12:00:46,results\api\extract\data\dynamic_mean_years_schooling_new_method_2021.json,bps-data-0c5c8c6bbcc24cd9
mean_years_schooling_new_method,415,1674,122,0,0,167441501220,0000,9.91,2025-11-05 12:00:46,results\api\extract\data\dynamic_mean_years_schooling_new_method_2022.json,bps-data-cfe0654330afe1eb
mean_years_schooling_new_method,415,1674,123,0,0,167441501230,0000,9.93,2025-11-05 12:00:46,results\api\extract\data\dynamic_mean_years_schooling_new_method_2023.json,bps-data-6b97f25855ece024
mean_years_schooling_new_method,415,1674,124,0,0,167441501240,0000,9.94,2025-11-05 12:00:46,results\api\extract\data\dynamic_mean_years_schooling_new_method_2024.json,bps-data-fa22b966ff2b1e98
mean_years_schooling_new_method,415,1700,121,0,0,170041501210,0000,8.87,2025-11-05 12:00:46,results\api\extract\data\dynamic_mean_years_schooling_new_method_2021.json,bps-data-0c5c8c6bbcc24cd9
mean_years_schooling_new_method,415,1700,122,0,0,170041501220,0000,8.91,2025-11-05 12:00:46,results\api\extract\data\dynamic_mean_years_schooling_new_method_2022.json,bps-data-cfe0654330afe1eb
mean_years_schooling_new_method,415,1700,123,0,0,170041501230,0000,9.03,2025-11-05 12:00:46,results\api\extract\data\dynamic_mean_years_schooling_new_method_2023.json,bps-data-6b97f25855ece024
mean_years_schooling_new_method,415,1700,124,0,0,170041501240,0000,9.04,2025-11-05 12:00:46,results\api\extract\data\dynamic_mean_years_schooling_new_method_2024.json,bps-data-fa22b966ff2b1e98
mean_years_schooling_new_method,415,1701,121,0,0,170141501210,0000,9.27,2025-11-05 12:00:46,results\api\extract\data\dynamic_mean_years_schooling_new_method_2021.json,bps-data-0c5c8c6bbcc24cd9
mean_years_schooling_new_method,415,1701,122,0,0,170141501220,0000,9.39,2025-11-05 12:00:46,results\api\extract\data\dynamic_mean_years_schooling_new_method_2022.json,bps-data-cfe0654330afe1eb
mean_years_schooling_new_method,415,1701,123,0,0,170141501230,0000,9.41,2025-11-05 12:00:46,results\api\extract\data\dynamic_mean_years_schooling_new_method_2023.json,bps-data-6b97f25855ece024
mean_years_schooling_new_method,415,1701,124,0,0,170141501240,0000,9.42,2025-11-05 12:00:46,results\api\extract\data\dynamic_mean_years_schooling_new_method_2024.json,bps-data-fa22b966ff2b1e98
mean_years_schooling_new_method,415,1702,121,0,0,170241501210,0000,8.33,2025-11-05 12:00:46,results\api\extract\data\dynamic_mean_years_schooling_new_method_2021.json,bps-data-0c5c8c6bbcc24cd9
mean_years_schooling_new_method,415,1702,122,0,0,170241501220,0000,8.55,2025-11-05 12:00:46,results\api\extract\data\dynamic_mean_years_schooling_new_method_2022.json,bps-data-cfe0654330afe1eb
mean_years_schooling_new_method,415,1702,123,0,0,170241501230,0000,8.8,2025-11-05 12:00:46,results\api\extract\data\dynamic_mean_years_schooling_new_method_2023.json,bps-data-6b97f25855ece024
mean_years_schooling_new_method,415,1702,124,0,0,170241501240,0000,8.81,2025-11-05 12:00:46,results\api\extract\data\dynamic_mean_years_schooling_new_method_2024.json,bps-data-fa22b966ff2b1e98
mean_years_schooling_new_method,415,1703,121,0,0,170341501210,0000,8.09,2025-11-05 12:00:46,results\api\extract\data\dynamic_mean_years_schooling_new_method_2021.json,bps-data-0c5c8c6bbcc24cd9
mean_years_schooling_new_method,415,1703,122,0,0,170341501220,0000,8.1,2025-11-05 12:00:46,results\api\extract\data\dynamic_mean_years_schooling_new_method_2022.json,bps-data-cfe0654330afe1eb
mean_years_schooling_new_method,415,1703,123,0,0,170341501230,0000,8.11,2025-11-05 12:00:46,results\api\extract\data\dynamic_mean_years_schooling_new_method_2023.json,bps-data-6b97f25855ece024
mean_years_schooling_new_method,415,1703,124,0,0,170341501240,0000,8.32,2025-11-05 12:00:46,results\api\extract\data\dynamic_mean_years_schooling_new_method_2024.json,bps-data-fa22b966ff2b1e98
mean_years_schooling_new_method,415,1704,121,0,0,170441501210,0000,8.38,2025-11-05 12:00:46,results\api\extract\data\dynamic_mean_years_schooling_new_method_2021.json,bps-data-0c5c8c6bbcc24cd9
mean_years_schooling_new_method,415,1704,122,0,0,170441501220,0000,8.39,2025-11-05 12:00:46,results\api\extract\data\dynamic_mean_years_schooling_new_method_2022.json,bps-data-cfe0654330afe1eb
mean_years_schooling_new_method,415,1704,123,0,0,170441501230,0000,8.41,2025-11-05 12:00:46,results\api\extract\data\dynamic_mean_years_schooling_new_method_2023.json,bps-data-6b97f25855ece024
mean_years_schooling_new_method,415,1704,124,0,0,170441501240,0000,8.47,2025-11-05 12:00:46,results\api\extract\data\dynamic_mean_years_schooling_new_method_2024.json,bps-data-fa22b966ff2b1e98
mean_years_schooling_new_method,415,1705,121,0,0,170541501210,0000,8.0,2025-11-05 12:00:46,results\api\extract\data\dynamic_mean_years_schooling_new_method_2021.json,bps-data-0c5c8c6bbcc24cd9
mean_years_schooling_new_method,415,1705,122,0,0,170541501220,0000,8.09,2025-11-05 12:00:46,results\api\extract\data\dynamic_mean_years_schooling_new_method_2022.json,bps-data-cfe0654330afe1eb
mean_years_schooling_new_method,415,1705,123,0,0,170541501230,0000,8.13,2025-11-05 12:00:46,results\api\extract\data\dynamic_mean_years_schooling_new_method_2023.json,bps-data-6b97f25855ece024
mean_years_schooling_new_method,415,1705,124,0,0,170541501240,0000,8.14,2025-11-05 12:00:46,results\api\extract\data\dynamic_mean_years_schooling_new_method_2024.json,bps-data-fa22b966ff2b1e98
mean_years_schooling_new_method,415,1706,121,0,0,170641501210,0000,8.3,2025-11-05 12:00:46,results\api\extract\data\dynamic_mean_years_schooling_new_method_2021.json,bps-data-0c5c8c6bbcc24cd9
mean_years_schooling_new_method,415,1706,122,0,0,170641501220,0000,8.31,2025-11-05 12:00:46,results\api\extract\data\dynamic_mean_years_schooling_new_method_2022.json,bps-data-cfe0654330afe1eb
mean_years_schooling_new_method,415,1706,123,0,0,170641501230,0000,8.56,2025-11-05 12:00:46,results\api\extract\data\dynamic_mean_years_schooling_new_method_2023.json,bps-data-6b97f25855ece024
mean_years_schooling_new_method,415,1706,124,0,0,170641501240,0000,8.57,2025-11-05 12:00:46,results\api\extract\data\dynamic_mean_years_schooling_new_method_2024.json,bps-data-fa22b966ff2b1e98
mean_years_schooling_new_method,415,1707,121,0,0,170741501210,0000,8.18,2025-11-05 12:00:46,results\api\extract\data\dynamic_mean_years_schooling_new_method_2021.json,bps-data-0c5c8c6bbcc24cd9
mean_years_schooling_new_method,415,1707,122,0,0,170741501220,0000,8.24,2025-11-05 12:00:46,results\api\extract\data\dynamic_mean_years_schooling_new_method_2022.json,bps-data-cfe0654330afe1eb
mean_years_schooling_new_method,415,1707,123,0,0,170741501230,0000,8.26,2025-11-05 12:00:46,results\api\extract\data\dynamic_mean_years_schooling_new_method_2023.json,bps-data-6b97f25855ece024
mean_years_schooling_new_method,415,1707,124,0,0,170741501240,0000,8.41,2025-11-05 12:00:46,results\api\extract\data\dynamic_mean_years_schooling_new_method_2024.json,bps-data-fa22b966ff2b1e98
mean_years_schooling_new_method,415,1708,121,0,0,170841501210,0000,8.29,2025-11-05 12:00:46,results\api\extract\data\dynamic_mean_years_schooling_new_method_2021.json,bps-data-0c5c8c6bbcc24cd9
mean_years_schooling_new_method,415,1708,122,0,0,170841501220,0000,8.3,2025-11-05 12:00:46,results\api\extract\data\dynamic_mean_years_schooling_new_method_2022.json,bps-data-cfe0654330afe1eb
mean_years_schooling_new_method,415,1708,123,0,0,170841501230,0000,8.36,2025-11-05 12:00:46,results\api\extract\data\dynamic_mean_years_schooling_new_method_2023.json,bps-data-6b97f25855ece024
mean_years_schooling_new_method,415,1708,124,0,0,170841501240,0000,8.37,2025-11-05 12:00:46,results\api\extract\data\dynamic_mean_years_schooling_new_method_2024.json,bps-data-fa22b966ff2b1e98
mean_years_schooling_new_method,415,1709,121,0,0,170941501210,0000,7.48,2025-11-05 12:00:46,results\api\extract\data\dynamic_mean_years_schooling_new_method_2021.json,bps-data-0c5c8c6bbcc24cd9
mean_years_schooling_new_method,415,1709,122,0,0,170941501220,0000,7.49,2025-11-05 12:00:46,results\api\extract\data\dynamic_mean_years_schooling_new_method_2022.json,bps-data-cfe0654330afe1eb
mean_years_schooling_new_method,415,1709,123,0,0,170941501230,0000,7.51,2025-11-05 12:00:46,results\api\extract\data\dynamic_mean_years_schooling_new_method_2023.json,bps-data-6b97f25855ece024
mean_years_schooling_new_method,415,1709,124,0,0,170941501240,0000,7.71,2025-11-05 12:00:46,results\api\extract\data\dynamic_mean_years_schooling_new_method_2024.json,bps-data-fa22b966ff2b1e98
mean_years_schooling_new_method,415,1771,121,0,0,177141501210,0000,11.8,2025-11-05 12:00:46,results\api\extract\data\dynamic_mean_years_schooling_new_method_2021.json,bps-data-0c5c8c6bbcc24cd9
mean_years_schooling_new_method,415,1771,122,0,0,177141501220,0000,11.82,2025-11-05 12:00:46,results\api\extract\data\dynamic_mean_years_schooling_new_method_2022.json,bps-data-cfe0654330afe1eb
mean_years_schooling_new_method,415,1771,123,0,0,177141501230,0000,11.83,2025-11-05 12:00:46,results\api\extract\data\dynamic_mean_years_schooling_new_method_2023.json,bps-data-6b97f25855ece024
mean_years_schooling_new_method,415,1771,124,0,0,177141501240,0000,11.84,2025-11-05 12:00:46,results\api\extract\data\dynamic_mean_years_schooling_new_method_2024.json,bps-data-fa22b966ff2b1e98
mean_years_schooling_new_method,415,1800,121,0,0,180041501210,0000,8.08,2025-11-05 12:00:46,results\api\extract\data\dynamic_mean_years_schooling_new_method_2021.json,bps-data-0c5c8c6bbcc24cd9
mean_years_schooling_new_method,415,1800,122,0,0,180041501220,0000,8.18,2025-11-05 12:00:46,results\api\extract\data\dynamic_mean_years_schooling_new_method_2022.json,bps-data-cfe0654330afe1eb
mean_years_schooling_new_method,415,1800,123,0,0,180041501230,0000,8.29,2025-11-05 12:00:46,results\api\extract\data\dynamic_mean_years_schooling_new_method_2023.json,bps-data-6b97f25855ece024
mean_years_schooling_new_method,415,1800,124,0,0,180041501240,0000,8.36,2025-11-05 12:00:46,results\api\extract\data\dynamic_mean_years_schooling_new_method_2024.json,bps-data-fa22b966ff2b1e98
mean_years_schooling_new_method,415,1801,121,0,0,180141501210,0000,8.07,2025-11-05 12:00:46,results\api\extract\data\dynamic_mean_years_schooling_new_method_2021.json,bps-data-0c5c8c6bbcc24cd9
mean_years_schooling_new_method,415,1801,122,0,0,180141501220,0000,8.2,2025-11-05 12:00:46,results\api\extract\data\dynamic_mean_years_schooling_new_method_2022.json,bps-data-cfe0654330afe1eb
mean_years_schooling_new_method,415,1801,123,0,0,180141501230,0000,8.36,2025-11-05 12:00:46,results\api\extract\data\dynamic_mean_years_schooling_new_method_2023.json,bps-data-6b97f25855ece024
mean_years_schooling_new_method,415,1801,124,0,0,180141501240,0000,8.56,2025-11-05 12:00:46,results\api\extract\data\dynamic_mean_years_schooling_new_method_2024.json,bps-data-fa22b966ff2b1e98
mean_years_schooling_new_method,415,1802,121,0,0,180241501210,0000,7.34,2025-11-05 12:00:46,results\api\extract\data\dynamic_mean_years_schooling_new_method_2021.json,bps-data-0c5c8c6bbcc24cd9
mean_years_schooling_new_method,415,1802,122,0,0,180241501220,0000,7.35,2025-11-05 12:00:46,results\api\extract\data\dynamic_mean_years_schooling_new_method_2022.json,bps-data-cfe0654330afe1eb
mean_years_schooling_new_method,415,1802,123,0,0,180241501230,0000,7.36,2025-11-05 12:00:46,results\api\extract\data\dynamic_mean_years_schooling_new_method_2023.json,bps-data-6b97f25855ece024
mean_years_schooling_new_method,415,1802,124,0,0,180241501240,0000,7.38,2025-11-05 12:00:46,results\api\extract\data\dynamic_mean_years_schooling_new_method_2024.json,bps-data-fa22b966ff2b1e98
mean_years_schooling_new_method,415,1803,121,0,0,180341501210,0000,7.7,2025-11-05 12:00:46,results\api\extract\data\dynamic_mean_years_schooling_new_method_2021.json,bps-data-0c5c8c6bbcc24cd9
mean_years_schooling_new_method,415,1803,122,0,0,180341501220,0000,7.72,2025-11-05 12:00:46,results\api\extract\data\dynamic_mean_years_schooling_new_method_2022.json,bps-data-cfe0654330afe1eb
mean_years_schooling_new_method,415,1803,123,0,0,180341501230,0000,7.77,2025-11-05 12:00:46,results\api\extract\data\dynamic_mean_years_schooling_new_method_2023.json,bps-data-6b97f25855ece024
mean_years_schooling_new_method,415,1803,124,0,0,180341501240,0000,7.78,2025-11-05 12:00:46,results\api\extract\data\dynamic_mean_years_schooling_new_method_2024.json,bps-data-fa22b966ff2b1e98
mean_years_schooling_new_method,415,1804,121,0,0,180441501210,0000,7.77,2025-11-05 12:00:46,results\api\extract\data\dynamic_mean_years_schooling_new_method_2021.json,bps-data-0c5c8c6bbcc24cd9
mean_years_schooling_new_method,415,1804,122,0,0,180441501220,0000,8.04,2025-11-05 12:00:46,results\api\extract\data\dynamic_mean_years_schooling_new_method_2022.json,bps-data-cfe0654330afe1eb
mean_years_schooling_new_method,415,1804,123,0,0,180441501230,0000,8.14,2025-11-05 12:00:46,results\api\extract\data\dynamic_mean_years_schooling_new_method_2023.json,bps-data-6b97f25855ece024
mean_years_schooling_new_method,415,1804,124,0,0,180441501240,0000,8.2,2025-11-05 12:00:46,results\api\extract\data\dynamic_mean_years_schooling_new_method_2024.json,bps-data-fa22b966ff2b1e98
mean_years_schooling_new_method,415,1805,121,0,0,180541501210,0000,7.59,2025-11-05 12:00:46,results\api\extract\data\dynamic_mean_years_schooling_new_method_2021.json,bps-data-0c5c8c6bbcc24cd9
mean_years_schooling_new_method,415,1805,122,0,0,180541501220,0000,7.64,2025-11-05 12:00:46,results\api\extract\data\dynamic_mean_years_schooling_new_method_2022.json,bps-data-cfe0654330afe1eb
mean_years_schooling_new_method,415,1805,123,0,0,180541501230,0000,7.81,2025-11-05 12:00:46,results\api\extract\data\dynamic_mean_years_schooling_new_method_2023.json,bps-data-6b97f25855ece024
mean_years_schooling_new_method,415,1805,124,0,0,180541501240,0000,7.97,2025-11-05 12:00:46,results\api\extract\data\dynamic_mean_years_schooling_new_method_2024.json,bps-data-fa22b966ff2b1e98
mean_years_schooling_new_method,415,1806,121,0,0,180641501210,0000,8.34,2025-11-05 12:00:46,results\api\extract\data\dynamic_mean_years_schooling_new_method_2021.json,bps-data-0c5c8c6bbcc24cd9
mean_years_schooling_new_method,415,1806,122,0,0,180641501220,0000,8.35,2025-11-05 12:00:46,results\api\extract\data\dynamic_mean_years_schooling_new_method_2022.json,bps-data-cfe0654330afe1eb
mean_years_schooling_new_method,415,1806,123,0,0,180641501230,0000,8.36,2025-11-05 12:00:46,results\api\extract\data\dynamic_mean_years_schooling_new_method_2023.json,bps-data-6b97f25855ece024
mean_years_schooling_new_method,415,1806,124,0,0,180641501240,0000,8.38,2025-11-05 12:00:46,results\api\extract\data\dynamic_mean_years_schooling_new_method_2024.json,bps-data-fa22b966ff2b1e98
mean_years_schooling_new_method,415,1807,121,0,0,180741501210,0000,7.71,2025-11-05 12:00:46,results\api\extract\data\dynamic_mean_years_schooling_new_method_2021.json,bps-data-0c5c8c6bbcc24cd9
mean_years_schooling_new_method,415,1807,122,0,0,180741501220,0000,7.72,2025-11-05 12:00:46,results\api\extract\data\dynamic_mean_years_schooling_new_method_2022.json,bps-data-cfe0654330afe1eb
mean_years_schooling_new_method,415,1807,123,0,0,180741501230,0000,7.74,2025-11-05 12:00:46,results\api\extract\data\dynamic_mean_years_schooling_new_method_2023.json,bps-data-6b97f25855ece024
mean_years_schooling_new_method,415,1807,124,0,0,180741501240,0000,7.75,2025-11-05 12:00:46,results\api\extract\data\dynamic_mean_years_schooling_new_method_2024.json,bps-data-fa22b966ff2b1e98
mean_years_schooling_new_method,415,1808,121,0,0,180841501210,0000,7.55,2025-11-05 12:00:46,results\api\extract\data\dynamic_mean_years_schooling_new_method_2021.json,bps-data-0c5c8c6bbcc24cd9
mean_years_schooling_new_method,415,1808,122,0,0,180841501220,0000,7.56,2025-11-05 12:00:46,results\api\extract\data\dynamic_mean_years_schooling_new_method_2022.json,bps-data-cfe0654330afe1eb
mean_years_schooling_new_method,415,1808,123,0,0,180841501230,0000,7.57,2025-11-05 12:00:46,results\api\extract\data\dynamic_mean_years_schooling_new_method_2023.json,bps-data-6b97f25855ece024
mean_years_schooling_new_method,415,1808,124,0,0,180841501240,0000,7.65,2025-11-05 12:00:46,results\api\extract\data\dynamic_mean_years_schooling_new_method_2024.json,bps-data-fa22b966ff2b1e98
mean_years_schooling_new_method,415,1809,121,0,0,180941501210,0000,7.71,2025-11-05 12:00:46,results\api\extract\data\dynamic_mean_years_schooling_new_method_2021.json,bps-data-0c5c8c6bbcc24cd9
mean_years_schooling_new_method,415,1809,122,0,0,180941501220,0000,7.77,2025-11-05 12:00:46,results\api\extract\data\dynamic_mean_years_schooling_new_method_2022.json,bps-data-cfe0654330afe1eb
mean_years_schooling_new_method,415,1809,123,0,0,180941501230,0000,7.99,2025-11-05 12:00:46,results\api\extract\data\dynamic_mean_years_schooling_new_method_2023.json,bps-data-6b97f25855ece024
mean_years_schooling_new_method,415,1809,124,0,0,180941501240,0000,8.0,2025-11-05 12:00:46,results\api\extract\data\dynamic_mean_years_schooling_new_method_2024.json,bps-data-fa22b966ff2b1e98
mean_years_schooling_new_method,415,1810,121,0,0,181041501210,0000,8.39,2025-11-05 12:00:46,results\api\extract\data\dynamic_mean_years_schooling_new_method_2021.json,bps-data-0c5c8c6bbcc24cd9
mean_years_schooling_new_method,415,1810,122,0,0,181041501220,0000,8.4,2025-11-05 12:00:46,results\api\extract\data\dynamic_mean_years_schooling_new_method_2022.json,bps-data-cfe0654330afe1eb
mean_years_schooling_new_method,415,1810,123,0,0,181041501230,0000,8.42,2025-11-05 12:00:46,results\api\extract\data\dynamic_mean_years_schooling_new_method_2023.json,bps-data-6b97f25855ece024
mean_years_schooling_new_method,415,1810,124,0,0,181041501240,0000,8.53,2025-11-05 12:00:46,results\api\extract\data\dynamic_mean_years_schooling_new_method_2024.json,bps-data-fa22b966ff2b1e98
mean_years_schooling_new_method,415,1811,121,0,0,181141501210,0000,7.08,2025-11-05 12:00:46,results\api\extract\data\dynamic_mean_years_schooling_new_method_2021.json,bps-data-0c5c8c6bbcc24cd9
mean_years_schooling_new_method,415,1811,122,0,0,181141501220,0000,7.09,2025-11-05 12:00:46,results\api\extract\data\dynamic_mean_years_schooling_new_method_2022.json,bps-data-cfe0654330afe1eb
mean_years_schooling_new_method,415,1811,123,0,0,181141501230,0000,7.11,2025-11-05 12:00:46,results\api\extract\data\dynamic_mean_years_schooling_new_method_2023.json,bps-data-6b97f25855ece024
mean_years_schooling_new_method,415,1811,124,0,0,181141501240,0000,7.21,2025-11-05 12:00:46,results\api\extract\data\dynamic_mean_years_schooling_new_method_2024.json,bps-data-fa22b966ff2b1e98
mean_years_schooling_new_method,415,1812,121,0,0,181241501210,0000,7.39,2025-11-05 12:00:46,results\api\extract\data\dynamic_mean_years_schooling_new_method_2021.json,bps-data-0c5c8c6bbcc24cd9
mean_years_schooling_new_method,415,1812,122,0,0,181241501220,0000,7.72,2025-11-05 12:00:46,results\api\extract\data\dynamic_mean_years_schooling_new_method_2022.json,bps-data-cfe0654330afe1eb
mean_years_schooling_new_method,415,1812,123,0,0,181241501230,0000,7.79,2025-11-05 12:00:46,results\api\extract\data\dynamic_mean_years_schooling_new_method_2023.json,bps-data-6b97f25855ece024
mean_years_schooling_new_method,415,1812,124,0,0,181241501240,0000,7.8,2025-11-05 12:00:46,results\api\extract\data\dynamic_mean_years_schooling_new_method_2024.json,bps-data-fa22b966ff2b1e98
mean_years_schooling_new_method,415,1813,121,0,0,181341501210,0000,8.19,2025-11-05 12:00:46,results\api\extract\data\dynamic_mean_years_schooling_new_method_2021.json,bps-data-0c5c8c6bbcc24cd9
mean_years_schooling_new_method,415,1813,122,0,0,181341501220,0000,8.53,2025-11-05 12:00:46,results\api\extract\data\dynamic_mean_years_schooling_new_method_2022.json,bps-data-cfe0654330afe1eb
mean_years_schooling_new_method,415,1813,123,0,0,181341501230,0000,8.7,2025-11-05 12:00:46,results\api\extract\data\dynamic_mean_years_schooling_new_method_2023.json,bps-data-6b97f25855ece024
mean_years_schooling_new_method,415,1813,124,0,0,181341501240,0000,8.73,2025-11-05 12:00:46,results\api\extract\data\dynamic_mean_years_schooling_new_method_2024.json,bps-data-fa22b966ff2b1e98
mean_years_schooling_new_method,415,1871,121,0,0,187141501210,0000,10.95,2025-11-05 12:00:46,results\api\extract\data\dynamic_mean_years_schooling_new_method_2021.json,bps-data-0c5c8c6bbcc24cd9
mean_years_schooling_new_method,415,1871,122,0,0,187141501220,0000,10.96,2025-11-05 12:00:46,results\api\extract\data\dynamic_mean_years_schooling_new_method_2022.json,bps-data-cfe0654330afe1eb
mean_years_schooling_new_method,415,1871,123,0,0,187141501230,0000,10.97,2025-11-05 12:00:46,results\api\extract\data\dynamic_mean_years_schooling_new_method_2023.json,bps-data-6b97f25855ece024
mean_years_schooling_new_method,415,1871,124,0,0,187141501240,0000,10.99,2025-11-05 12:00:46,results\api\extract\data\dynamic_mean_years_schooling_new_method_2024.json,bps-data-fa22b966ff2b1e98
mean_years_schooling_new_method,415,1872,121,0,0,187241501210,0000,10.97,2025-11-05 12:00:46,results\api\extract\data\dynamic_mean_years_schooling_new_method_2021.json,bps-data-0c5c8c6bbcc24cd9
mean_years_schooling_new_method,415,1872,122,0,0,187241501220,0000,10.98,2025-11-05 12:00:46,results\api\extract\data\dynamic_mean_years_schooling_new_method_2022.json,bps-data-cfe0654330afe1eb
mean_years_schooling_new_method,415,1872,123,0,0,187241501230,0000,11.0,2025-11-05 12:00:46,results\api\extract\data\dynamic_mean_years_schooling_new_method_2023.json,bps-data-6b97f25855ece024
mean_years_schooling_new_method,415,1872,124,0,0,187241501240,0000,11.01,2025-11-05 12:00:46,results\api\extract\data\dynamic_mean_years_schooling_new_method_2024.json,bps-data-fa22b966ff2b1e98
mean_years_schooling_new_method,415,1900,121,0,0,190041501210,0000,8.08,2025-11-05 12:00:46,results\api\extract\data\dynamic_mean_years_schooling_new_method_2021.json,bps-data-0c5c8c6bbcc24cd9
mean_years_schooling_new_method,415,1900,122,0,0,190041501220,0000,8.11,2025-11-05 12:00:46,results\api\extract\data\dynamic_mean_years_schooling_new_method_2022.json,bps-data-cfe0654330afe1eb
mean_years_schooling_new_method,415,1900,123,0,0,190041501230,0000,8.25,2025-11-05 12:00:46,results\api\extract\data\dynamic_mean_years_schooling_new_method_2023.json,bps-data-6b97f25855ece024
mean_years_schooling_new_method,415,1900,124,0,0,190041501240,0000,8.33,2025-11-05 12:00:46,results\api\extract\data\dynamic_mean_years_schooling_new_method_2024.json,bps-data-fa22b966ff2b1e98
mean_years_schooling_new_method,415,1901,121,0,0,190141501210,0000,8.25,2025-11-05 12:00:46,results\api\extract\data\dynamic_mean_years_schooling_new_method_2021.json,bps-data-0c5c8c6bbcc24cd9
mean_years_schooling_new_method,415,1901,122,0,0,190141501220,0000,8.27,2025-11-05 12:00:46,results\api\extract\data\dynamic_mean_years_schooling_new_method_2022.json,bps-data-cfe0654330afe1eb
mean_years_schooling_new_method,415,1901,123,0,0,190141501230,0000,8.32,2025-11-05 12:00:46,results\api\extract\data\dynamic_mean_years_schooling_new_method_2023.json,bps-data-6b97f25855ece024
mean_years_schooling_new_method,415,1901,124,0,0,190141501240,0000,8.45,2025-11-05 12:00:46,results\api\extract\data\dynamic_mean_years_schooling_new_method_2024.json,bps-data-fa22b966ff2b1e98
mean_years_schooling_new_method,415,1902,121,0,0,190241501210,0000,8.47,2025-11-05 12:00:46,results\api\extract\data\dynamic_mean_years_schooling_new_method_2021.json,bps-data-0c5c8c6bbcc24cd9
mean_years_schooling_new_method,415,1902,122,0,0,190241501220,0000,8.74,2025-11-05 12:00:46,results\api\extract\data\dynamic_mean_years_schooling_new_method_2022.json,bps-data-cfe0654330afe1eb
mean_years_schooling_new_method,415,1902,123,0,0,190241501230,0000,8.98,2025-11-05 12:00:46,results\api\extract\data\dynamic_mean_years_schooling_new_method_2023.json,bps-data-6b97f25855ece024
mean_years_schooling_new_method,415,1902,124,0,0,190241501240,0000,9.05,2025-11-05 12:00:46,results\api\extract\data\dynamic_mean_years_schooling_new_method_2024.json,bps-data-fa22b966ff2b1e98
mean_years_schooling_new_method,415,1903,121,0,0,190341501210,0000,7.44,2025-11-05 12:00:46,results\api\extract\data\dynamic_mean_years_schooling_new_method_2021.json,bps-data-0c5c8c6bbcc24cd9
mean_years_schooling_new_method,415,1903,122,0,0,190341501220,0000,7.46,2025-11-05 12:00:46,results\api\extract\data\dynamic_mean_years_schooling_new_method_2022.json,bps-data-cfe0654330afe1eb
mean_years_schooling_new_method,415,1903,123,0,0,190341501230,0000,7.47,2025-11-05 12:00:46,results\api\extract\data\dynamic_mean_years_schooling_new_method_2023.json,bps-data-6b97f25855ece024
mean_years_schooling_new_method,415,1903,124,0,0,190341501240,0000,7.48,2025-11-05 12:00:46,results\api\extract\data\dynamic_mean_years_schooling_new_method_2024.json,bps-data-fa22b966ff2b1e98
mean_years_schooling_new_method,415,1904,121,0,0,190441501210,0000,7.2,2025-11-05 12:00:46,results\api\extract\data\dynamic_mean_years_schooling_new_method_2021.json,bps-data-0c5c8c6bbcc24cd9
mean_years_schooling_new_method,415,1904,122,0,0,190441501220,0000,7.22,2025-11-05 12:00:46,results\api\extract\data\dynamic_mean_years_schooling_new_method_2022.json,bps-data-cfe0654330afe1eb
mean_years_schooling_new_method,415,1904,123,0,0,190441501230,0000,7.23,2025-11-05 12:00:46,results\api\extract\data\dynamic_mean_years_schooling_new_method_2023.json,bps-data-6b97f25855ece024
mean_years_schooling_new_method,415,1904,124,0,0,190441501240,0000,7.24,2025-11-05 12:00:46,results\api\extract\data\dynamic_mean_years_schooling_new_method_2024.json,bps-data-fa22b966ff2b1e98
mean_years_schooling_new_method,415,1905,121,0,0,190541501210,0000,6.71,2025-11-05 12:00:46,results\api\extract\data\dynamic_mean_years_schooling_new_method_2021.json,bps-data-0c5c8c6bbcc24cd9
mean_years_schooling_new_method,415,1905,122,0,0,190541501220,0000,6.89,2025-11-05 12:00:46,results\api\extract\data\dynamic_mean_years_schooling_new_method_2022.json,bps-data-cfe0654330afe1eb
mean_years_schooling_new_method,415,1905,123,0,0,190541501230,0000,6.91,2025-11-05 12:00:46,results\api\extract\data\dynamic_mean_years_schooling_new_method_2023.json,bps-data-6b97f25855ece024
mean_years_schooling_new_method,415,1905,124,0,0,190541501240,0000,6.93,2025-11-05 12:00:46,results\api\extract\data\dynamic_mean_years_schooling_new_method_2024.json,bps-data-fa22b966ff2b1e98
mean_years_schooling_new_method,415,1906,121,0,0,190641501210,0000,8.47,2025-11-05 12:00:46,results\api\extract\data\dynamic_mean_years_schooling_new_method_2021.json,bps-data-0c5c8c6bbcc24cd9
mean_years_schooling_new_method,415,1906,122,0,0,190641501220,0000,8.67,2025-11-05 12:00:46,results\api\extract\data\dynamic_mean_years_schooling_new_method_2022.json,bps-data-cfe0654330afe1eb
mean_years_schooling_new_method,415,1906,123,0,0,190641501230,0000,8.9,2025-11-05 12:00:46,results\api\extract\data\dynamic_mean_years_schooling_new_method_2023.json,bps-data-6b97f25855ece024
mean_years_schooling_new_method,415,1906,124,0,0,190641501240,0000,8.99,2025-11-05 12:00:46,results\api\extract\data\dynamic_mean_years_schooling_new_method_2024.json,bps-data-fa22b966ff2b1e98
mean_years_schooling_new_method,415,1971,121,0,0,197141501210,0000,10.13,2025-11-05 12:00:46,results\api\extract\data\dynamic_mean_years_schooling_new_method_2021.json,bps-data-0c5c8c6bbcc24cd9
mean_years_schooling_new_method,415,1971,122,0,0,197141501220,0000,10.27,2025-11-05 12:00:46,results\api\extract\data\dynamic_mean_years_schooling_new_method_2022.json,bps-data-cfe0654330afe1eb
mean_years_schooling_new_method,415,1971,123,0,0,197141501230,0000,10.5,2025-11-05 12:00:46,results\api\extract\data\dynamic_mean_years_schooling_new_method_2023.json,bps-data-6b97f25855ece024
mean_years_schooling_new_method,415,1971,124,0,0,197141501240,0000,10.67,2025-11-05 12:00:46,results\api\extract\data\dynamic_mean_years_schooling_new_method_2024.json,bps-data-fa22b966ff2b1e98
mean_years_schooling_new_method,415,2100,121,0,0,210041501210,0000,10.18,2025-11-05 12:00:46,results\api\extract\data\dynamic_mean_years_schooling_new_method_2021.json,bps-data-0c5c8c6bbcc24cd9
mean_years_schooling_new_method,415,2100,122,0,0,210041501220,0000,10.37,2025-11-05 12:00:46,results\api\extract\data\dynamic_mean_years_schooling_new_method_2022.json,bps-data-cfe0654330afe1eb
mean_years_schooling_new_method,415,2100,123,0,0,210041501230,0000,10.41,2025-11-05 12:00:46,results\api\extract\data\dynamic_mean_years_schooling_new_method_2023.json,bps-data-6b97f25855ece024
mean_years_schooling_new_method,415,2100,124,0,0,210041501240,0000,10.5,2025-11-05 12:00:46,results\api\extract\data\dynamic_mean_years_schooling_new_method_2024.json,bps-data-fa22b966ff2b1e98
mean_years_schooling_new_method,415,2101,121,0,0,210141501210,0000,8.18,2025-11-05 12:00:46,results\api\extract\data\dynamic_mean_years_schooling_new_method_2021.json,bps-data-0c5c8c6bbcc24cd9
mean_years_schooling_new_method,415,2101,122,0,0,210141501220,0000,8.48,2025-11-05 12:00:46,results\api\extract\data\dynamic_mean_years_schooling_new_method_2022.json,bps-data-cfe0654330afe1eb
mean_years_schooling_new_method,415,2101,123,0,0,210141501230,0000,8.69,2025-11-05 12:00:46,results\api\extract\data\dynamic_mean_years_schooling_new_method_2023.json,bps-data-6b97f25855ece024
mean_years_schooling_new_method,415,2101,124,0,0,210141501240,0000,8.91,2025-11-05 12:00:46,results\api\extract\data\dynamic_mean_years_schooling_new_method_2024.json,bps-data-fa22b966ff2b1e98
mean_years_schooling_new_method,415,2102,121,0,0,210241501210,0000,8.67,2025-11-05 12:00:46,results\api\extract\data\dynamic_mean_years_schooling_new_method_2021.json,bps-data-0c5c8c6bbcc24cd9
mean_years_schooling_new_method,415,2102,122,0,0,210241501220,0000,8.7,2025-11-05 12:00:46,results\api\extract\data\dynamic_mean_years_schooling_new_method_2022.json,bps-data-cfe0654330afe1eb
mean_years_schooling_new_method,415,2102,123,0,0,210241501230,0000,8.92,2025-11-05 12:00:46,results\api\extract\data\dynamic_mean_years_schooling_new_method_2023.json,bps-data-6b97f25855ece024
mean_years_schooling_new_method,415,2102,124,0,0,210241501240,0000,9.15,2025-11-05 12:00:46,results\api\extract\data\dynamic_mean_years_schooling_new_method_2024.json,bps-data-fa22b966ff2b1e98
mean_years_schooling_new_method,415,2103,121,0,0,210341501210,0000,8.92,2025-11-05 12:00:46,results\api\extract\data\dynamic_mean_years_schooling_new_method_2021.json,bps-data-0c5c8c6bbcc24cd9
mean_years_schooling_new_method,415,2103,122,0,0,210341501220,0000,8.96,2025-11-05 12:00:46,results\api\extract\data\dynamic_mean_years_schooling_new_method_2022.json,bps-data-cfe0654330afe1eb
mean_years_schooling_new_method,415,2103,123,0,0,210341501230,0000,9.08,2025-11-05 12:00:46,results\api\extract\data\dynamic_mean_years_schooling_new_method_2023.json,bps-data-6b97f25855ece024
mean_years_schooling_new_method,415,2103,124,0,0,210341501240,0000,9.2,2025-11-05 12:00:46,results\api\extract\data\dynamic_mean_years_schooling_new_method_2024.json,bps-data-fa22b966ff2b1e98
mean_years_schooling_new_method,415,2104,121,0,0,210441501210,0000,6.88,2025-11-05 12:00:46,results\api\extract\data\dynamic_mean_years_schooling_new_method_2021.json,bps-data-0c5c8c6bbcc24cd9
mean_years_schooling_new_method,415,2104,122,0,0,210441501220,0000,7.12,2025-11-05 12:00:46,results\api\extract\data\dynamic_mean_years_schooling_new_method_2022.json,bps-data-cfe0654330afe1eb
mean_years_schooling_new_method,415,2104,123,0,0,210441501230,0000,7.35,2025-11-05 12:00:46,results\api\extract\data\dynamic_mean_years_schooling_new_method_2023.json,bps-data-6b97f25855ece024
mean_years_schooling_new_method,415,2104,124,0,0,210441501240,0000,7.6,2025-11-05 12:00:46,results\api\extract\data\dynamic_mean_years_schooling_new_method_2024.json,bps-data-fa22b966ff2b1e98
mean_years_schooling_new_method,415,2105,121,0,0,210541501210,0000,7.34,2025-11-05 12:00:46,results\api\extract\data\dynamic_mean_years_schooling_new_method_2021.json,bps-data-0c5c8c6bbcc24cd9
mean_years_schooling_new_method,415,2105,122,0,0,210541501220,0000,7.38,2025-11-05 12:00:46,results\api\extract\data\dynamic_mean_years_schooling_new_method_2022.json,bps-data-cfe0654330afe1eb
mean_years_schooling_new_method,415,2105,123,0,0,210541501230,0000,7.4,2025-11-05 12:00:46,results\api\extract\data\dynamic_mean_years_schooling_new_method_2023.json,bps-data-6b97f25855ece024
mean_years_schooling_new_method,415,2105,124,0,0,210541501240,0000,7.53,2025-11-05 12:00:46,results\api\extract\data\dynamic_mean_years_schooling_new_method_2024.json,bps-data-fa22b966ff2b1e98
mean_years_schooling_new_method,415,2171,121,0,0,217141501210,0000,11.15,2025-11-05 12:00:46,results\api\extract\data\dynamic_mean_years_schooling_new_method_2021.json,bps-data-0c5c8c6bbcc24cd9
mean_years_schooling_new_method,415,2171,122,0,0,217141501220,0000,11.17,2025-11-05 12:00:46,results\api\extract\data\dynamic_mean_years_schooling_new_method_2022.json,bps-data-cfe0654330afe1eb
mean_years_schooling_new_method,415,2171,123,0,0,217141501230,0000,11.19,2025-11-05 12:00:46,results\api\extract\data\dynamic_mean_years_schooling_new_method_2023.json,bps-data-6b97f25855ece024
mean_years_schooling_new_method,415,2171,124,0,0,217141501240,0000,11.21,2025-11-05 12:00:46,results\api\extract\data\dynamic_mean_years_schooling_new_method_2024.json,bps-data-fa22b966ff2b1e98
mean_years_schooling_new_method,415,2172,121,0,0,217241501210,0000,10.26,2025-11-05 12:00:46,results\api\extract\data\dynamic_mean_years_schooling_new_method_2021.json,bps-data-0c5c8c6bbcc24cd9
mean_years_schooling_new_method,415,2172,122,0,0,217241501220,0000,10.49,2025-11-05 12:00:46,results\api\extract\data\dynamic_mean_years_schooling_new_method_2022.json,bps-data-cfe0654330afe1eb
mean_years_schooling_new_method,415,2172,123,0,0,217241501230,0000,10.65,2025-11-05 12:00:46,results\api\extract\data\dynamic_mean_years_schooling_new_method_2023.json,bps-data-6b97f25855ece024
mean_years_schooling_new_method,415,2172,124,0,0,217241501240,0000,10.67,2025-11-05 12:00:46,results\api\extract\data\dynamic_mean_years_schooling_new_method_2024.json,bps-data-fa22b966ff2b1e98
mean_years_schooling_new_method,415,3100,121,0,0,310041501210,0000,11.17,2025-11-05 12:00:46,results\api\extract\data\dynamic_mean_years_schooling_new_method_2021.json,bps-data-0c5c8c6bbcc24cd9
mean_years_schooling_new_method,415,3100,122,0,0,310041501220,0000,11.31,2025-11-05 12:00:46,results\api\extract\data\dynamic_mean_years_schooling_new_method_2022.json,bps-data-cfe0654330afe1eb
mean_years_schooling_new_method,415,3100,123,0,0,310041501230,0000,11.45,2025-11-05 12:00:46,results\api\extract\data\dynamic_mean_years_schooling_new_method_2023.json,bps-data-6b97f25855ece024
mean_years_schooling_new_method,415,3100,124,0,0,310041501240,0000,11.49,2025-11-05 12:00:46,results\api\extract\data\dynamic_mean_years_schooling_new_method_2024.json,bps-data-fa22b966ff2b1e98
mean_years_schooling_new_method,415,3101,121,0,0,310141501210,0000,8.81,2025-11-05 12:00:46,results\api\extract\data\dynamic_mean_years_schooling_new_method_2021.json,bps-data-0c5c8c6bbcc24cd9
mean_years_schooling_new_method,415,3101,122,0,0,310141501220,0000,9.02,2025-11-05 12:00:46,results\api\extract\data\dynamic_mean_years_schooling_new_method_2022.json,bps-data-cfe0654330afe1eb
mean_years_schooling_new_method,415,3101,123,0,0,310141501230,0000,9.03,2025-11-05 12:00:46,results\api\extract\data\dynamic_mean_years_schooling_new_method_2023.json,bps-data-6b97f25855ece024
mean_years_schooling_new_method,415,3101,124,0,0,310141501240,0000,9.26,2025-11-05 12:00:46,results\api\extract\data\dynamic_mean_years_schooling_new_method_2024.json,bps-data-fa22b966ff2b1e98
mean_years_schooling_new_method,415,3171,121,0,0,317141501210,0000,11.64,2025-11-05 12:00:46,results\api\extract\data\dynamic_mean_years_schooling_new_method_2021.json,bps-data-0c5c8c6bbcc24cd9
mean_years_schooling_new_method,415,3171,122,0,0,317141501220,0000,11.66,2025-11-05 12:00:46,results\api\extract\data\dynamic_mean_years_schooling_new_method_2022.json,bps-data-cfe0654330afe1eb
mean_years_schooling_new_method,415,3171,123,0,0,317141501230,0000,11.75,2025-11-05 12:00:46,results\api\extract\data\dynamic_mean_years_schooling_new_method_2023.json,bps-data-6b97f25855ece024
mean_years_schooling_new_method,415,3171,124,0,0,317141501240,0000,11.95,2025-11-05 12:00:46,results\api\extract\data\dynamic_mean_years_schooling_new_method_2024.json,bps-data-fa22b966ff2b1e98
mean_years_schooling_new_method,415,3172,121,0,0,317241501210,0000,11.67,2025-11-05 12:00:46,results\api\extract\data\dynamic_mean_years_schooling_new_method_2021.json,bps-data-0c5c8c6bbcc24cd9
mean_years_schooling_new_method,415,3172,122,0,0,317241501220,0000,11.73,2025-11-05 12:00:46,results\api\extract\data\dynamic_mean_years_schooling_new_method_2022.json,bps-data-cfe0654330afe1eb
mean_years_schooling_new_method,415,3172,123,0,0,317241501230,0000,11.88,2025-11-05 12:00:46,results\api\extract\data\dynamic_mean_years_schooling_new_method_2023.json,bps-data-6b97f25855ece024
mean_years_schooling_new_method,415,3172,124,0,0,317241501240,0000,11.99,2025-11-05 12:00:46,results\api\extract\data\dynamic_mean_years_schooling_new_method_2024.json,bps-data-fa22b966ff2b1e98
mean_years_schooling_new_method,415,3173,121,0,0,317341501210,0000,11.39,2025-11-05 12:00:46,results\api\extract\data\dynamic_mean_years_schooling_new_method_2021.json,bps-data-0c5c8c6bbcc24cd9
mean_years_schooling_new_method,415,3173,122,0,0,317341501220,0000,11.53,2025-11-05 12:00:46,results\api\extract\data\dynamic_mean_years_schooling_new_method_2022.json,bps-data-cfe0654330afe1eb
mean_years_schooling_new_method,415,3173,123,0,0,317341501230,0000,11.54,2025-11-05 12:00:46,results\api\extract\data\dynamic_mean_years_schooling_new_method_2023.json,bps-data-6b97f25855ece024
mean_years_schooling_new_method,415,3173,124,0,0,317341501240,0000,11.61,2025-11-05 12:00:46,results\api\extract\data\dynamic_mean_years_schooling_new_method_2024.json,bps-data-fa22b966ff2b1e98
mean_years_schooling_new_method,415,3174,121,0,0,317441501210,0000,10.78,2025-11-05 12:00:46,results\api\extract\data\dynamic_mean_years_schooling_new_method_2021.json,bps-data-0c5c8c6bbcc24cd9
mean_years_schooling_new_method,415,3174,122,0,0,317441501220,0000,11.13,2025-11-05 12:00:46,results\api\extract\data\dynamic_mean_years_schooling_new_method_2022.json,bps-data-cfe0654330afe1eb
mean_years_schooling_new_method,415,3174,123,0,0,317441501230,0000,11.23,2025-11-05 12:00:46,results\api\extract\data\dynamic_mean_years_schooling_new_method_2023.json,bps-data-6b97f25855ece024
mean_years_schooling_new_method,415,3174,124,0,0,317441501240,0000,11.24,2025-11-05 12:00:46,results\api\extract\data\dynamic_mean_years_schooling_new_method_2024.json,bps-data-fa22b966ff2b1e98
mean_years_schooling_new_method,415,3175,121,0,0,317541501210,0000,10.81,2025-11-05 12:00:46,results\api\extract\data\dynamic_mean_years_schooling_new_method_2021.json,bps-data-0c5c8c6bbcc24cd9
mean_years_schooling_new_method,415,3175,122,0,0,317541501220,0000,10.82,2025-11-05 12:00:46,results\api\extract\data\dynamic_mean_years_schooling_new_method_2022.json,bps-data-cfe0654330afe1eb
mean_years_schooling_new_method,415,3175,123,0,0,317541501230,0000,10.84,2025-11-05 12:00:46,results\api\extract\data\dynamic_mean_years_schooling_new_method_2023.json,bps-data-6b97f25855ece024
mean_years_schooling_new_method,415,3175,124,0,0,317541501240,0000,10.85,2025-11-05 12:00:46,results\api\extract\data\dynamic_mean_years_schooling_new_method_2024.json,bps-data-fa22b966ff2b1e98
mean_years_schooling_new_method,415,3200,121,0,0,320041501210,0000,8.61,2025-11-05 12:00:46,results\api\extract\data\dynamic_mean_years_schooling_new_method_2021.json,bps-data-0c5c8c6bbcc24cd9
mean_years_schooling_new_method,415,3200,122,0,0,320041501220,0000,8.78,2025-11-05 12:00:46,results\api\extract\data\dynamic_mean_years_schooling_new_method_2022.json,bps-data-cfe0654330afe1eb
mean_years_schooling_new_method,415,3200,123,0,0,320041501230,0000,8.83,2025-11-05 12:00:46,results\api\extract\data\dynamic_mean_years_schooling_new_method_2023.json,bps-data-6b97f25855ece024
mean_years_schooling_new_method,415,3200,124,0,0,320041501240,0000,8.87,2025-11-05 12:00:46,results\api\extract\data\dynamic_mean_years_schooling_new_method_2024.json,bps-data-fa22b966ff2b1e98
mean_years_schooling_new_method,415,3201,121,0,0,320141501210,0000,8.31,2025-11-05 12:00:46,results\api\extract\data\dynamic_mean_years_schooling_new_method_2021.json,bps-data-0c5c8c6bbcc24cd9
mean_years_schooling_new_method,415,3201,122,0,0,320141501220,0000,8.34,2025-11-05 12:00:46,results\api\extract\data\dynamic_mean_years_schooling_new_method_2022.json,bps-data-cfe0654330afe1eb
mean_years_schooling_new_method,415,3201,123,0,0,320141501230,0000,8.37,2025-11-05 12:00:46,results\api\extract\data\dynamic_mean_years_schooling_new_method_2023.json,bps-data-6b97f25855ece024
mean_years_schooling_new_method,415,3201,124,0,0,320141501240,0000,8.39,2025-11-05 12:00:46,results\api\extract\data\dynamic_mean_years_schooling_new_method_2024.json,bps-data-fa22b966ff2b1e98
mean_years_schooling_new_method,415,3202,121,0,0,320241501210,0000,7.1,2025-11-05 12:00:46,results\api\extract\data\dynamic_mean_years_schooling_new_method_2021.json,bps-data-0c5c8c6bbcc24cd9
mean_years_schooling_new_method,415,3202,122,0,0,320241501220,0000,7.11,2025-11-05 12:00:46,results\api\extract\data\dynamic_mean_years_schooling_new_method_2022.json,bps-data-cfe0654330afe1eb
mean_years_schooling_new_method,415,3202,123,0,0,320241501230,0000,7.33,2025-11-05 12:00:46,results\api\extract\data\dynamic_mean_years_schooling_new_method_2023.json,bps-data-6b97f25855ece024
mean_years_schooling_new_method,415,3202,124,0,0,320241501240,0000,7.34,2025-11-05 12:00:46,results\api\extract\data\dynamic_mean_years_schooling_new_method_2024.json,bps-data-fa22b966ff2b1e98
mean_years_schooling_new_method,415,3203,121,0,0,320341501210,0000,7.19,2025-11-05 12:00:46,results\api\extract\data\dynamic_mean_years_schooling_new_method_2021.json,bps-data-0c5c8c6bbcc24cd9
mean_years_schooling_new_method,415,3203,122,0,0,320341501220,0000,7.2,2025-11-05 12:00:46,results\api\extract\data\dynamic_mean_years_schooling_new_method_2022.json,bps-data-cfe0654330afe1eb
mean_years_schooling_new_method,415,3203,123,0,0,320341501230,0000,7.22,2025-11-05 12:00:46,results\api\extract\data\dynamic_mean_years_schooling_new_method_2023.json,bps-data-6b97f25855ece024
mean_years_schooling_new_method,415,3203,124,0,0,320341501240,0000,7.33,2025-11-05 12:00:46,results\api\extract\data\dynamic_mean_years_schooling_new_method_2024.json,bps-data-fa22b966ff2b1e98
mean_years_schooling_new_method,415,3204,121,0,0,320441501210,0000,9.07,2025-11-05 12:00:46,results\api\extract\data\dynamic_mean_years_schooling_new_method_2021.json,bps-data-0c5c8c6bbcc24cd9
mean_years_schooling_new_method,415,3204,122,0,0,320441501220,0000,9.08,2025-11-05 12:00:46,results\api\extract\data\dynamic_mean_years_schooling_new_method_2022.json,bps-data-cfe0654330afe1eb
mean_years_schooling_new_method,415,3204,123,0,0,320441501230,0000,9.1,2025-11-05 12:00:46,results\api\extract\data\dynamic_mean_years_schooling_new_method_2023.json,bps-data-6b97f25855ece024
mean_years_schooling_new_method,415,3204,124,0,0,320441501240,0000,9.15,2025-11-05 12:00:46,results\api\extract\data\dynamic_mean_years_schooling_new_method_2024.json,bps-data-fa22b966ff2b1e98
mean_years_schooling_new_method,415,3205,121,0,0,320541501210,0000,7.53,2025-11-05 12:00:46,results\api\extract\data\dynamic_mean_years_schooling_new_method_2021.json,bps-data-0c5c8c6bbcc24cd9
mean_years_schooling_new_method,415,3205,122,0,0,320541501220,0000,7.83,2025-11-05 12:00:46,results\api\extract\data\dynamic_mean_years_schooling_new_method_2022.json,bps-data-cfe0654330afe1eb
mean_years_schooling_new_method,415,3205,123,0,0,320541501230,0000,7.84,2025-11-05 12:00:46,results\api\extract\data\dynamic_mean_years_schooling_new_method_2023.json,bps-data-6b97f25855ece024
mean_years_schooling_new_method,415,3205,124,0,0,320541501240,0000,7.85,2025-11-05 12:00:46,results\api\extract\data\dynamic_mean_years_schooling_new_method_2024.json,bps-data-fa22b966ff2b1e98
mean_years_schooling_new_method,415,3206,121,0,0,320641501210,0000,7.48,2025-11-05 12:00:46,results\api\extract\data\dynamic_mean_years_schooling_new_method_2021.json,bps-data-0c5c8c6bbcc24cd9
mean_years_schooling_new_method,415,3206,122,0,0,320641501220,0000,7.73,2025-11-05 12:00:46,results\api\extract\data\dynamic_mean_years_schooling_new_method_2022.json,bps-data-cfe0654330afe1eb
mean_years_schooling_new_method,415,3206,123,0,0,320641501230,0000,7.96,2025-11-05 12:00:46,results\api\extract\data\dynamic_mean_years_schooling_new_method_2023.json,bps-data-6b97f25855ece024
mean_years_schooling_new_method,415,3206,124,0,0,320641501240,0000,7.97,2025-11-05 12:00:46,results\api\extract\data\dynamic_mean_years_schooling_new_method_2024.json,bps-data-fa22b966ff2b1e98
mean_years_schooling_new_method,415,3207,121,0,0,320741501210,0000,7.9,2025-11-05 12:00:46,results\api\extract\data\dynamic_mean_years_schooling_new_method_2021.json,bps-data-0c5c8c6bbcc24cd9
mean_years_schooling_new_method,415,3207,122,0,0,320741501220,0000,8.0,2025-11-05 12:00:46,results\api\extract\data\dynamic_mean_years_schooling_new_method_2022.json,bps-data-cfe0654330afe1eb
mean_years_schooling_new_method,415,3207,123,0,0,320741501230,0000,8.09,2025-11-05 12:00:46,results\api\extract\data\dynamic_mean_years_schooling_new_method_2023.json,bps-data-6b97f25855ece024
mean_years_schooling_new_method,415,3207,124,0,0,320741501240,0000,8.1,2025-11-05 12:00:46,results\api\extract\data\dynamic_mean_years_schooling_new_method_2024.json,bps-data-fa22b966ff2b1e98
mean_years_schooling_new_method,415,3208,121,0,0,320841501210,0000,7.8,2025-11-05 12:00:46,results\api\extract\data\dynamic_mean_years_schooling_new_method_2021.json,bps-data-0c5c8c6bbcc24cd9
mean_years_schooling_new_method,415,3208,122,0,0,320841501220,0000,7.88,2025-11-05 12:00:46,results\api\extract\data\dynamic_mean_years_schooling_new_method_2022.json,bps-data-cfe0654330afe1eb
mean_years_schooling_new_method,415,3208,123,0,0,320841501230,0000,7.89,2025-11-05 12:00:46,results\api\extract\data\dynamic_mean_years_schooling_new_method_2023.json,bps-data-6b97f25855ece024
mean_years_schooling_new_method,415,3208,124,0,0,320841501240,0000,7.9,2025-11-05 12:00:46,results\api\extract\data\dynamic_mean_years_schooling_new_method_2024.json,bps-data-fa22b966ff2b1e98
mean_years_schooling_new_method,415,3209,121,0,0,320941501210,0000,7.1,2025-11-05 12:00:46,results\api\extract\data\dynamic_mean_years_schooling_new_method_2021.json,bps-data-0c5c8c6bbcc24cd9
mean_years_schooling_new_method,415,3209,122,0,0,320941501220,0000,7.4,2025-11-05 12:00:46,results\api\extract\data\dynamic_mean_years_schooling_new_method_2022.json,bps-data-cfe0654330afe1eb
mean_years_schooling_new_method,415,3209,123,0,0,320941501230,0000,7.64,2025-11-05 12:00:46,results\api\extract\data\dynamic_mean_years_schooling_new_method_2023.json,bps-data-6b97f25855ece024
mean_years_schooling_new_method,415,3209,124,0,0,320941501240,0000,7.65,2025-11-05 12:00:46,results\api\extract\data\dynamic_mean_years_schooling_new_method_2024.json,bps-data-fa22b966ff2b1e98
mean_years_schooling_new_method,415,3210,121,0,0,321041501210,0000,7.31,2025-11-05 12:00:46,results\api\extract\data\dynamic_mean_years_schooling_new_method_2021.json,bps-data-0c5c8c6bbcc24cd9
mean_years_schooling_new_method,415,3210,122,0,0,321041501220,0000,7.49,2025-11-05 12:00:46,results\api\extract\data\dynamic_mean_years_schooling_new_method_2022.json,bps-data-cfe0654330afe1eb
mean_years_schooling_new_method,415,3210,123,0,0,321041501230,0000,7.52,2025-11-05 12:00:46,results\api\extract\data\dynamic_mean_years_schooling_new_method_2023.json,bps-data-6b97f25855ece024
mean_years_schooling_new_method,415,3210,124,0,0,321041501240,0000,7.53,2025-11-05 12:00:46,results\api\extract\data\dynamic_mean_years_schooling_new_method_2024.json,bps-data-fa22b966ff2b1e98
mean_years_schooling_new_method,415,3211,121,0,0,321141501210,0000,8.52,2025-11-05 12:00:46,results\api\extract\data\dynamic_mean_years_schooling_new_method_2021.json,bps-data-0c5c8c6bbcc24cd9
mean_years_schooling_new_method,415,3211,122,0,0,321141501220,0000,8.72,2025-11-05 12:00:46,results\api\extract\data\dynamic_mean_years_schooling_new_method_2022.json,bps-data-cfe0654330afe1eb
mean_years_schooling_new_method,415,3211,123,0,0,321141501230,0000,8.73,2025-11-05 12:00:46,results\api\extract\data\dynamic_mean_years_schooling_new_method_2023.json,bps-data-6b97f25855ece024
mean_years_schooling_new_method,415,3211,124,0,0,321141501240,0000,8.74,2025-11-05 12:00:46,results\api\extract\data\dynamic_mean_years_schooling_new_method_2024.json,bps-data-fa22b966ff2b1e98
mean_years_schooling_new_method,415,3212,121,0,0,321241501210,0000,6.52,2025-11-05 12:00:46,results\api\extract\data\dynamic_mean_years_schooling_new_method_2021.json,bps-data-0c5c8c6bbcc24cd9
mean_years_schooling_new_method,415,3212,122,0,0,321241501220,0000,6.83,2025-11-05 12:00:46,results\api\extract\data\dynamic_mean_years_schooling_new_method_2022.json,bps-data-cfe0654330afe1eb
mean_years_schooling_new_method,415,3212,123,0,0,321241501230,0000,6.94,2025-11-05 12:00:46,results\api\extract\data\dynamic_mean_years_schooling_new_method_2023.json,bps-data-6b97f25855ece024
mean_years_schooling_new_method,415,3212,124,0,0,321241501240,0000,6.95,2025-11-05 12:00:46,results\api\extract\data\dynamic_mean_years_schooling_new_method_2024.json,bps-data-fa22b966ff2b1e98
mean_years_schooling_new_method,415,3213,121,0,0,321341501210,0000,7.11,2025-11-05 12:00:46,results\api\extract\data\dynamic_mean_years_schooling_new_method_2021.json,bps-data-0c5c8c6bbcc24cd9
mean_years_schooling_new_method,415,3213,122,0,0,321341501220,0000,7.2,2025-11-05 12:00:46,results\api\extract\data\dynamic_mean_years_schooling_new_method_2022.json,bps-data-cfe0654330afe1eb
mean_years_schooling_new_method,415,3213,123,0,0,321341501230,0000,7.45,2025-11-05 12:00:46,results\api\extract\data\dynamic_mean_years_schooling_new_method_2023.json,bps-data-6b97f25855ece024
mean_years_schooling_new_method,415,3213,124,0,0,321341501240,0000,7.46,2025-11-05 12:00:46,results\api\extract\data\dynamic_mean_years_schooling_new_method_2024.json,bps-data-fa22b966ff2b1e98
mean_years_schooling_new_method,415,3214,121,0,0,321441501210,0000,8.1,2025-11-05 12:00:46,results\api\extract\data\dynamic_mean_years_schooling_new_method_2021.json,bps-data-0c5c8c6bbcc24cd9
mean_years_schooling_new_method,415,3214,122,0,0,321441501220,0000,8.11,2025-11-05 12:00:46,results\api\extract\data\dynamic_mean_years_schooling_new_method_2022.json,bps-data-cfe0654330afe1eb
mean_years_schooling_new_method,415,3214,123,0,0,321441501230,0000,8.13,2025-11-05 12:00:46,results\api\extract\data\dynamic_mean_years_schooling_new_method_2023.json,bps-data-6b97f25855ece024
mean_years_schooling_new_method,415,3214,124,0,0,321441501240,0000,8.14,2025-11-05 12:00:46,results\api\extract\data\dynamic_mean_years_schooling_new_method_2024.json,bps-data-fa22b966ff2b1e98
mean_years_schooling_new_method,415,3215,121,0,0,321541501210,0000,7.78,2025-11-05 12:00:46,results\api\extract\data\dynamic_mean_years_schooling_new_method_2021.json,bps-data-0c5c8c6bbcc24cd9
mean_years_schooling_new_method,415,3215,122,0,0,321541501220,0000,7.96,2025-11-05 12:00:46,results\api\extract\data\dynamic_mean_years_schooling_new_method_2022.json,bps-data-cfe0654330afe1eb
mean_years_schooling_new_method,415,3215,123,0,0,321541501230,0000,8.04,2025-11-05 12:00:46,results\api\extract\data\dynamic_mean_years_schooling_new_method_2023.json,bps-data-6b97f25855ece024
mean_years_schooling_new_method,415,3215,124,0,0,321541501240,0000,8.05,2025-11-05 12:00:46,results\api\extract\data\dynamic_mean_years_schooling_new_method_2024.json,bps-data-fa22b966ff2b1e98
mean_years_schooling_new_method,415,3216,121,0,0,321641501210,0000,9.3,2025-11-05 12:00:46,results\api\extract\data\dynamic_mean_years_schooling_new_method_2021.json,bps-data-0c5c8c6bbcc24cd9
mean_years_schooling_new_method,415,3216,122,0,0,321641501220,0000,9.53,2025-11-05 12:00:46,results\api\extract\data\dynamic_mean_years_schooling_new_method_2022.json,bps-data-cfe0654330afe1eb
mean_years_schooling_new_method,415,3216,123,0,0,321641501230,0000,9.57,2025-11-05 12:00:46,results\api\extract\data\dynamic_mean_years_schooling_new_method_2023.json,bps-data-6b97f25855ece024
mean_years_schooling_new_method,415,3216,124,0,0,321641501240,0000,9.76,2025-11-05 12:00:46,results\api\extract\data\dynamic_mean_years_schooling_new_method_2024.json,bps-data-fa22b966ff2b1e98
mean_years_schooling_new_method,415,3217,121,0,0,321741501210,0000,8.2,2025-11-05 12:00:46,results\api\extract\data\dynamic_mean_years_schooling_new_method_2021.json,bps-data-0c5c8c6bbcc24cd9
mean_years_schooling_new_method,415,3217,122,0,0,321741501220,0000,8.22,2025-11-05 12:00:46,results\api\extract\data\dynamic_mean_years_schooling_new_method_2022.json,bps-data-cfe0654330afe1eb
mean_years_schooling_new_method,415,3217,123,0,0,321741501230,0000,8.23,2025-11-05 12:00:46,results\api\extract\data\dynamic_mean_years_schooling_new_method_2023.json,bps-data-6b97f25855ece024
mean_years_schooling_new_method,415,3217,124,0,0,321741501240,0000,8.24,2025-11-05 12:00:46,results\api\extract\data\dynamic_mean_years_schooling_new_method_2024.json,bps-data-fa22b966ff2b1e98
mean_years_schooling_new_method,415,3218,121,0,0,321841501210,0000,7.85,2025-11-05 12:00:46,results\api\extract\data\dynamic_mean_years_schooling_new_method_2021.json,bps-data-0c5c8c6bbcc24cd9
mean_years_schooling_new_method,415,3218,122,0,0,321841501220,0000,8.03,2025-11-05 12:00:46,results\api\extract\data\dynamic_mean_years_schooling_new_method_2022.json,bps-data-cfe0654330afe1eb
mean_years_schooling_new_method,415,3218,123,0,0,321841501230,0000,8.04,2025-11-05 12:00:46,results\api\extract\data\dynamic_mean_years_schooling_new_method_2023.json,bps-data-6b97f25855ece024
mean_years_schooling_new_method,415,3218,124,0,0,321841501240,0000,8.1,2025-11-05 12:00:46,results\api\extract\data\dynamic_mean_years_schooling_new_method_2024.json,bps-data-fa22b966ff2b1e98
mean_years_schooling_new_method,415,3271,121,0,0,327141501210,0000,10.53,2025-11-05 12:00:46,results\api\extract\data\dynamic_mean_years_schooling_new_method_2021.json,bps-data-0c5c8c6bbcc24cd9
mean_years_schooling_new_method,415,3271,122,0,0,327141501220,0000,10.63,2025-11-05 12:00:46,results\api\extract\data\dynamic_mean_years_schooling_new_method_2022.json,bps-data-cfe0654330afe1eb
mean_years_schooling_new_method,415,3271,123,0,0,327141501230,0000,10.64,2025-11-05 12:00:46,results\api\extract\data\dynamic_mean_years_schooling_new_method_2023.json,bps-data-6b97f25855ece024
mean_years_schooling_new_method,415,3271,124,0,0,327141501240,0000,10.71,2025-11-05 12:00:46,results\api\extract\data\dynamic_mean_years_schooling_new_method_2024.json,bps-data-fa22b966ff2b1e98
mean_years_schooling_new_method,415,3272,121,0,0,327241501210,0000,9.81,2025-11-05 12:00:46,results\api\extract\data\dynamic_mean_years_schooling_new_method_2021.json,bps-data-0c5c8c6bbcc24cd9
mean_years_schooling_new_method,415,3272,122,0,0,327241501220,0000,10.14,2025-11-05 12:00:46,results\api\extract\data\dynamic_mean_years_schooling_new_method_2022.json,bps-data-cfe0654330afe1eb
mean_years_schooling_new_method,415,3272,123,0,0,327241501230,0000,10.37,2025-11-05 12:00:46,results\api\extract\data\dynamic_mean_years_schooling_new_method_2023.json,bps-data-6b97f25855ece024
mean_years_schooling_new_method,415,3272,124,0,0,327241501240,0000,10.38,2025-11-05 12:00:46,results\api\extract\data\dynamic_mean_years_schooling_new_method_2024.json,bps-data-fa22b966ff2b1e98
mean_years_schooling_new_method,415,3273,121,0,0,327341501210,0000,10.99,2025-11-05 12:00:46,results\api\extract\data\dynamic_mean_years_schooling_new_method_2021.json,bps-data-0c5c8c6bbcc24cd9
mean_years_schooling_new_method,415,3273,122,0,0,327341501220,0000,11.0,2025-11-05 12:00:46,results\api\extract\data\dynamic_mean_years_schooling_new_method_2022.json,bps-data-cfe0654330afe1eb
mean_years_schooling_new_method,415,3273,123,0,0,327341501230,0000,11.06,2025-11-05 12:00:46,results\api\extract\data\dynamic_mean_years_schooling_new_method_2023.json,bps-data-6b97f25855ece024
mean_years_schooling_new_method,415,3273,124,0,0,327341501240,0000,11.07,2025-11-05 12:00:46,results\api\extract\data\dynamic_mean_years_schooling_new_method_2024.json,bps-data-fa22b966ff2b1e98
mean_years_schooling_new_method,415,3274,121,0,0,327441501210,0000,10.12,2025-11-05 12:00:46,results\api\extract\data\dynamic_mean_years_schooling_new_method_2021.json,bps-data-0c5c8c6bbcc24cd9
mean_years_schooling_new_method,415,3274,122,0,0,327441501220,0000,10.33,2025-11-05 12:00:46,results\api\extract\data\dynamic_mean_years_schooling_new_method_2022.json,bps-data-cfe0654330afe1eb
mean_years_schooling_new_method,415,3274,123,0,0,327441501230,0000,10.37,2025-11-05 12:00:46,results\api\extract\data\dynamic_mean_years_schooling_new_method_2023.json,bps-data-6b97f25855ece024
mean_years_schooling_new_method,415,3274,124,0,0,327441501240,0000,10.53,2025-11-05 12:00:46,results\api\extract\data\dynamic_mean_years_schooling_new_method_2024.json,bps-data-fa22b966ff2b1e98
mean_years_schooling_new_method,415,3275,121,0,0,327541501210,0000,11.31,2025-11-05 12:00:46,results\api\extract\data\dynamic_mean_years_schooling_new_method_2021.json,bps-data-0c5c8c6bbcc24cd9
mean_years_schooling_new_method,415,3275,122,0,0,327541501220,0000,11.44,2025-11-05 12:00:46,results\api\extract\data\dynamic_mean_years_schooling_new_method_2022.json,bps-data-cfe0654330afe1eb
mean_years_schooling_new_method,415,3275,123,0,0,327541501230,0000,11.66,2025-11-05 12:00:46,results\api\extract\data\dynamic_mean_years_schooling_new_method_2023.json,bps-data-6b97f25855ece024
mean_years_schooling_new_method,415,3275,124,0,0,327541501240,0000,11.79,2025-11-05 12:00:46,results\api\extract\data\dynamic_mean_years_schooling_new_method_2024.json,bps-data-fa22b966ff2b1e98
mean_years_schooling_new_method,415,3276,121,0,0,327641501210,0000,11.46,2025-11-05 12:00:46,results\api\extract\data\dynamic_mean_years_schooling_new_method_2021.json,bps-data-0c5c8c6bbcc24cd9
mean_years_schooling_new_method,415,3276,122,0,0,327641501220,0000,11.47,2025-11-05 12:00:46,results\api\extract\data\dynamic_mean_years_schooling_new_method_2022.json,bps-data-cfe0654330afe1eb
mean_years_schooling_new_method,415,3276,123,0,0,327641501230,0000,11.58,2025-11-05 12:00:46,results\api\extract\data\dynamic_mean_years_schooling_new_method_2023.json,bps-data-6b97f25855ece024
mean_years_schooling_new_method,415,3276,124,0,0,327641501240,0000,11.59,2025-11-05 12:00:46,results\api\extract\data\dynamic_mean_years_schooling_new_method_2024.json,bps-data-fa22b966ff2b1e98
mean_years_schooling_new_method,415,3277,121,0,0,327741501210,0000,11.08,2025-11-05 12:00:46,results\api\extract\data\dynamic_mean_years_schooling_new_method_2021.json,bps-data-0c5c8c6bbcc24cd9
mean_years_schooling_new_method,415,3277,122,0,0,327741501220,0000,11.21,2025-11-05 12:00:46,results\api\extract\data\dynamic_mean_years_schooling_new_method_2022.json,bps-data-cfe0654330afe1eb
mean_years_schooling_new_method,415,3277,123,0,0,327741501230,0000,11.39,2025-11-05 12:00:46,results\api\extract\data\dynamic_mean_years_schooling_new_method_2023.json,bps-data-6b97f25855ece024
mean_years_schooling_new_method,415,3277,124,0,0,327741501240,0000,11.52,2025-11-05 12:00:46,results\api\extract\data\dynamic_mean_years_schooling_new_method_2024.json,bps-data-fa22b966ff2b1e98
mean_years_schooling_new_method,415,3278,121,0,0,327841501210,0000,9.52,2025-11-05 12:00:46,results\api\extract\data\dynamic_mean_years_schooling_new_method_2021.json,bps-data-0c5c8c6bbcc24cd9
mean_years_schooling_new_method,415,3278,122,0,0,327841501220,0000,9.53,2025-11-05 12:00:46,results\api\extract\data\dynamic_mean_years_schooling_new_method_2022.json,bps-data-cfe0654330afe1eb
mean_years_schooling_new_method,415,3278,123,0,0,327841501230,0000,9.54,2025-11-05 12:00:46,results\api\extract\data\dynamic_mean_years_schooling_new_method_2023.json,bps-data-6b97f25855ece024
mean_years_schooling_new_method,415,3278,124,0,0,327841501240,0000,9.63,2025-11-05 12:00:46,results\api\extract\data\dynamic_mean_years_schooling_new_method_2024.json,bps-data-fa22b966ff2b1e98
mean_years_schooling_new_method,415,3279,121,0,0,327941501210,0000,8.77,2025-11-05 12:00:46,results\api\extract\data\dynamic_mean_years_schooling_new_method_2021.json,bps-data-0c5c8c6bbcc24cd9
mean_years_schooling_new_method,415,3279,122,0,0,327941501220,0000,8.78,2025-11-05 12:00:46,results\api\extract\data\dynamic_mean_years_schooling_new_method_2022.json,bps-data-cfe0654330afe1eb
mean_years_schooling_new_method,415,3279,123,0,0,327941501230,0000,8.79,2025-11-05 12:00:46,results\api\extract\data\dynamic_mean_years_schooling_new_method_2023.json,bps-data-6b97f25855ece024
mean_years_schooling_new_method,415,3279,124,0,0,327941501240,0000,8.83,2025-11-05 12:00:46,results\api\extract\data\dynamic_mean_years_schooling_new_method_2024.json,bps-data-fa22b966ff2b1e98
mean_years_schooling_new_method,415,3300,121,0,0,330041501210,0000,7.75,2025-11-05 12:00:46,results\api\extract\data\dynamic_mean_years_schooling_new_method_2021.json,bps-data-0c5c8c6bbcc24cd9
mean_years_schooling_new_method,415,3300,122,0,0,330041501220,0000,7.93,2025-11-05 12:00:46,results\api\extract\data\dynamic_mean_years_schooling_new_method_2022.json,bps-data-cfe0654330afe1eb
mean_years_schooling_new_method,415,3300,123,0,0,330041501230,0000,8.01,2025-11-05 12:00:46,results\api\extract\data\dynamic_mean_years_schooling_new_method_2023.json,bps-data-6b97f25855ece024
mean_years_schooling_new_method,415,3300,124,0,0,330041501240,0000,8.02,2025-11-05 12:00:46,results\api\extract\data\dynamic_mean_years_schooling_new_method_2024.json,bps-data-fa22b966ff2b1e98
mean_years_schooling_new_method,415,3301,121,0,0,330141501210,0000,7.09,2025-11-05 12:00:46,results\api\extract\data\dynamic_mean_years_schooling_new_method_2021.json,bps-data-0c5c8c6bbcc24cd9
mean_years_schooling_new_method,415,3301,122,0,0,330141501220,0000,7.18,2025-11-05 12:00:46,results\api\extract\data\dynamic_mean_years_schooling_new_method_2022.json,bps-data-cfe0654330afe1eb
mean_years_schooling_new_method,415,3301,123,0,0,330141501230,0000,7.39,2025-11-05 12:00:46,results\api\extract\data\dynamic_mean_years_schooling_new_method_2023.json,bps-data-6b97f25855ece024
mean_years_schooling_new_method,415,3301,124,0,0,330141501240,0000,7.4,2025-11-05 12:00:46,results\api\extract\data\dynamic_mean_years_schooling_new_method_2024.json,bps-data-fa22b966ff2b1e98
mean_years_schooling_new_method,415,3302,121,0,0,330241501210,0000,7.63,2025-11-05 12:00:46,results\api\extract\data\dynamic_mean_years_schooling_new_method_2021.json,bps-data-0c5c8c6bbcc24cd9
mean_years_schooling_new_method,415,3302,122,0,0,330241501220,0000,7.78,2025-11-05 12:00:46,results\api\extract\data\dynamic_mean_years_schooling_new_method_2022.json,bps-data-cfe0654330afe1eb
mean_years_schooling_new_method,415,3302,123,0,0,330241501230,0000,7.87,2025-11-05 12:00:46,results\api\extract\data\dynamic_mean_years_schooling_new_method_2023.json,bps-data-6b97f25855ece024
mean_years_schooling_new_method,415,3302,124,0,0,330241501240,0000,7.91,2025-11-05 12:00:46,results\api\extract\data\dynamic_mean_years_schooling_new_method_2024.json,bps-data-fa22b966ff2b1e98
mean_years_schooling_new_method,415,3303,121,0,0,330341501210,0000,7.25,2025-11-05 12:00:46,results\api\extract\data\dynamic_mean_years_schooling_new_method_2021.json,bps-data-0c5c8c6bbcc24cd9
mean_years_schooling_new_method,415,3303,122,0,0,330341501220,0000,7.33,2025-11-05 12:00:46,results\api\extract\data\dynamic_mean_years_schooling_new_method_2022.json,bps-data-cfe0654330afe1eb
mean_years_schooling_new_method,415,3303,123,0,0,330341501230,0000,7.34,2025-11-05 12:00:46,results\api\extract\data\dynamic_mean_years_schooling_new_method_2023.json,bps-data-6b97f25855ece024
mean_years_schooling_new_method,415,3303,124,0,0,330341501240,0000,7.36,2025-11-05 12:00:46,results\api\extract\data\dynamic_mean_years_schooling_new_method_2024.json,bps-data-fa22b966ff2b1e98
mean_years_schooling_new_method,415,3304,121,0,0,330441501210,0000,6.75,2025-11-05 12:00:46,results\api\extract\data\dynamic_mean_years_schooling_new_method_2021.json,bps-data-0c5c8c6bbcc24cd9
mean_years_schooling_new_method,415,3304,122,0,0,330441501220,0000,6.84,2025-11-05 12:00:46,results\api\extract\data\dynamic_mean_years_schooling_new_method_2022.json,bps-data-cfe0654330afe1eb
mean_years_schooling_new_method,415,3304,123,0,0,330441501230,0000,6.86,2025-11-05 12:00:46,results\api\extract\data\dynamic_mean_years_schooling_new_method_2023.json,bps-data-6b97f25855ece024
mean_years_schooling_new_method,415,3304,124,0,0,330441501240,0000,6.87,2025-11-05 12:00:46,results\api\extract\data\dynamic_mean_years_schooling_new_method_2024.json,bps-data-fa22b966ff2b1e98
mean_years_schooling_new_method,415,3305,121,0,0,330541501210,0000,7.55,2025-11-05 12:00:46,results\api\extract\data\dynamic_mean_years_schooling_new_method_2021.json,bps-data-0c5c8c6bbcc24cd9
mean_years_schooling_new_method,415,3305,122,0,0,330541501220,0000,7.85,2025-11-05 12:00:46,results\api\extract\data\dynamic_mean_years_schooling_new_method_2022.json,bps-data-cfe0654330afe1eb
mean_years_schooling_new_method,415,3305,123,0,0,330541501230,0000,7.86,2025-11-05 12:00:46,results\api\extract\data\dynamic_mean_years_schooling_new_method_2023.json,bps-data-6b97f25855ece024
mean_years_schooling_new_method,415,3305,124,0,0,330541501240,0000,7.87,2025-11-05 12:00:46,results\api\extract\data\dynamic_mean_years_schooling_new_method_2024.json,bps-data-fa22b966ff2b1e98
mean_years_schooling_new_method,415,3306,121,0,0,330641501210,0000,8.21,2025-11-05 12:00:46,results\api\extract\data\dynamic_mean_years_schooling_new_method_2021.json,bps-data-0c5c8c6bbcc24cd9
mean_years_schooling_new_method,415,3306,122,0,0,330641501220,0000,8.32,2025-11-05 12:00:46,results\api\extract\data\dynamic_mean_years_schooling_new_method_2022.json,bps-data-cfe0654330afe1eb
mean_years_schooling_new_method,415,3306,123,0,0,330641501230,0000,8.46,2025-11-05 12:00:46,results\api\extract\data\dynamic_mean_years_schooling_new_method_2023.json,bps-data-6b97f25855ece024
mean_years_schooling_new_method,415,3306,124,0,0,330641501240,0000,8.65,2025-11-05 12:00:46,results\api\extract\data\dynamic_mean_years_schooling_new_method_2024.json,bps-data-fa22b966ff2b1e98
mean_years_schooling_new_method,415,3307,121,0,0,330741501210,0000,6.82,2025-11-05 12:00:46,results\api\extract\data\dynamic_mean_years_schooling_new_method_2021.json,bps-data-0c5c8c6bbcc24cd9
mean_years_schooling_new_method,415,3307,122,0,0,330741501220,0000,6.88,2025-11-05 12:00:46,results\api\extract\data\dynamic_mean_years_schooling_new_method_2022.json,bps-data-cfe0654330afe1eb
mean_years_schooling_new_method,415,3307,123,0,0,330741501230,0000,6.89,2025-11-05 12:00:46,results\api\extract\data\dynamic_mean_years_schooling_new_method_2023.json,bps-data-6b97f25855ece024
mean_years_schooling_new_method,415,3307,124,0,0,330741501240,0000,6.9,2025-11-05 12:00:46,results\api\extract\data\dynamic_mean_years_schooling_new_method_2024.json,bps-data-fa22b966ff2b1e98
mean_years_schooling_new_method,415,3308,121,0,0,330841501210,0000,7.79,2025-11-05 12:00:46,results\api\extract\data\dynamic_mean_years_schooling_new_method_2021.json,bps-data-0c5c8c6bbcc24cd9
mean_years_schooling_new_method,415,3308,122,0,0,330841501220,0000,7.81,2025-11-05 12:00:46,results\api\extract\data\dynamic_mean_years_schooling_new_method_2022.json,bps-data-cfe0654330afe1eb
mean_years_schooling_new_method,415,3308,123,0,0,330841501230,0000,7.82,2025-11-05 12:00:46,results\api\extract\data\dynamic_mean_years_schooling_new_method_2023.json,bps-data-6b97f25855ece024
mean_years_schooling_new_method,415,3308,124,0,0,330841501240,0000,7.83,2025-11-05 12:00:46,results\api\extract\data\dynamic_mean_years_schooling_new_method_2024.json,bps-data-fa22b966ff2b1e98
mean_years_schooling_new_method,415,3309,121,0,0,330941501210,0000,7.85,2025-11-05 12:00:46,results\api\extract\data\dynamic_mean_years_schooling_new_method_2021.json,bps-data-0c5c8c6bbcc24cd9
mean_years_schooling_new_method,415,3309,122,0,0,330941501220,0000,8.08,2025-11-05 12:00:46,results\api\extract\data\dynamic_mean_years_schooling_new_method_2022.json,bps-data-cfe0654330afe1eb
mean_years_schooling_new_method,415,3309,123,0,0,330941501230,0000,8.09,2025-11-05 12:00:46,results\api\extract\data\dynamic_mean_years_schooling_new_method_2023.json,bps-data-6b97f25855ece024
mean_years_schooling_new_method,415,3309,124,0,0,330941501240,0000,8.17,2025-11-05 12:00:46,results\api\extract\data\dynamic_mean_years_schooling_new_method_2024.json,bps-data-fa22b966ff2b1e98
mean_years_schooling_new_method,415,3310,121,0,0,331041501210,0000,8.81,2025-11-05 12:00:46,results\api\extract\data\dynamic_mean_years_schooling_new_method_2021.json,bps-data-0c5c8c6bbcc24cd9
mean_years_schooling_new_method,415,3310,122,0,0,331041501220,0000,9.09,2025-11-05 12:00:46,results\api\extract\data\dynamic_mean_years_schooling_new_method_2022.json,bps-data-cfe0654330afe1eb
mean_years_schooling_new_method,415,3310,123,0,0,331041501230,0000,9.27,2025-11-05 12:00:46,results\api\extract\data\dynamic_mean_years_schooling_new_method_2023.json,bps-data-6b97f25855ece024
mean_years_schooling_new_method,415,3310,124,0,0,331041501240,0000,9.29,2025-11-05 12:00:46,results\api\extract\data\dynamic_mean_years_schooling_new_method_2024.json,bps-data-fa22b966ff2b1e98
mean_years_schooling_new_method,415,3311,121,0,0,331141501210,0000,9.35,2025-11-05 12:00:46,results\api\extract\data\dynamic_mean_years_schooling_new_method_2021.json,bps-data-0c5c8c6bbcc24cd9
mean_years_schooling_new_method,415,3311,122,0,0,331141501220,0000,9.62,2025-11-05 12:00:46,results\api\extract\data\dynamic_mean_years_schooling_new_method_2022.json,bps-data-cfe0654330afe1eb
mean_years_schooling_new_method,415,3311,123,0,0,331141501230,0000,9.84,2025-11-05 12:00:46,results\api\extract\data\dynamic_mean_years_schooling_new_method_2023.json,bps-data-6b97f25855ece024
mean_years_schooling_new_method,415,3311,124,0,0,331141501240,0000,10.01,2025-11-05 12:00:46,results\api\extract\data\dynamic_mean_years_schooling_new_method_2024.json,bps-data-fa22b966ff2b1e98
mean_years_schooling_new_method,415,3312,121,0,0,331241501210,0000,7.34,2025-11-05 12:00:46,results\api\extract\data\dynamic_mean_years_schooling_new_method_2021.json,bps-data-0c5c8c6bbcc24cd9
mean_years_schooling_new_method,415,3312,122,0,0,331241501220,0000,7.42,2025-11-05 12:00:46,results\api\extract\data\dynamic_mean_years_schooling_new_method_2022.json,bps-data-cfe0654330afe1eb
mean_years_schooling_new_method,415,3312,123,0,0,331241501230,0000,7.67,2025-11-05 12:00:46,results\api\extract\data\dynamic_mean_years_schooling_new_method_2023.json,bps-data-6b97f25855ece024
mean_years_schooling_new_method,415,3312,124,0,0,331241501240,0000,7.68,2025-11-05 12:00:46,results\api\extract\data\dynamic_mean_years_schooling_new_method_2024.json,bps-data-fa22b966ff2b1e98
mean_years_schooling_new_method,415,3313,121,0,0,331341501210,0000,8.57,2025-11-05 12:00:46,results\api\extract\data\dynamic_mean_years_schooling_new_method_2021.json,bps-data-0c5c8c6bbcc24cd9
mean_years_schooling_new_method,415,3313,122,0,0,331341501220,0000,8.79,2025-11-05 12:00:46,results\api\extract\data\dynamic_mean_years_schooling_new_method_2022.json,bps-data-cfe0654330afe1eb
mean_years_schooling_new_method,415,3313,123,0,0,331341501230,0000,9.02,2025-11-05 12:00:46,results\api\extract\data\dynamic_mean_years_schooling_new_method_2023.json,bps-data-6b97f25855ece024
mean_years_schooling_new_method,415,3313,124,0,0,331341501240,0000,9.26,2025-11-05 12:00:46,results\api\extract\data\dynamic_mean_years_schooling_new_method_2024.json,bps-data-fa22b966ff2b1e98
mean_years_schooling_new_method,415,3314,121,0,0,331441501210,0000,7.66,2025-11-05 12:00:46,results\api\extract\data\dynamic_mean_years_schooling_new_method_2021.json,bps-data-0c5c8c6bbcc24cd9
mean_years_schooling_new_method,415,3314,122,0,0,331441501220,0000,7.79,2025-11-05 12:00:46,results\api\extract\data\dynamic_mean_years_schooling_new_method_2022.json,bps-data-cfe0654330afe1eb
mean_years_schooling_new_method,415,3314,123,0,0,331441501230,0000,7.87,2025-11-05 12:00:46,results\api\extract\data\dynamic_mean_years_schooling_new_method_2023.json,bps-data-6b97f25855ece024
mean_years_schooling_new_method,415,3314,124,0,0,331441501240,0000,7.88,2025-11-05 12:00:46,results\api\extract\data\dynamic_mean_years_schooling_new_method_2024.json,bps-data-fa22b966ff2b1e98
mean_years_schooling_new_method,415,3315,121,0,0,331541501210,0000,7.11,2025-11-05 12:00:46,results\api\extract\data\dynamic_mean_years_schooling_new_method_2021.json,bps-data-0c5c8c6bbcc24cd9
mean_years_schooling_new_method,415,3315,122,0,0,331541501220,0000,7.26,2025-11-05 12:00:46,results\api\extract\data\dynamic_mean_years_schooling_new_method_2022.json,bps-data-cfe0654330afe1eb
mean_years_schooling_new_method,415,3315,123,0,0,331541501230,0000,7.28,2025-11-05 12:00:46,results\api\extract\data\dynamic_mean_years_schooling_new_method_2023.json,bps-data-6b97f25855ece024
mean_years_schooling_new_method,415,3315,124,0,0,331541501240,0000,7.29,2025-11-05 12:00:46,results\api\extract\data\dynamic_mean_years_schooling_new_method_2024.json,bps-data-fa22b966ff2b1e98
mean_years_schooling_new_method,415,3316,121,0,0,331641501210,0000,6.99,2025-11-05 12:00:46,results\api\extract\data\dynamic_mean_years_schooling_new_method_2021.json,bps-data-0c5c8c6bbcc24cd9
mean_years_schooling_new_method,415,3316,122,0,0,331641501220,0000,7.01,2025-11-05 12:00:46,results\api\extract\data\dynamic_mean_years_schooling_new_method_2022.json,bps-data-cfe0654330afe1eb
mean_years_schooling_new_method,415,3316,123,0,0,331641501230,0000,7.08,2025-11-05 12:00:46,results\api\extract\data\dynamic_mean_years_schooling_new_method_2023.json,bps-data-6b97f25855ece024
mean_years_schooling_new_method,415,3316,124,0,0,331641501240,0000,7.26,2025-11-05 12:00:46,results\api\extract\data\dynamic_mean_years_schooling_new_method_2024.json,bps-data-fa22b966ff2b1e98
mean_years_schooling_new_method,415,3317,121,0,0,331741501210,0000,7.3,2025-11-05 12:00:46,results\api\extract\data\dynamic_mean_years_schooling_new_method_2021.json,bps-data-0c5c8c6bbcc24cd9
mean_years_schooling_new_method,415,3317,122,0,0,331741501220,0000,7.41,2025-11-05 12:00:46,results\api\extract\data\dynamic_mean_years_schooling_new_method_2022.json,bps-data-cfe0654330afe1eb
mean_years_schooling_new_method,415,3317,123,0,0,331741501230,0000,7.72,2025-11-05 12:00:46,results\api\extract\data\dynamic_mean_years_schooling_new_method_2023.json,bps-data-6b97f25855ece024
mean_years_schooling_new_method,415,3317,124,0,0,331741501240,0000,7.73,2025-11-05 12:00:46,results\api\extract\data\dynamic_mean_years_schooling_new_method_2024.json,bps-data-fa22b966ff2b1e98
mean_years_schooling_new_method,415,3318,121,0,0,331841501210,0000,7.48,2025-11-05 12:00:46,results\api\extract\data\dynamic_mean_years_schooling_new_method_2021.json,bps-data-0c5c8c6bbcc24cd9
mean_years_schooling_new_method,415,3318,122,0,0,331841501220,0000,7.79,2025-11-05 12:00:46,results\api\extract\data\dynamic_mean_years_schooling_new_method_2022.json,bps-data-cfe0654330afe1eb
mean_years_schooling_new_method,415,3318,123,0,0,331841501230,0000,7.8,2025-11-05 12:00:46,results\api\extract\data\dynamic_mean_years_schooling_new_method_2023.json,bps-data-6b97f25855ece024
mean_years_schooling_new_method,415,3318,124,0,0,331841501240,0000,7.82,2025-11-05 12:00:46,results\api\extract\data\dynamic_mean_years_schooling_new_method_2024.json,bps-data-fa22b966ff2b1e98
mean_years_schooling_new_method,415,3319,121,0,0,331941501210,0000,8.76,2025-11-05 12:00:46,results\api\extract\data\dynamic_mean_years_schooling_new_method_2021.json,bps-data-0c5c8c6bbcc24cd9
mean_years_schooling_new_method,415,3319,122,0,0,331941501220,0000,9.06,2025-11-05 12:00:46,results\api\extract\data\dynamic_mean_years_schooling_new_method_2022.json,bps-data-cfe0654330afe1eb
mean_years_schooling_new_method,415,3319,123,0,0,331941501230,0000,9.34,2025-11-05 12:00:46,results\api\extract\data\dynamic_mean_years_schooling_new_method_2023.json,bps-data-6b97f25855ece024
mean_years_schooling_new_method,415,3319,124,0,0,331941501240,0000,9.35,2025-11-05 12:00:46,results\api\extract\data\dynamic_mean_years_schooling_new_method_2024.json,bps-data-fa22b966ff2b1e98
mean_years_schooling_new_method,415,3320,121,0,0,332041501210,0000,7.79,2025-11-05 12:00:46,results\api\extract\data\dynamic_mean_years_schooling_new_method_2021.json,bps-data-0c5c8c6bbcc24cd9
mean_years_schooling_new_method,415,3320,122,0,0,332041501220,0000,8.09,2025-11-05 12:00:46,results\api\extract\data\dynamic_mean_years_schooling_new_method_2022.json,bps-data-cfe0654330afe1eb
mean_years_schooling_new_method,415,3320,123,0,0,332041501230,0000,8.26,2025-11-05 12:00:46,results\api\extract\data\dynamic_mean_years_schooling_new_method_2023.json,bps-data-6b97f25855ece024
mean_years_schooling_new_method,415,3320,124,0,0,332041501240,0000,8.27,2025-11-05 12:00:46,results\api\extract\data\dynamic_mean_years_schooling_new_method_2024.json,bps-data-fa22b966ff2b1e98
mean_years_schooling_new_method,415,3321,121,0,0,332141501210,0000,7.86,2025-11-05 12:00:46,results\api\extract\data\dynamic_mean_years_schooling_new_method_2021.json,bps-data-0c5c8c6bbcc24cd9
mean_years_schooling_new_method,415,3321,122,0,0,332141501220,0000,8.1,2025-11-05 12:00:46,results\api\extract\data\dynamic_mean_years_schooling_new_method_2022.json,bps-data-cfe0654330afe1eb
mean_years_schooling_new_method,415,3321,123,0,0,332141501230,0000,8.27,2025-11-05 12:00:46,results\api\extract\data\dynamic_mean_years_schooling_new_method_2023.json,bps-data-6b97f25855ece024
mean_years_schooling_new_method,415,3321,124,0,0,332141501240,0000,8.28,2025-11-05 12:00:46,results\api\extract\data\dynamic_mean_years_schooling_new_method_2024.json,bps-data-fa22b966ff2b1e98
mean_years_schooling_new_method,415,3322,121,0,0,332241501210,0000,8.03,2025-11-05 12:00:46,results\api\extract\data\dynamic_mean_years_schooling_new_method_2021.json,bps-data-0c5c8c6bbcc24cd9
mean_years_schooling_new_method,415,3322,122,0,0,332241501220,0000,8.05,2025-11-05 12:00:46,results\api\extract\data\dynamic_mean_years_schooling_new_method_2022.json,bps-data-cfe0654330afe1eb
mean_years_schooling_new_method,415,3322,123,0,0,332241501230,0000,8.07,2025-11-05 12:00:46,results\api\extract\data\dynamic_mean_years_schooling_new_method_2023.json,bps-data-6b97f25855ece024
mean_years_schooling_new_method,415,3322,124,0,0,332241501240,0000,8.16,2025-11-05 12:00:46,results\api\extract\data\dynamic_mean_years_schooling_new_method_2024.json,bps-data-fa22b966ff2b1e98
mean_years_schooling_new_method,415,3323,121,0,0,332341501210,0000,7.25,2025-11-05 12:00:46,results\api\extract\data\dynamic_mean_years_schooling_new_method_2021.json,bps-data-0c5c8c6bbcc24cd9
mean_years_schooling_new_method,415,3323,122,0,0,332341501220,0000,7.41,2025-11-05 12:00:46,results\api\extract\data\dynamic_mean_years_schooling_new_method_2022.json,bps-data-cfe0654330afe1eb
mean_years_schooling_new_method,415,3323,123,0,0,332341501230,0000,7.5,2025-11-05 12:00:46,results\api\extract\data\dynamic_mean_years_schooling_new_method_2023.json,bps-data-6b97f25855ece024
mean_years_schooling_new_method,415,3323,124,0,0,332341501240,0000,7.53,2025-11-05 12:00:46,results\api\extract\data\dynamic_mean_years_schooling_new_method_2024.json,bps-data-fa22b966ff2b1e98
mean_years_schooling_new_method,415,3324,121,0,0,332441501210,0000,7.46,2025-11-05 12:00:46,results\api\extract\data\dynamic_mean_years_schooling_new_method_2021.json,bps-data-0c5c8c6bbcc24cd9
mean_years_schooling_new_method,415,3324,122,0,0,332441501220,0000,7.71,2025-11-05 12:00:46,results\api\extract\data\dynamic_mean_years_schooling_new_method_2022.json,bps-data-cfe0654330afe1eb
mean_years_schooling_new_method,415,3324,123,0,0,332441501230,0000,7.73,2025-11-05 12:00:46,results\api\extract\data\dynamic_mean_years_schooling_new_method_2023.json,bps-data-6b97f25855ece024
mean_years_schooling_new_method,415,3324,124,0,0,332441501240,0000,7.74,2025-11-05 12:00:46,results\api\extract\data\dynamic_mean_years_schooling_new_method_2024.json,bps-data-fa22b966ff2b1e98
mean_years_schooling_new_method,415,3325,121,0,0,332541501210,0000,6.88,2025-11-05 12:00:46,results\api\extract\data\dynamic_mean_years_schooling_new_method_2021.json,bps-data-0c5c8c6bbcc24cd9
mean_years_schooling_new_method,415,3325,122,0,0,332541501220,0000,6.9,2025-11-05 12:00:46,results\api\extract\data\dynamic_mean_years_schooling_new_method_2022.json,bps-data-cfe0654330afe1eb
mean_years_schooling_new_method,415,3325,123,0,0,332541501230,0000,7.07,2025-11-05 12:00:46,results\api\extract\data\dynamic_mean_years_schooling_new_method_2023.json,bps-data-6b97f25855ece024
mean_years_schooling_new_method,415,3325,124,0,0,332541501240,0000,7.08,2025-11-05 12:00:46,results\api\extract\data\dynamic_mean_years_schooling_new_method_2024.json,bps-data-fa22b966ff2b1e98
mean_years_schooling_new_method,415,3326,121,0,0,332641501210,0000,7.17,2025-11-05 12:00:46,results\api\extract\data\dynamic_mean_years_schooling_new_method_2021.json,bps-data-0c5c8c6bbcc24cd9
mean_years_schooling_new_method,415,3326,122,0,0,332641501220,0000,7.46,2025-11-05 12:00:46,results\api\extract\data\dynamic_mean_years_schooling_new_method_2022.json,bps-data-cfe0654330afe1eb
mean_years_schooling_new_method,415,3326,123,0,0,332641501230,0000,7.47,2025-11-05 12:00:46,results\api\extract\data\dynamic_mean_years_schooling_new_method_2023.json,bps-data-6b97f25855ece024
mean_years_schooling_new_method,415,3326,124,0,0,332641501240,0000,7.48,2025-11-05 12:00:46,results\api\extract\data\dynamic_mean_years_schooling_new_method_2024.json,bps-data-fa22b966ff2b1e98
mean_years_schooling_new_method,415,3327,121,0,0,332741501210,0000,6.45,2025-11-05 12:00:46,results\api\extract\data\dynamic_mean_years_schooling_new_method_2021.json,bps-data-0c5c8c6bbcc24cd9
mean_years_schooling_new_method,415,3327,122,0,0,332741501220,0000,6.5,2025-11-05 12:00:46,results\api\extract\data\dynamic_mean_years_schooling_new_method_2022.json,bps-data-cfe0654330afe1eb
mean_years_schooling_new_method,415,3327,123,0,0,332741501230,0000,6.55,2025-11-05 12:00:46,results\api\extract\data\dynamic_mean_years_schooling_new_method_2023.json,bps-data-6b97f25855ece024
mean_years_schooling_new_method,415,3327,124,0,0,332741501240,0000,6.56,2025-11-05 12:00:46,results\api\extract\data\dynamic_mean_years_schooling_new_method_2024.json,bps-data-fa22b966ff2b1e98
mean_years_schooling_new_method,415,3328,121,0,0,332841501210,0000,6.99,2025-11-05 12:00:46,results\api\extract\data\dynamic_mean_years_schooling_new_method_2021.json,bps-data-0c5c8c6bbcc24cd9
mean_years_schooling_new_method,415,3328,122,0,0,332841501220,0000,7.25,2025-11-05 12:00:46,results\api\extract\data\dynamic_mean_years_schooling_new_method_2022.json,bps-data-cfe0654330afe1eb
mean_years_schooling_new_method,415,3328,123,0,0,332841501230,0000,7.34,2025-11-05 12:00:46,results\api\extract\data\dynamic_mean_years_schooling_new_method_2023.json,bps-data-6b97f25855ece024
mean_years_schooling_new_method,415,3328,124,0,0,332841501240,0000,7.36,2025-11-05 12:00:46,results\api\extract\data\dynamic_mean_years_schooling_new_method_2024.json,bps-data-fa22b966ff2b1e98
mean_years_schooling_new_method,415,3329,121,0,0,332941501210,0000,6.22,2025-11-05 12:00:46,results\api\extract\data\dynamic_mean_years_schooling_new_method_2021.json,bps-data-0c5c8c6bbcc24cd9
mean_years_schooling_new_method,415,3329,122,0,0,332941501220,0000,6.35,2025-11-05 12:00:46,results\api\extract\data\dynamic_mean_years_schooling_new_method_2022.json,bps-data-cfe0654330afe1eb
mean_years_schooling_new_method,415,3329,123,0,0,332941501230,0000,6.4,2025-11-05 12:00:46,results\api\extract\data\dynamic_mean_years_schooling_new_method_2023.json,bps-data-6b97f25855ece024
mean_years_schooling_new_method,415,3329,124,0,0,332941501240,0000,6.41,2025-11-05 12:00:46,results\api\extract\data\dynamic_mean_years_schooling_new_method_2024.json,bps-data-fa22b966ff2b1e98
mean_years_schooling_new_method,415,3371,121,0,0,337141501210,0000,10.62,2025-11-05 12:00:46,results\api\extract\data\dynamic_mean_years_schooling_new_method_2021.json,bps-data-0c5c8c6bbcc24cd9
mean_years_schooling_new_method,415,3371,122,0,0,337141501220,0000,10.94,2025-11-05 12:00:46,results\api\extract\data\dynamic_mean_years_schooling_new_method_2022.json,bps-data-cfe0654330afe1eb
mean_years_schooling_new_method,415,3371,123,0,0,337141501230,0000,11.2,2025-11-05 12:00:46,results\api\extract\data\dynamic_mean_years_schooling_new_method_2023.json,bps-data-6b97f25855ece024
mean_years_schooling_new_method,415,3371,124,0,0,337141501240,0000,11.43,2025-11-05 12:00:46,results\api\extract\data\dynamic_mean_years_schooling_new_method_2024.json,bps-data-fa22b966ff2b1e98
mean_years_schooling_new_method,415,3372,121,0,0,337241501210,0000,10.9,2025-11-05 12:00:46,results\api\extract\data\dynamic_mean_years_schooling_new_method_2021.json,bps-data-0c5c8c6bbcc24cd9
mean_years_schooling_new_method,415,3372,122,0,0,337241501220,0000,10.92,2025-11-05 12:00:46,results\api\extract\data\dynamic_mean_years_schooling_new_method_2022.json,bps-data-cfe0654330afe1eb
mean_years_schooling_new_method,415,3372,123,0,0,337241501230,0000,11.0,2025-11-05 12:00:46,results\api\extract\data\dynamic_mean_years_schooling_new_method_2023.json,bps-data-6b97f25855ece024
mean_years_schooling_new_method,415,3372,124,0,0,337241501240,0000,11.25,2025-11-05 12:00:46,results\api\extract\data\dynamic_mean_years_schooling_new_method_2024.json,bps-data-fa22b966ff2b1e98
mean_years_schooling_new_method,415,3373,121,0,0,337341501210,0000,10.66,2025-11-05 12:00:46,results\api\extract\data\dynamic_mean_years_schooling_new_method_2021.json,bps-data-0c5c8c6bbcc24cd9
mean_years_schooling_new_method,415,3373,122,0,0,337341501220,0000,10.95,2025-11-05 12:00:46,results\api\extract\data\dynamic_mean_years_schooling_new_method_2022.json,bps-data-cfe0654330afe1eb
mean_years_schooling_new_method,415,3373,123,0,0,337341501230,0000,11.24,2025-11-05 12:00:46,results\api\extract\data\dynamic_mean_years_schooling_new_method_2023.json,bps-data-6b97f25855ece024
mean_years_schooling_new_method,415,3373,124,0,0,337341501240,0000,11.48,2025-11-05 12:00:46,results\api\extract\data\dynamic_mean_years_schooling_new_method_2024.json,bps-data-fa22b966ff2b1e98
mean_years_schooling_new_method,415,3374,121,0,0,337441501210,0000,10.78,2025-11-05 12:00:46,results\api\extract\data\dynamic_mean_years_schooling_new_method_2021.json,bps-data-0c5c8c6bbcc24cd9
mean_years_schooling_new_method,415,3374,122,0,0,337441501220,0000,10.8,2025-11-05 12:00:46,results\api\extract\data\dynamic_mean_years_schooling_new_method_2022.json,bps-data-cfe0654330afe1eb
mean_years_schooling_new_method,415,3374,123,0,0,337441501230,0000,10.81,2025-11-05 12:00:46,results\api\extract\data\dynamic_mean_years_schooling_new_method_2023.json,bps-data-6b97f25855ece024
mean_years_schooling_new_method,415,3374,124,0,0,337441501240,0000,11.05,2025-11-05 12:00:46,results\api\extract\data\dynamic_mean_years_schooling_new_method_2024.json,bps-data-fa22b966ff2b1e98
mean_years_schooling_new_method,415,3375,121,0,0,337541501210,0000,9.18,2025-11-05 12:00:46,results\api\extract\data\dynamic_mean_years_schooling_new_method_2021.json,bps-data-0c5c8c6bbcc24cd9
mean_years_schooling_new_method,415,3375,122,0,0,337541501220,0000,9.2,2025-11-05 12:00:46,results\api\extract\data\dynamic_mean_years_schooling_new_method_2022.json,bps-data-cfe0654330afe1eb
mean_years_schooling_new_method,415,3375,123,0,0,337541501230,0000,9.29,2025-11-05 12:00:46,results\api\extract\data\dynamic_mean_years_schooling_new_method_2023.json,bps-data-6b97f25855ece024
mean_years_schooling_new_method,415,3375,124,0,0,337541501240,0000,9.34,2025-11-05 12:00:46,results\api\extract\data\dynamic_mean_years_schooling_new_method_2024.json,bps-data-fa22b966ff2b1e98
mean_years_schooling_new_method,415,3376,121,0,0,337641501210,0000,8.73,2025-11-05 12:00:46,results\api\extract\data\dynamic_mean_years_schooling_new_method_2021.json,bps-data-0c5c8c6bbcc24cd9
mean_years_schooling_new_method,415,3376,122,0,0,337641501220,0000,9.0,2025-11-05 12:00:46,results\api\extract\data\dynamic_mean_years_schooling_new_method_2022.json,bps-data-cfe0654330afe1eb
mean_years_schooling_new_method,415,3376,123,0,0,337641501230,0000,9.24,2025-11-05 12:00:46,results\api\extract\data\dynamic_mean_years_schooling_new_method_2023.json,bps-data-6b97f25855ece024
mean_years_schooling_new_method,415,3376,124,0,0,337641501240,0000,9.28,2025-11-05 12:00:46,results\api\extract\data\dynamic_mean_years_schooling_new_method_2024.json,bps-data-fa22b966ff2b1e98
mean_years_schooling_new_method,415,3400,121,0,0,340041501210,0000,9.64,2025-11-05 12:00:46,results\api\extract\data\dynamic_mean_years_schooling_new_method_2021.json,bps-data-0c5c8c6bbcc24cd9
mean_years_schooling_new_method,415,3400,122,0,0,340041501220,0000,9.75,2025-11-05 12:00:46,results\api\extract\data\dynamic_mean_years_schooling_new_method_2022.json,bps-data-cfe0654330afe1eb
mean_years_schooling_new_method,415,3400,123,0,0,340041501230,0000,9.83,2025-11-05 12:00:46,results\api\extract\data\dynamic_mean_years_schooling_new_method_2023.json,bps-data-6b97f25855ece024
mean_years_schooling_new_method,415,3400,124,0,0,340041501240,0000,9.92,2025-11-05 12:00:46,results\api\extract\data\dynamic_mean_years_schooling_new_method_2024.json,bps-data-fa22b966ff2b1e98
mean_years_schooling_new_method,415,3401,121,0,0,340141501210,0000,9.02,2025-11-05 12:00:46,results\api\extract\data\dynamic_mean_years_schooling_new_method_2021.json,bps-data-0c5c8c6bbcc24cd9
mean_years_schooling_new_method,415,3401,122,0,0,340141501220,0000,9.17,2025-11-05 12:00:46,results\api\extract\data\dynamic_mean_years_schooling_new_method_2022.json,bps-data-cfe0654330afe1eb
mean_years_schooling_new_method,415,3401,123,0,0,340141501230,0000,9.18,2025-11-05 12:00:46,results\api\extract\data\dynamic_mean_years_schooling_new_method_2023.json,bps-data-6b97f25855ece024
mean_years_schooling_new_method,415,3401,124,0,0,340141501240,0000,9.2,2025-11-05 12:00:46,results\api\extract\data\dynamic_mean_years_schooling_new_method_2024.json,bps-data-fa22b966ff2b1e98
mean_years_schooling_new_method,415,3402,121,0,0,340241501210,0000,9.57,2025-11-05 12:00:46,results\api\extract\data\dynamic_mean_years_schooling_new_method_2021.json,bps-data-0c5c8c6bbcc24cd9
mean_years_schooling_new_method,415,3402,122,0,0,340241501220,0000,9.59,2025-11-05 12:00:46,results\api\extract\data\dynamic_mean_years_schooling_new_method_2022.json,bps-data-cfe0654330afe1eb
mean_years_schooling_new_method,415,3402,123,0,0,340241501230,0000,9.79,2025-11-05 12:00:46,results\api\extract\data\dynamic_mean_years_schooling_new_method_2023.json,bps-data-6b97f25855ece024
mean_years_schooling_new_method,415,3402,124,0,0,340241501240,0000,9.81,2025-11-05 12:00:46,results\api\extract\data\dynamic_mean_years_schooling_new_method_2024.json,bps-data-fa22b966ff2b1e98
mean_years_schooling_new_method,415,3403,121,0,0,340341501210,0000,7.3,2025-11-05 12:00:46,results\api\extract\data\dynamic_mean_years_schooling_new_method_2021.json,bps-data-0c5c8c6bbcc24cd9
mean_years_schooling_new_method,415,3403,122,0,0,340341501220,0000,7.31,2025-11-05 12:00:46,results\api\extract\data\dynamic_mean_years_schooling_new_method_2022.json,bps-data-cfe0654330afe1eb
mean_years_schooling_new_method,415,3403,123,0,0,340341501230,0000,7.32,2025-11-05 12:00:46,results\api\extract\data\dynamic_mean_years_schooling_new_method_2023.json,bps-data-6b97f25855ece024
mean_years_schooling_new_method,415,3403,124,0,0,340341501240,0000,7.35,2025-11-05 12:00:46,results\api\extract\data\dynamic_mean_years_schooling_new_method_2024.json,bps-data-fa22b966ff2b1e98
mean_years_schooling_new_method,415,3404,121,0,0,340441501210,0000,10.92,2025-11-05 12:00:46,results\api\extract\data\dynamic_mean_years_schooling_new_method_2021.json,bps-data-0c5c8c6bbcc24cd9
mean_years_schooling_new_method,415,3404,122,0,0,340441501220,0000,10.94,2025-11-05 12:00:46,results\api\extract\data\dynamic_mean_years_schooling_new_method_2022.json,bps-data-cfe0654330afe1eb
mean_years_schooling_new_method,415,3404,123,0,0,340441501230,0000,11.01,2025-11-05 12:00:46,results\api\extract\data\dynamic_mean_years_schooling_new_method_2023.json,bps-data-6b97f25855ece024
mean_years_schooling_new_method,415,3404,124,0,0,340441501240,0000,11.33,2025-11-05 12:00:46,results\api\extract\data\dynamic_mean_years_schooling_new_method_2024.json,bps-data-fa22b966ff2b1e98
mean_years_schooling_new_method,415,3471,121,0,0,347141501210,0000,11.72,2025-11-05 12:00:46,results\api\extract\data\dynamic_mean_years_schooling_new_method_2021.json,bps-data-0c5c8c6bbcc24cd9
mean_years_schooling_new_method,415,3471,122,0,0,347141501220,0000,11.89,2025-11-05 12:00:46,results\api\extract\data\dynamic_mean_years_schooling_new_method_2022.json,bps-data-cfe0654330afe1eb
mean_years_schooling_new_method,415,3471,123,0,0,347141501230,0000,12.11,2025-11-05 12:00:46,results\api\extract\data\dynamic_mean_years_schooling_new_method_2023.json,bps-data-6b97f25855ece024
mean_years_schooling_new_method,415,3471,124,0,0,347141501240,0000,12.12,2025-11-05 12:00:46,results\api\extract\data\dynamic_mean_years_schooling_new_method_2024.json,bps-data-fa22b966ff2b1e98
mean_years_schooling_new_method,415,3500,121,0,0,350041501210,0000,7.88,2025-11-05 12:00:46,results\api\extract\data\dynamic_mean_years_schooling_new_method_2021.json,bps-data-0c5c8c6bbcc24cd9
mean_years_schooling_new_method,415,3500,122,0,0,350041501220,0000,8.03,2025-11-05 12:00:46,results\api\extract\data\dynamic_mean_years_schooling_new_method_2022.json,bps-data-cfe0654330afe1eb
mean_years_schooling_new_method,415,3500,123,0,0,350041501230,0000,8.11,2025-11-05 12:00:46,results\api\extract\data\dynamic_mean_years_schooling_new_method_2023.json,bps-data-6b97f25855ece024
mean_years_schooling_new_method,415,3500,124,0,0,350041501240,0000,8.28,2025-11-05 12:00:46,results\api\extract\data\dynamic_mean_years_schooling_new_method_2024.json,bps-data-fa22b966ff2b1e98
mean_years_schooling_new_method,415,3501,121,0,0,350141501210,0000,7.61,2025-11-05 12:00:46,results\api\extract\data\dynamic_mean_years_schooling_new_method_2021.json,bps-data-0c5c8c6bbcc24cd9
mean_years_schooling_new_method,415,3501,122,0,0,350141501220,0000,7.82,2025-11-05 12:00:46,results\api\extract\data\dynamic_mean_years_schooling_new_method_2022.json,bps-data-cfe0654330afe1eb
mean_years_schooling_new_method,415,3501,123,0,0,350141501230,0000,7.88,2025-11-05 12:00:46,results\api\extract\data\dynamic_mean_years_schooling_new_method_2023.json,bps-data-6b97f25855ece024
mean_years_schooling_new_method,415,3501,124,0,0,350141501240,0000,7.9,2025-11-05 12:00:46,results\api\extract\data\dynamic_mean_years_schooling_new_method_2024.json,bps-data-fa22b966ff2b1e98
mean_years_schooling_new_method,415,3502,121,0,0,350241501210,0000,7.55,2025-11-05 12:00:46,results\api\extract\data\dynamic_mean_years_schooling_new_method_2021.json,bps-data-0c5c8c6bbcc24cd9
mean_years_schooling_new_method,415,3502,122,0,0,350241501220,0000,7.77,2025-11-05 12:00:46,results\api\extract\data\dynamic_mean_years_schooling_new_method_2022.json,bps-data-cfe0654330afe1eb
mean_years_schooling_new_method,415,3502,123,0,0,350241501230,0000,7.78,2025-11-05 12:00:46,results\api\extract\data\dynamic_mean_years_schooling_new_method_2023.json,bps-data-6b97f25855ece024
mean_years_schooling_new_method,415,3502,124,0,0,350241501240,0000,7.8,2025-11-05 12:00:46,results\api\extract\data\dynamic_mean_years_schooling_new_method_2024.json,bps-data-fa22b966ff2b1e98
mean_years_schooling_new_method,415,3503,121,0,0,350341501210,0000,7.56,2025-11-05 12:00:46,results\api\extract\data\dynamic_mean_years_schooling_new_method_2021.json,bps-data-0c5c8c6bbcc24cd9
mean_years_schooling_new_method,415,3503,122,0,0,350341501220,0000,7.89,2025-11-05 12:00:46,results\api\extract\data\dynamic_mean_years_schooling_new_method_2022.json,bps-data-cfe0654330afe1eb
mean_years_schooling_new_method,415,3503,123,0,0,350341501230,0000,7.9,2025-11-05 12:00:46,results\api\extract\data\dynamic_mean_years_schooling_new_method_2023.json,bps-data-6b97f25855ece024
mean_years_schooling_new_method,415,3503,124,0,0,350341501240,0000,7.92,2025-11-05 12:00:46,results\api\extract\data\dynamic_mean_years_schooling_new_method_2024.json,bps-data-fa22b966ff2b1e98
mean_years_schooling_new_method,415,3504,121,0,0,350441501210,0000,8.34,2025-11-05 12:00:46,results\api\extract\data\dynamic_mean_years_schooling_new_method_2021.json,bps-data-0c5c8c6bbcc24cd9
mean_years_schooling_new_method,415,3504,122,0,0,350441501220,0000,8.65,2025-11-05 12:00:46,results\api\extract\data\dynamic_mean_years_schooling_new_method_2022.json,bps-data-cfe0654330afe1eb
mean_years_schooling_new_method,415,3504,123,0,0,350441501230,0000,8.66,2025-11-05 12:00:46,results\api\extract\data\dynamic_mean_years_schooling_new_method_2023.json,bps-data-6b97f25855ece024
mean_years_schooling_new_method,415,3504,124,0,0,350441501240,0000,8.68,2025-11-05 12:00:46,results\api\extract\data\dynamic_mean_years_schooling_new_method_2024.json,bps-data-fa22b966ff2b1e98
mean_years_schooling_new_method,415,3505,121,0,0,350541501210,0000,7.5,2025-11-05 12:00:46,results\api\extract\data\dynamic_mean_years_schooling_new_method_2021.json,bps-data-0c5c8c6bbcc24cd9
mean_years_schooling_new_method,415,3505,122,0,0,350541501220,0000,7.82,2025-11-05 12:00:46,results\api\extract\data\dynamic_mean_years_schooling_new_method_2022.json,bps-data-cfe0654330afe1eb
mean_years_schooling_new_method,415,3505,123,0,0,350541501230,0000,7.83,2025-11-05 12:00:46,results\api\extract\data\dynamic_mean_years_schooling_new_method_2023.json,bps-data-6b97f25855ece024
mean_years_schooling_new_method,415,3505,124,0,0,350541501240,0000,7.87,2025-11-05 12:00:46,results\api\extract\data\dynamic_mean_years_schooling_new_method_2024.json,bps-data-fa22b966ff2b1e98
mean_years_schooling_new_method,415,3506,121,0,0,350641501210,0000,8.08,2025-11-05 12:00:46,results\api\extract\data\dynamic_mean_years_schooling_new_method_2021.json,bps-data-0c5c8c6bbcc24cd9
mean_years_schooling_new_method,415,3506,122,0,0,350641501220,0000,8.23,2025-11-05 12:00:46,results\api\extract\data\dynamic_mean_years_schooling_new_method_2022.json,bps-data-cfe0654330afe1eb
mean_years_schooling_new_method,415,3506,123,0,0,350641501230,0000,8.24,2025-11-05 12:00:46,results\api\extract\data\dynamic_mean_years_schooling_new_method_2023.json,bps-data-6b97f25855ece024
mean_years_schooling_new_method,415,3506,124,0,0,350641501240,0000,8.26,2025-11-05 12:00:46,results\api\extract\data\dynamic_mean_years_schooling_new_method_2024.json,bps-data-fa22b966ff2b1e98
mean_years_schooling_new_method,415,3507,121,0,0,350741501210,0000,7.43,2025-11-05 12:00:46,results\api\extract\data\dynamic_mean_years_schooling_new_method_2021.json,bps-data-0c5c8c6bbcc24cd9
mean_years_schooling_new_method,415,3507,122,0,0,350741501220,0000,7.68,2025-11-05 12:00:46,results\api\extract\data\dynamic_mean_years_schooling_new_method_2022.json,bps-data-cfe0654330afe1eb
mean_years_schooling_new_method,415,3507,123,0,0,350741501230,0000,7.75,2025-11-05 12:00:46,results\api\extract\data\dynamic_mean_years_schooling_new_method_2023.json,bps-data-6b97f25855ece024
mean_years_schooling_new_method,415,3507,124,0,0,350741501240,0000,7.8,2025-11-05 12:00:46,results\api\extract\data\dynamic_mean_years_schooling_new_method_2024.json,bps-data-fa22b966ff2b1e98
mean_years_schooling_new_method,415,3508,121,0,0,350841501210,0000,6.67,2025-11-05 12:00:46,results\api\extract\data\dynamic_mean_years_schooling_new_method_2021.json,bps-data-0c5c8c6bbcc24cd9
mean_years_schooling_new_method,415,3508,122,0,0,350841501220,0000,6.87,2025-11-05 12:00:46,results\api\extract\data\dynamic_mean_years_schooling_new_method_2022.json,bps-data-cfe0654330afe1eb
mean_years_schooling_new_method,415,3508,123,0,0,350841501230,0000,7.14,2025-11-05 12:00:46,results\api\extract\data\dynamic_mean_years_schooling_new_method_2023.json,bps-data-6b97f25855ece024
mean_years_schooling_new_method,415,3508,124,0,0,350841501240,0000,7.27,2025-11-05 12:00:46,results\api\extract\data\dynamic_mean_years_schooling_new_method_2024.json,bps-data-fa22b966ff2b1e98
mean_years_schooling_new_method,415,3509,121,0,0,350941501210,0000,6.49,2025-11-05 12:00:46,results\api\extract\data\dynamic_mean_years_schooling_new_method_2021.json,bps-data-0c5c8c6bbcc24cd9
mean_years_schooling_new_method,415,3509,122,0,0,350941501220,0000,6.5,2025-11-05 12:00:46,results\api\extract\data\dynamic_mean_years_schooling_new_method_2022.json,bps-data-cfe0654330afe1eb
mean_years_schooling_new_method,415,3509,123,0,0,350941501230,0000,6.52,2025-11-05 12:00:46,results\api\extract\data\dynamic_mean_years_schooling_new_method_2023.json,bps-data-6b97f25855ece024
mean_years_schooling_new_method,415,3509,124,0,0,350941501240,0000,6.54,2025-11-05 12:00:46,results\api\extract\data\dynamic_mean_years_schooling_new_method_2024.json,bps-data-fa22b966ff2b1e98
mean_years_schooling_new_method,415,3510,121,0,0,351041501210,0000,7.42,2025-11-05 12:00:46,results\api\extract\data\dynamic_mean_years_schooling_new_method_2021.json,bps-data-0c5c8c6bbcc24cd9
mean_years_schooling_new_method,415,3510,122,0,0,351041501220,0000,7.66,2025-11-05 12:00:46,results\api\extract\data\dynamic_mean_years_schooling_new_method_2022.json,bps-data-cfe0654330afe1eb
mean_years_schooling_new_method,415,3510,123,0,0,351041501230,0000,7.76,2025-11-05 12:00:46,results\api\extract\data\dynamic_mean_years_schooling_new_method_2023.json,bps-data-6b97f25855ece024
mean_years_schooling_new_method,415,3510,124,0,0,351041501240,0000,7.78,2025-11-05 12:00:46,results\api\extract\data\dynamic_mean_years_schooling_new_method_2024.json,bps-data-fa22b966ff2b1e98
mean_years_schooling_new_method,415,3511,121,0,0,351141501210,0000,5.94,2025-11-05 12:00:46,results\api\extract\data\dynamic_mean_years_schooling_new_method_2021.json,bps-data-0c5c8c6bbcc24cd9
mean_years_schooling_new_method,415,3511,122,0,0,351141501220,0000,6.22,2025-11-05 12:00:46,results\api\extract\data\dynamic_mean_years_schooling_new_method_2022.json,bps-data-cfe0654330afe1eb
mean_years_schooling_new_method,415,3511,123,0,0,351141501230,0000,6.36,2025-11-05 12:00:46,results\api\extract\data\dynamic_mean_years_schooling_new_method_2023.json,bps-data-6b97f25855ece024
mean_years_schooling_new_method,415,3511,124,0,0,351141501240,0000,6.53,2025-11-05 12:00:46,results\api\extract\data\dynamic_mean_years_schooling_new_method_2024.json,bps-data-fa22b966ff2b1e98
mean_years_schooling_new_method,415,3512,121,0,0,351241501210,0000,6.62,2025-11-05 12:00:46,results\api\extract\data\dynamic_mean_years_schooling_new_method_2021.json,bps-data-0c5c8c6bbcc24cd9
mean_years_schooling_new_method,415,3512,122,0,0,351241501220,0000,6.63,2025-11-05 12:00:46,results\api\extract\data\dynamic_mean_years_schooling_new_method_2022.json,bps-data-cfe0654330afe1eb
mean_years_schooling_new_method,415,3512,123,0,0,351241501230,0000,6.9,2025-11-05 12:00:46,results\api\extract\data\dynamic_mean_years_schooling_new_method_2023.json,bps-data-6b97f25855ece024
mean_years_schooling_new_method,415,3512,124,0,0,351241501240,0000,6.93,2025-11-05 12:00:46,results\api\extract\data\dynamic_mean_years_schooling_new_method_2024.json,bps-data-fa22b966ff2b1e98
mean_years_schooling_new_method,415,3513,121,0,0,351341501210,0000,6.12,2025-11-05 12:00:46,results\api\extract\data\dynamic_mean_years_schooling_new_method_2021.json,bps-data-0c5c8c6bbcc24cd9
mean_years_schooling_new_method,415,3513,122,0,0,351341501220,0000,6.13,2025-11-05 12:00:46,results\api\extract\data\dynamic_mean_years_schooling_new_method_2022.json,bps-data-cfe0654330afe1eb
mean_years_schooling_new_method,415,3513,123,0,0,351341501230,0000,6.29,2025-11-05 12:00:46,results\api\extract\data\dynamic_mean_years_schooling_new_method_2023.json,bps-data-6b97f25855ece024
mean_years_schooling_new_method,415,3513,124,0,0,351341501240,0000,6.31,2025-11-05 12:00:46,results\api\extract\data\dynamic_mean_years_schooling_new_method_2024.json,bps-data-fa22b966ff2b1e98
mean_years_schooling_new_method,415,3514,121,0,0,351441501210,0000,7.41,2025-11-05 12:00:46,results\api\extract\data\dynamic_mean_years_schooling_new_method_2021.json,bps-data-0c5c8c6bbcc24cd9
mean_years_schooling_new_method,415,3514,122,0,0,351441501220,0000,7.42,2025-11-05 12:00:46,results\api\extract\data\dynamic_mean_years_schooling_new_method_2022.json,bps-data-cfe0654330afe1eb
mean_years_schooling_new_method,415,3514,123,0,0,351441501230,0000,7.44,2025-11-05 12:00:46,results\api\extract\data\dynamic_mean_years_schooling_new_method_2023.json,bps-data-6b97f25855ece024
mean_years_schooling_new_method,415,3514,124,0,0,351441501240,0000,7.46,2025-11-05 12:00:46,results\api\extract\data\dynamic_mean_years_schooling_new_method_2024.json,bps-data-fa22b966ff2b1e98
mean_years_schooling_new_method,415,3515,121,0,0,351541501210,0000,10.72,2025-11-05 12:00:46,results\api\extract\data\dynamic_mean_years_schooling_new_method_2021.json,bps-data-0c5c8c6bbcc24cd9
mean_years_schooling_new_method,415,3515,122,0,0,351541501220,0000,10.77,2025-11-05 12:00:46,results\api\extract\data\dynamic_mean_years_schooling_new_method_2022.json,bps-data-cfe0654330afe1eb
mean_years_schooling_new_method,415,3515,123,0,0,351541501230,0000,10.78,2025-11-05 12:00:46,results\api\extract\data\dynamic_mean_years_schooling_new_method_2023.json,bps-data-6b97f25855ece024
mean_years_schooling_new_method,415,3515,124,0,0,351541501240,0000,10.91,2025-11-05 12:00:46,results\api\extract\data\dynamic_mean_years_schooling_new_method_2024.json,bps-data-fa22b966ff2b1e98
mean_years_schooling_new_method,415,3516,121,0,0,351641501210,0000,8.64,2025-11-05 12:00:46,results\api\extract\data\dynamic_mean_years_schooling_new_method_2021.json,bps-data-0c5c8c6bbcc24cd9
mean_years_schooling_new_method,415,3516,122,0,0,351641501220,0000,8.97,2025-11-05 12:00:46,results\api\extract\data\dynamic_mean_years_schooling_new_method_2022.json,bps-data-cfe0654330afe1eb
mean_years_schooling_new_method,415,3516,123,0,0,351641501230,0000,9.11,2025-11-05 12:00:46,results\api\extract\data\dynamic_mean_years_schooling_new_method_2023.json,bps-data-6b97f25855ece024
mean_years_schooling_new_method,415,3516,124,0,0,351641501240,0000,9.13,2025-11-05 12:00:46,results\api\extract\data\dynamic_mean_years_schooling_new_method_2024.json,bps-data-fa22b966ff2b1e98
mean_years_schooling_new_method,415,3517,121,0,0,351741501210,0000,8.55,2025-11-05 12:00:46,results\api\extract\data\dynamic_mean_years_schooling_new_method_2021.json,bps-data-0c5c8c6bbcc24cd9
mean_years_schooling_new_method,415,3517,122,0,0,351741501220,0000,8.76,2025-11-05 12:00:46,results\api\extract\data\dynamic_mean_years_schooling_new_method_2022.json,bps-data-cfe0654330afe1eb
mean_years_schooling_new_method,415,3517,123,0,0,351741501230,0000,8.77,2025-11-05 12:00:46,results\api\extract\data\dynamic_mean_years_schooling_new_method_2023.json,bps-data-6b97f25855ece024
mean_years_schooling_new_method,415,3517,124,0,0,351741501240,0000,8.78,2025-11-05 12:00:46,results\api\extract\data\dynamic_mean_years_schooling_new_method_2024.json,bps-data-fa22b966ff2b1e98
mean_years_schooling_new_method,415,3518,121,0,0,351841501210,0000,7.78,2025-11-05 12:00:46,results\api\extract\data\dynamic_mean_years_schooling_new_method_2021.json,bps-data-0c5c8c6bbcc24cd9
mean_years_schooling_new_method,415,3518,122,0,0,351841501220,0000,8.12,2025-11-05 12:00:46,results\api\extract\data\dynamic_mean_years_schooling_new_method_2022.json,bps-data-cfe0654330afe1eb
mean_years_schooling_new_method,415,3518,123,0,0,351841501230,0000,8.24,2025-11-05 12:00:46,results\api\extract\data\dynamic_mean_years_schooling_new_method_2023.json,bps-data-6b97f25855ece024
mean_years_schooling_new_method,415,3518,124,0,0,351841501240,0000,8.25,2025-11-05 12:00:46,results\api\extract\data\dynamic_mean_years_schooling_new_method_2024.json,bps-data-fa22b966ff2b1e98
mean_years_schooling_new_method,415,3519,121,0,0,351941501210,0000,7.82,2025-11-05 12:00:46,results\api\extract\data\dynamic_mean_years_schooling_new_method_2021.json,bps-data-0c5c8c6bbcc24cd9
mean_years_schooling_new_method,415,3519,122,0,0,351941501220,0000,7.94,2025-11-05 12:00:46,results\api\extract\data\dynamic_mean_years_schooling_new_method_2022.json,bps-data-cfe0654330afe1eb
mean_years_schooling_new_method,415,3519,123,0,0,351941501230,0000,7.95,2025-11-05 12:00:46,results\api\extract\data\dynamic_mean_years_schooling_new_method_2023.json,bps-data-6b97f25855ece024
mean_years_schooling_new_method,415,3519,124,0,0,351941501240,0000,8.2,2025-11-05 12:00:46,results\api\extract\data\dynamic_mean_years_schooling_new_method_2024.json,bps-data-fa22b966ff2b1e98
mean_years_schooling_new_method,415,3520,121,0,0,352041501210,0000,8.36,2025-11-05 12:00:46,results\api\extract\data\dynamic_mean_years_schooling_new_method_2021.json,bps-data-0c5c8c6bbcc24cd9
mean_years_schooling_new_method,415,3520,122,0,0,352041501220,0000,8.66,2025-11-05 12:00:46,results\api\extract\data\dynamic_mean_years_schooling_new_method_2022.json,bps-data-cfe0654330afe1eb
mean_years_schooling_new_method,415,3520,123,0,0,352041501230,0000,8.67,2025-11-05 12:00:46,results\api\extract\data\dynamic_mean_years_schooling_new_method_2023.json,bps-data-6b97f25855ece024
mean_years_schooling_new_method,415,3520,124,0,0,352041501240,0000,8.69,2025-11-05 12:00:46,results\api\extract\data\dynamic_mean_years_schooling_new_method_2024.json,bps-data-fa22b966ff2b1e98
mean_years_schooling_new_method,415,3521,121,0,0,352141501210,0000,7.26,2025-11-05 12:00:46,results\api\extract\data\dynamic_mean_years_schooling_new_method_2021.json,bps-data-0c5c8c6bbcc24cd9
mean_years_schooling_new_method,415,3521,122,0,0,352141501220,0000,7.59,2025-11-05 12:00:46,results\api\extract\data\dynamic_mean_years_schooling_new_method_2022.json,bps-data-cfe0654330afe1eb
mean_years_schooling_new_method,415,3521,123,0,0,352141501230,0000,7.78,2025-11-05 12:00:46,results\api\extract\data\dynamic_mean_years_schooling_new_method_2023.json,bps-data-6b97f25855ece024
mean_years_schooling_new_method,415,3521,124,0,0,352141501240,0000,7.84,2025-11-05 12:00:46,results\api\extract\data\dynamic_mean_years_schooling_new_method_2024.json,bps-data-fa22b966ff2b1e98
mean_years_schooling_new_method,415,3522,121,0,0,352241501210,0000,7.38,2025-11-05 12:00:46,results\api\extract\data\dynamic_mean_years_schooling_new_method_2021.json,bps-data-0c5c8c6bbcc24cd9
mean_years_schooling_new_method,415,3522,122,0,0,352241501220,0000,7.43,2025-11-05 12:00:46,results\api\extract\data\dynamic_mean_years_schooling_new_method_2022.json,bps-data-cfe0654330afe1eb
mean_years_schooling_new_method,415,3522,123,0,0,352241501230,0000,7.45,2025-11-05 12:00:46,results\api\extract\data\dynamic_mean_years_schooling_new_method_2023.json,bps-data-6b97f25855ece024
mean_years_schooling_new_method,415,3522,124,0,0,352241501240,0000,7.59,2025-11-05 12:00:46,results\api\extract\data\dynamic_mean_years_schooling_new_method_2024.json,bps-data-fa22b966ff2b1e98
mean_years_schooling_new_method,415,3523,121,0,0,352341501210,0000,7.18,2025-11-05 12:00:46,results\api\extract\data\dynamic_mean_years_schooling_new_method_2021.json,bps-data-0c5c8c6bbcc24cd9
mean_years_schooling_new_method,415,3523,122,0,0,352341501220,0000,7.37,2025-11-05 12:00:46,results\api\extract\data\dynamic_mean_years_schooling_new_method_2022.json,bps-data-cfe0654330afe1eb
mean_years_schooling_new_method,415,3523,123,0,0,352341501230,0000,7.4,2025-11-05 12:00:46,results\api\extract\data\dynamic_mean_years_schooling_new_method_2023.json,bps-data-6b97f25855ece024
mean_years_schooling_new_method,415,3523,124,0,0,352341501240,0000,7.53,2025-11-05 12:00:46,results\api\extract\data\dynamic_mean_years_schooling_new_method_2024.json,bps-data-fa22b966ff2b1e98
mean_years_schooling_new_method,415,3524,121,0,0,352441501210,0000,8.04,2025-11-05 12:00:46,results\api\extract\data\dynamic_mean_years_schooling_new_method_2021.json,bps-data-0c5c8c6bbcc24cd9
mean_years_schooling_new_method,415,3524,122,0,0,352441501220,0000,8.33,2025-11-05 12:00:46,results\api\extract\data\dynamic_mean_years_schooling_new_method_2022.json,bps-data-cfe0654330afe1eb
mean_years_schooling_new_method,415,3524,123,0,0,352441501230,0000,8.34,2025-11-05 12:00:46,results\api\extract\data\dynamic_mean_years_schooling_new_method_2023.json,bps-data-6b97f25855ece024
mean_years_schooling_new_method,415,3524,124,0,0,352441501240,0000,8.48,2025-11-05 12:00:46,results\api\extract\data\dynamic_mean_years_schooling_new_method_2024.json,bps-data-fa22b966ff2b1e98
mean_years_schooling_new_method,415,3525,121,0,0,352541501210,0000,9.56,2025-11-05 12:00:46,results\api\extract\data\dynamic_mean_years_schooling_new_method_2021.json,bps-data-0c5c8c6bbcc24cd9
mean_years_schooling_new_method,415,3525,122,0,0,352541501220,0000,9.75,2025-11-05 12:00:46,results\api\extract\data\dynamic_mean_years_schooling_new_method_2022.json,bps-data-cfe0654330afe1eb
mean_years_schooling_new_method,415,3525,123,0,0,352541501230,0000,10.01,2025-11-05 12:00:46,results\api\extract\data\dynamic_mean_years_schooling_new_method_2023.json,bps-data-6b97f25855ece024
mean_years_schooling_new_method,415,3525,124,0,0,352541501240,0000,10.03,2025-11-05 12:00:46,results\api\extract\data\dynamic_mean_years_schooling_new_method_2024.json,bps-data-fa22b966ff2b1e98
mean_years_schooling_new_method,415,3526,121,0,0,352641501210,0000,5.96,2025-11-05 12:00:46,results\api\extract\data\dynamic_mean_years_schooling_new_method_2021.json,bps-data-0c5c8c6bbcc24cd9
mean_years_schooling_new_method,415,3526,122,0,0,352641501220,0000,5.97,2025-11-05 12:00:46,results\api\extract\data\dynamic_mean_years_schooling_new_method_2022.json,bps-data-cfe0654330afe1eb
mean_years_schooling_new_method,415,3526,123,0,0,352641501230,0000,5.99,2025-11-05 12:00:46,results\api\extract\data\dynamic_mean_years_schooling_new_method_2023.json,bps-data-6b97f25855ece024
mean_years_schooling_new_method,415,3526,124,0,0,352641501240,0000,6.01,2025-11-05 12:00:46,results\api\extract\data\dynamic_mean_years_schooling_new_method_2024.json,bps-data-fa22b966ff2b1e98
mean_years_schooling_new_method,415,3527,121,0,0,352741501210,0000,4.86,2025-11-05 12:00:46,results\api\extract\data\dynamic_mean_years_schooling_new_method_2021.json,bps-data-0c5c8c6bbcc24cd9
mean_years_schooling_new_method,415,3527,122,0,0,352741501220,0000,5.06,2025-11-05 12:00:46,results\api\extract\data\dynamic_mean_years_schooling_new_method_2022.json,bps-data-cfe0654330afe1eb
mean_years_schooling_new_method,415,3527,123,0,0,352741501230,0000,5.07,2025-11-05 12:00:46,results\api\extract\data\dynamic_mean_years_schooling_new_method_2023.json,bps-data-6b97f25855ece024
mean_years_schooling_new_method,415,3527,124,0,0,352741501240,0000,5.08,2025-11-05 12:00:46,results\api\extract\data\dynamic_mean_years_schooling_new_method_2024.json,bps-data-fa22b966ff2b1e98
mean_years_schooling_new_method,415,3528,121,0,0,352841501210,0000,6.7,2025-11-05 12:00:46,results\api\extract\data\dynamic_mean_years_schooling_new_method_2021.json,bps-data-0c5c8c6bbcc24cd9
mean_years_schooling_new_method,415,3528,122,0,0,352841501220,0000,6.88,2025-11-05 12:00:46,results\api\extract\data\dynamic_mean_years_schooling_new_method_2022.json,bps-data-cfe0654330afe1eb
mean_years_schooling_new_method,415,3528,123,0,0,352841501230,0000,7.15,2025-11-05 12:00:46,results\api\extract\data\dynamic_mean_years_schooling_new_method_2023.json,bps-data-6b97f25855ece024
mean_years_schooling_new_method,415,3528,124,0,0,352841501240,0000,7.17,2025-11-05 12:00:46,results\api\extract\data\dynamic_mean_years_schooling_new_method_2024.json,bps-data-fa22b966ff2b1e98
mean_years_schooling_new_method,415,3529,121,0,0,352941501210,0000,5.92,2025-11-05 12:00:46,results\api\extract\data\dynamic_mean_years_schooling_new_method_2021.json,bps-data-0c5c8c6bbcc24cd9
mean_years_schooling_new_method,415,3529,122,0,0,352941501220,0000,5.93,2025-11-05 12:00:46,results\api\extract\data\dynamic_mean_years_schooling_new_method_2022.json,bps-data-cfe0654330afe1eb
mean_years_schooling_new_method,415,3529,123,0,0,352941501230,0000,5.94,2025-11-05 12:00:46,results\api\extract\data\dynamic_mean_years_schooling_new_method_2023.json,bps-data-6b97f25855ece024
mean_years_schooling_new_method,415,3529,124,0,0,352941501240,0000,6.1,2025-11-05 12:00:46,results\api\extract\data\dynamic_mean_years_schooling_new_method_2024.json,bps-data-fa22b966ff2b1e98
mean_years_schooling_new_method,415,3571,121,0,0,357141501210,0000,10.15,2025-11-05 12:00:46,results\api\extract\data\dynamic_mean_years_schooling_new_method_2021.json,bps-data-0c5c8c6bbcc24cd9
mean_years_schooling_new_method,415,3571,122,0,0,357141501220,0000,10.45,2025-11-05 12:00:46,results\api\extract\data\dynamic_mean_years_schooling_new_method_2022.json,bps-data-cfe0654330afe1eb
mean_years_schooling_new_method,415,3571,123,0,0,357141501230,0000,10.69,2025-11-05 12:00:46,results\api\extract\data\dynamic_mean_years_schooling_new_method_2023.json,bps-data-6b97f25855ece024
mean_years_schooling_new_method,415,3571,124,0,0,357141501240,0000,10.92,2025-11-05 12:00:46,results\api\extract\data\dynamic_mean_years_schooling_new_method_2024.json,bps-data-fa22b966ff2b1e98
mean_years_schooling_new_method,415,3572,121,0,0,357241501210,0000,10.35,2025-11-05 12:00:46,results\api\extract\data\dynamic_mean_years_schooling_new_method_2021.json,bps-data-0c5c8c6bbcc24cd9
mean_years_schooling_new_method,415,3572,122,0,0,357241501220,0000,10.65,2025-11-05 12:00:46,results\api\extract\data\dynamic_mean_years_schooling_new_method_2022.json,bps-data-cfe0654330afe1eb
mean_years_schooling_new_method,415,3572,123,0,0,357241501230,0000,10.78,2025-11-05 12:00:46,results\api\extract\data\dynamic_mean_years_schooling_new_method_2023.json,bps-data-6b97f25855ece024
mean_years_schooling_new_method,415,3572,124,0,0,357241501240,0000,10.82,2025-11-05 12:00:46,results\api\extract\data\dynamic_mean_years_schooling_new_method_2024.json,bps-data-fa22b966ff2b1e98
mean_years_schooling_new_method,415,3573,121,0,0,357341501210,0000,10.41,2025-11-05 12:00:46,results\api\extract\data\dynamic_mean_years_schooling_new_method_2021.json,bps-data-0c5c8c6bbcc24cd9
mean_years_schooling_new_method,415,3573,122,0,0,357341501220,0000,10.69,2025-11-05 12:00:46,results\api\extract\data\dynamic_mean_years_schooling_new_method_2022.json,bps-data-cfe0654330afe1eb
mean_years_schooling_new_method,415,3573,123,0,0,357341501230,0000,10.94,2025-11-05 12:00:46,results\api\extract\data\dynamic_mean_years_schooling_new_method_2023.json,bps-data-6b97f25855ece024
mean_years_schooling_new_method,415,3573,124,0,0,357341501240,0000,11.14,2025-11-05 12:00:46,results\api\extract\data\dynamic_mean_years_schooling_new_method_2024.json,bps-data-fa22b966ff2b1e98
mean_years_schooling_new_method,415,3574,121,0,0,357441501210,0000,8.95,2025-11-05 12:00:46,results\api\extract\data\dynamic_mean_years_schooling_new_method_2021.json,bps-data-0c5c8c6bbcc24cd9
mean_years_schooling_new_method,415,3574,122,0,0,357441501220,0000,9.29,2025-11-05 12:00:46,results\api\extract\data\dynamic_mean_years_schooling_new_method_2022.json,bps-data-cfe0654330afe1eb
mean_years_schooling_new_method,415,3574,123,0,0,357441501230,0000,9.56,2025-11-05 12:00:46,results\api\extract\data\dynamic_mean_years_schooling_new_method_2023.json,bps-data-6b97f25855ece024
mean_years_schooling_new_method,415,3574,124,0,0,357441501240,0000,9.72,2025-11-05 12:00:46,results\api\extract\data\dynamic_mean_years_schooling_new_method_2024.json,bps-data-fa22b966ff2b1e98
mean_years_schooling_new_method,415,3575,121,0,0,357541501210,0000,9.33,2025-11-05 12:00:46,results\api\extract\data\dynamic_mean_years_schooling_new_method_2021.json,bps-data-0c5c8c6bbcc24cd9
mean_years_schooling_new_method,415,3575,122,0,0,357541501220,0000,9.67,2025-11-05 12:00:46,results\api\extract\data\dynamic_mean_years_schooling_new_method_2022.json,bps-data-cfe0654330afe1eb
mean_years_schooling_new_method,415,3575,123,0,0,357541501230,0000,9.78,2025-11-05 12:00:46,results\api\extract\data\dynamic_mean_years_schooling_new_method_2023.json,bps-data-6b97f25855ece024
mean_years_schooling_new_method,415,3575,124,0,0,357541501240,0000,9.94,2025-11-05 12:00:46,results\api\extract\data\dynamic_mean_years_schooling_new_method_2024.json,bps-data-fa22b966ff2b1e98
mean_years_schooling_new_method,415,3576,121,0,0,357641501210,0000,10.47,2025-11-05 12:00:46,results\api\extract\data\dynamic_mean_years_schooling_new_method_2021.json,bps-data-0c5c8c6bbcc24cd9
mean_years_schooling_new_method,415,3576,122,0,0,357641501220,0000,10.8,2025-11-05 12:00:46,results\api\extract\data\dynamic_mean_years_schooling_new_method_2022.json,bps-data-cfe0654330afe1eb
mean_years_schooling_new_method,415,3576,123,0,0,357641501230,0000,11.05,2025-11-05 12:00:46,results\api\extract\data\dynamic_mean_years_schooling_new_method_2023.json,bps-data-6b97f25855ece024
mean_years_schooling_new_method,415,3576,124,0,0,357641501240,0000,11.38,2025-11-05 12:00:46,results\api\extract\data\dynamic_mean_years_schooling_new_method_2024.json,bps-data-fa22b966ff2b1e98
mean_years_schooling_new_method,415,3577,121,0,0,357741501210,0000,11.37,2025-11-05 12:00:46,results\api\extract\data\dynamic_mean_years_schooling_new_method_2021.json,bps-data-0c5c8c6bbcc24cd9
mean_years_schooling_new_method,415,3577,122,0,0,357741501220,0000,11.67,2025-11-05 12:00:46,results\api\extract\data\dynamic_mean_years_schooling_new_method_2022.json,bps-data-cfe0654330afe1eb
mean_years_schooling_new_method,415,3577,123,0,0,357741501230,0000,11.82,2025-11-05 12:00:46,results\api\extract\data\dynamic_mean_years_schooling_new_method_2023.json,bps-data-6b97f25855ece024
mean_years_schooling_new_method,415,3577,124,0,0,357741501240,0000,12.11,2025-11-05 12:00:46,results\api\extract\data\dynamic_mean_years_schooling_new_method_2024.json,bps-data-fa22b966ff2b1e98
mean_years_schooling_new_method,415,3578,121,0,0,357841501210,0000,10.5,2025-11-05 12:00:46,results\api\extract\data\dynamic_mean_years_schooling_new_method_2021.json,bps-data-0c5c8c6bbcc24cd9
mean_years_schooling_new_method,415,3578,122,0,0,357841501220,0000,10.51,2025-11-05 12:00:46,results\api\extract\data\dynamic_mean_years_schooling_new_method_2022.json,bps-data-cfe0654330afe1eb
mean_years_schooling_new_method,415,3578,123,0,0,357841501230,0000,10.7,2025-11-05 12:00:46,results\api\extract\data\dynamic_mean_years_schooling_new_method_2023.json,bps-data-6b97f25855ece024
mean_years_schooling_new_method,415,3578,124,0,0,357841501240,0000,10.89,2025-11-05 12:00:46,results\api\extract\data\dynamic_mean_years_schooling_new_method_2024.json,bps-data-fa22b966ff2b1e98
mean_years_schooling_new_method,415,3579,121,0,0,357941501210,0000,9.31,2025-11-05 12:00:46,results\api\extract\data\dynamic_mean_years_schooling_new_method_2021.json,bps-data-0c5c8c6bbcc24cd9
mean_years_schooling_new_method,415,3579,122,0,0,357941501220,0000,9.63,2025-11-05 12:00:46,results\api\extract\data\dynamic_mean_years_schooling_new_method_2022.json,bps-data-cfe0654330afe1eb
mean_years_schooling_new_method,415,3579,123,0,0,357941501230,0000,9.85,2025-11-05 12:00:46,results\api\extract\data\dynamic_mean_years_schooling_new_method_2023.json,bps-data-6b97f25855ece024
mean_years_schooling_new_method,415,3579,124,0,0,357941501240,0000,9.87,2025-11-05 12:00:46,results\api\extract\data\dynamic_mean_years_schooling_new_method_2024.json,bps-data-fa22b966ff2b1e98
mean_years_schooling_new_method,415,3600,121,0,0,360041501210,0000,8.93,2025-11-05 12:00:46,results\api\extract\data\dynamic_mean_years_schooling_new_method_2021.json,bps-data-0c5c8c6bbcc24cd9
mean_years_schooling_new_method,415,3600,122,0,0,360041501220,0000,9.13,2025-11-05 12:00:46,results\api\extract\data\dynamic_mean_years_schooling_new_method_2022.json,bps-data-cfe0654330afe1eb
mean_years_schooling_new_method,415,3600,123,0,0,360041501230,0000,9.15,2025-11-05 12:00:46,results\api\extract\data\dynamic_mean_years_schooling_new_method_2023.json,bps-data-6b97f25855ece024
mean_years_schooling_new_method,415,3600,124,0,0,360041501240,0000,9.23,2025-11-05 12:00:46,results\api\extract\data\dynamic_mean_years_schooling_new_method_2024.json,bps-data-fa22b966ff2b1e98
mean_years_schooling_new_method,415,3601,121,0,0,360141501210,0000,7.11,2025-11-05 12:00:46,results\api\extract\data\dynamic_mean_years_schooling_new_method_2021.json,bps-data-0c5c8c6bbcc24cd9
mean_years_schooling_new_method,415,3601,122,0,0,360141501220,0000,7.13,2025-11-05 12:00:46,results\api\extract\data\dynamic_mean_years_schooling_new_method_2022.json,bps-data-cfe0654330afe1eb
mean_years_schooling_new_method,415,3601,123,0,0,360141501230,0000,7.15,2025-11-05 12:00:46,results\api\extract\data\dynamic_mean_years_schooling_new_method_2023.json,bps-data-6b97f25855ece024
mean_years_schooling_new_method,415,3601,124,0,0,360141501240,0000,7.16,2025-11-05 12:00:46,results\api\extract\data\dynamic_mean_years_schooling_new_method_2024.json,bps-data-fa22b966ff2b1e98
mean_years_schooling_new_method,415,3602,121,0,0,360241501210,0000,6.41,2025-11-05 12:00:46,results\api\extract\data\dynamic_mean_years_schooling_new_method_2021.json,bps-data-0c5c8c6bbcc24cd9
mean_years_schooling_new_method,415,3602,122,0,0,360241501220,0000,6.59,2025-11-05 12:00:46,results\api\extract\data\dynamic_mean_years_schooling_new_method_2022.json,bps-data-cfe0654330afe1eb
mean_years_schooling_new_method,415,3602,123,0,0,360241501230,0000,6.6,2025-11-05 12:00:46,results\api\extract\data\dynamic_mean_years_schooling_new_method_2023.json,bps-data-6b97f25855ece024
mean_years_schooling_new_method,415,3602,124,0,0,360241501240,0000,6.61,2025-11-05 12:00:46,results\api\extract\data\dynamic_mean_years_schooling_new_method_2024.json,bps-data-fa22b966ff2b1e98
mean_years_schooling_new_method,415,3603,121,0,0,360341501210,0000,8.61,2025-11-05 12:00:46,results\api\extract\data\dynamic_mean_years_schooling_new_method_2021.json,bps-data-0c5c8c6bbcc24cd9
mean_years_schooling_new_method,415,3603,122,0,0,360341501220,0000,8.92,2025-11-05 12:00:46,results\api\extract\data\dynamic_mean_years_schooling_new_method_2022.json,bps-data-cfe0654330afe1eb
mean_years_schooling_new_method,415,3603,123,0,0,360341501230,0000,8.93,2025-11-05 12:00:46,results\api\extract\data\dynamic_mean_years_schooling_new_method_2023.json,bps-data-6b97f25855ece024
mean_years_schooling_new_method,415,3603,124,0,0,360341501240,0000,9.06,2025-11-05 12:00:46,results\api\extract\data\dynamic_mean_years_schooling_new_method_2024.json,bps-data-fa22b966ff2b1e98
mean_years_schooling_new_method,415,3604,121,0,0,360441501210,0000,7.51,2025-11-05 12:00:46,results\api\extract\data\dynamic_mean_years_schooling_new_method_2021.json,bps-data-0c5c8c6bbcc24cd9
mean_years_schooling_new_method,415,3604,122,0,0,360441501220,0000,7.78,2025-11-05 12:00:46,results\api\extract\data\dynamic_mean_years_schooling_new_method_2022.json,bps-data-cfe0654330afe1eb
mean_years_schooling_new_method,415,3604,123,0,0,360441501230,0000,7.79,2025-11-05 12:00:46,results\api\extract\data\dynamic_mean_years_schooling_new_method_2023.json,bps-data-6b97f25855ece024
mean_years_schooling_new_method,415,3604,124,0,0,360441501240,0000,7.88,2025-11-05 12:00:46,results\api\extract\data\dynamic_mean_years_schooling_new_method_2024.json,bps-data-fa22b966ff2b1e98
mean_years_schooling_new_method,415,3671,121,0,0,367141501210,0000,10.83,2025-11-05 12:00:46,results\api\extract\data\dynamic_mean_years_schooling_new_method_2021.json,bps-data-0c5c8c6bbcc24cd9
mean_years_schooling_new_method,415,3671,122,0,0,367141501220,0000,10.84,2025-11-05 12:00:46,results\api\extract\data\dynamic_mean_years_schooling_new_method_2022.json,bps-data-cfe0654330afe1eb
mean_years_schooling_new_method,415,3671,123,0,0,367141501230,0000,10.91,2025-11-05 12:00:46,results\api\extract\data\dynamic_mean_years_schooling_new_method_2023.json,bps-data-6b97f25855ece024
mean_years_schooling_new_method,415,3671,124,0,0,367141501240,0000,11.14,2025-11-05 12:00:46,results\api\extract\data\dynamic_mean_years_schooling_new_method_2024.json,bps-data-fa22b966ff2b1e98
mean_years_schooling_new_method,415,3672,121,0,0,367241501210,0000,10.08,2025-11-05 12:00:46,results\api\extract\data\dynamic_mean_years_schooling_new_method_2021.json,bps-data-0c5c8c6bbcc24cd9
mean_years_schooling_new_method,415,3672,122,0,0,367241501220,0000,10.34,2025-11-05 12:00:46,results\api\extract\data\dynamic_mean_years_schooling_new_method_2022.json,bps-data-cfe0654330afe1eb
mean_years_schooling_new_method,415,3672,123,0,0,367241501230,0000,10.38,2025-11-05 12:00:46,results\api\extract\data\dynamic_mean_years_schooling_new_method_2023.json,bps-data-6b97f25855ece024
mean_years_schooling_new_method,415,3672,124,0,0,367241501240,0000,10.39,2025-11-05 12:00:46,results\api\extract\data\dynamic_mean_years_schooling_new_method_2024.json,bps-data-fa22b966ff2b1e98
mean_years_schooling_new_method,415,3673,121,0,0,367341501210,0000,8.89,2025-11-05 12:00:46,results\api\extract\data\dynamic_mean_years_schooling_new_method_2021.json,bps-data-0c5c8c6bbcc24cd9
mean_years_schooling_new_method,415,3673,122,0,0,367341501220,0000,8.9,2025-11-05 12:00:46,results\api\extract\data\dynamic_mean_years_schooling_new_method_2022.json,bps-data-cfe0654330afe1eb
mean_years_schooling_new_method,415,3673,123,0,0,367341501230,0000,8.91,2025-11-05 12:00:46,results\api\extract\data\dynamic_mean_years_schooling_new_method_2023.json,bps-data-6b97f25855ece024
mean_years_schooling_new_method,415,3673,124,0,0,367341501240,0000,8.93,2025-11-05 12:00:46,results\api\extract\data\dynamic_mean_years_schooling_new_method_2024.json,bps-data-fa22b966ff2b1e98
mean_years_schooling_new_method,415,3674,121,0,0,367441501210,0000,11.82,2025-11-05 12:00:46,results\api\extract\data\dynamic_mean_years_schooling_new_method_2021.json,bps-data-0c5c8c6bbcc24cd9
mean_years_schooling_new_method,415,3674,122,0,0,367441501220,0000,11.84,2025-11-05 12:00:46,results\api\extract\data\dynamic_mean_years_schooling_new_method_2022.json,bps-data-cfe0654330afe1eb
mean_years_schooling_new_method,415,3674,123,0,0,367441501230,0000,11.85,2025-11-05 12:00:46,results\api\extract\data\dynamic_mean_years_schooling_new_method_2023.json,bps-data-6b97f25855ece024
mean_years_schooling_new_method,415,3674,124,0,0,367441501240,0000,11.86,2025-11-05 12:00:46,results\api\extract\data\dynamic_mean_years_schooling_new_method_2024.json,bps-data-fa22b966ff2b1e98
mean_years_schooling_new_method,415,5100,121,0,0,510041501210,0000,9.06,2025-11-05 12:00:46,results\api\extract\data\dynamic_mean_years_schooling_new_method_2021.json,bps-data-0c5c8c6bbcc24cd9
mean_years_schooling_new_method,415,5100,122,0,0,510041501220,0000,9.39,2025-11-05 12:00:46,results\api\extract\data\dynamic_mean_years_schooling_new_method_2022.json,bps-data-cfe0654330afe1eb
mean_years_schooling_new_method,415,5100,123,0,0,510041501230,0000,9.45,2025-11-05 12:00:46,results\api\extract\data\dynamic_mean_years_schooling_new_method_2023.json,bps-data-6b97f25855ece024
mean_years_schooling_new_method,415,5100,124,0,0,510041501240,0000,9.54,2025-11-05 12:00:46,results\api\extract\data\dynamic_mean_years_schooling_new_method_2024.json,bps-data-fa22b966ff2b1e98
mean_years_schooling_new_method,415,5101,121,0,0,510141501210,0000,8.35,2025-11-05 12:00:46,results\api\extract\data\dynamic_mean_years_schooling_new_method_2021.json,bps-data-0c5c8c6bbcc24cd9
mean_years_schooling_new_method,415,5101,122,0,0,510141501220,0000,8.64,2025-11-05 12:00:46,results\api\extract\data\dynamic_mean_years_schooling_new_method_2022.json,bps-data-cfe0654330afe1eb
mean_years_schooling_new_method,415,5101,123,0,0,510141501230,0000,8.65,2025-11-05 12:00:46,results\api\extract\data\dynamic_mean_years_schooling_new_method_2023.json,bps-data-6b97f25855ece024
mean_years_schooling_new_method,415,5101,124,0,0,510141501240,0000,8.7,2025-11-05 12:00:46,results\api\extract\data\dynamic_mean_years_schooling_new_method_2024.json,bps-data-fa22b966ff2b1e98
mean_years_schooling_new_method,415,5102,121,0,0,510241501210,0000,9.14,2025-11-05 12:00:46,results\api\extract\data\dynamic_mean_years_schooling_new_method_2021.json,bps-data-0c5c8c6bbcc24cd9
mean_years_schooling_new_method,415,5102,122,0,0,510241501220,0000,9.15,2025-11-05 12:00:46,results\api\extract\data\dynamic_mean_years_schooling_new_method_2022.json,bps-data-cfe0654330afe1eb
mean_years_schooling_new_method,415,5102,123,0,0,510241501230,0000,9.35,2025-11-05 12:00:46,results\api\extract\data\dynamic_mean_years_schooling_new_method_2023.json,bps-data-6b97f25855ece024
mean_years_schooling_new_method,415,5102,124,0,0,510241501240,0000,9.57,2025-11-05 12:00:46,results\api\extract\data\dynamic_mean_years_schooling_new_method_2024.json,bps-data-fa22b966ff2b1e98
mean_years_schooling_new_method,415,5103,121,0,0,510341501210,0000,10.62,2025-11-05 12:00:46,results\api\extract\data\dynamic_mean_years_schooling_new_method_2021.json,bps-data-0c5c8c6bbcc24cd9
mean_years_schooling_new_method,415,5103,122,0,0,510341501220,0000,10.64,2025-11-05 12:00:46,results\api\extract\data\dynamic_mean_years_schooling_new_method_2022.json,bps-data-cfe0654330afe1eb
mean_years_schooling_new_method,415,5103,123,0,0,510341501230,0000,10.9,2025-11-05 12:00:46,results\api\extract\data\dynamic_mean_years_schooling_new_method_2023.json,bps-data-6b97f25855ece024
mean_years_schooling_new_method,415,5103,124,0,0,510341501240,0000,11.14,2025-11-05 12:00:46,results\api\extract\data\dynamic_mean_years_schooling_new_method_2024.json,bps-data-fa22b966ff2b1e98
mean_years_schooling_new_method,415,5104,121,0,0,510441501210,0000,9.29,2025-11-05 12:00:46,results\api\extract\data\dynamic_mean_years_schooling_new_method_2021.json,bps-data-0c5c8c6bbcc24cd9
mean_years_schooling_new_method,415,5104,122,0,0,510441501220,0000,9.55,2025-11-05 12:00:46,results\api\extract\data\dynamic_mean_years_schooling_new_method_2022.json,bps-data-cfe0654330afe1eb
mean_years_schooling_new_method,415,5104,123,0,0,510441501230,0000,9.8,2025-11-05 12:00:46,results\api\extract\data\dynamic_mean_years_schooling_new_method_2023.json,bps-data-6b97f25855ece024
mean_years_schooling_new_method,415,5104,124,0,0,510441501240,0000,9.84,2025-11-05 12:00:46,results\api\extract\data\dynamic_mean_years_schooling_new_method_2024.json,bps-data-fa22b966ff2b1e98
mean_years_schooling_new_method,415,5105,121,0,0,510541501210,0000,8.14,2025-11-05 12:00:46,results\api\extract\data\dynamic_mean_years_schooling_new_method_2021.json,bps-data-0c5c8c6bbcc24cd9
mean_years_schooling_new_method,415,5105,122,0,0,510541501220,0000,8.46,2025-11-05 12:00:46,results\api\extract\data\dynamic_mean_years_schooling_new_method_2022.json,bps-data-cfe0654330afe1eb
mean_years_schooling_new_method,415,5105,123,0,0,510541501230,0000,8.48,2025-11-05 12:00:46,results\api\extract\data\dynamic_mean_years_schooling_new_method_2023.json,bps-data-6b97f25855ece024
mean_years_schooling_new_method,415,5105,124,0,0,510541501240,0000,8.74,2025-11-05 12:00:46,results\api\extract\data\dynamic_mean_years_schooling_new_method_2024.json,bps-data-fa22b966ff2b1e98
mean_years_schooling_new_method,415,5106,121,0,0,510641501210,0000,7.18,2025-11-05 12:00:46,results\api\extract\data\dynamic_mean_years_schooling_new_method_2021.json,bps-data-0c5c8c6bbcc24cd9
mean_years_schooling_new_method,415,5106,122,0,0,510641501220,0000,7.47,2025-11-05 12:00:46,results\api\extract\data\dynamic_mean_years_schooling_new_method_2022.json,bps-data-cfe0654330afe1eb
mean_years_schooling_new_method,415,5106,123,0,0,510641501230,0000,7.57,2025-11-05 12:00:46,results\api\extract\data\dynamic_mean_years_schooling_new_method_2023.json,bps-data-6b97f25855ece024
mean_years_schooling_new_method,415,5106,124,0,0,510641501240,0000,7.58,2025-11-05 12:00:46,results\api\extract\data\dynamic_mean_years_schooling_new_method_2024.json,bps-data-fa22b966ff2b1e98
mean_years_schooling_new_method,415,5107,121,0,0,510741501210,0000,6.33,2025-11-05 12:00:46,results\api\extract\data\dynamic_mean_years_schooling_new_method_2021.json,bps-data-0c5c8c6bbcc24cd9
mean_years_schooling_new_method,415,5107,122,0,0,510741501220,0000,6.67,2025-11-05 12:00:46,results\api\extract\data\dynamic_mean_years_schooling_new_method_2022.json,bps-data-cfe0654330afe1eb
mean_years_schooling_new_method,415,5107,123,0,0,510741501230,0000,6.68,2025-11-05 12:00:46,results\api\extract\data\dynamic_mean_years_schooling_new_method_2023.json,bps-data-6b97f25855ece024
mean_years_schooling_new_method,415,5107,124,0,0,510741501240,0000,6.7,2025-11-05 12:00:46,results\api\extract\data\dynamic_mean_years_schooling_new_method_2024.json,bps-data-fa22b966ff2b1e98
mean_years_schooling_new_method,415,5108,121,0,0,510841501210,0000,7.25,2025-11-05 12:00:46,results\api\extract\data\dynamic_mean_years_schooling_new_method_2021.json,bps-data-0c5c8c6bbcc24cd9
mean_years_schooling_new_method,415,5108,122,0,0,510841501220,0000,7.56,2025-11-05 12:00:46,results\api\extract\data\dynamic_mean_years_schooling_new_method_2022.json,bps-data-cfe0654330afe1eb
mean_years_schooling_new_method,415,5108,123,0,0,510841501230,0000,7.57,2025-11-05 12:00:46,results\api\extract\data\dynamic_mean_years_schooling_new_method_2023.json,bps-data-6b97f25855ece024
mean_years_schooling_new_method,415,5108,124,0,0,510841501240,0000,7.69,2025-11-05 12:00:46,results\api\extract\data\dynamic_mean_years_schooling_new_method_2024.json,bps-data-fa22b966ff2b1e98
mean_years_schooling_new_method,415,5171,121,0,0,517141501210,0000,11.48,2025-11-05 12:00:46,results\api\extract\data\dynamic_mean_years_schooling_new_method_2021.json,bps-data-0c5c8c6bbcc24cd9
mean_years_schooling_new_method,415,5171,122,0,0,517141501220,0000,11.5,2025-11-05 12:00:46,results\api\extract\data\dynamic_mean_years_schooling_new_method_2022.json,bps-data-cfe0654330afe1eb
mean_years_schooling_new_method,415,5171,123,0,0,517141501230,0000,11.52,2025-11-05 12:00:46,results\api\extract\data\dynamic_mean_years_schooling_new_method_2023.json,bps-data-6b97f25855ece024
mean_years_schooling_new_method,415,5171,124,0,0,517141501240,0000,11.53,2025-11-05 12:00:46,results\api\extract\data\dynamic_mean_years_schooling_new_method_2024.json,bps-data-fa22b966ff2b1e98
mean_years_schooling_new_method,415,5200,121,0,0,520041501210,0000,7.38,2025-11-05 12:00:46,results\api\extract\data\dynamic_mean_years_schooling_new_method_2021.json,bps-data-0c5c8c6bbcc24cd9
mean_years_schooling_new_method,415,5200,122,0,0,520041501220,0000,7.61,2025-11-05 12:00:46,results\api\extract\data\dynamic_mean_years_schooling_new_method_2022.json,bps-data-cfe0654330afe1eb
mean_years_schooling_new_method,415,5200,123,0,0,520041501230,0000,7.74,2025-11-05 12:00:46,results\api\extract\data\dynamic_mean_years_schooling_new_method_2023.json,bps-data-6b97f25855ece024
mean_years_schooling_new_method,415,5200,124,0,0,520041501240,0000,7.87,2025-11-05 12:00:46,results\api\extract\data\dynamic_mean_years_schooling_new_method_2024.json,bps-data-fa22b966ff2b1e98
mean_years_schooling_new_method,415,5201,121,0,0,520141501210,0000,6.42,2025-11-05 12:00:46,results\api\extract\data\dynamic_mean_years_schooling_new_method_2021.json,bps-data-0c5c8c6bbcc24cd9
mean_years_schooling_new_method,415,5201,122,0,0,520141501220,0000,6.6,2025-11-05 12:00:46,results\api\extract\data\dynamic_mean_years_schooling_new_method_2022.json,bps-data-cfe0654330afe1eb
mean_years_schooling_new_method,415,5201,123,0,0,520141501230,0000,6.87,2025-11-05 12:00:46,results\api\extract\data\dynamic_mean_years_schooling_new_method_2023.json,bps-data-6b97f25855ece024
mean_years_schooling_new_method,415,5201,124,0,0,520141501240,0000,6.88,2025-11-05 12:00:46,results\api\extract\data\dynamic_mean_years_schooling_new_method_2024.json,bps-data-fa22b966ff2b1e98
mean_years_schooling_new_method,415,5202,121,0,0,520241501210,0000,6.29,2025-11-05 12:00:46,results\api\extract\data\dynamic_mean_years_schooling_new_method_2021.json,bps-data-0c5c8c6bbcc24cd9
mean_years_schooling_new_method,415,5202,122,0,0,520241501220,0000,6.44,2025-11-05 12:00:46,results\api\extract\data\dynamic_mean_years_schooling_new_method_2022.json,bps-data-cfe0654330afe1eb
mean_years_schooling_new_method,415,5202,123,0,0,520241501230,0000,6.61,2025-11-05 12:00:46,results\api\extract\data\dynamic_mean_years_schooling_new_method_2023.json,bps-data-6b97f25855ece024
mean_years_schooling_new_method,415,5202,124,0,0,520241501240,0000,6.73,2025-11-05 12:00:46,results\api\extract\data\dynamic_mean_years_schooling_new_method_2024.json,bps-data-fa22b966ff2b1e98
mean_years_schooling_new_method,415,5203,121,0,0,520341501210,0000,6.71,2025-11-05 12:00:46,results\api\extract\data\dynamic_mean_years_schooling_new_method_2021.json,bps-data-0c5c8c6bbcc24cd9
mean_years_schooling_new_method,415,5203,122,0,0,520341501220,0000,7.04,2025-11-05 12:00:46,results\api\extract\data\dynamic_mean_years_schooling_new_method_2022.json,bps-data-cfe0654330afe1eb
mean_years_schooling_new_method,415,5203,123,0,0,520341501230,0000,7.12,2025-11-05 12:00:46,results\api\extract\data\dynamic_mean_years_schooling_new_method_2023.json,bps-data-6b97f25855ece024
mean_years_schooling_new_method,415,5203,124,0,0,520341501240,0000,7.36,2025-11-05 12:00:46,results\api\extract\data\dynamic_mean_years_schooling_new_method_2024.json,bps-data-fa22b966ff2b1e98
mean_years_schooling_new_method,415,5204,121,0,0,520441501210,0000,8.15,2025-11-05 12:00:46,results\api\extract\data\dynamic_mean_years_schooling_new_method_2021.json,bps-data-0c5c8c6bbcc24cd9
mean_years_schooling_new_method,415,5204,122,0,0,520441501220,0000,8.21,2025-11-05 12:00:46,results\api\extract\data\dynamic_mean_years_schooling_new_method_2022.json,bps-data-cfe0654330afe1eb
mean_years_schooling_new_method,415,5204,123,0,0,520441501230,0000,8.52,2025-11-05 12:00:46,results\api\extract\data\dynamic_mean_years_schooling_new_method_2023.json,bps-data-6b97f25855ece024
mean_years_schooling_new_method,415,5204,124,0,0,520441501240,0000,8.59,2025-11-05 12:00:46,results\api\extract\data\dynamic_mean_years_schooling_new_method_2024.json,bps-data-fa22b966ff2b1e98
mean_years_schooling_new_method,415,5205,121,0,0,520541501210,0000,8.72,2025-11-05 12:00:46,results\api\extract\data\dynamic_mean_years_schooling_new_method_2021.json,bps-data-0c5c8c6bbcc24cd9
mean_years_schooling_new_method,415,5205,122,0,0,520541501220,0000,8.73,2025-11-05 12:00:46,results\api\extract\data\dynamic_mean_years_schooling_new_method_2022.json,bps-data-cfe0654330afe1eb
mean_years_schooling_new_method,415,5205,123,0,0,520541501230,0000,8.97,2025-11-05 12:00:46,results\api\extract\data\dynamic_mean_years_schooling_new_method_2023.json,bps-data-6b97f25855ece024
mean_years_schooling_new_method,415,5205,124,0,0,520541501240,0000,9.04,2025-11-05 12:00:46,results\api\extract\data\dynamic_mean_years_schooling_new_method_2024.json,bps-data-fa22b966ff2b1e98
mean_years_schooling_new_method,415,5206,121,0,0,520641501210,0000,7.91,2025-11-05 12:00:46,results\api\extract\data\dynamic_mean_years_schooling_new_method_2021.json,bps-data-0c5c8c6bbcc24cd9
mean_years_schooling_new_method,415,5206,122,0,0,520641501220,0000,8.17,2025-11-05 12:00:46,results\api\extract\data\dynamic_mean_years_schooling_new_method_2022.json,bps-data-cfe0654330afe1eb
mean_years_schooling_new_method,415,5206,123,0,0,520641501230,0000,8.29,2025-11-05 12:00:46,results\api\extract\data\dynamic_mean_years_schooling_new_method_2023.json,bps-data-6b97f25855ece024
mean_years_schooling_new_method,415,5206,124,0,0,520641501240,0000,8.3,2025-11-05 12:00:46,results\api\extract\data\dynamic_mean_years_schooling_new_method_2024.json,bps-data-fa22b966ff2b1e98
mean_years_schooling_new_method,415,5207,121,0,0,520741501210,0000,8.72,2025-11-05 12:00:46,results\api\extract\data\dynamic_mean_years_schooling_new_method_2021.json,bps-data-0c5c8c6bbcc24cd9
mean_years_schooling_new_method,415,5207,122,0,0,520741501220,0000,8.9,2025-11-05 12:00:46,results\api\extract\data\dynamic_mean_years_schooling_new_method_2022.json,bps-data-cfe0654330afe1eb
mean_years_schooling_new_method,415,5207,123,0,0,520741501230,0000,8.98,2025-11-05 12:00:46,results\api\extract\data\dynamic_mean_years_schooling_new_method_2023.json,bps-data-6b97f25855ece024
mean_years_schooling_new_method,415,5207,124,0,0,520741501240,0000,8.99,2025-11-05 12:00:46,results\api\extract\data\dynamic_mean_years_schooling_new_method_2024.json,bps-data-fa22b966ff2b1e98
mean_years_schooling_new_method,415,5208,121,0,0,520841501210,0000,6.04,2025-11-05 12:00:46,results\api\extract\data\dynamic_mean_years_schooling_new_method_2021.json,bps-data-0c5c8c6bbcc24cd9
mean_years_schooling_new_method,415,5208,122,0,0,520841501220,0000,6.3,2025-11-05 12:00:46,results\api\extract\data\dynamic_mean_years_schooling_new_method_2022.json,bps-data-cfe0654330afe1eb
mean_years_schooling_new_method,415,5208,123,0,0,520841501230,0000,6.39,2025-11-05 12:00:46,results\api\extract\data\dynamic_mean_years_schooling_new_method_2023.json,bps-data-6b97f25855ece024
mean_years_schooling_new_method,415,5208,124,0,0,520841501240,0000,6.4,2025-11-05 12:00:46,results\api\extract\data\dynamic_mean_years_schooling_new_method_2024.json,bps-data-fa22b966ff2b1e98
mean_years_schooling_new_method,415,5271,121,0,0,527141501210,0000,9.54,2025-11-05 12:00:46,results\api\extract\data\dynamic_mean_years_schooling_new_method_2021.json,bps-data-0c5c8c6bbcc24cd9
mean_years_schooling_new_method,415,5271,122,0,0,527141501220,0000,9.55,2025-11-05 12:00:46,results\api\extract\data\dynamic_mean_years_schooling_new_method_2022.json,bps-data-cfe0654330afe1eb
mean_years_schooling_new_method,415,5271,123,0,0,527141501230,0000,9.56,2025-11-05 12:00:46,results\api\extract\data\dynamic_mean_years_schooling_new_method_2023.json,bps-data-6b97f25855ece024
mean_years_schooling_new_method,415,5271,124,0,0,527141501240,0000,9.58,2025-11-05 12:00:46,results\api\extract\data\dynamic_mean_years_schooling_new_method_2024.json,bps-data-fa22b966ff2b1e98
mean_years_schooling_new_method,415,5272,121,0,0,527241501210,0000,10.65,2025-11-05 12:00:46,results\api\extract\data\dynamic_mean_years_schooling_new_method_2021.json,bps-data-0c5c8c6bbcc24cd9
mean_years_schooling_new_method,415,5272,122,0,0,527241501220,0000,10.94,2025-11-05 12:00:46,results\api\extract\data\dynamic_mean_years_schooling_new_method_2022.json,bps-data-cfe0654330afe1eb
mean_years_schooling_new_method,415,5272,123,0,0,527241501230,0000,10.95,2025-11-05 12:00:46,results\api\extract\data\dynamic_mean_years_schooling_new_method_2023.json,bps-data-6b97f25855ece024
mean_years_schooling_new_method,415,5272,124,0,0,527241501240,0000,10.96,2025-11-05 12:00:46,results\api\extract\data\dynamic_mean_years_schooling_new_method_2024.json,bps-data-fa22b966ff2b1e98
mean_years_schooling_new_method,415,5300,121,0,0,530041501210,0000,7.69,2025-11-05 12:00:46,results\api\extract\data\dynamic_mean_years_schooling_new_method_2021.json,bps-data-0c5c8c6bbcc24cd9
mean_years_schooling_new_method,415,5300,122,0,0,530041501220,0000,7.7,2025-11-05 12:00:46,results\api\extract\data\dynamic_mean_years_schooling_new_method_2022.json,bps-data-cfe0654330afe1eb
mean_years_schooling_new_method,415,5300,123,0,0,530041501230,0000,7.82,2025-11-05 12:00:46,results\api\extract\data\dynamic_mean_years_schooling_new_method_2023.json,bps-data-6b97f25855ece024
mean_years_schooling_new_method,415,5300,124,0,0,530041501240,0000,8.02,2025-11-05 12:00:46,results\api\extract\data\dynamic_mean_years_schooling_new_method_2024.json,bps-data-fa22b966ff2b1e98
mean_years_schooling_new_method,415,5301,121,0,0,530141501210,0000,6.84,2025-11-05 12:00:46,results\api\extract\data\dynamic_mean_years_schooling_new_method_2021.json,bps-data-0c5c8c6bbcc24cd9
mean_years_schooling_new_method,415,5301,122,0,0,530141501220,0000,6.85,2025-11-05 12:00:46,results\api\extract\data\dynamic_mean_years_schooling_new_method_2022.json,bps-data-cfe0654330afe1eb
mean_years_schooling_new_method,415,5301,123,0,0,530141501230,0000,6.92,2025-11-05 12:00:46,results\api\extract\data\dynamic_mean_years_schooling_new_method_2023.json,bps-data-6b97f25855ece024
mean_years_schooling_new_method,415,5301,124,0,0,530141501240,0000,7.17,2025-11-05 12:00:46,results\api\extract\data\dynamic_mean_years_schooling_new_method_2024.json,bps-data-fa22b966ff2b1e98
mean_years_schooling_new_method,415,5302,121,0,0,530241501210,0000,7.32,2025-11-05 12:00:46,results\api\extract\data\dynamic_mean_years_schooling_new_method_2021.json,bps-data-0c5c8c6bbcc24cd9
mean_years_schooling_new_method,415,5302,122,0,0,530241501220,0000,7.33,2025-11-05 12:00:46,results\api\extract\data\dynamic_mean_years_schooling_new_method_2022.json,bps-data-cfe0654330afe1eb
mean_years_schooling_new_method,415,5302,123,0,0,530241501230,0000,7.57,2025-11-05 12:00:46,results\api\extract\data\dynamic_mean_years_schooling_new_method_2023.json,bps-data-6b97f25855ece024
mean_years_schooling_new_method,415,5302,124,0,0,530241501240,0000,7.77,2025-11-05 12:00:46,results\api\extract\data\dynamic_mean_years_schooling_new_method_2024.json,bps-data-fa22b966ff2b1e98
mean_years_schooling_new_method,415,5303,121,0,0,530341501210,0000,7.39,2025-11-05 12:00:46,results\api\extract\data\dynamic_mean_years_schooling_new_method_2021.json,bps-data-0c5c8c6bbcc24cd9
mean_years_schooling_new_method,415,5303,122,0,0,530341501220,0000,7.41,2025-11-05 12:00:46,results\api\extract\data\dynamic_mean_years_schooling_new_method_2022.json,bps-data-cfe0654330afe1eb
mean_years_schooling_new_method,415,5303,123,0,0,530341501230,0000,7.42,2025-11-05 12:00:46,results\api\extract\data\dynamic_mean_years_schooling_new_method_2023.json,bps-data-6b97f25855ece024
mean_years_schooling_new_method,415,5303,124,0,0,530341501240,0000,7.62,2025-11-05 12:00:46,results\api\extract\data\dynamic_mean_years_schooling_new_method_2024.json,bps-data-fa22b966ff2b1e98
mean_years_schooling_new_method,415,5304,121,0,0,530441501210,0000,6.74,2025-11-05 12:00:46,results\api\extract\data\dynamic_mean_years_schooling_new_method_2021.json,bps-data-0c5c8c6bbcc24cd9
mean_years_schooling_new_method,415,5304,122,0,0,530441501220,0000,6.76,2025-11-05 12:00:46,results\api\extract\data\dynamic_mean_years_schooling_new_method_2022.json,bps-data-cfe0654330afe1eb
mean_years_schooling_new_method,415,5304,123,0,0,530441501230,0000,6.97,2025-11-05 12:00:46,results\api\extract\data\dynamic_mean_years_schooling_new_method_2023.json,bps-data-6b97f25855ece024
mean_years_schooling_new_method,415,5304,124,0,0,530441501240,0000,7.21,2025-11-05 12:00:46,results\api\extract\data\dynamic_mean_years_schooling_new_method_2024.json,bps-data-fa22b966ff2b1e98
mean_years_schooling_new_method,415,5305,121,0,0,530541501210,0000,7.96,2025-11-05 12:00:46,results\api\extract\data\dynamic_mean_years_schooling_new_method_2021.json,bps-data-0c5c8c6bbcc24cd9
mean_years_schooling_new_method,415,5305,122,0,0,530541501220,0000,7.97,2025-11-05 12:00:46,results\api\extract\data\dynamic_mean_years_schooling_new_method_2022.json,bps-data-cfe0654330afe1eb
mean_years_schooling_new_method,415,5305,123,0,0,530541501230,0000,8.16,2025-11-05 12:00:46,results\api\extract\data\dynamic_mean_years_schooling_new_method_2023.json,bps-data-6b97f25855ece024
mean_years_schooling_new_method,415,5305,124,0,0,530541501240,0000,8.17,2025-11-05 12:00:46,results\api\extract\data\dynamic_mean_years_schooling_new_method_2024.json,bps-data-fa22b966ff2b1e98
mean_years_schooling_new_method,415,5306,121,0,0,530641501210,0000,7.36,2025-11-05 12:00:46,results\api\extract\data\dynamic_mean_years_schooling_new_method_2021.json,bps-data-0c5c8c6bbcc24cd9
mean_years_schooling_new_method,415,5306,122,0,0,530641501220,0000,7.38,2025-11-05 12:00:46,results\api\extract\data\dynamic_mean_years_schooling_new_method_2022.json,bps-data-cfe0654330afe1eb
mean_years_schooling_new_method,415,5306,123,0,0,530641501230,0000,7.39,2025-11-05 12:00:46,results\api\extract\data\dynamic_mean_years_schooling_new_method_2023.json,bps-data-6b97f25855ece024
mean_years_schooling_new_method,415,5306,124,0,0,530641501240,0000,7.5,2025-11-05 12:00:46,results\api\extract\data\dynamic_mean_years_schooling_new_method_2024.json,bps-data-fa22b966ff2b1e98
mean_years_schooling_new_method,415,5307,121,0,0,530741501210,0000,8.42,2025-11-05 12:00:46,results\api\extract\data\dynamic_mean_years_schooling_new_method_2021.json,bps-data-0c5c8c6bbcc24cd9
mean_years_schooling_new_method,415,5307,122,0,0,530741501220,0000,8.43,2025-11-05 12:00:46,results\api\extract\data\dynamic_mean_years_schooling_new_method_2022.json,bps-data-cfe0654330afe1eb
mean_years_schooling_new_method,415,5307,123,0,0,530741501230,0000,8.45,2025-11-05 12:00:46,results\api\extract\data\dynamic_mean_years_schooling_new_method_2023.json,bps-data-6b97f25855ece024
mean_years_schooling_new_method,415,5307,124,0,0,530741501240,0000,8.61,2025-11-05 12:00:46,results\api\extract\data\dynamic_mean_years_schooling_new_method_2024.json,bps-data-fa22b966ff2b1e98
mean_years_schooling_new_method,415,5308,121,0,0,530841501210,0000,8.23,2025-11-05 12:00:46,results\api\extract\data\dynamic_mean_years_schooling_new_method_2021.json,bps-data-0c5c8c6bbcc24cd9
mean_years_schooling_new_method,415,5308,122,0,0,530841501220,0000,8.25,2025-11-05 12:00:46,results\api\extract\data\dynamic_mean_years_schooling_new_method_2022.json,bps-data-cfe0654330afe1eb
mean_years_schooling_new_method,415,5308,123,0,0,530841501230,0000,8.26,2025-11-05 12:00:46,results\api\extract\data\dynamic_mean_years_schooling_new_method_2023.json,bps-data-6b97f25855ece024
mean_years_schooling_new_method,415,5308,124,0,0,530841501240,0000,8.27,2025-11-05 12:00:46,results\api\extract\data\dynamic_mean_years_schooling_new_method_2024.json,bps-data-fa22b966ff2b1e98
mean_years_schooling_new_method,415,5309,121,0,0,530941501210,0000,7.72,2025-11-05 12:00:46,results\api\extract\data\dynamic_mean_years_schooling_new_method_2021.json,bps-data-0c5c8c6bbcc24cd9
mean_years_schooling_new_method,415,5309,122,0,0,530941501220,0000,7.79,2025-11-05 12:00:46,results\api\extract\data\dynamic_mean_years_schooling_new_method_2022.json,bps-data-cfe0654330afe1eb
mean_years_schooling_new_method,415,5309,123,0,0,530941501230,0000,8.04,2025-11-05 12:00:46,results\api\extract\data\dynamic_mean_years_schooling_new_method_2023.json,bps-data-6b97f25855ece024
mean_years_schooling_new_method,415,5309,124,0,0,530941501240,0000,8.06,2025-11-05 12:00:46,results\api\extract\data\dynamic_mean_years_schooling_new_method_2024.json,bps-data-fa22b966ff2b1e98
mean_years_schooling_new_method,415,5310,121,0,0,531041501210,0000,6.95,2025-11-05 12:00:46,results\api\extract\data\dynamic_mean_years_schooling_new_method_2021.json,bps-data-0c5c8c6bbcc24cd9
mean_years_schooling_new_method,415,5310,122,0,0,531041501220,0000,6.96,2025-11-05 12:00:46,results\api\extract\data\dynamic_mean_years_schooling_new_method_2022.json,bps-data-cfe0654330afe1eb
mean_years_schooling_new_method,415,5310,123,0,0,531041501230,0000,6.98,2025-11-05 12:00:46,results\api\extract\data\dynamic_mean_years_schooling_new_method_2023.json,bps-data-6b97f25855ece024
mean_years_schooling_new_method,415,5310,124,0,0,531041501240,0000,6.99,2025-11-05 12:00:46,results\api\extract\data\dynamic_mean_years_schooling_new_method_2024.json,bps-data-fa22b966ff2b1e98
mean_years_schooling_new_method,415,5311,121,0,0,531141501210,0000,8.03,2025-11-05 12:00:46,results\api\extract\data\dynamic_mean_years_schooling_new_method_2021.json,bps-data-0c5c8c6bbcc24cd9
mean_years_schooling_new_method,415,5311,122,0,0,531141501220,0000,8.09,2025-11-05 12:00:46,results\api\extract\data\dynamic_mean_years_schooling_new_method_2022.json,bps-data-cfe0654330afe1eb
mean_years_schooling_new_method,415,5311,123,0,0,531141501230,0000,8.2,2025-11-05 12:00:46,results\api\extract\data\dynamic_mean_years_schooling_new_method_2023.json,bps-data-6b97f25855ece024
mean_years_schooling_new_method,415,5311,124,0,0,531141501240,0000,8.29,2025-11-05 12:00:46,results\api\extract\data\dynamic_mean_years_schooling_new_method_2024.json,bps-data-fa22b966ff2b1e98
mean_years_schooling_new_method,415,5312,121,0,0,531241501210,0000,8.53,2025-11-05 12:00:46,results\api\extract\data\dynamic_mean_years_schooling_new_method_2021.json,bps-data-0c5c8c6bbcc24cd9
mean_years_schooling_new_method,415,5312,122,0,0,531241501220,0000,8.54,2025-11-05 12:00:46,results\api\extract\data\dynamic_mean_years_schooling_new_method_2022.json,bps-data-cfe0654330afe1eb
mean_years_schooling_new_method,415,5312,123,0,0,531241501230,0000,8.82,2025-11-05 12:00:46,results\api\extract\data\dynamic_mean_years_schooling_new_method_2023.json,bps-data-6b97f25855ece024
mean_years_schooling_new_method,415,5312,124,0,0,531241501240,0000,8.83,2025-11-05 12:00:46,results\api\extract\data\dynamic_mean_years_schooling_new_method_2024.json,bps-data-fa22b966ff2b1e98
mean_years_schooling_new_method,415,5313,121,0,0,531341501210,0000,7.61,2025-11-05 12:00:46,results\api\extract\data\dynamic_mean_years_schooling_new_method_2021.json,bps-data-0c5c8c6bbcc24cd9
mean_years_schooling_new_method,415,5313,122,0,0,531341501220,0000,7.62,2025-11-05 12:00:46,results\api\extract\data\dynamic_mean_years_schooling_new_method_2022.json,bps-data-cfe0654330afe1eb
mean_years_schooling_new_method,415,5313,123,0,0,531341501230,0000,7.63,2025-11-05 12:00:46,results\api\extract\data\dynamic_mean_years_schooling_new_method_2023.json,bps-data-6b97f25855ece024
mean_years_schooling_new_method,415,5313,124,0,0,531341501240,0000,7.91,2025-11-05 12:00:46,results\api\extract\data\dynamic_mean_years_schooling_new_method_2024.json,bps-data-fa22b966ff2b1e98
mean_years_schooling_new_method,415,5314,121,0,0,531441501210,0000,7.71,2025-11-05 12:00:46,results\api\extract\data\dynamic_mean_years_schooling_new_method_2021.json,bps-data-0c5c8c6bbcc24cd9
mean_years_schooling_new_method,415,5314,122,0,0,531441501220,0000,7.76,2025-11-05 12:00:46,results\api\extract\data\dynamic_mean_years_schooling_new_method_2022.json,bps-data-cfe0654330afe1eb
mean_years_schooling_new_method,415,5314,123,0,0,531441501230,0000,7.82,2025-11-05 12:00:46,results\api\extract\data\dynamic_mean_years_schooling_new_method_2023.json,bps-data-6b97f25855ece024
mean_years_schooling_new_method,415,5314,124,0,0,531441501240,0000,7.83,2025-11-05 12:00:46,results\api\extract\data\dynamic_mean_years_schooling_new_method_2024.json,bps-data-fa22b966ff2b1e98
mean_years_schooling_new_method,415,5315,121,0,0,531541501210,0000,7.56,2025-11-05 12:00:46,results\api\extract\data\dynamic_mean_years_schooling_new_method_2021.json,bps-data-0c5c8c6bbcc24cd9
mean_years_schooling_new_method,415,5315,122,0,0,531541501220,0000,7.8,2025-11-05 12:00:46,results\api\extract\data\dynamic_mean_years_schooling_new_method_2022.json,bps-data-cfe0654330afe1eb
mean_years_schooling_new_method,415,5315,123,0,0,531541501230,0000,7.94,2025-11-05 12:00:46,results\api\extract\data\dynamic_mean_years_schooling_new_method_2023.json,bps-data-6b97f25855ece024
mean_years_schooling_new_method,415,5315,124,0,0,531541501240,0000,8.21,2025-11-05 12:00:46,results\api\extract\data\dynamic_mean_years_schooling_new_method_2024.json,bps-data-fa22b966ff2b1e98
mean_years_schooling_new_method,415,5316,121,0,0,531641501210,0000,6.47,2025-11-05 12:00:46,results\api\extract\data\dynamic_mean_years_schooling_new_method_2021.json,bps-data-0c5c8c6bbcc24cd9
mean_years_schooling_new_method,415,5316,122,0,0,531641501220,0000,6.73,2025-11-05 12:00:46,results\api\extract\data\dynamic_mean_years_schooling_new_method_2022.json,bps-data-cfe0654330afe1eb
mean_years_schooling_new_method,415,5316,123,0,0,531641501230,0000,7.0,2025-11-05 12:00:46,results\api\extract\data\dynamic_mean_years_schooling_new_method_2023.json,bps-data-6b97f25855ece024
mean_years_schooling_new_method,415,5316,124,0,0,531641501240,0000,7.23,2025-11-05 12:00:46,results\api\extract\data\dynamic_mean_years_schooling_new_method_2024.json,bps-data-fa22b966ff2b1e98
mean_years_schooling_new_method,415,5317,121,0,0,531741501210,0000,6.35,2025-11-05 12:00:46,results\api\extract\data\dynamic_mean_years_schooling_new_method_2021.json,bps-data-0c5c8c6bbcc24cd9
mean_years_schooling_new_method,415,5317,122,0,0,531741501220,0000,6.37,2025-11-05 12:00:46,results\api\extract\data\dynamic_mean_years_schooling_new_method_2022.json,bps-data-cfe0654330afe1eb
mean_years_schooling_new_method,415,5317,123,0,0,531741501230,0000,6.38,2025-11-05 12:00:46,results\api\extract\data\dynamic_mean_years_schooling_new_method_2023.json,bps-data-6b97f25855ece024
mean_years_schooling_new_method,415,5317,124,0,0,531741501240,0000,6.39,2025-11-05 12:00:46,results\api\extract\data\dynamic_mean_years_schooling_new_method_2024.json,bps-data-fa22b966ff2b1e98
mean_years_schooling_new_method,415,5318,121,0,0,531841501210,0000,7.9,2025-11-05 12:00:46,results\api\extract\data\dynamic_mean_years_schooling_new_method_2021.json,bps-data-0c5c8c6bbcc24cd9
mean_years_schooling_new_method,415,5318,122,0,0,531841501220,0000,7.91,2025-11-05 12:00:46,results\api\extract\data\dynamic_mean_years_schooling_new_method_2022.json,bps-data-cfe0654330afe1eb
mean_years_schooling_new_method,415,5318,123,0,0,531841501230,0000,8.14,2025-11-05 12:00:46,results\api\extract\data\dynamic_mean_years_schooling_new_method_2023.json,bps-data-6b97f25855ece024
mean_years_schooling_new_method,415,5318,124,0,0,531841501240,0000,8.23,2025-11-05 12:00:46,results\api\extract\data\dynamic_mean_years_schooling_new_method_2024.json,bps-data-fa22b966ff2b1e98
mean_years_schooling_new_method,415,5319,121,0,0,531941501210,0000,7.35,2025-11-05 12:00:46,results\api\extract\data\dynamic_mean_years_schooling_new_method_2021.json,bps-data-0c5c8c6bbcc24cd9
mean_years_schooling_new_method,415,5319,122,0,0,531941501220,0000,7.42,2025-11-05 12:00:46,results\api\extract\data\dynamic_mean_years_schooling_new_method_2022.json,bps-data-cfe0654330afe1eb
mean_years_schooling_new_method,415,5319,123,0,0,531941501230,0000,7.7,2025-11-05 12:00:46,results\api\extract\data\dynamic_mean_years_schooling_new_method_2023.json,bps-data-6b97f25855ece024
mean_years_schooling_new_method,415,5319,124,0,0,531941501240,0000,7.96,2025-11-05 12:00:46,results\api\extract\data\dynamic_mean_years_schooling_new_method_2024.json,bps-data-fa22b966ff2b1e98
mean_years_schooling_new_method,415,5320,121,0,0,532041501210,0000,6.66,2025-11-05 12:00:46,results\api\extract\data\dynamic_mean_years_schooling_new_method_2021.json,bps-data-0c5c8c6bbcc24cd9
mean_years_schooling_new_method,415,5320,122,0,0,532041501220,0000,6.77,2025-11-05 12:00:46,results\api\extract\data\dynamic_mean_years_schooling_new_method_2022.json,bps-data-cfe0654330afe1eb
mean_years_schooling_new_method,415,5320,123,0,0,532041501230,0000,6.98,2025-11-05 12:00:46,results\api\extract\data\dynamic_mean_years_schooling_new_method_2023.json,bps-data-6b97f25855ece024
mean_years_schooling_new_method,415,5320,124,0,0,532041501240,0000,6.99,2025-11-05 12:00:46,results\api\extract\data\dynamic_mean_years_schooling_new_method_2024.json,bps-data-fa22b966ff2b1e98
mean_years_schooling_new_method,415,5321,121,0,0,532141501210,0000,7.1,2025-11-05 12:00:46,results\api\extract\data\dynamic_mean_years_schooling_new_method_2021.json,bps-data-0c5c8c6bbcc24cd9
mean_years_schooling_new_method,415,5321,122,0,0,532141501220,0000,7.12,2025-11-05 12:00:46,results\api\extract\data\dynamic_mean_years_schooling_new_method_2022.json,bps-data-cfe0654330afe1eb
mean_years_schooling_new_method,415,5321,123,0,0,532141501230,0000,7.13,2025-11-05 12:00:46,results\api\extract\data\dynamic_mean_years_schooling_new_method_2023.json,bps-data-6b97f25855ece024
mean_years_schooling_new_method,415,5321,124,0,0,532141501240,0000,7.14,2025-11-05 12:00:46,results\api\extract\data\dynamic_mean_years_schooling_new_method_2024.json,bps-data-fa22b966ff2b1e98
mean_years_schooling_new_method,415,5371,121,0,0,537141501210,0000,11.6,2025-11-05 12:00:46,results\api\extract\data\dynamic_mean_years_schooling_new_method_2021.json,bps-data-0c5c8c6bbcc24cd9
mean_years_schooling_new_method,415,5371,122,0,0,537141501220,0000,11.61,2025-11-05 12:00:46,results\api\extract\data\dynamic_mean_years_schooling_new_method_2022.json,bps-data-cfe0654330afe1eb
mean_years_schooling_new_method,415,5371,123,0,0,537141501230,0000,11.62,2025-11-05 12:00:46,results\api\extract\data\dynamic_mean_years_schooling_new_method_2023.json,bps-data-6b97f25855ece024
mean_years_schooling_new_method,415,5371,124,0,0,537141501240,0000,11.64,2025-11-05 12:00:46,results\api\extract\data\dynamic_mean_years_schooling_new_method_2024.json,bps-data-fa22b966ff2b1e98
mean_years_schooling_new_method,415,6100,121,0,0,610041501210,0000,7.45,2025-11-05 12:00:46,results\api\extract\data\dynamic_mean_years_schooling_new_method_2021.json,bps-data-0c5c8c6bbcc24cd9
mean_years_schooling_new_method,415,6100,122,0,0,610041501220,0000,7.59,2025-11-05 12:00:46,results\api\extract\data\dynamic_mean_years_schooling_new_method_2022.json,bps-data-cfe0654330afe1eb
mean_years_schooling_new_method,415,6100,123,0,0,610041501230,0000,7.71,2025-11-05 12:00:46,results\api\extract\data\dynamic_mean_years_schooling_new_method_2023.json,bps-data-6b97f25855ece024
mean_years_schooling_new_method,415,6100,124,0,0,610041501240,0000,7.78,2025-11-05 12:00:46,results\api\extract\data\dynamic_mean_years_schooling_new_method_2024.json,bps-data-fa22b966ff2b1e98
mean_years_schooling_new_method,415,6101,121,0,0,610141501210,0000,6.72,2025-11-05 12:00:46,results\api\extract\data\dynamic_mean_years_schooling_new_method_2021.json,bps-data-0c5c8c6bbcc24cd9
mean_years_schooling_new_method,415,6101,122,0,0,610141501220,0000,6.74,2025-11-05 12:00:46,results\api\extract\data\dynamic_mean_years_schooling_new_method_2022.json,bps-data-cfe0654330afe1eb
mean_years_schooling_new_method,415,6101,123,0,0,610141501230,0000,6.75,2025-11-05 12:00:46,results\api\extract\data\dynamic_mean_years_schooling_new_method_2023.json,bps-data-6b97f25855ece024
mean_years_schooling_new_method,415,6101,124,0,0,610141501240,0000,6.76,2025-11-05 12:00:46,results\api\extract\data\dynamic_mean_years_schooling_new_method_2024.json,bps-data-fa22b966ff2b1e98
mean_years_schooling_new_method,415,6102,121,0,0,610241501210,0000,6.8,2025-11-05 12:00:46,results\api\extract\data\dynamic_mean_years_schooling_new_method_2021.json,bps-data-0c5c8c6bbcc24cd9
mean_years_schooling_new_method,415,6102,122,0,0,610241501220,0000,7.0,2025-11-05 12:00:46,results\api\extract\data\dynamic_mean_years_schooling_new_method_2022.json,bps-data-cfe0654330afe1eb
mean_years_schooling_new_method,415,6102,123,0,0,610241501230,0000,7.22,2025-11-05 12:00:46,results\api\extract\data\dynamic_mean_years_schooling_new_method_2023.json,bps-data-6b97f25855ece024
mean_years_schooling_new_method,415,6102,124,0,0,610241501240,0000,7.41,2025-11-05 12:00:46,results\api\extract\data\dynamic_mean_years_schooling_new_method_2024.json,bps-data-fa22b966ff2b1e98
mean_years_schooling_new_method,415,6103,121,0,0,610341501210,0000,7.12,2025-11-05 12:00:46,results\api\extract\data\dynamic_mean_years_schooling_new_method_2021.json,bps-data-0c5c8c6bbcc24cd9
mean_years_schooling_new_method,415,6103,122,0,0,610341501220,0000,7.15,2025-11-05 12:00:46,results\api\extract\data\dynamic_mean_years_schooling_new_method_2022.json,bps-data-cfe0654330afe1eb
mean_years_schooling_new_method,415,6103,123,0,0,610341501230,0000,7.24,2025-11-05 12:00:46,results\api\extract\data\dynamic_mean_years_schooling_new_method_2023.json,bps-data-6b97f25855ece024
mean_years_schooling_new_method,415,6103,124,0,0,610341501240,0000,7.46,2025-11-05 12:00:46,results\api\extract\data\dynamic_mean_years_schooling_new_method_2024.json,bps-data-fa22b966ff2b1e98
mean_years_schooling_new_method,415,6104,121,0,0,610441501210,0000,7.04,2025-11-05 12:00:46,results\api\extract\data\dynamic_mean_years_schooling_new_method_2021.json,bps-data-0c5c8c6bbcc24cd9
mean_years_schooling_new_method,415,6104,122,0,0,610441501220,0000,7.17,2025-11-05 12:00:46,results\api\extract\data\dynamic_mean_years_schooling_new_method_2022.json,bps-data-cfe0654330afe1eb
mean_years_schooling_new_method,415,6104,123,0,0,610441501230,0000,7.2,2025-11-05 12:00:46,results\api\extract\data\dynamic_mean_years_schooling_new_method_2023.json,bps-data-6b97f25855ece024
mean_years_schooling_new_method,415,6104,124,0,0,610441501240,0000,7.21,2025-11-05 12:00:46,results\api\extract\data\dynamic_mean_years_schooling_new_method_2024.json,bps-data-fa22b966ff2b1e98
mean_years_schooling_new_method,415,6105,121,0,0,610541501210,0000,7.39,2025-11-05 12:00:46,results\api\extract\data\dynamic_mean_years_schooling_new_method_2021.json,bps-data-0c5c8c6bbcc24cd9
mean_years_schooling_new_method,415,6105,122,0,0,610541501220,0000,7.41,2025-11-05 12:00:46,results\api\extract\data\dynamic_mean_years_schooling_new_method_2022.json,bps-data-cfe0654330afe1eb
mean_years_schooling_new_method,415,6105,123,0,0,610541501230,0000,7.44,2025-11-05 12:00:46,results\api\extract\data\dynamic_mean_years_schooling_new_method_2023.json,bps-data-6b97f25855ece024
mean_years_schooling_new_method,415,6105,124,0,0,610541501240,0000,7.47,2025-11-05 12:00:46,results\api\extract\data\dynamic_mean_years_schooling_new_method_2024.json,bps-data-fa22b966ff2b1e98
mean_years_schooling_new_method,415,6106,121,0,0,610641501210,0000,7.46,2025-11-05 12:00:46,results\api\extract\data\dynamic_mean_years_schooling_new_method_2021.json,bps-data-0c5c8c6bbcc24cd9
mean_years_schooling_new_method,415,6106,122,0,0,610641501220,0000,7.48,2025-11-05 12:00:46,results\api\extract\data\dynamic_mean_years_schooling_new_method_2022.json,bps-data-cfe0654330afe1eb
mean_years_schooling_new_method,415,6106,123,0,0,610641501230,0000,7.55,2025-11-05 12:00:46,results\api\extract\data\dynamic_mean_years_schooling_new_method_2023.json,bps-data-6b97f25855ece024
mean_years_schooling_new_method,415,6106,124,0,0,610641501240,0000,7.68,2025-11-05 12:00:46,results\api\extract\data\dynamic_mean_years_schooling_new_method_2024.json,bps-data-fa22b966ff2b1e98
mean_years_schooling_new_method,415,6107,121,0,0,610741501210,0000,7.08,2025-11-05 12:00:46,results\api\extract\data\dynamic_mean_years_schooling_new_method_2021.json,bps-data-0c5c8c6bbcc24cd9
mean_years_schooling_new_method,415,6107,122,0,0,610741501220,0000,7.36,2025-11-05 12:00:46,results\api\extract\data\dynamic_mean_years_schooling_new_method_2022.json,bps-data-cfe0654330afe1eb
mean_years_schooling_new_method,415,6107,123,0,0,610741501230,0000,7.64,2025-11-05 12:00:46,results\api\extract\data\dynamic_mean_years_schooling_new_method_2023.json,bps-data-6b97f25855ece024
mean_years_schooling_new_method,415,6107,124,0,0,610741501240,0000,7.65,2025-11-05 12:00:46,results\api\extract\data\dynamic_mean_years_schooling_new_method_2024.json,bps-data-fa22b966ff2b1e98
mean_years_schooling_new_method,415,6108,121,0,0,610841501210,0000,7.53,2025-11-05 12:00:46,results\api\extract\data\dynamic_mean_years_schooling_new_method_2021.json,bps-data-0c5c8c6bbcc24cd9
mean_years_schooling_new_method,415,6108,122,0,0,610841501220,0000,7.59,2025-11-05 12:00:46,results\api\extract\data\dynamic_mean_years_schooling_new_method_2022.json,bps-data-cfe0654330afe1eb
mean_years_schooling_new_method,415,6108,123,0,0,610841501230,0000,7.82,2025-11-05 12:00:46,results\api\extract\data\dynamic_mean_years_schooling_new_method_2023.json,bps-data-6b97f25855ece024
mean_years_schooling_new_method,415,6108,124,0,0,610841501240,0000,8.03,2025-11-05 12:00:46,results\api\extract\data\dynamic_mean_years_schooling_new_method_2024.json,bps-data-fa22b966ff2b1e98
mean_years_schooling_new_method,415,6109,121,0,0,610941501210,0000,6.85,2025-11-05 12:00:46,results\api\extract\data\dynamic_mean_years_schooling_new_method_2021.json,bps-data-0c5c8c6bbcc24cd9
mean_years_schooling_new_method,415,6109,122,0,0,610941501220,0000,7.12,2025-11-05 12:00:46,results\api\extract\data\dynamic_mean_years_schooling_new_method_2022.json,bps-data-cfe0654330afe1eb
mean_years_schooling_new_method,415,6109,123,0,0,610941501230,0000,7.13,2025-11-05 12:00:46,results\api\extract\data\dynamic_mean_years_schooling_new_method_2023.json,bps-data-6b97f25855ece024
mean_years_schooling_new_method,415,6109,124,0,0,610941501240,0000,7.23,2025-11-05 12:00:46,results\api\extract\data\dynamic_mean_years_schooling_new_method_2024.json,bps-data-fa22b966ff2b1e98
mean_years_schooling_new_method,415,6110,121,0,0,611041501210,0000,6.91,2025-11-05 12:00:46,results\api\extract\data\dynamic_mean_years_schooling_new_method_2021.json,bps-data-0c5c8c6bbcc24cd9
mean_years_schooling_new_method,415,6110,122,0,0,611041501220,0000,7.18,2025-11-05 12:00:46,results\api\extract\data\dynamic_mean_years_schooling_new_method_2022.json,bps-data-cfe0654330afe1eb
mean_years_schooling_new_method,415,6110,123,0,0,611041501230,0000,7.42,2025-11-05 12:00:46,results\api\extract\data\dynamic_mean_years_schooling_new_method_2023.json,bps-data-6b97f25855ece024
mean_years_schooling_new_method,415,6110,124,0,0,611041501240,0000,7.66,2025-11-05 12:00:46,results\api\extract\data\dynamic_mean_years_schooling_new_method_2024.json,bps-data-fa22b966ff2b1e98
mean_years_schooling_new_method,415,6111,121,0,0,611141501210,0000,6.02,2025-11-05 12:00:46,results\api\extract\data\dynamic_mean_years_schooling_new_method_2021.json,bps-data-0c5c8c6bbcc24cd9
mean_years_schooling_new_method,415,6111,122,0,0,611141501220,0000,6.21,2025-11-05 12:00:46,results\api\extract\data\dynamic_mean_years_schooling_new_method_2022.json,bps-data-cfe0654330afe1eb
mean_years_schooling_new_method,415,6111,123,0,0,611141501230,0000,6.35,2025-11-05 12:00:46,results\api\extract\data\dynamic_mean_years_schooling_new_method_2023.json,bps-data-6b97f25855ece024
mean_years_schooling_new_method,415,6111,124,0,0,611141501240,0000,6.54,2025-11-05 12:00:46,results\api\extract\data\dynamic_mean_years_schooling_new_method_2024.json,bps-data-fa22b966ff2b1e98
mean_years_schooling_new_method,415,6112,121,0,0,611241501210,0000,7.0,2025-11-05 12:00:46,results\api\extract\data\dynamic_mean_years_schooling_new_method_2021.json,bps-data-0c5c8c6bbcc24cd9
mean_years_schooling_new_method,415,6112,122,0,0,611241501220,0000,7.02,2025-11-05 12:00:46,results\api\extract\data\dynamic_mean_years_schooling_new_method_2022.json,bps-data-cfe0654330afe1eb
mean_years_schooling_new_method,415,6112,123,0,0,611241501230,0000,7.04,2025-11-05 12:00:46,results\api\extract\data\dynamic_mean_years_schooling_new_method_2023.json,bps-data-6b97f25855ece024
mean_years_schooling_new_method,415,6112,124,0,0,611241501240,0000,7.05,2025-11-05 12:00:46,results\api\extract\data\dynamic_mean_years_schooling_new_method_2024.json,bps-data-fa22b966ff2b1e98
mean_years_schooling_new_method,415,6171,121,0,0,617141501210,0000,10.43,2025-11-05 12:00:46,results\api\extract\data\dynamic_mean_years_schooling_new_method_2021.json,bps-data-0c5c8c6bbcc24cd9
mean_years_schooling_new_method,415,6171,122,0,0,617141501220,0000,10.44,2025-11-05 12:00:46,results\api\extract\data\dynamic_mean_years_schooling_new_method_2022.json,bps-data-cfe0654330afe1eb
mean_years_schooling_new_method,415,6171,123,0,0,617141501230,0000,10.45,2025-11-05 12:00:46,results\api\extract\data\dynamic_mean_years_schooling_new_method_2023.json,bps-data-6b97f25855ece024
mean_years_schooling_new_method,415,6171,124,0,0,617141501240,0000,10.47,2025-11-05 12:00:46,results\api\extract\data\dynamic_mean_years_schooling_new_method_2024.json,bps-data-fa22b966ff2b1e98
mean_years_schooling_new_method,415,6172,121,0,0,617241501210,0000,7.9,2025-11-05 12:00:46,results\api\extract\data\dynamic_mean_years_schooling_new_method_2021.json,bps-data-0c5c8c6bbcc24cd9
mean_years_schooling_new_method,415,6172,122,0,0,617241501220,0000,8.19,2025-11-05 12:00:46,results\api\extract\data\dynamic_mean_years_schooling_new_method_2022.json,bps-data-cfe0654330afe1eb
mean_years_schooling_new_method,415,6172,123,0,0,617241501230,0000,8.21,2025-11-05 12:00:46,results\api\extract\data\dynamic_mean_years_schooling_new_method_2023.json,bps-data-6b97f25855ece024
mean_years_schooling_new_method,415,6172,124,0,0,617241501240,0000,8.22,2025-11-05 12:00:46,results\api\extract\data\dynamic_mean_years_schooling_new_method_2024.json,bps-data-fa22b966ff2b1e98
mean_years_schooling_new_method,415,6200,121,0,0,620041501210,0000,8.64,2025-11-05 12:00:46,results\api\extract\data\dynamic_mean_years_schooling_new_method_2021.json,bps-data-0c5c8c6bbcc24cd9
mean_years_schooling_new_method,415,6200,122,0,0,620041501220,0000,8.65,2025-11-05 12:00:46,results\api\extract\data\dynamic_mean_years_schooling_new_method_2022.json,bps-data-cfe0654330afe1eb
mean_years_schooling_new_method,415,6200,123,0,0,620041501230,0000,8.73,2025-11-05 12:00:46,results\api\extract\data\dynamic_mean_years_schooling_new_method_2023.json,bps-data-6b97f25855ece024
mean_years_schooling_new_method,415,6200,124,0,0,620041501240,0000,8.81,2025-11-05 12:00:46,results\api\extract\data\dynamic_mean_years_schooling_new_method_2024.json,bps-data-fa22b966ff2b1e98
mean_years_schooling_new_method,415,6201,121,0,0,620141501210,0000,8.53,2025-11-05 12:00:46,results\api\extract\data\dynamic_mean_years_schooling_new_method_2021.json,bps-data-0c5c8c6bbcc24cd9
mean_years_schooling_new_method,415,6201,122,0,0,620141501220,0000,8.54,2025-11-05 12:00:46,results\api\extract\data\dynamic_mean_years_schooling_new_method_2022.json,bps-data-cfe0654330afe1eb
mean_years_schooling_new_method,415,6201,123,0,0,620141501230,0000,8.66,2025-11-05 12:00:46,results\api\extract\data\dynamic_mean_years_schooling_new_method_2023.json,bps-data-6b97f25855ece024
mean_years_schooling_new_method,415,6201,124,0,0,620141501240,0000,8.77,2025-11-05 12:00:46,results\api\extract\data\dynamic_mean_years_schooling_new_method_2024.json,bps-data-fa22b966ff2b1e98
mean_years_schooling_new_method,415,6202,121,0,0,620241501210,0000,8.15,2025-11-05 12:00:46,results\api\extract\data\dynamic_mean_years_schooling_new_method_2021.json,bps-data-0c5c8c6bbcc24cd9
mean_years_schooling_new_method,415,6202,122,0,0,620241501220,0000,8.16,2025-11-05 12:00:46,results\api\extract\data\dynamic_mean_years_schooling_new_method_2022.json,bps-data-cfe0654330afe1eb
mean_years_schooling_new_method,415,6202,123,0,0,620241501230,0000,8.17,2025-11-05 12:00:46,results\api\extract\data\dynamic_mean_years_schooling_new_method_2023.json,bps-data-6b97f25855ece024
mean_years_schooling_new_method,415,6202,124,0,0,620241501240,0000,8.18,2025-11-05 12:00:46,results\api\extract\data\dynamic_mean_years_schooling_new_method_2024.json,bps-data-fa22b966ff2b1e98
mean_years_schooling_new_method,415,6203,121,0,0,620341501210,0000,7.6,2025-11-05 12:00:46,results\api\extract\data\dynamic_mean_years_schooling_new_method_2021.json,bps-data-0c5c8c6bbcc24cd9
mean_years_schooling_new_method,415,6203,122,0,0,620341501220,0000,7.64,2025-11-05 12:00:46,results\api\extract\data\dynamic_mean_years_schooling_new_method_2022.json,bps-data-cfe0654330afe1eb
mean_years_schooling_new_method,415,6203,123,0,0,620341501230,0000,7.84,2025-11-05 12:00:46,results\api\extract\data\dynamic_mean_years_schooling_new_method_2023.json,bps-data-6b97f25855ece024
mean_years_schooling_new_method,415,6203,124,0,0,620341501240,0000,7.93,2025-11-05 12:00:46,results\api\extract\data\dynamic_mean_years_schooling_new_method_2024.json,bps-data-fa22b966ff2b1e98
mean_years_schooling_new_method,415,6204,121,0,0,620441501210,0000,8.95,2025-11-05 12:00:46,results\api\extract\data\dynamic_mean_years_schooling_new_method_2021.json,bps-data-0c5c8c6bbcc24cd9
mean_years_schooling_new_method,415,6204,122,0,0,620441501220,0000,9.01,2025-11-05 12:00:46,results\api\extract\data\dynamic_mean_years_schooling_new_method_2022.json,bps-data-cfe0654330afe1eb
mean_years_schooling_new_method,415,6204,123,0,0,620441501230,0000,9.13,2025-11-05 12:00:46,results\api\extract\data\dynamic_mean_years_schooling_new_method_2023.json,bps-data-6b97f25855ece024
mean_years_schooling_new_method,415,6204,124,0,0,620441501240,0000,9.22,2025-11-05 12:00:46,results\api\extract\data\dynamic_mean_years_schooling_new_method_2024.json,bps-data-fa22b966ff2b1e98
mean_years_schooling_new_method,415,6205,121,0,0,620541501210,0000,8.85,2025-11-05 12:00:46,results\api\extract\data\dynamic_mean_years_schooling_new_method_2021.json,bps-data-0c5c8c6bbcc24cd9
mean_years_schooling_new_method,415,6205,122,0,0,620541501220,0000,8.9,2025-11-05 12:00:46,results\api\extract\data\dynamic_mean_years_schooling_new_method_2022.json,bps-data-cfe0654330afe1eb
mean_years_schooling_new_method,415,6205,123,0,0,620541501230,0000,8.91,2025-11-05 12:00:46,results\api\extract\data\dynamic_mean_years_schooling_new_method_2023.json,bps-data-6b97f25855ece024
mean_years_schooling_new_method,415,6205,124,0,0,620541501240,0000,8.92,2025-11-05 12:00:46,results\api\extract\data\dynamic_mean_years_schooling_new_method_2024.json,bps-data-fa22b966ff2b1e98
mean_years_schooling_new_method,415,6206,121,0,0,620641501210,0000,8.09,2025-11-05 12:00:46,results\api\extract\data\dynamic_mean_years_schooling_new_method_2021.json,bps-data-0c5c8c6bbcc24cd9
mean_years_schooling_new_method,415,6206,122,0,0,620641501220,0000,8.1,2025-11-05 12:00:46,results\api\extract\data\dynamic_mean_years_schooling_new_method_2022.json,bps-data-cfe0654330afe1eb
mean_years_schooling_new_method,415,6206,123,0,0,620641501230,0000,8.17,2025-11-05 12:00:46,results\api\extract\data\dynamic_mean_years_schooling_new_method_2023.json,bps-data-6b97f25855ece024
mean_years_schooling_new_method,415,6206,124,0,0,620641501240,0000,8.18,2025-11-05 12:00:46,results\api\extract\data\dynamic_mean_years_schooling_new_method_2024.json,bps-data-fa22b966ff2b1e98
mean_years_schooling_new_method,415,6207,121,0,0,620741501210,0000,8.43,2025-11-05 12:00:46,results\api\extract\data\dynamic_mean_years_schooling_new_method_2021.json,bps-data-0c5c8c6bbcc24cd9
mean_years_schooling_new_method,415,6207,122,0,0,620741501220,0000,8.53,2025-11-05 12:00:46,results\api\extract\data\dynamic_mean_years_schooling_new_method_2022.json,bps-data-cfe0654330afe1eb
mean_years_schooling_new_method,415,6207,123,0,0,620741501230,0000,8.67,2025-11-05 12:00:46,results\api\extract\data\dynamic_mean_years_schooling_new_method_2023.json,bps-data-6b97f25855ece024
mean_years_schooling_new_method,415,6207,124,0,0,620741501240,0000,8.82,2025-11-05 12:00:46,results\api\extract\data\dynamic_mean_years_schooling_new_method_2024.json,bps-data-fa22b966ff2b1e98
mean_years_schooling_new_method,415,6208,121,0,0,620841501210,0000,7.96,2025-11-05 12:00:46,results\api\extract\data\dynamic_mean_years_schooling_new_method_2021.json,bps-data-0c5c8c6bbcc24cd9
mean_years_schooling_new_method,415,6208,122,0,0,620841501220,0000,7.99,2025-11-05 12:00:46,results\api\extract\data\dynamic_mean_years_schooling_new_method_2022.json,bps-data-cfe0654330afe1eb
mean_years_schooling_new_method,415,6208,123,0,0,620841501230,0000,8.0,2025-11-05 12:00:46,results\api\extract\data\dynamic_mean_years_schooling_new_method_2023.json,bps-data-6b97f25855ece024
mean_years_schooling_new_method,415,6208,124,0,0,620841501240,0000,8.01,2025-11-05 12:00:46,results\api\extract\data\dynamic_mean_years_schooling_new_method_2024.json,bps-data-fa22b966ff2b1e98
mean_years_schooling_new_method,415,6209,121,0,0,620941501210,0000,8.68,2025-11-05 12:00:46,results\api\extract\data\dynamic_mean_years_schooling_new_method_2021.json,bps-data-0c5c8c6bbcc24cd9
mean_years_schooling_new_method,415,6209,122,0,0,620941501220,0000,8.78,2025-11-05 12:00:46,results\api\extract\data\dynamic_mean_years_schooling_new_method_2022.json,bps-data-cfe0654330afe1eb
mean_years_schooling_new_method,415,6209,123,0,0,620941501230,0000,8.85,2025-11-05 12:00:46,results\api\extract\data\dynamic_mean_years_schooling_new_method_2023.json,bps-data-6b97f25855ece024
mean_years_schooling_new_method,415,6209,124,0,0,620941501240,0000,8.95,2025-11-05 12:00:46,results\api\extract\data\dynamic_mean_years_schooling_new_method_2024.json,bps-data-fa22b966ff2b1e98
mean_years_schooling_new_method,415,6210,121,0,0,621041501210,0000,8.19,2025-11-05 12:00:46,results\api\extract\data\dynamic_mean_years_schooling_new_method_2021.json,bps-data-0c5c8c6bbcc24cd9
mean_years_schooling_new_method,415,6210,122,0,0,621041501220,0000,8.26,2025-11-05 12:00:46,results\api\extract\data\dynamic_mean_years_schooling_new_method_2022.json,bps-data-cfe0654330afe1eb
mean_years_schooling_new_method,415,6210,123,0,0,621041501230,0000,8.27,2025-11-05 12:00:46,results\api\extract\data\dynamic_mean_years_schooling_new_method_2023.json,bps-data-6b97f25855ece024
mean_years_schooling_new_method,415,6210,124,0,0,621041501240,0000,8.42,2025-11-05 12:00:46,results\api\extract\data\dynamic_mean_years_schooling_new_method_2024.json,bps-data-fa22b966ff2b1e98
mean_years_schooling_new_method,415,6211,121,0,0,621141501210,0000,9.18,2025-11-05 12:00:46,results\api\extract\data\dynamic_mean_years_schooling_new_method_2021.json,bps-data-0c5c8c6bbcc24cd9
mean_years_schooling_new_method,415,6211,122,0,0,621141501220,0000,9.24,2025-11-05 12:00:46,results\api\extract\data\dynamic_mean_years_schooling_new_method_2022.json,bps-data-cfe0654330afe1eb
mean_years_schooling_new_method,415,6211,123,0,0,621141501230,0000,9.25,2025-11-05 12:00:46,results\api\extract\data\dynamic_mean_years_schooling_new_method_2023.json,bps-data-6b97f25855ece024
mean_years_schooling_new_method,415,6211,124,0,0,621141501240,0000,9.37,2025-11-05 12:00:46,results\api\extract\data\dynamic_mean_years_schooling_new_method_2024.json,bps-data-fa22b966ff2b1e98
mean_years_schooling_new_method,415,6212,121,0,0,621241501210,0000,9.23,2025-11-05 12:00:46,results\api\extract\data\dynamic_mean_years_schooling_new_method_2021.json,bps-data-0c5c8c6bbcc24cd9
mean_years_schooling_new_method,415,6212,122,0,0,621241501220,0000,9.32,2025-11-05 12:00:46,results\api\extract\data\dynamic_mean_years_schooling_new_method_2022.json,bps-data-cfe0654330afe1eb
mean_years_schooling_new_method,415,6212,123,0,0,621241501230,0000,9.45,2025-11-05 12:00:46,results\api\extract\data\dynamic_mean_years_schooling_new_method_2023.json,bps-data-6b97f25855ece024
mean_years_schooling_new_method,415,6212,124,0,0,621241501240,0000,9.54,2025-11-05 12:00:46,results\api\extract\data\dynamic_mean_years_schooling_new_method_2024.json,bps-data-fa22b966ff2b1e98
mean_years_schooling_new_method,415,6213,121,0,0,621341501210,0000,7.61,2025-11-05 12:00:46,results\api\extract\data\dynamic_mean_years_schooling_new_method_2021.json,bps-data-0c5c8c6bbcc24cd9
mean_years_schooling_new_method,415,6213,122,0,0,621341501220,0000,7.66,2025-11-05 12:00:46,results\api\extract\data\dynamic_mean_years_schooling_new_method_2022.json,bps-data-cfe0654330afe1eb
mean_years_schooling_new_method,415,6213,123,0,0,621341501230,0000,7.81,2025-11-05 12:00:46,results\api\extract\data\dynamic_mean_years_schooling_new_method_2023.json,bps-data-6b97f25855ece024
mean_years_schooling_new_method,415,6213,124,0,0,621341501240,0000,7.94,2025-11-05 12:00:46,results\api\extract\data\dynamic_mean_years_schooling_new_method_2024.json,bps-data-fa22b966ff2b1e98
mean_years_schooling_new_method,415,6271,121,0,0,627141501210,0000,11.53,2025-11-05 12:00:46,results\api\extract\data\dynamic_mean_years_schooling_new_method_2021.json,bps-data-0c5c8c6bbcc24cd9
mean_years_schooling_new_method,415,6271,122,0,0,627141501220,0000,11.55,2025-11-05 12:00:46,results\api\extract\data\dynamic_mean_years_schooling_new_method_2022.json,bps-data-cfe0654330afe1eb
mean_years_schooling_new_method,415,6271,123,0,0,627141501230,0000,11.65,2025-11-05 12:00:46,results\api\extract\data\dynamic_mean_years_schooling_new_method_2023.json,bps-data-6b97f25855ece024
mean_years_schooling_new_method,415,6271,124,0,0,627141501240,0000,11.66,2025-11-05 12:00:46,results\api\extract\data\dynamic_mean_years_schooling_new_method_2024.json,bps-data-fa22b966ff2b1e98
mean_years_schooling_new_method,415,6300,121,0,0,630041501210,0000,8.34,2025-11-05 12:00:46,results\api\extract\data\dynamic_mean_years_schooling_new_method_2021.json,bps-data-0c5c8c6bbcc24cd9
mean_years_schooling_new_method,415,6300,122,0,0,630041501220,0000,8.46,2025-11-05 12:00:46,results\api\extract\data\dynamic_mean_years_schooling_new_method_2022.json,bps-data-cfe0654330afe1eb
mean_years_schooling_new_method,415,6300,123,0,0,630041501230,0000,8.55,2025-11-05 12:00:46,results\api\extract\data\dynamic_mean_years_schooling_new_method_2023.json,bps-data-6b97f25855ece024
mean_years_schooling_new_method,415,6300,124,0,0,630041501240,0000,8.62,2025-11-05 12:00:46,results\api\extract\data\dynamic_mean_years_schooling_new_method_2024.json,bps-data-fa22b966ff2b1e98
mean_years_schooling_new_method,415,6301,121,0,0,630141501210,0000,7.89,2025-11-05 12:00:46,results\api\extract\data\dynamic_mean_years_schooling_new_method_2021.json,bps-data-0c5c8c6bbcc24cd9
mean_years_schooling_new_method,415,6301,122,0,0,630141501220,0000,7.9,2025-11-05 12:00:46,results\api\extract\data\dynamic_mean_years_schooling_new_method_2022.json,bps-data-cfe0654330afe1eb
mean_years_schooling_new_method,415,6301,123,0,0,630141501230,0000,7.92,2025-11-05 12:00:46,results\api\extract\data\dynamic_mean_years_schooling_new_method_2023.json,bps-data-6b97f25855ece024
mean_years_schooling_new_method,415,6301,124,0,0,630141501240,0000,7.94,2025-11-05 12:00:46,results\api\extract\data\dynamic_mean_years_schooling_new_method_2024.json,bps-data-fa22b966ff2b1e98
mean_years_schooling_new_method,415,6302,121,0,0,630241501210,0000,7.46,2025-11-05 12:00:46,results\api\extract\data\dynamic_mean_years_schooling_new_method_2021.json,bps-data-0c5c8c6bbcc24cd9
mean_years_schooling_new_method,415,6302,122,0,0,630241501220,0000,7.47,2025-11-05 12:00:46,results\api\extract\data\dynamic_mean_years_schooling_new_method_2022.json,bps-data-cfe0654330afe1eb
mean_years_schooling_new_method,415,6302,123,0,0,630241501230,0000,7.55,2025-11-05 12:00:46,results\api\extract\data\dynamic_mean_years_schooling_new_method_2023.json,bps-data-6b97f25855ece024
mean_years_schooling_new_method,415,6302,124,0,0,630241501240,0000,7.56,2025-11-05 12:00:46,results\api\extract\data\dynamic_mean_years_schooling_new_method_2024.json,bps-data-fa22b966ff2b1e98
mean_years_schooling_new_method,415,6303,121,0,0,630341501210,0000,7.52,2025-11-05 12:00:46,results\api\extract\data\dynamic_mean_years_schooling_new_method_2021.json,bps-data-0c5c8c6bbcc24cd9
mean_years_schooling_new_method,415,6303,122,0,0,630341501220,0000,7.71,2025-11-05 12:00:46,results\api\extract\data\dynamic_mean_years_schooling_new_method_2022.json,bps-data-cfe0654330afe1eb
mean_years_schooling_new_method,415,6303,123,0,0,630341501230,0000,7.94,2025-11-05 12:00:46,results\api\extract\data\dynamic_mean_years_schooling_new_method_2023.json,bps-data-6b97f25855ece024
mean_years_schooling_new_method,415,6303,124,0,0,630341501240,0000,7.95,2025-11-05 12:00:46,results\api\extract\data\dynamic_mean_years_schooling_new_method_2024.json,bps-data-fa22b966ff2b1e98
mean_years_schooling_new_method,415,6304,121,0,0,630441501210,0000,7.55,2025-11-05 12:00:46,results\api\extract\data\dynamic_mean_years_schooling_new_method_2021.json,bps-data-0c5c8c6bbcc24cd9
mean_years_schooling_new_method,415,6304,122,0,0,630441501220,0000,7.63,2025-11-05 12:00:46,results\api\extract\data\dynamic_mean_years_schooling_new_method_2022.json,bps-data-cfe0654330afe1eb
mean_years_schooling_new_method,415,6304,123,0,0,630441501230,0000,7.74,2025-11-05 12:00:46,results\api\extract\data\dynamic_mean_years_schooling_new_method_2023.json,bps-data-6b97f25855ece024
mean_years_schooling_new_method,415,6304,124,0,0,630441501240,0000,7.92,2025-11-05 12:00:46,results\api\extract\data\dynamic_mean_years_schooling_new_method_2024.json,bps-data-fa22b966ff2b1e98
mean_years_schooling_new_method,415,6305,121,0,0,630541501210,0000,7.77,2025-11-05 12:00:46,results\api\extract\data\dynamic_mean_years_schooling_new_method_2021.json,bps-data-0c5c8c6bbcc24cd9
mean_years_schooling_new_method,415,6305,122,0,0,630541501220,0000,7.95,2025-11-05 12:00:46,results\api\extract\data\dynamic_mean_years_schooling_new_method_2022.json,bps-data-cfe0654330afe1eb
mean_years_schooling_new_method,415,6305,123,0,0,630541501230,0000,8.05,2025-11-05 12:00:46,results\api\extract\data\dynamic_mean_years_schooling_new_method_2023.json,bps-data-6b97f25855ece024
mean_years_schooling_new_method,415,6305,124,0,0,630541501240,0000,8.15,2025-11-05 12:00:46,results\api\extract\data\dynamic_mean_years_schooling_new_method_2024.json,bps-data-fa22b966ff2b1e98
mean_years_schooling_new_method,415,6306,121,0,0,630641501210,0000,7.76,2025-11-05 12:00:46,results\api\extract\data\dynamic_mean_years_schooling_new_method_2021.json,bps-data-0c5c8c6bbcc24cd9
mean_years_schooling_new_method,415,6306,122,0,0,630641501220,0000,7.79,2025-11-05 12:00:46,results\api\extract\data\dynamic_mean_years_schooling_new_method_2022.json,bps-data-cfe0654330afe1eb
mean_years_schooling_new_method,415,6306,123,0,0,630641501230,0000,7.86,2025-11-05 12:00:46,results\api\extract\data\dynamic_mean_years_schooling_new_method_2023.json,bps-data-6b97f25855ece024
mean_years_schooling_new_method,415,6306,124,0,0,630641501240,0000,8.09,2025-11-05 12:00:46,results\api\extract\data\dynamic_mean_years_schooling_new_method_2024.json,bps-data-fa22b966ff2b1e98
mean_years_schooling_new_method,415,6307,121,0,0,630741501210,0000,8.01,2025-11-05 12:00:46,results\api\extract\data\dynamic_mean_years_schooling_new_method_2021.json,bps-data-0c5c8c6bbcc24cd9
mean_years_schooling_new_method,415,6307,122,0,0,630741501220,0000,8.28,2025-11-05 12:00:46,results\api\extract\data\dynamic_mean_years_schooling_new_method_2022.json,bps-data-cfe0654330afe1eb
mean_years_schooling_new_method,415,6307,123,0,0,630741501230,0000,8.29,2025-11-05 12:00:46,results\api\extract\data\dynamic_mean_years_schooling_new_method_2023.json,bps-data-6b97f25855ece024
mean_years_schooling_new_method,415,6307,124,0,0,630741501240,0000,8.35,2025-11-05 12:00:46,results\api\extract\data\dynamic_mean_years_schooling_new_method_2024.json,bps-data-fa22b966ff2b1e98
mean_years_schooling_new_method,415,6308,121,0,0,630841501210,0000,7.75,2025-11-05 12:00:46,results\api\extract\data\dynamic_mean_years_schooling_new_method_2021.json,bps-data-0c5c8c6bbcc24cd9
mean_years_schooling_new_method,415,6308,122,0,0,630841501220,0000,7.76,2025-11-05 12:00:46,results\api\extract\data\dynamic_mean_years_schooling_new_method_2022.json,bps-data-cfe0654330afe1eb
mean_years_schooling_new_method,415,6308,123,0,0,630841501230,0000,7.77,2025-11-05 12:00:46,results\api\extract\data\dynamic_mean_years_schooling_new_method_2023.json,bps-data-6b97f25855ece024
mean_years_schooling_new_method,415,6308,124,0,0,630841501240,0000,7.78,2025-11-05 12:00:46,results\api\extract\data\dynamic_mean_years_schooling_new_method_2024.json,bps-data-fa22b966ff2b1e98
mean_years_schooling_new_method,415,6309,121,0,0,630941501210,0000,9.11,2025-11-05 12:00:46,results\api\extract\data\dynamic_mean_years_schooling_new_method_2021.json,bps-data-0c5c8c6bbcc24cd9
mean_years_schooling_new_method,415,6309,122,0,0,630941501220,0000,9.12,2025-11-05 12:00:46,results\api\extract\data\dynamic_mean_years_schooling_new_method_2022.json,bps-data-cfe0654330afe1eb
mean_years_schooling_new_method,415,6309,123,0,0,630941501230,0000,9.14,2025-11-05 12:00:46,results\api\extract\data\dynamic_mean_years_schooling_new_method_2023.json,bps-data-6b97f25855ece024
mean_years_schooling_new_method,415,6309,124,0,0,630941501240,0000,9.15,2025-11-05 12:00:46,results\api\extract\data\dynamic_mean_years_schooling_new_method_2024.json,bps-data-fa22b966ff2b1e98
mean_years_schooling_new_method,415,6310,121,0,0,631041501210,0000,7.97,2025-11-05 12:00:46,results\api\extract\data\dynamic_mean_years_schooling_new_method_2021.json,bps-data-0c5c8c6bbcc24cd9
mean_years_schooling_new_method,415,6310,122,0,0,631041501220,0000,8.25,2025-11-05 12:00:46,results\api\extract\data\dynamic_mean_years_schooling_new_method_2022.json,bps-data-cfe0654330afe1eb
mean_years_schooling_new_method,415,6310,123,0,0,631041501230,0000,8.3,2025-11-05 12:00:46,results\api\extract\data\dynamic_mean_years_schooling_new_method_2023.json,bps-data-6b97f25855ece024
mean_years_schooling_new_method,415,6310,124,0,0,631041501240,0000,8.43,2025-11-05 12:00:46,results\api\extract\data\dynamic_mean_years_schooling_new_method_2024.json,bps-data-fa22b966ff2b1e98
mean_years_schooling_new_method,415,6311,121,0,0,631141501210,0000,7.69,2025-11-05 12:00:46,results\api\extract\data\dynamic_mean_years_schooling_new_method_2021.json,bps-data-0c5c8c6bbcc24cd9
mean_years_schooling_new_method,415,6311,122,0,0,631141501220,0000,7.85,2025-11-05 12:00:46,results\api\extract\data\dynamic_mean_years_schooling_new_method_2022.json,bps-data-cfe0654330afe1eb
mean_years_schooling_new_method,415,6311,123,0,0,631141501230,0000,8.03,2025-11-05 12:00:46,results\api\extract\data\dynamic_mean_years_schooling_new_method_2023.json,bps-data-6b97f25855ece024
mean_years_schooling_new_method,415,6311,124,0,0,631141501240,0000,8.13,2025-11-05 12:00:46,results\api\extract\data\dynamic_mean_years_schooling_new_method_2024.json,bps-data-fa22b966ff2b1e98
mean_years_schooling_new_method,415,6371,121,0,0,637141501210,0000,10.2,2025-11-05 12:00:46,results\api\extract\data\dynamic_mean_years_schooling_new_method_2021.json,bps-data-0c5c8c6bbcc24cd9
mean_years_schooling_new_method,415,6371,122,0,0,637141501220,0000,10.21,2025-11-05 12:00:46,results\api\extract\data\dynamic_mean_years_schooling_new_method_2022.json,bps-data-cfe0654330afe1eb
mean_years_schooling_new_method,415,6371,123,0,0,637141501230,0000,10.24,2025-11-05 12:00:46,results\api\extract\data\dynamic_mean_years_schooling_new_method_2023.json,bps-data-6b97f25855ece024
mean_years_schooling_new_method,415,6371,124,0,0,637141501240,0000,10.35,2025-11-05 12:00:46,results\api\extract\data\dynamic_mean_years_schooling_new_method_2024.json,bps-data-fa22b966ff2b1e98
mean_years_schooling_new_method,415,6372,121,0,0,637241501210,0000,10.96,2025-11-05 12:00:46,results\api\extract\data\dynamic_mean_years_schooling_new_method_2021.json,bps-data-0c5c8c6bbcc24cd9
mean_years_schooling_new_method,415,6372,122,0,0,637241501220,0000,10.98,2025-11-05 12:00:46,results\api\extract\data\dynamic_mean_years_schooling_new_method_2022.json,bps-data-cfe0654330afe1eb
mean_years_schooling_new_method,415,6372,123,0,0,637241501230,0000,10.99,2025-11-05 12:00:46,results\api\extract\data\dynamic_mean_years_schooling_new_method_2023.json,bps-data-6b97f25855ece024
mean_years_schooling_new_method,415,6372,124,0,0,637241501240,0000,11.0,2025-11-05 12:00:46,results\api\extract\data\dynamic_mean_years_schooling_new_method_2024.json,bps-data-fa22b966ff2b1e98
mean_years_schooling_new_method,415,6400,121,0,0,640041501210,0000,9.84,2025-11-05 12:00:46,results\api\extract\data\dynamic_mean_years_schooling_new_method_2021.json,bps-data-0c5c8c6bbcc24cd9
mean_years_schooling_new_method,415,6400,122,0,0,640041501220,0000,9.92,2025-11-05 12:00:46,results\api\extract\data\dynamic_mean_years_schooling_new_method_2022.json,bps-data-cfe0654330afe1eb
mean_years_schooling_new_method,415,6400,123,0,0,640041501230,0000,9.99,2025-11-05 12:00:46,results\api\extract\data\dynamic_mean_years_schooling_new_method_2023.json,bps-data-6b97f25855ece024
mean_years_schooling_new_method,415,6400,124,0,0,640041501240,0000,10.02,2025-11-05 12:00:46,results\api\extract\data\dynamic_mean_years_schooling_new_method_2024.json,bps-data-fa22b966ff2b1e98
mean_years_schooling_new_method,415,6401,121,0,0,640141501210,0000,8.79,2025-11-05 12:00:46,results\api\extract\data\dynamic_mean_years_schooling_new_method_2021.json,bps-data-0c5c8c6bbcc24cd9
mean_years_schooling_new_method,415,6401,122,0,0,640141501220,0000,8.8,2025-11-05 12:00:46,results\api\extract\data\dynamic_mean_years_schooling_new_method_2022.json,bps-data-cfe0654330afe1eb
mean_years_schooling_new_method,415,6401,123,0,0,640141501230,0000,8.91,2025-11-05 12:00:46,results\api\extract\data\dynamic_mean_years_schooling_new_method_2023.json,bps-data-6b97f25855ece024
mean_years_schooling_new_method,415,6401,124,0,0,640141501240,0000,8.92,2025-11-05 12:00:46,results\api\extract\data\dynamic_mean_years_schooling_new_method_2024.json,bps-data-fa22b966ff2b1e98
mean_years_schooling_new_method,415,6402,121,0,0,640241501210,0000,8.7,2025-11-05 12:00:46,results\api\extract\data\dynamic_mean_years_schooling_new_method_2021.json,bps-data-0c5c8c6bbcc24cd9
mean_years_schooling_new_method,415,6402,122,0,0,640241501220,0000,8.78,2025-11-05 12:00:46,results\api\extract\data\dynamic_mean_years_schooling_new_method_2022.json,bps-data-cfe0654330afe1eb
mean_years_schooling_new_method,415,6402,123,0,0,640241501230,0000,8.85,2025-11-05 12:00:46,results\api\extract\data\dynamic_mean_years_schooling_new_method_2023.json,bps-data-6b97f25855ece024
mean_years_schooling_new_method,415,6402,124,0,0,640241501240,0000,8.89,2025-11-05 12:00:46,results\api\extract\data\dynamic_mean_years_schooling_new_method_2024.json,bps-data-fa22b966ff2b1e98
mean_years_schooling_new_method,415,6403,121,0,0,640341501210,0000,9.23,2025-11-05 12:00:46,results\api\extract\data\dynamic_mean_years_schooling_new_method_2021.json,bps-data-0c5c8c6bbcc24cd9
mean_years_schooling_new_method,415,6403,122,0,0,640341501220,0000,9.24,2025-11-05 12:00:46,results\api\extract\data\dynamic_mean_years_schooling_new_method_2022.json,bps-data-cfe0654330afe1eb
mean_years_schooling_new_method,415,6403,123,0,0,640341501230,0000,9.26,2025-11-05 12:00:46,results\api\extract\data\dynamic_mean_years_schooling_new_method_2023.json,bps-data-6b97f25855ece024
mean_years_schooling_new_method,415,6403,124,0,0,640341501240,0000,9.27,2025-11-05 12:00:46,results\api\extract\data\dynamic_mean_years_schooling_new_method_2024.json,bps-data-fa22b966ff2b1e98
mean_years_schooling_new_method,415,6404,121,0,0,640441501210,0000,9.43,2025-11-05 12:00:46,results\api\extract\data\dynamic_mean_years_schooling_new_method_2021.json,bps-data-0c5c8c6bbcc24cd9
mean_years_schooling_new_method,415,6404,122,0,0,640441501220,0000,9.44,2025-11-05 12:00:46,results\api\extract\data\dynamic_mean_years_schooling_new_method_2022.json,bps-data-cfe0654330afe1eb
mean_years_schooling_new_method,415,6404,123,0,0,640441501230,0000,9.45,2025-11-05 12:00:46,results\api\extract\data\dynamic_mean_years_schooling_new_method_2023.json,bps-data-6b97f25855ece024
mean_years_schooling_new_method,415,6404,124,0,0,640441501240,0000,9.47,2025-11-05 12:00:46,results\api\extract\data\dynamic_mean_years_schooling_new_method_2024.json,bps-data-fa22b966ff2b1e98
mean_years_schooling_new_method,415,6405,121,0,0,640541501210,0000,9.53,2025-11-05 12:00:46,results\api\extract\data\dynamic_mean_years_schooling_new_method_2021.json,bps-data-0c5c8c6bbcc24cd9
mean_years_schooling_new_method,415,6405,122,0,0,640541501220,0000,9.54,2025-11-05 12:00:46,results\api\extract\data\dynamic_mean_years_schooling_new_method_2022.json,bps-data-cfe0654330afe1eb
mean_years_schooling_new_method,415,6405,123,0,0,640541501230,0000,9.56,2025-11-05 12:00:46,results\api\extract\data\dynamic_mean_years_schooling_new_method_2023.json,bps-data-6b97f25855ece024
mean_years_schooling_new_method,415,6405,124,0,0,640541501240,0000,9.57,2025-11-05 12:00:46,results\api\extract\data\dynamic_mean_years_schooling_new_method_2024.json,bps-data-fa22b966ff2b1e98
mean_years_schooling_new_method,415,6409,121,0,0,640941501210,0000,8.36,2025-11-05 12:00:46,results\api\extract\data\dynamic_mean_years_schooling_new_method_2021.json,bps-data-0c5c8c6bbcc24cd9
mean_years_schooling_new_method,415,6409,122,0,0,640941501220,0000,8.51,2025-11-05 12:00:46,results\api\extract\data\dynamic_mean_years_schooling_new_method_2022.json,bps-data-cfe0654330afe1eb
mean_years_schooling_new_method,415,6409,123,0,0,640941501230,0000,8.53,2025-11-05 12:00:46,results\api\extract\data\dynamic_mean_years_schooling_new_method_2023.json,bps-data-6b97f25855ece024
mean_years_schooling_new_method,415,6409,124,0,0,640941501240,0000,8.57,2025-11-05 12:00:46,results\api\extract\data\dynamic_mean_years_schooling_new_method_2024.json,bps-data-fa22b966ff2b1e98
mean_years_schooling_new_method,415,6411,121,0,0,641141501210,0000,8.18,2025-11-05 12:00:46,results\api\extract\data\dynamic_mean_years_schooling_new_method_2021.json,bps-data-0c5c8c6bbcc24cd9
mean_years_schooling_new_method,415,6411,122,0,0,641141501220,0000,8.36,2025-11-05 12:00:46,results\api\extract\data\dynamic_mean_years_schooling_new_method_2022.json,bps-data-cfe0654330afe1eb
mean_years_schooling_new_method,415,6411,123,0,0,641141501230,0000,8.49,2025-11-05 12:00:46,results\api\extract\data\dynamic_mean_years_schooling_new_method_2023.json,bps-data-6b97f25855ece024
mean_years_schooling_new_method,415,6411,124,0,0,641141501240,0000,8.5,2025-11-05 12:00:46,results\api\extract\data\dynamic_mean_years_schooling_new_method_2024.json,bps-data-fa22b966ff2b1e98
mean_years_schooling_new_method,415,6471,121,0,0,647141501210,0000,10.91,2025-11-05 12:00:46,results\api\extract\data\dynamic_mean_years_schooling_new_method_2021.json,bps-data-0c5c8c6bbcc24cd9
mean_years_schooling_new_method,415,6471,122,0,0,647141501220,0000,10.92,2025-11-05 12:00:46,results\api\extract\data\dynamic_mean_years_schooling_new_method_2022.json,bps-data-cfe0654330afe1eb
mean_years_schooling_new_method,415,6471,123,0,0,647141501230,0000,10.93,2025-11-05 12:00:46,results\api\extract\data\dynamic_mean_years_schooling_new_method_2023.json,bps-data-6b97f25855ece024
mean_years_schooling_new_method,415,6471,124,0,0,647141501240,0000,10.99,2025-11-05 12:00:46,results\api\extract\data\dynamic_mean_years_schooling_new_method_2024.json,bps-data-fa22b966ff2b1e98
mean_years_schooling_new_method,415,6472,121,0,0,647241501210,0000,10.49,2025-11-05 12:00:46,results\api\extract\data\dynamic_mean_years_schooling_new_method_2021.json,bps-data-0c5c8c6bbcc24cd9
mean_years_schooling_new_method,415,6472,122,0,0,647241501220,0000,10.71,2025-11-05 12:00:46,results\api\extract\data\dynamic_mean_years_schooling_new_method_2022.json,bps-data-cfe0654330afe1eb
mean_years_schooling_new_method,415,6472,123,0,0,647241501230,0000,10.93,2025-11-05 12:00:46,results\api\extract\data\dynamic_mean_years_schooling_new_method_2023.json,bps-data-6b97f25855ece024
mean_years_schooling_new_method,415,6472,124,0,0,647241501240,0000,10.95,2025-11-05 12:00:46,results\api\extract\data\dynamic_mean_years_schooling_new_method_2024.json,bps-data-fa22b966ff2b1e98
mean_years_schooling_new_method,415,6474,121,0,0,647441501210,0000,10.8,2025-11-05 12:00:46,results\api\extract\data\dynamic_mean_years_schooling_new_method_2021.json,bps-data-0c5c8c6bbcc24cd9
mean_years_schooling_new_method,415,6474,122,0,0,647441501220,0000,10.81,2025-11-05 12:00:46,results\api\extract\data\dynamic_mean_years_schooling_new_method_2022.json,bps-data-cfe0654330afe1eb
mean_years_schooling_new_method,415,6474,123,0,0,647441501230,0000,10.92,2025-11-05 12:00:46,results\api\extract\data\dynamic_mean_years_schooling_new_method_2023.json,bps-data-6b97f25855ece024
mean_years_schooling_new_method,415,6474,124,0,0,647441501240,0000,10.97,2025-11-05 12:00:46,results\api\extract\data\dynamic_mean_years_schooling_new_method_2024.json,bps-data-fa22b966ff2b1e98
mean_years_schooling_new_method,415,6500,121,0,0,650041501210,0000,9.11,2025-11-05 12:00:46,results\api\extract\data\dynamic_mean_years_schooling_new_method_2021.json,bps-data-0c5c8c6bbcc24cd9
mean_years_schooling_new_method,415,6500,122,0,0,650041501220,0000,9.27,2025-11-05 12:00:46,results\api\extract\data\dynamic_mean_years_schooling_new_method_2022.json,bps-data-cfe0654330afe1eb
mean_years_schooling_new_method,415,6500,123,0,0,650041501230,0000,9.34,2025-11-05 12:00:46,results\api\extract\data\dynamic_mean_years_schooling_new_method_2023.json,bps-data-6b97f25855ece024
mean_years_schooling_new_method,415,6500,124,0,0,650041501240,0000,9.35,2025-11-05 12:00:46,results\api\extract\data\dynamic_mean_years_schooling_new_method_2024.json,bps-data-fa22b966ff2b1e98
mean_years_schooling_new_method,415,6501,121,0,0,650141501210,0000,9.4,2025-11-05 12:00:46,results\api\extract\data\dynamic_mean_years_schooling_new_method_2021.json,bps-data-0c5c8c6bbcc24cd9
mean_years_schooling_new_method,415,6501,122,0,0,650141501220,0000,9.41,2025-11-05 12:00:46,results\api\extract\data\dynamic_mean_years_schooling_new_method_2022.json,bps-data-cfe0654330afe1eb
mean_years_schooling_new_method,415,6501,123,0,0,650141501230,0000,9.43,2025-11-05 12:00:46,results\api\extract\data\dynamic_mean_years_schooling_new_method_2023.json,bps-data-6b97f25855ece024
mean_years_schooling_new_method,415,6501,124,0,0,650141501240,0000,9.63,2025-11-05 12:00:46,results\api\extract\data\dynamic_mean_years_schooling_new_method_2024.json,bps-data-fa22b966ff2b1e98
mean_years_schooling_new_method,415,6502,121,0,0,650241501210,0000,9.19,2025-11-05 12:00:46,results\api\extract\data\dynamic_mean_years_schooling_new_method_2021.json,bps-data-0c5c8c6bbcc24cd9
mean_years_schooling_new_method,415,6502,122,0,0,650241501220,0000,9.2,2025-11-05 12:00:46,results\api\extract\data\dynamic_mean_years_schooling_new_method_2022.json,bps-data-cfe0654330afe1eb
mean_years_schooling_new_method,415,6502,123,0,0,650241501230,0000,9.21,2025-11-05 12:00:46,results\api\extract\data\dynamic_mean_years_schooling_new_method_2023.json,bps-data-6b97f25855ece024
mean_years_schooling_new_method,415,6502,124,0,0,650241501240,0000,9.23,2025-11-05 12:00:46,results\api\extract\data\dynamic_mean_years_schooling_new_method_2024.json,bps-data-fa22b966ff2b1e98
mean_years_schooling_new_method,415,6503,121,0,0,650341501210,0000,8.8,2025-11-05 12:00:46,results\api\extract\data\dynamic_mean_years_schooling_new_method_2021.json,bps-data-0c5c8c6bbcc24cd9
mean_years_schooling_new_method,415,6503,122,0,0,650341501220,0000,8.97,2025-11-05 12:00:46,results\api\extract\data\dynamic_mean_years_schooling_new_method_2022.json,bps-data-cfe0654330afe1eb
mean_years_schooling_new_method,415,6503,123,0,0,650341501230,0000,9.04,2025-11-05 12:00:46,results\api\extract\data\dynamic_mean_years_schooling_new_method_2023.json,bps-data-6b97f25855ece024
mean_years_schooling_new_method,415,6503,124,0,0,650341501240,0000,9.24,2025-11-05 12:00:46,results\api\extract\data\dynamic_mean_years_schooling_new_method_2024.json,bps-data-fa22b966ff2b1e98
mean_years_schooling_new_method,415,6504,121,0,0,650441501210,0000,8.17,2025-11-05 12:00:46,results\api\extract\data\dynamic_mean_years_schooling_new_method_2021.json,bps-data-0c5c8c6bbcc24cd9
mean_years_schooling_new_method,415,6504,122,0,0,650441501220,0000,8.24,2025-11-05 12:00:46,results\api\extract\data\dynamic_mean_years_schooling_new_method_2022.json,bps-data-cfe0654330afe1eb
mean_years_schooling_new_method,415,6504,123,0,0,650441501230,0000,8.26,2025-11-05 12:00:46,results\api\extract\data\dynamic_mean_years_schooling_new_method_2023.json,bps-data-6b97f25855ece024
mean_years_schooling_new_method,415,6504,124,0,0,650441501240,0000,8.39,2025-11-05 12:00:46,results\api\extract\data\dynamic_mean_years_schooling_new_method_2024.json,bps-data-fa22b966ff2b1e98
mean_years_schooling_new_method,415,6571,121,0,0,657141501210,0000,9.98,2025-11-05 12:00:46,results\api\extract\data\dynamic_mean_years_schooling_new_method_2021.json,bps-data-0c5c8c6bbcc24cd9
mean_years_schooling_new_method,415,6571,122,0,0,657141501220,0000,10.08,2025-11-05 12:00:46,results\api\extract\data\dynamic_mean_years_schooling_new_method_2022.json,bps-data-cfe0654330afe1eb
mean_years_schooling_new_method,415,6571,123,0,0,657141501230,0000,10.36,2025-11-05 12:00:46,results\api\extract\data\dynamic_mean_years_schooling_new_method_2023.json,bps-data-6b97f25855ece024
mean_years_schooling_new_method,415,6571,124,0,0,657141501240,0000,10.37,2025-11-05 12:00:46,results\api\extract\data\dynamic_mean_years_schooling_new_method_2024.json,bps-data-fa22b966ff2b1e98
mean_years_schooling_new_method,415,7100,121,0,0,710041501210,0000,9.62,2025-11-05 12:00:46,results\api\extract\data\dynamic_mean_years_schooling_new_method_2021.json,bps-data-0c5c8c6bbcc24cd9
mean_years_schooling_new_method,415,7100,122,0,0,710041501220,0000,9.68,2025-11-05 12:00:46,results\api\extract\data\dynamic_mean_years_schooling_new_method_2022.json,bps-data-cfe0654330afe1eb
mean_years_schooling_new_method,415,7100,123,0,0,710041501230,0000,9.77,2025-11-05 12:00:46,results\api\extract\data\dynamic_mean_years_schooling_new_method_2023.json,bps-data-6b97f25855ece024
mean_years_schooling_new_method,415,7100,124,0,0,710041501240,0000,9.84,2025-11-05 12:00:46,results\api\extract\data\dynamic_mean_years_schooling_new_method_2024.json,bps-data-fa22b966ff2b1e98
mean_years_schooling_new_method,415,7101,121,0,0,710141501210,0000,8.03,2025-11-05 12:00:46,results\api\extract\data\dynamic_mean_years_schooling_new_method_2021.json,bps-data-0c5c8c6bbcc24cd9
mean_years_schooling_new_method,415,7101,122,0,0,710141501220,0000,8.17,2025-11-05 12:00:46,results\api\extract\data\dynamic_mean_years_schooling_new_method_2022.json,bps-data-cfe0654330afe1eb
mean_years_schooling_new_method,415,7101,123,0,0,710141501230,0000,8.36,2025-11-05 12:00:46,results\api\extract\data\dynamic_mean_years_schooling_new_method_2023.json,bps-data-6b97f25855ece024
mean_years_schooling_new_method,415,7101,124,0,0,710141501240,0000,8.38,2025-11-05 12:00:46,results\api\extract\data\dynamic_mean_years_schooling_new_method_2024.json,bps-data-fa22b966ff2b1e98
mean_years_schooling_new_method,415,7102,121,0,0,710241501210,0000,9.73,2025-11-05 12:00:46,results\api\extract\data\dynamic_mean_years_schooling_new_method_2021.json,bps-data-0c5c8c6bbcc24cd9
mean_years_schooling_new_method,415,7102,122,0,0,710241501220,0000,9.82,2025-11-05 12:00:46,results\api\extract\data\dynamic_mean_years_schooling_new_method_2022.json,bps-data-cfe0654330afe1eb
mean_years_schooling_new_method,415,7102,123,0,0,710241501230,0000,10.11,2025-11-05 12:00:46,results\api\extract\data\dynamic_mean_years_schooling_new_method_2023.json,bps-data-6b97f25855ece024
mean_years_schooling_new_method,415,7102,124,0,0,710241501240,0000,10.23,2025-11-05 12:00:46,results\api\extract\data\dynamic_mean_years_schooling_new_method_2024.json,bps-data-fa22b966ff2b1e98
mean_years_schooling_new_method,415,7103,121,0,0,710341501210,0000,8.34,2025-11-05 12:00:46,results\api\extract\data\dynamic_mean_years_schooling_new_method_2021.json,bps-data-0c5c8c6bbcc24cd9
mean_years_schooling_new_method,415,7103,122,0,0,710341501220,0000,8.49,2025-11-05 12:00:46,results\api\extract\data\dynamic_mean_years_schooling_new_method_2022.json,bps-data-cfe0654330afe1eb
mean_years_schooling_new_method,415,7103,123,0,0,710341501230,0000,8.64,2025-11-05 12:00:46,results\api\extract\data\dynamic_mean_years_schooling_new_method_2023.json,bps-data-6b97f25855ece024
mean_years_schooling_new_method,415,7103,124,0,0,710341501240,0000,8.65,2025-11-05 12:00:46,results\api\extract\data\dynamic_mean_years_schooling_new_method_2024.json,bps-data-fa22b966ff2b1e98
mean_years_schooling_new_method,415,7104,121,0,0,710441501210,0000,9.72,2025-11-05 12:00:46,results\api\extract\data\dynamic_mean_years_schooling_new_method_2021.json,bps-data-0c5c8c6bbcc24cd9
mean_years_schooling_new_method,415,7104,122,0,0,710441501220,0000,9.73,2025-11-05 12:00:46,results\api\extract\data\dynamic_mean_years_schooling_new_method_2022.json,bps-data-cfe0654330afe1eb
mean_years_schooling_new_method,415,7104,123,0,0,710441501230,0000,9.91,2025-11-05 12:00:46,results\api\extract\data\dynamic_mean_years_schooling_new_method_2023.json,bps-data-6b97f25855ece024
mean_years_schooling_new_method,415,7104,124,0,0,710441501240,0000,9.96,2025-11-05 12:00:46,results\api\extract\data\dynamic_mean_years_schooling_new_method_2024.json,bps-data-fa22b966ff2b1e98
mean_years_schooling_new_method,415,7105,121,0,0,710541501210,0000,9.09,2025-11-05 12:00:46,results\api\extract\data\dynamic_mean_years_schooling_new_method_2021.json,bps-data-0c5c8c6bbcc24cd9
mean_years_schooling_new_method,415,7105,122,0,0,710541501220,0000,9.19,2025-11-05 12:00:46,results\api\extract\data\dynamic_mean_years_schooling_new_method_2022.json,bps-data-cfe0654330afe1eb
mean_years_schooling_new_method,415,7105,123,0,0,710541501230,0000,9.41,2025-11-05 12:00:46,results\api\extract\data\dynamic_mean_years_schooling_new_method_2023.json,bps-data-6b97f25855ece024
mean_years_schooling_new_method,415,7105,124,0,0,710541501240,0000,9.43,2025-11-05 12:00:46,results\api\extract\data\dynamic_mean_years_schooling_new_method_2024.json,bps-data-fa22b966ff2b1e98
mean_years_schooling_new_method,415,7106,121,0,0,710641501210,0000,10.0,2025-11-05 12:00:46,results\api\extract\data\dynamic_mean_years_schooling_new_method_2021.json,bps-data-0c5c8c6bbcc24cd9
mean_years_schooling_new_method,415,7106,122,0,0,710641501220,0000,10.18,2025-11-05 12:00:46,results\api\extract\data\dynamic_mean_years_schooling_new_method_2022.json,bps-data-cfe0654330afe1eb
mean_years_schooling_new_method,415,7106,123,0,0,710641501230,0000,10.3,2025-11-05 12:00:46,results\api\extract\data\dynamic_mean_years_schooling_new_method_2023.json,bps-data-6b97f25855ece024
mean_years_schooling_new_method,415,7106,124,0,0,710641501240,0000,10.35,2025-11-05 12:00:46,results\api\extract\data\dynamic_mean_years_schooling_new_method_2024.json,bps-data-fa22b966ff2b1e98
mean_years_schooling_new_method,415,7107,121,0,0,710741501210,0000,8.41,2025-11-05 12:00:46,results\api\extract\data\dynamic_mean_years_schooling_new_method_2021.json,bps-data-0c5c8c6bbcc24cd9
mean_years_schooling_new_method,415,7107,122,0,0,710741501220,0000,8.57,2025-11-05 12:00:46,results\api\extract\data\dynamic_mean_years_schooling_new_method_2022.json,bps-data-cfe0654330afe1eb
mean_years_schooling_new_method,415,7107,123,0,0,710741501230,0000,8.58,2025-11-05 12:00:46,results\api\extract\data\dynamic_mean_years_schooling_new_method_2023.json,bps-data-6b97f25855ece024
mean_years_schooling_new_method,415,7107,124,0,0,710741501240,0000,8.61,2025-11-05 12:00:46,results\api\extract\data\dynamic_mean_years_schooling_new_method_2024.json,bps-data-fa22b966ff2b1e98
mean_years_schooling_new_method,415,7108,121,0,0,710841501210,0000,9.03,2025-11-05 12:00:46,results\api\extract\data\dynamic_mean_years_schooling_new_method_2021.json,bps-data-0c5c8c6bbcc24cd9
mean_years_schooling_new_method,415,7108,122,0,0,710841501220,0000,9.21,2025-11-05 12:00:46,results\api\extract\data\dynamic_mean_years_schooling_new_method_2022.json,bps-data-cfe0654330afe1eb
mean_years_schooling_new_method,415,7108,123,0,0,710841501230,0000,9.25,2025-11-05 12:00:46,results\api\extract\data\dynamic_mean_years_schooling_new_method_2023.json,bps-data-6b97f25855ece024
mean_years_schooling_new_method,415,7108,124,0,0,710841501240,0000,9.43,2025-11-05 12:00:46,results\api\extract\data\dynamic_mean_years_schooling_new_method_2024.json,bps-data-fa22b966ff2b1e98
mean_years_schooling_new_method,415,7109,121,0,0,710941501210,0000,9.11,2025-11-05 12:00:46,results\api\extract\data\dynamic_mean_years_schooling_new_method_2021.json,bps-data-0c5c8c6bbcc24cd9
mean_years_schooling_new_method,415,7109,122,0,0,710941501220,0000,9.12,2025-11-05 12:00:46,results\api\extract\data\dynamic_mean_years_schooling_new_method_2022.json,bps-data-cfe0654330afe1eb
mean_years_schooling_new_method,415,7109,123,0,0,710941501230,0000,9.13,2025-11-05 12:00:46,results\api\extract\data\dynamic_mean_years_schooling_new_method_2023.json,bps-data-6b97f25855ece024
mean_years_schooling_new_method,415,7109,124,0,0,710941501240,0000,9.14,2025-11-05 12:00:46,results\api\extract\data\dynamic_mean_years_schooling_new_method_2024.json,bps-data-fa22b966ff2b1e98
mean_years_schooling_new_method,415,7110,121,0,0,711041501210,0000,8.15,2025-11-05 12:00:46,results\api\extract\data\dynamic_mean_years_schooling_new_method_2021.json,bps-data-0c5c8c6bbcc24cd9
mean_years_schooling_new_method,415,7110,122,0,0,711041501220,0000,8.16,2025-11-05 12:00:46,results\api\extract\data\dynamic_mean_years_schooling_new_method_2022.json,bps-data-cfe0654330afe1eb
mean_years_schooling_new_method,415,7110,123,0,0,711041501230,0000,8.17,2025-11-05 12:00:46,results\api\extract\data\dynamic_mean_years_schooling_new_method_2023.json,bps-data-6b97f25855ece024
mean_years_schooling_new_method,415,7110,124,0,0,711041501240,0000,8.28,2025-11-05 12:00:46,results\api\extract\data\dynamic_mean_years_schooling_new_method_2024.json,bps-data-fa22b966ff2b1e98
mean_years_schooling_new_method,415,7111,121,0,0,711141501210,0000,7.93,2025-11-05 12:00:46,results\api\extract\data\dynamic_mean_years_schooling_new_method_2021.json,bps-data-0c5c8c6bbcc24cd9
mean_years_schooling_new_method,415,7111,122,0,0,711141501220,0000,8.09,2025-11-05 12:00:46,results\api\extract\data\dynamic_mean_years_schooling_new_method_2022.json,bps-data-cfe0654330afe1eb
mean_years_schooling_new_method,415,7111,123,0,0,711141501230,0000,8.27,2025-11-05 12:00:46,results\api\extract\data\dynamic_mean_years_schooling_new_method_2023.json,bps-data-6b97f25855ece024
mean_years_schooling_new_method,415,7111,124,0,0,711141501240,0000,8.29,2025-11-05 12:00:46,results\api\extract\data\dynamic_mean_years_schooling_new_method_2024.json,bps-data-fa22b966ff2b1e98
mean_years_schooling_new_method,415,7171,121,0,0,717141501210,0000,11.42,2025-11-05 12:00:46,results\api\extract\data\dynamic_mean_years_schooling_new_method_2021.json,bps-data-0c5c8c6bbcc24cd9
mean_years_schooling_new_method,415,7171,122,0,0,717141501220,0000,11.43,2025-11-05 12:00:46,results\api\extract\data\dynamic_mean_years_schooling_new_method_2022.json,bps-data-cfe0654330afe1eb
mean_years_schooling_new_method,415,7171,123,0,0,717141501230,0000,11.44,2025-11-05 12:00:46,results\api\extract\data\dynamic_mean_years_schooling_new_method_2023.json,bps-data-6b97f25855ece024
mean_years_schooling_new_method,415,7171,124,0,0,717141501240,0000,11.46,2025-11-05 12:00:46,results\api\extract\data\dynamic_mean_years_schooling_new_method_2024.json,bps-data-fa22b966ff2b1e98
mean_years_schooling_new_method,415,7172,121,0,0,717241501210,0000,9.89,2025-11-05 12:00:46,results\api\extract\data\dynamic_mean_years_schooling_new_method_2021.json,bps-data-0c5c8c6bbcc24cd9
mean_years_schooling_new_method,415,7172,122,0,0,717241501220,0000,9.91,2025-11-05 12:00:46,results\api\extract\data\dynamic_mean_years_schooling_new_method_2022.json,bps-data-cfe0654330afe1eb
mean_years_schooling_new_method,415,7172,123,0,0,717241501230,0000,9.94,2025-11-05 12:00:46,results\api\extract\data\dynamic_mean_years_schooling_new_method_2023.json,bps-data-6b97f25855ece024
mean_years_schooling_new_method,415,7172,124,0,0,717241501240,0000,9.96,2025-11-05 12:00:46,results\api\extract\data\dynamic_mean_years_schooling_new_method_2024.json,bps-data-fa22b966ff2b1e98
mean_years_schooling_new_method,415,7173,121,0,0,717341501210,0000,10.74,2025-11-05 12:00:46,results\api\extract\data\dynamic_mean_years_schooling_new_method_2021.json,bps-data-0c5c8c6bbcc24cd9
mean_years_schooling_new_method,415,7173,122,0,0,717341501220,0000,10.75,2025-11-05 12:00:46,results\api\extract\data\dynamic_mean_years_schooling_new_method_2022.json,bps-data-cfe0654330afe1eb
mean_years_schooling_new_method,415,7173,123,0,0,717341501230,0000,10.99,2025-11-05 12:00:46,results\api\extract\data\dynamic_mean_years_schooling_new_method_2023.json,bps-data-6b97f25855ece024
mean_years_schooling_new_method,415,7173,124,0,0,717341501240,0000,11.03,2025-11-05 12:00:46,results\api\extract\data\dynamic_mean_years_schooling_new_method_2024.json,bps-data-fa22b966ff2b1e98
mean_years_schooling_new_method,415,7174,121,0,0,717441501210,0000,10.31,2025-11-05 12:00:46,results\api\extract\data\dynamic_mean_years_schooling_new_method_2021.json,bps-data-0c5c8c6bbcc24cd9
mean_years_schooling_new_method,415,7174,122,0,0,717441501220,0000,10.32,2025-11-05 12:00:46,results\api\extract\data\dynamic_mean_years_schooling_new_method_2022.json,bps-data-cfe0654330afe1eb
mean_years_schooling_new_method,415,7174,123,0,0,717441501230,0000,10.33,2025-11-05 12:00:46,results\api\extract\data\dynamic_mean_years_schooling_new_method_2023.json,bps-data-6b97f25855ece024
mean_years_schooling_new_method,415,7174,124,0,0,717441501240,0000,10.35,2025-11-05 12:00:46,results\api\extract\data\dynamic_mean_years_schooling_new_method_2024.json,bps-data-fa22b966ff2b1e98
mean_years_schooling_new_method,415,7200,121,0,0,720041501210,0000,8.89,2025-11-05 12:00:46,results\api\extract\data\dynamic_mean_years_schooling_new_method_2021.json,bps-data-0c5c8c6bbcc24cd9
mean_years_schooling_new_method,415,7200,122,0,0,720041501220,0000,8.89,2025-11-05 12:00:46,results\api\extract\data\dynamic_mean_years_schooling_new_method_2022.json,bps-data-cfe0654330afe1eb
mean_years_schooling_new_method,415,7200,123,0,0,720041501230,0000,8.96,2025-11-05 12:00:46,results\api\extract\data\dynamic_mean_years_schooling_new_method_2023.json,bps-data-6b97f25855ece024
mean_years_schooling_new_method,415,7200,124,0,0,720041501240,0000,9.04,2025-11-05 12:00:46,results\api\extract\data\dynamic_mean_years_schooling_new_method_2024.json,bps-data-fa22b966ff2b1e98
mean_years_schooling_new_method,415,7201,121,0,0,720141501210,0000,8.44,2025-11-05 12:00:46,results\api\extract\data\dynamic_mean_years_schooling_new_method_2021.json,bps-data-0c5c8c6bbcc24cd9
mean_years_schooling_new_method,415,7201,122,0,0,720141501220,0000,8.46,2025-11-05 12:00:46,results\api\extract\data\dynamic_mean_years_schooling_new_method_2022.json,bps-data-cfe0654330afe1eb
mean_years_schooling_new_method,415,7201,123,0,0,720141501230,0000,8.62,2025-11-05 12:00:46,results\api\extract\data\dynamic_mean_years_schooling_new_method_2023.json,bps-data-6b97f25855ece024
mean_years_schooling_new_method,415,7201,124,0,0,720141501240,0000,8.7,2025-11-05 12:00:46,results\api\extract\data\dynamic_mean_years_schooling_new_method_2024.json,bps-data-fa22b966ff2b1e98
mean_years_schooling_new_method,415,7202,121,0,0,720241501210,0000,8.53,2025-11-05 12:00:46,results\api\extract\data\dynamic_mean_years_schooling_new_method_2021.json,bps-data-0c5c8c6bbcc24cd9
mean_years_schooling_new_method,415,7202,122,0,0,720241501220,0000,8.54,2025-11-05 12:00:46,results\api\extract\data\dynamic_mean_years_schooling_new_method_2022.json,bps-data-cfe0654330afe1eb
mean_years_schooling_new_method,415,7202,123,0,0,720241501230,0000,8.63,2025-11-05 12:00:46,results\api\extract\data\dynamic_mean_years_schooling_new_method_2023.json,bps-data-6b97f25855ece024
mean_years_schooling_new_method,415,7202,124,0,0,720241501240,0000,8.81,2025-11-05 12:00:46,results\api\extract\data\dynamic_mean_years_schooling_new_method_2024.json,bps-data-fa22b966ff2b1e98
mean_years_schooling_new_method,415,7203,121,0,0,720341501210,0000,9.34,2025-11-05 12:00:46,results\api\extract\data\dynamic_mean_years_schooling_new_method_2021.json,bps-data-0c5c8c6bbcc24cd9
mean_years_schooling_new_method,415,7203,122,0,0,720341501220,0000,9.35,2025-11-05 12:00:46,results\api\extract\data\dynamic_mean_years_schooling_new_method_2022.json,bps-data-cfe0654330afe1eb
mean_years_schooling_new_method,415,7203,123,0,0,720341501230,0000,9.37,2025-11-05 12:00:46,results\api\extract\data\dynamic_mean_years_schooling_new_method_2023.json,bps-data-6b97f25855ece024
mean_years_schooling_new_method,415,7203,124,0,0,720341501240,0000,9.38,2025-11-05 12:00:46,results\api\extract\data\dynamic_mean_years_schooling_new_method_2024.json,bps-data-fa22b966ff2b1e98
mean_years_schooling_new_method,415,7204,121,0,0,720441501210,0000,9.5,2025-11-05 12:00:46,results\api\extract\data\dynamic_mean_years_schooling_new_method_2021.json,bps-data-0c5c8c6bbcc24cd9
mean_years_schooling_new_method,415,7204,122,0,0,720441501220,0000,9.52,2025-11-05 12:00:46,results\api\extract\data\dynamic_mean_years_schooling_new_method_2022.json,bps-data-cfe0654330afe1eb
mean_years_schooling_new_method,415,7204,123,0,0,720441501230,0000,9.53,2025-11-05 12:00:46,results\api\extract\data\dynamic_mean_years_schooling_new_method_2023.json,bps-data-6b97f25855ece024
mean_years_schooling_new_method,415,7204,124,0,0,720441501240,0000,9.54,2025-11-05 12:00:46,results\api\extract\data\dynamic_mean_years_schooling_new_method_2024.json,bps-data-fa22b966ff2b1e98
mean_years_schooling_new_method,415,7205,121,0,0,720541501210,0000,7.98,2025-11-05 12:00:46,results\api\extract\data\dynamic_mean_years_schooling_new_method_2021.json,bps-data-0c5c8c6bbcc24cd9
mean_years_schooling_new_method,415,7205,122,0,0,720541501220,0000,7.98,2025-11-05 12:00:46,results\api\extract\data\dynamic_mean_years_schooling_new_method_2022.json,bps-data-cfe0654330afe1eb
mean_years_schooling_new_method,415,7205,123,0,0,720541501230,0000,7.99,2025-11-05 12:00:46,results\api\extract\data\dynamic_mean_years_schooling_new_method_2023.json,bps-data-6b97f25855ece024
mean_years_schooling_new_method,415,7205,124,0,0,720541501240,0000,8.0,2025-11-05 12:00:46,results\api\extract\data\dynamic_mean_years_schooling_new_method_2024.json,bps-data-fa22b966ff2b1e98
mean_years_schooling_new_method,415,7206,121,0,0,720641501210,0000,8.76,2025-11-05 12:00:46,results\api\extract\data\dynamic_mean_years_schooling_new_method_2021.json,bps-data-0c5c8c6bbcc24cd9
mean_years_schooling_new_method,415,7206,122,0,0,720641501220,0000,8.76,2025-11-05 12:00:46,results\api\extract\data\dynamic_mean_years_schooling_new_method_2022.json,bps-data-cfe0654330afe1eb
mean_years_schooling_new_method,415,7206,123,0,0,720641501230,0000,8.77,2025-11-05 12:00:46,results\api\extract\data\dynamic_mean_years_schooling_new_method_2023.json,bps-data-6b97f25855ece024
mean_years_schooling_new_method,415,7206,124,0,0,720641501240,0000,8.91,2025-11-05 12:00:46,results\api\extract\data\dynamic_mean_years_schooling_new_method_2024.json,bps-data-fa22b966ff2b1e98
mean_years_schooling_new_method,415,7207,121,0,0,720741501210,0000,9.08,2025-11-05 12:00:46,results\api\extract\data\dynamic_mean_years_schooling_new_method_2021.json,bps-data-0c5c8c6bbcc24cd9
mean_years_schooling_new_method,415,7207,122,0,0,720741501220,0000,9.08,2025-11-05 12:00:46,results\api\extract\data\dynamic_mean_years_schooling_new_method_2022.json,bps-data-cfe0654330afe1eb
mean_years_schooling_new_method,415,7207,123,0,0,720741501230,0000,9.09,2025-11-05 12:00:46,results\api\extract\data\dynamic_mean_years_schooling_new_method_2023.json,bps-data-6b97f25855ece024
mean_years_schooling_new_method,415,7207,124,0,0,720741501240,0000,9.2,2025-11-05 12:00:46,results\api\extract\data\dynamic_mean_years_schooling_new_method_2024.json,bps-data-fa22b966ff2b1e98
mean_years_schooling_new_method,415,7208,121,0,0,720841501210,0000,7.74,2025-11-05 12:00:46,results\api\extract\data\dynamic_mean_years_schooling_new_method_2021.json,bps-data-0c5c8c6bbcc24cd9
mean_years_schooling_new_method,415,7208,122,0,0,720841501220,0000,7.77,2025-11-05 12:00:46,results\api\extract\data\dynamic_mean_years_schooling_new_method_2022.json,bps-data-cfe0654330afe1eb
mean_years_schooling_new_method,415,7208,123,0,0,720841501230,0000,8.04,2025-11-05 12:00:46,results\api\extract\data\dynamic_mean_years_schooling_new_method_2023.json,bps-data-6b97f25855ece024
mean_years_schooling_new_method,415,7208,124,0,0,720841501240,0000,8.05,2025-11-05 12:00:46,results\api\extract\data\dynamic_mean_years_schooling_new_method_2024.json,bps-data-fa22b966ff2b1e98
mean_years_schooling_new_method,415,7209,121,0,0,720941501210,0000,8.4,2025-11-05 12:00:46,results\api\extract\data\dynamic_mean_years_schooling_new_method_2021.json,bps-data-0c5c8c6bbcc24cd9
mean_years_schooling_new_method,415,7209,122,0,0,720941501220,0000,8.41,2025-11-05 12:00:46,results\api\extract\data\dynamic_mean_years_schooling_new_method_2022.json,bps-data-cfe0654330afe1eb
mean_years_schooling_new_method,415,7209,123,0,0,720941501230,0000,8.51,2025-11-05 12:00:46,results\api\extract\data\dynamic_mean_years_schooling_new_method_2023.json,bps-data-6b97f25855ece024
mean_years_schooling_new_method,415,7209,124,0,0,720941501240,0000,8.56,2025-11-05 12:00:46,results\api\extract\data\dynamic_mean_years_schooling_new_method_2024.json,bps-data-fa22b966ff2b1e98
mean_years_schooling_new_method,415,7210,121,0,0,721041501210,0000,8.82,2025-11-05 12:00:46,results\api\extract\data\dynamic_mean_years_schooling_new_method_2021.json,bps-data-0c5c8c6bbcc24cd9
mean_years_schooling_new_method,415,7210,122,0,0,721041501220,0000,8.84,2025-11-05 12:00:46,results\api\extract\data\dynamic_mean_years_schooling_new_method_2022.json,bps-data-cfe0654330afe1eb
mean_years_schooling_new_method,415,7210,123,0,0,721041501230,0000,9.03,2025-11-05 12:00:46,results\api\extract\data\dynamic_mean_years_schooling_new_method_2023.json,bps-data-6b97f25855ece024
mean_years_schooling_new_method,415,7210,124,0,0,721041501240,0000,9.04,2025-11-05 12:00:46,results\api\extract\data\dynamic_mean_years_schooling_new_method_2024.json,bps-data-fa22b966ff2b1e98
mean_years_schooling_new_method,415,7211,121,0,0,721141501210,0000,8.63,2025-11-05 12:00:46,results\api\extract\data\dynamic_mean_years_schooling_new_method_2021.json,bps-data-0c5c8c6bbcc24cd9
mean_years_schooling_new_method,415,7211,122,0,0,721141501220,0000,8.63,2025-11-05 12:00:46,results\api\extract\data\dynamic_mean_years_schooling_new_method_2022.json,bps-data-cfe0654330afe1eb
mean_years_schooling_new_method,415,7211,123,0,0,721141501230,0000,8.64,2025-11-05 12:00:46,results\api\extract\data\dynamic_mean_years_schooling_new_method_2023.json,bps-data-6b97f25855ece024
mean_years_schooling_new_method,415,7211,124,0,0,721141501240,0000,8.65,2025-11-05 12:00:46,results\api\extract\data\dynamic_mean_years_schooling_new_method_2024.json,bps-data-fa22b966ff2b1e98
mean_years_schooling_new_method,415,7212,121,0,0,721241501210,0000,8.72,2025-11-05 12:00:46,results\api\extract\data\dynamic_mean_years_schooling_new_method_2021.json,bps-data-0c5c8c6bbcc24cd9
mean_years_schooling_new_method,415,7212,122,0,0,721241501220,0000,8.75,2025-11-05 12:00:46,results\api\extract\data\dynamic_mean_years_schooling_new_method_2022.json,bps-data-cfe0654330afe1eb
mean_years_schooling_new_method,415,7212,123,0,0,721241501230,0000,8.94,2025-11-05 12:00:46,results\api\extract\data\dynamic_mean_years_schooling_new_method_2023.json,bps-data-6b97f25855ece024
mean_years_schooling_new_method,415,7212,124,0,0,721241501240,0000,9.13,2025-11-05 12:00:46,results\api\extract\data\dynamic_mean_years_schooling_new_method_2024.json,bps-data-fa22b966ff2b1e98
mean_years_schooling_new_method,415,7271,121,0,0,727141501210,0000,11.72,2025-11-05 12:00:46,results\api\extract\data\dynamic_mean_years_schooling_new_method_2021.json,bps-data-0c5c8c6bbcc24cd9
mean_years_schooling_new_method,415,7271,122,0,0,727141501220,0000,11.73,2025-11-05 12:00:46,results\api\extract\data\dynamic_mean_years_schooling_new_method_2022.json,bps-data-cfe0654330afe1eb
mean_years_schooling_new_method,415,7271,123,0,0,727141501230,0000,11.74,2025-11-05 12:00:46,results\api\extract\data\dynamic_mean_years_schooling_new_method_2023.json,bps-data-6b97f25855ece024
mean_years_schooling_new_method,415,7271,124,0,0,727141501240,0000,11.75,2025-11-05 12:00:46,results\api\extract\data\dynamic_mean_years_schooling_new_method_2024.json,bps-data-fa22b966ff2b1e98
mean_years_schooling_new_method,415,7300,121,0,0,730041501210,0000,8.46,2025-11-05 12:00:46,results\api\extract\data\dynamic_mean_years_schooling_new_method_2021.json,bps-data-0c5c8c6bbcc24cd9
mean_years_schooling_new_method,415,7300,122,0,0,730041501220,0000,8.63,2025-11-05 12:00:46,results\api\extract\data\dynamic_mean_years_schooling_new_method_2022.json,bps-data-cfe0654330afe1eb
mean_years_schooling_new_method,415,7300,123,0,0,730041501230,0000,8.76,2025-11-05 12:00:46,results\api\extract\data\dynamic_mean_years_schooling_new_method_2023.json,bps-data-6b97f25855ece024
mean_years_schooling_new_method,415,7300,124,0,0,730041501240,0000,8.86,2025-11-05 12:00:46,results\api\extract\data\dynamic_mean_years_schooling_new_method_2024.json,bps-data-fa22b966ff2b1e98
mean_years_schooling_new_method,415,7301,121,0,0,730141501210,0000,8.08,2025-11-05 12:00:46,results\api\extract\data\dynamic_mean_years_schooling_new_method_2021.json,bps-data-0c5c8c6bbcc24cd9
mean_years_schooling_new_method,415,7301,122,0,0,730141501220,0000,8.09,2025-11-05 12:00:46,results\api\extract\data\dynamic_mean_years_schooling_new_method_2022.json,bps-data-cfe0654330afe1eb
mean_years_schooling_new_method,415,7301,123,0,0,730141501230,0000,8.35,2025-11-05 12:00:46,results\api\extract\data\dynamic_mean_years_schooling_new_method_2023.json,bps-data-6b97f25855ece024
mean_years_schooling_new_method,415,7301,124,0,0,730141501240,0000,8.49,2025-11-05 12:00:46,results\api\extract\data\dynamic_mean_years_schooling_new_method_2024.json,bps-data-fa22b966ff2b1e98
mean_years_schooling_new_method,415,7302,121,0,0,730241501210,0000,7.82,2025-11-05 12:00:46,results\api\extract\data\dynamic_mean_years_schooling_new_method_2021.json,bps-data-0c5c8c6bbcc24cd9
mean_years_schooling_new_method,415,7302,122,0,0,730241501220,0000,8.01,2025-11-05 12:00:46,results\api\extract\data\dynamic_mean_years_schooling_new_method_2022.json,bps-data-cfe0654330afe1eb
mean_years_schooling_new_method,415,7302,123,0,0,730241501230,0000,8.26,2025-11-05 12:00:46,results\api\extract\data\dynamic_mean_years_schooling_new_method_2023.json,bps-data-6b97f25855ece024
mean_years_schooling_new_method,415,7302,124,0,0,730241501240,0000,8.52,2025-11-05 12:00:46,results\api\extract\data\dynamic_mean_years_schooling_new_method_2024.json,bps-data-fa22b966ff2b1e98
mean_years_schooling_new_method,415,7303,121,0,0,730341501210,0000,6.77,2025-11-05 12:00:46,results\api\extract\data\dynamic_mean_years_schooling_new_method_2021.json,bps-data-0c5c8c6bbcc24cd9
mean_years_schooling_new_method,415,7303,122,0,0,730341501220,0000,6.81,2025-11-05 12:00:46,results\api\extract\data\dynamic_mean_years_schooling_new_method_2022.json,bps-data-cfe0654330afe1eb
mean_years_schooling_new_method,415,7303,123,0,0,730341501230,0000,7.09,2025-11-05 12:00:46,results\api\extract\data\dynamic_mean_years_schooling_new_method_2023.json,bps-data-6b97f25855ece024
mean_years_schooling_new_method,415,7303,124,0,0,730341501240,0000,7.26,2025-11-05 12:00:46,results\api\extract\data\dynamic_mean_years_schooling_new_method_2024.json,bps-data-fa22b966ff2b1e98
mean_years_schooling_new_method,415,7304,121,0,0,730441501210,0000,6.6,2025-11-05 12:00:46,results\api\extract\data\dynamic_mean_years_schooling_new_method_2021.json,bps-data-0c5c8c6bbcc24cd9
mean_years_schooling_new_method,415,7304,122,0,0,730441501220,0000,6.75,2025-11-05 12:00:46,results\api\extract\data\dynamic_mean_years_schooling_new_method_2022.json,bps-data-cfe0654330afe1eb
mean_years_schooling_new_method,415,7304,123,0,0,730441501230,0000,7.0,2025-11-05 12:00:46,results\api\extract\data\dynamic_mean_years_schooling_new_method_2023.json,bps-data-6b97f25855ece024
mean_years_schooling_new_method,415,7304,124,0,0,730441501240,0000,7.01,2025-11-05 12:00:46,results\api\extract\data\dynamic_mean_years_schooling_new_method_2024.json,bps-data-fa22b966ff2b1e98
mean_years_schooling_new_method,415,7305,121,0,0,730541501210,0000,7.49,2025-11-05 12:00:46,results\api\extract\data\dynamic_mean_years_schooling_new_method_2021.json,bps-data-0c5c8c6bbcc24cd9
mean_years_schooling_new_method,415,7305,122,0,0,730541501220,0000,7.64,2025-11-05 12:00:46,results\api\extract\data\dynamic_mean_years_schooling_new_method_2022.json,bps-data-cfe0654330afe1eb
mean_years_schooling_new_method,415,7305,123,0,0,730541501230,0000,7.66,2025-11-05 12:00:46,results\api\extract\data\dynamic_mean_years_schooling_new_method_2023.json,bps-data-6b97f25855ece024
mean_years_schooling_new_method,415,7305,124,0,0,730541501240,0000,7.73,2025-11-05 12:00:46,results\api\extract\data\dynamic_mean_years_schooling_new_method_2024.json,bps-data-fa22b966ff2b1e98
mean_years_schooling_new_method,415,7306,121,0,0,730641501210,0000,8.2,2025-11-05 12:00:46,results\api\extract\data\dynamic_mean_years_schooling_new_method_2021.json,bps-data-0c5c8c6bbcc24cd9
mean_years_schooling_new_method,415,7306,122,0,0,730641501220,0000,8.4,2025-11-05 12:00:46,results\api\extract\data\dynamic_mean_years_schooling_new_method_2022.json,bps-data-cfe0654330afe1eb
mean_years_schooling_new_method,415,7306,123,0,0,730641501230,0000,8.41,2025-11-05 12:00:46,results\api\extract\data\dynamic_mean_years_schooling_new_method_2023.json,bps-data-6b97f25855ece024
mean_years_schooling_new_method,415,7306,124,0,0,730641501240,0000,8.53,2025-11-05 12:00:46,results\api\extract\data\dynamic_mean_years_schooling_new_method_2024.json,bps-data-fa22b966ff2b1e98
mean_years_schooling_new_method,415,7307,121,0,0,730741501210,0000,7.78,2025-11-05 12:00:46,results\api\extract\data\dynamic_mean_years_schooling_new_method_2021.json,bps-data-0c5c8c6bbcc24cd9
mean_years_schooling_new_method,415,7307,122,0,0,730741501220,0000,7.79,2025-11-05 12:00:46,results\api\extract\data\dynamic_mean_years_schooling_new_method_2022.json,bps-data-cfe0654330afe1eb
mean_years_schooling_new_method,415,7307,123,0,0,730741501230,0000,7.8,2025-11-05 12:00:46,results\api\extract\data\dynamic_mean_years_schooling_new_method_2023.json,bps-data-6b97f25855ece024
mean_years_schooling_new_method,415,7307,124,0,0,730741501240,0000,7.82,2025-11-05 12:00:46,results\api\extract\data\dynamic_mean_years_schooling_new_method_2024.json,bps-data-fa22b966ff2b1e98
mean_years_schooling_new_method,415,7308,121,0,0,730841501210,0000,8.01,2025-11-05 12:00:46,results\api\extract\data\dynamic_mean_years_schooling_new_method_2021.json,bps-data-0c5c8c6bbcc24cd9
mean_years_schooling_new_method,415,7308,122,0,0,730841501220,0000,8.02,2025-11-05 12:00:46,results\api\extract\data\dynamic_mean_years_schooling_new_method_2022.json,bps-data-cfe0654330afe1eb
mean_years_schooling_new_method,415,7308,123,0,0,730841501230,0000,8.03,2025-11-05 12:00:46,results\api\extract\data\dynamic_mean_years_schooling_new_method_2023.json,bps-data-6b97f25855ece024
mean_years_schooling_new_method,415,7308,124,0,0,730841501240,0000,8.05,2025-11-05 12:00:46,results\api\extract\data\dynamic_mean_years_schooling_new_method_2024.json,bps-data-fa22b966ff2b1e98
mean_years_schooling_new_method,415,7309,121,0,0,730941501210,0000,7.92,2025-11-05 12:00:46,results\api\extract\data\dynamic_mean_years_schooling_new_method_2021.json,bps-data-0c5c8c6bbcc24cd9
mean_years_schooling_new_method,415,7309,122,0,0,730941501220,0000,8.05,2025-11-05 12:00:46,results\api\extract\data\dynamic_mean_years_schooling_new_method_2022.json,bps-data-cfe0654330afe1eb
mean_years_schooling_new_method,415,7309,123,0,0,730941501230,0000,8.31,2025-11-05 12:00:46,results\api\extract\data\dynamic_mean_years_schooling_new_method_2023.json,bps-data-6b97f25855ece024
mean_years_schooling_new_method,415,7309,124,0,0,730941501240,0000,8.47,2025-11-05 12:00:46,results\api\extract\data\dynamic_mean_years_schooling_new_method_2024.json,bps-data-fa22b966ff2b1e98
mean_years_schooling_new_method,415,7310,121,0,0,731041501210,0000,8.24,2025-11-05 12:00:46,results\api\extract\data\dynamic_mean_years_schooling_new_method_2021.json,bps-data-0c5c8c6bbcc24cd9
mean_years_schooling_new_method,415,7310,122,0,0,731041501220,0000,8.25,2025-11-05 12:00:46,results\api\extract\data\dynamic_mean_years_schooling_new_method_2022.json,bps-data-cfe0654330afe1eb
mean_years_schooling_new_method,415,7310,123,0,0,731041501230,0000,8.54,2025-11-05 12:00:46,results\api\extract\data\dynamic_mean_years_schooling_new_method_2023.json,bps-data-6b97f25855ece024
mean_years_schooling_new_method,415,7310,124,0,0,731041501240,0000,8.8,2025-11-05 12:00:46,results\api\extract\data\dynamic_mean_years_schooling_new_method_2024.json,bps-data-fa22b966ff2b1e98
mean_years_schooling_new_method,415,7311,121,0,0,731141501210,0000,7.23,2025-11-05 12:00:46,results\api\extract\data\dynamic_mean_years_schooling_new_method_2021.json,bps-data-0c5c8c6bbcc24cd9
mean_years_schooling_new_method,415,7311,122,0,0,731141501220,0000,7.36,2025-11-05 12:00:46,results\api\extract\data\dynamic_mean_years_schooling_new_method_2022.json,bps-data-cfe0654330afe1eb
mean_years_schooling_new_method,415,7311,123,0,0,731141501230,0000,7.54,2025-11-05 12:00:46,results\api\extract\data\dynamic_mean_years_schooling_new_method_2023.json,bps-data-6b97f25855ece024
mean_years_schooling_new_method,415,7311,124,0,0,731141501240,0000,7.55,2025-11-05 12:00:46,results\api\extract\data\dynamic_mean_years_schooling_new_method_2024.json,bps-data-fa22b966ff2b1e98
mean_years_schooling_new_method,415,7312,121,0,0,731241501210,0000,7.82,2025-11-05 12:00:46,results\api\extract\data\dynamic_mean_years_schooling_new_method_2021.json,bps-data-0c5c8c6bbcc24cd9
mean_years_schooling_new_method,415,7312,122,0,0,731241501220,0000,7.96,2025-11-05 12:00:46,results\api\extract\data\dynamic_mean_years_schooling_new_method_2022.json,bps-data-cfe0654330afe1eb
mean_years_schooling_new_method,415,7312,123,0,0,731241501230,0000,8.27,2025-11-05 12:00:46,results\api\extract\data\dynamic_mean_years_schooling_new_method_2023.json,bps-data-6b97f25855ece024
mean_years_schooling_new_method,415,7312,124,0,0,731241501240,0000,8.45,2025-11-05 12:00:46,results\api\extract\data\dynamic_mean_years_schooling_new_method_2024.json,bps-data-fa22b966ff2b1e98
mean_years_schooling_new_method,415,7313,121,0,0,731341501210,0000,7.05,2025-11-05 12:00:46,results\api\extract\data\dynamic_mean_years_schooling_new_method_2021.json,bps-data-0c5c8c6bbcc24cd9
mean_years_schooling_new_method,415,7313,122,0,0,731341501220,0000,7.16,2025-11-05 12:00:46,results\api\extract\data\dynamic_mean_years_schooling_new_method_2022.json,bps-data-cfe0654330afe1eb
mean_years_schooling_new_method,415,7313,123,0,0,731341501230,0000,7.45,2025-11-05 12:00:46,results\api\extract\data\dynamic_mean_years_schooling_new_method_2023.json,bps-data-6b97f25855ece024
mean_years_schooling_new_method,415,7313,124,0,0,731341501240,0000,7.46,2025-11-05 12:00:46,results\api\extract\data\dynamic_mean_years_schooling_new_method_2024.json,bps-data-fa22b966ff2b1e98
mean_years_schooling_new_method,415,7314,121,0,0,731441501210,0000,7.94,2025-11-05 12:00:46,results\api\extract\data\dynamic_mean_years_schooling_new_method_2021.json,bps-data-0c5c8c6bbcc24cd9
mean_years_schooling_new_method,415,7314,122,0,0,731441501220,0000,8.04,2025-11-05 12:00:46,results\api\extract\data\dynamic_mean_years_schooling_new_method_2022.json,bps-data-cfe0654330afe1eb
mean_years_schooling_new_method,415,7314,123,0,0,731441501230,0000,8.2,2025-11-05 12:00:46,results\api\extract\data\dynamic_mean_years_schooling_new_method_2023.json,bps-data-6b97f25855ece024
mean_years_schooling_new_method,415,7314,124,0,0,731441501240,0000,8.21,2025-11-05 12:00:46,results\api\extract\data\dynamic_mean_years_schooling_new_method_2024.json,bps-data-fa22b966ff2b1e98
mean_years_schooling_new_method,415,7315,121,0,0,731541501210,0000,7.87,2025-11-05 12:00:46,results\api\extract\data\dynamic_mean_years_schooling_new_method_2021.json,bps-data-0c5c8c6bbcc24cd9
mean_years_schooling_new_method,415,7315,122,0,0,731541501220,0000,8.04,2025-11-05 12:00:46,results\api\extract\data\dynamic_mean_years_schooling_new_method_2022.json,bps-data-cfe0654330afe1eb
mean_years_schooling_new_method,415,7315,123,0,0,731541501230,0000,8.3,2025-11-05 12:00:46,results\api\extract\data\dynamic_mean_years_schooling_new_method_2023.json,bps-data-6b97f25855ece024
mean_years_schooling_new_method,415,7315,124,0,0,731541501240,0000,8.53,2025-11-05 12:00:46,results\api\extract\data\dynamic_mean_years_schooling_new_method_2024.json,bps-data-fa22b966ff2b1e98
mean_years_schooling_new_method,415,7316,121,0,0,731641501210,0000,8.91,2025-11-05 12:00:46,results\api\extract\data\dynamic_mean_years_schooling_new_method_2021.json,bps-data-0c5c8c6bbcc24cd9
mean_years_schooling_new_method,415,7316,122,0,0,731641501220,0000,8.93,2025-11-05 12:00:46,results\api\extract\data\dynamic_mean_years_schooling_new_method_2022.json,bps-data-cfe0654330afe1eb
mean_years_schooling_new_method,415,7316,123,0,0,731641501230,0000,8.94,2025-11-05 12:00:46,results\api\extract\data\dynamic_mean_years_schooling_new_method_2023.json,bps-data-6b97f25855ece024
mean_years_schooling_new_method,415,7316,124,0,0,731641501240,0000,9.11,2025-11-05 12:00:46,results\api\extract\data\dynamic_mean_years_schooling_new_method_2024.json,bps-data-fa22b966ff2b1e98
mean_years_schooling_new_method,415,7317,121,0,0,731741501210,0000,8.35,2025-11-05 12:00:46,results\api\extract\data\dynamic_mean_years_schooling_new_method_2021.json,bps-data-0c5c8c6bbcc24cd9
mean_years_schooling_new_method,415,7317,122,0,0,731741501220,0000,8.48,2025-11-05 12:00:46,results\api\extract\data\dynamic_mean_years_schooling_new_method_2022.json,bps-data-cfe0654330afe1eb
mean_years_schooling_new_method,415,7317,123,0,0,731741501230,0000,8.73,2025-11-05 12:00:46,results\api\extract\data\dynamic_mean_years_schooling_new_method_2023.json,bps-data-6b97f25855ece024
mean_years_schooling_new_method,415,7317,124,0,0,731741501240,0000,8.81,2025-11-05 12:00:46,results\api\extract\data\dynamic_mean_years_schooling_new_method_2024.json,bps-data-fa22b966ff2b1e98
mean_years_schooling_new_method,415,7318,121,0,0,731841501210,0000,8.51,2025-11-05 12:00:46,results\api\extract\data\dynamic_mean_years_schooling_new_method_2021.json,bps-data-0c5c8c6bbcc24cd9
mean_years_schooling_new_method,415,7318,122,0,0,731841501220,0000,8.52,2025-11-05 12:00:46,results\api\extract\data\dynamic_mean_years_schooling_new_method_2022.json,bps-data-cfe0654330afe1eb
mean_years_schooling_new_method,415,7318,123,0,0,731841501230,0000,8.6,2025-11-05 12:00:46,results\api\extract\data\dynamic_mean_years_schooling_new_method_2023.json,bps-data-6b97f25855ece024
mean_years_schooling_new_method,415,7318,124,0,0,731841501240,0000,8.77,2025-11-05 12:00:46,results\api\extract\data\dynamic_mean_years_schooling_new_method_2024.json,bps-data-fa22b966ff2b1e98
mean_years_schooling_new_method,415,7322,121,0,0,732241501210,0000,7.86,2025-11-05 12:00:46,results\api\extract\data\dynamic_mean_years_schooling_new_method_2021.json,bps-data-0c5c8c6bbcc24cd9
mean_years_schooling_new_method,415,7322,122,0,0,732241501220,0000,7.87,2025-11-05 12:00:46,results\api\extract\data\dynamic_mean_years_schooling_new_method_2022.json,bps-data-cfe0654330afe1eb
mean_years_schooling_new_method,415,7322,123,0,0,732241501230,0000,8.14,2025-11-05 12:00:46,results\api\extract\data\dynamic_mean_years_schooling_new_method_2023.json,bps-data-6b97f25855ece024
mean_years_schooling_new_method,415,7322,124,0,0,732241501240,0000,8.37,2025-11-05 12:00:46,results\api\extract\data\dynamic_mean_years_schooling_new_method_2024.json,bps-data-fa22b966ff2b1e98
mean_years_schooling_new_method,415,7325,121,0,0,732541501210,0000,8.81,2025-11-05 12:00:46,results\api\extract\data\dynamic_mean_years_schooling_new_method_2021.json,bps-data-0c5c8c6bbcc24cd9
mean_years_schooling_new_method,415,7325,122,0,0,732541501220,0000,8.92,2025-11-05 12:00:46,results\api\extract\data\dynamic_mean_years_schooling_new_method_2022.json,bps-data-cfe0654330afe1eb
mean_years_schooling_new_method,415,7325,123,0,0,732541501230,0000,8.93,2025-11-05 12:00:46,results\api\extract\data\dynamic_mean_years_schooling_new_method_2023.json,bps-data-6b97f25855ece024
mean_years_schooling_new_method,415,7325,124,0,0,732541501240,0000,8.94,2025-11-05 12:00:46,results\api\extract\data\dynamic_mean_years_schooling_new_method_2024.json,bps-data-fa22b966ff2b1e98
mean_years_schooling_new_method,415,7326,121,0,0,732641501210,0000,8.25,2025-11-05 12:00:46,results\api\extract\data\dynamic_mean_years_schooling_new_method_2021.json,bps-data-0c5c8c6bbcc24cd9
mean_years_schooling_new_method,415,7326,122,0,0,732641501220,0000,8.26,2025-11-05 12:00:46,results\api\extract\data\dynamic_mean_years_schooling_new_method_2022.json,bps-data-cfe0654330afe1eb
mean_years_schooling_new_method,415,7326,123,0,0,732641501230,0000,8.51,2025-11-05 12:00:46,results\api\extract\data\dynamic_mean_years_schooling_new_method_2023.json,bps-data-6b97f25855ece024
mean_years_schooling_new_method,415,7326,124,0,0,732641501240,0000,8.54,2025-11-05 12:00:46,results\api\extract\data\dynamic_mean_years_schooling_new_method_2024.json,bps-data-fa22b966ff2b1e98
mean_years_schooling_new_method,415,7371,121,0,0,737141501210,0000,11.43,2025-11-05 12:00:46,results\api\extract\data\dynamic_mean_years_schooling_new_method_2021.json,bps-data-0c5c8c6bbcc24cd9
mean_years_schooling_new_method,415,7371,122,0,0,737141501220,0000,11.55,2025-11-05 12:00:46,results\api\extract\data\dynamic_mean_years_schooling_new_method_2022.json,bps-data-cfe0654330afe1eb
mean_years_schooling_new_method,415,7371,123,0,0,737141501230,0000,11.56,2025-11-05 12:00:46,results\api\extract\data\dynamic_mean_years_schooling_new_method_2023.json,bps-data-6b97f25855ece024
mean_years_schooling_new_method,415,7371,124,0,0,737141501240,0000,11.57,2025-11-05 12:00:46,results\api\extract\data\dynamic_mean_years_schooling_new_method_2024.json,bps-data-fa22b966ff2b1e98
mean_years_schooling_new_method,415,7372,121,0,0,737241501210,0000,10.65,2025-11-05 12:00:46,results\api\extract\data\dynamic_mean_years_schooling_new_method_2021.json,bps-data-0c5c8c6bbcc24cd9
mean_years_schooling_new_method,415,7372,122,0,0,737241501220,0000,10.66,2025-11-05 12:00:46,results\api\extract\data\dynamic_mean_years_schooling_new_method_2022.json,bps-data-cfe0654330afe1eb
mean_years_schooling_new_method,415,7372,123,0,0,737241501230,0000,10.7,2025-11-05 12:00:46,results\api\extract\data\dynamic_mean_years_schooling_new_method_2023.json,bps-data-6b97f25855ece024
mean_years_schooling_new_method,415,7372,124,0,0,737241501240,0000,10.88,2025-11-05 12:00:46,results\api\extract\data\dynamic_mean_years_schooling_new_method_2024.json,bps-data-fa22b966ff2b1e98
mean_years_schooling_new_method,415,7373,121,0,0,737341501210,0000,10.94,2025-11-05 12:00:46,results\api\extract\data\dynamic_mean_years_schooling_new_method_2021.json,bps-data-0c5c8c6bbcc24cd9
mean_years_schooling_new_method,415,7373,122,0,0,737341501220,0000,11.09,2025-11-05 12:00:46,results\api\extract\data\dynamic_mean_years_schooling_new_method_2022.json,bps-data-cfe0654330afe1eb
mean_years_schooling_new_method,415,7373,123,0,0,737341501230,0000,11.13,2025-11-05 12:00:46,results\api\extract\data\dynamic_mean_years_schooling_new_method_2023.json,bps-data-6b97f25855ece024
mean_years_schooling_new_method,415,7373,124,0,0,737341501240,0000,11.16,2025-11-05 12:00:46,results\api\extract\data\dynamic_mean_years_schooling_new_method_2024.json,bps-data-fa22b966ff2b1e98
mean_years_schooling_new_method,415,7400,121,0,0,740041501210,0000,9.13,2025-11-05 12:00:46,results\api\extract\data\dynamic_mean_years_schooling_new_method_2021.json,bps-data-0c5c8c6bbcc24cd9
mean_years_schooling_new_method,415,7400,122,0,0,740041501220,0000,9.25,2025-11-05 12:00:46,results\api\extract\data\dynamic_mean_years_schooling_new_method_2022.json,bps-data-cfe0654330afe1eb
mean_years_schooling_new_method,415,7400,123,0,0,740041501230,0000,9.31,2025-11-05 12:00:46,results\api\extract\data\dynamic_mean_years_schooling_new_method_2023.json,bps-data-6b97f25855ece024
mean_years_schooling_new_method,415,7400,124,0,0,740041501240,0000,9.42,2025-11-05 12:00:46,results\api\extract\data\dynamic_mean_years_schooling_new_method_2024.json,bps-data-fa22b966ff2b1e98
mean_years_schooling_new_method,415,7401,121,0,0,740141501210,0000,7.92,2025-11-05 12:00:46,results\api\extract\data\dynamic_mean_years_schooling_new_method_2021.json,bps-data-0c5c8c6bbcc24cd9
mean_years_schooling_new_method,415,7401,122,0,0,740141501220,0000,8.25,2025-11-05 12:00:46,results\api\extract\data\dynamic_mean_years_schooling_new_method_2022.json,bps-data-cfe0654330afe1eb
mean_years_schooling_new_method,415,7401,123,0,0,740141501230,0000,8.49,2025-11-05 12:00:46,results\api\extract\data\dynamic_mean_years_schooling_new_method_2023.json,bps-data-6b97f25855ece024
mean_years_schooling_new_method,415,7401,124,0,0,740141501240,0000,8.63,2025-11-05 12:00:46,results\api\extract\data\dynamic_mean_years_schooling_new_method_2024.json,bps-data-fa22b966ff2b1e98
mean_years_schooling_new_method,415,7402,121,0,0,740241501210,0000,8.46,2025-11-05 12:00:46,results\api\extract\data\dynamic_mean_years_schooling_new_method_2021.json,bps-data-0c5c8c6bbcc24cd9
mean_years_schooling_new_method,415,7402,122,0,0,740241501220,0000,8.52,2025-11-05 12:00:46,results\api\extract\data\dynamic_mean_years_schooling_new_method_2022.json,bps-data-cfe0654330afe1eb
mean_years_schooling_new_method,415,7402,123,0,0,740241501230,0000,8.53,2025-11-05 12:00:46,results\api\extract\data\dynamic_mean_years_schooling_new_method_2023.json,bps-data-6b97f25855ece024
mean_years_schooling_new_method,415,7402,124,0,0,740241501240,0000,8.71,2025-11-05 12:00:46,results\api\extract\data\dynamic_mean_years_schooling_new_method_2024.json,bps-data-fa22b966ff2b1e98
mean_years_schooling_new_method,415,7403,121,0,0,740341501210,0000,9.21,2025-11-05 12:00:46,results\api\extract\data\dynamic_mean_years_schooling_new_method_2021.json,bps-data-0c5c8c6bbcc24cd9
mean_years_schooling_new_method,415,7403,122,0,0,740341501220,0000,9.3,2025-11-05 12:00:46,results\api\extract\data\dynamic_mean_years_schooling_new_method_2022.json,bps-data-cfe0654330afe1eb
mean_years_schooling_new_method,415,7403,123,0,0,740341501230,0000,9.56,2025-11-05 12:00:46,results\api\extract\data\dynamic_mean_years_schooling_new_method_2023.json,bps-data-6b97f25855ece024
mean_years_schooling_new_method,415,7403,124,0,0,740341501240,0000,9.69,2025-11-05 12:00:46,results\api\extract\data\dynamic_mean_years_schooling_new_method_2024.json,bps-data-fa22b966ff2b1e98
mean_years_schooling_new_method,415,7404,121,0,0,740441501210,0000,8.99,2025-11-05 12:00:46,results\api\extract\data\dynamic_mean_years_schooling_new_method_2021.json,bps-data-0c5c8c6bbcc24cd9
mean_years_schooling_new_method,415,7404,122,0,0,740441501220,0000,9.06,2025-11-05 12:00:46,results\api\extract\data\dynamic_mean_years_schooling_new_method_2022.json,bps-data-cfe0654330afe1eb
mean_years_schooling_new_method,415,7404,123,0,0,740441501230,0000,9.35,2025-11-05 12:00:46,results\api\extract\data\dynamic_mean_years_schooling_new_method_2023.json,bps-data-6b97f25855ece024
mean_years_schooling_new_method,415,7404,124,0,0,740441501240,0000,9.38,2025-11-05 12:00:46,results\api\extract\data\dynamic_mean_years_schooling_new_method_2024.json,bps-data-fa22b966ff2b1e98
mean_years_schooling_new_method,415,7405,121,0,0,740541501210,0000,8.11,2025-11-05 12:00:46,results\api\extract\data\dynamic_mean_years_schooling_new_method_2021.json,bps-data-0c5c8c6bbcc24cd9
mean_years_schooling_new_method,415,7405,122,0,0,740541501220,0000,8.27,2025-11-05 12:00:46,results\api\extract\data\dynamic_mean_years_schooling_new_method_2022.json,bps-data-cfe0654330afe1eb
mean_years_schooling_new_method,415,7405,123,0,0,740541501230,0000,8.51,2025-11-05 12:00:46,results\api\extract\data\dynamic_mean_years_schooling_new_method_2023.json,bps-data-6b97f25855ece024
mean_years_schooling_new_method,415,7405,124,0,0,740541501240,0000,8.76,2025-11-05 12:00:46,results\api\extract\data\dynamic_mean_years_schooling_new_method_2024.json,bps-data-fa22b966ff2b1e98
mean_years_schooling_new_method,415,7406,121,0,0,740641501210,0000,8.04,2025-11-05 12:00:46,results\api\extract\data\dynamic_mean_years_schooling_new_method_2021.json,bps-data-0c5c8c6bbcc24cd9
mean_years_schooling_new_method,415,7406,122,0,0,740641501220,0000,8.05,2025-11-05 12:00:46,results\api\extract\data\dynamic_mean_years_schooling_new_method_2022.json,bps-data-cfe0654330afe1eb
mean_years_schooling_new_method,415,7406,123,0,0,740641501230,0000,8.07,2025-11-05 12:00:46,results\api\extract\data\dynamic_mean_years_schooling_new_method_2023.json,bps-data-6b97f25855ece024
mean_years_schooling_new_method,415,7406,124,0,0,740641501240,0000,8.1,2025-11-05 12:00:46,results\api\extract\data\dynamic_mean_years_schooling_new_method_2024.json,bps-data-fa22b966ff2b1e98
mean_years_schooling_new_method,415,7407,121,0,0,740741501210,0000,8.16,2025-11-05 12:00:46,results\api\extract\data\dynamic_mean_years_schooling_new_method_2021.json,bps-data-0c5c8c6bbcc24cd9
mean_years_schooling_new_method,415,7407,122,0,0,740741501220,0000,8.5,2025-11-05 12:00:46,results\api\extract\data\dynamic_mean_years_schooling_new_method_2022.json,bps-data-cfe0654330afe1eb
mean_years_schooling_new_method,415,7407,123,0,0,740741501230,0000,8.51,2025-11-05 12:00:46,results\api\extract\data\dynamic_mean_years_schooling_new_method_2023.json,bps-data-6b97f25855ece024
mean_years_schooling_new_method,415,7407,124,0,0,740741501240,0000,8.53,2025-11-05 12:00:46,results\api\extract\data\dynamic_mean_years_schooling_new_method_2024.json,bps-data-fa22b966ff2b1e98
mean_years_schooling_new_method,415,7408,121,0,0,740841501210,0000,8.22,2025-11-05 12:00:46,results\api\extract\data\dynamic_mean_years_schooling_new_method_2021.json,bps-data-0c5c8c6bbcc24cd9
mean_years_schooling_new_method,415,7408,122,0,0,740841501220,0000,8.54,2025-11-05 12:00:46,results\api\extract\data\dynamic_mean_years_schooling_new_method_2022.json,bps-data-cfe0654330afe1eb
mean_years_schooling_new_method,415,7408,123,0,0,740841501230,0000,8.81,2025-11-05 12:00:46,results\api\extract\data\dynamic_mean_years_schooling_new_method_2023.json,bps-data-6b97f25855ece024
mean_years_schooling_new_method,415,7408,124,0,0,740841501240,0000,8.82,2025-11-05 12:00:46,results\api\extract\data\dynamic_mean_years_schooling_new_method_2024.json,bps-data-fa22b966ff2b1e98
mean_years_schooling_new_method,415,7409,121,0,0,740941501210,0000,8.93,2025-11-05 12:00:46,results\api\extract\data\dynamic_mean_years_schooling_new_method_2021.json,bps-data-0c5c8c6bbcc24cd9
mean_years_schooling_new_method,415,7409,122,0,0,740941501220,0000,9.11,2025-11-05 12:00:46,results\api\extract\data\dynamic_mean_years_schooling_new_method_2022.json,bps-data-cfe0654330afe1eb
mean_years_schooling_new_method,415,7409,123,0,0,740941501230,0000,9.12,2025-11-05 12:00:46,results\api\extract\data\dynamic_mean_years_schooling_new_method_2023.json,bps-data-6b97f25855ece024
mean_years_schooling_new_method,415,7409,124,0,0,740941501240,0000,9.24,2025-11-05 12:00:46,results\api\extract\data\dynamic_mean_years_schooling_new_method_2024.json,bps-data-fa22b966ff2b1e98
mean_years_schooling_new_method,415,7410,121,0,0,741041501210,0000,9.3,2025-11-05 12:00:46,results\api\extract\data\dynamic_mean_years_schooling_new_method_2021.json,bps-data-0c5c8c6bbcc24cd9
mean_years_schooling_new_method,415,7410,122,0,0,741041501220,0000,9.53,2025-11-05 12:00:46,results\api\extract\data\dynamic_mean_years_schooling_new_method_2022.json,bps-data-cfe0654330afe1eb
mean_years_schooling_new_method,415,7410,123,0,0,741041501230,0000,9.6,2025-11-05 12:00:46,results\api\extract\data\dynamic_mean_years_schooling_new_method_2023.json,bps-data-6b97f25855ece024
mean_years_schooling_new_method,415,7410,124,0,0,741041501240,0000,9.61,2025-11-05 12:00:46,results\api\extract\data\dynamic_mean_years_schooling_new_method_2024.json,bps-data-fa22b966ff2b1e98
mean_years_schooling_new_method,415,7411,121,0,0,741141501210,0000,7.84,2025-11-05 12:00:46,results\api\extract\data\dynamic_mean_years_schooling_new_method_2021.json,bps-data-0c5c8c6bbcc24cd9
mean_years_schooling_new_method,415,7411,122,0,0,741141501220,0000,8.15,2025-11-05 12:00:46,results\api\extract\data\dynamic_mean_years_schooling_new_method_2022.json,bps-data-cfe0654330afe1eb
mean_years_schooling_new_method,415,7411,123,0,0,741141501230,0000,8.4,2025-11-05 12:00:46,results\api\extract\data\dynamic_mean_years_schooling_new_method_2023.json,bps-data-6b97f25855ece024
mean_years_schooling_new_method,415,7411,124,0,0,741141501240,0000,8.43,2025-11-05 12:00:46,results\api\extract\data\dynamic_mean_years_schooling_new_method_2024.json,bps-data-fa22b966ff2b1e98
mean_years_schooling_new_method,415,7412,121,0,0,741241501210,0000,9.42,2025-11-05 12:00:46,results\api\extract\data\dynamic_mean_years_schooling_new_method_2021.json,bps-data-0c5c8c6bbcc24cd9
mean_years_schooling_new_method,415,7412,122,0,0,741241501220,0000,9.43,2025-11-05 12:00:46,results\api\extract\data\dynamic_mean_years_schooling_new_method_2022.json,bps-data-cfe0654330afe1eb
mean_years_schooling_new_method,415,7412,123,0,0,741241501230,0000,9.45,2025-11-05 12:00:46,results\api\extract\data\dynamic_mean_years_schooling_new_method_2023.json,bps-data-6b97f25855ece024
mean_years_schooling_new_method,415,7412,124,0,0,741241501240,0000,9.46,2025-11-05 12:00:46,results\api\extract\data\dynamic_mean_years_schooling_new_method_2024.json,bps-data-fa22b966ff2b1e98
mean_years_schooling_new_method,415,7413,121,0,0,741341501210,0000,7.3,2025-11-05 12:00:46,results\api\extract\data\dynamic_mean_years_schooling_new_method_2021.json,bps-data-0c5c8c6bbcc24cd9
mean_years_schooling_new_method,415,7413,122,0,0,741341501220,0000,7.6,2025-11-05 12:00:46,results\api\extract\data\dynamic_mean_years_schooling_new_method_2022.json,bps-data-cfe0654330afe1eb
mean_years_schooling_new_method,415,7413,123,0,0,741341501230,0000,7.86,2025-11-05 12:00:46,results\api\extract\data\dynamic_mean_years_schooling_new_method_2023.json,bps-data-6b97f25855ece024
mean_years_schooling_new_method,415,7413,124,0,0,741341501240,0000,8.09,2025-11-05 12:00:46,results\api\extract\data\dynamic_mean_years_schooling_new_method_2024.json,bps-data-fa22b966ff2b1e98
mean_years_schooling_new_method,415,7414,121,0,0,741441501210,0000,7.31,2025-11-05 12:00:46,results\api\extract\data\dynamic_mean_years_schooling_new_method_2021.json,bps-data-0c5c8c6bbcc24cd9
mean_years_schooling_new_method,415,7414,122,0,0,741441501220,0000,7.33,2025-11-05 12:00:46,results\api\extract\data\dynamic_mean_years_schooling_new_method_2022.json,bps-data-cfe0654330afe1eb
mean_years_schooling_new_method,415,7414,123,0,0,741441501230,0000,7.34,2025-11-05 12:00:46,results\api\extract\data\dynamic_mean_years_schooling_new_method_2023.json,bps-data-6b97f25855ece024
mean_years_schooling_new_method,415,7414,124,0,0,741441501240,0000,7.35,2025-11-05 12:00:46,results\api\extract\data\dynamic_mean_years_schooling_new_method_2024.json,bps-data-fa22b966ff2b1e98
mean_years_schooling_new_method,415,7415,121,0,0,741541501210,0000,7.54,2025-11-05 12:00:46,results\api\extract\data\dynamic_mean_years_schooling_new_method_2021.json,bps-data-0c5c8c6bbcc24cd9
mean_years_schooling_new_method,415,7415,122,0,0,741541501220,0000,7.64,2025-11-05 12:00:46,results\api\extract\data\dynamic_mean_years_schooling_new_method_2022.json,bps-data-cfe0654330afe1eb
mean_years_schooling_new_method,415,7415,123,0,0,741541501230,0000,7.65,2025-11-05 12:00:46,results\api\extract\data\dynamic_mean_years_schooling_new_method_2023.json,bps-data-6b97f25855ece024
mean_years_schooling_new_method,415,7415,124,0,0,741541501240,0000,7.75,2025-11-05 12:00:46,results\api\extract\data\dynamic_mean_years_schooling_new_method_2024.json,bps-data-fa22b966ff2b1e98
mean_years_schooling_new_method,415,7471,121,0,0,747141501210,0000,12.51,2025-11-05 12:00:46,results\api\extract\data\dynamic_mean_years_schooling_new_method_2021.json,bps-data-0c5c8c6bbcc24cd9
mean_years_schooling_new_method,415,7471,122,0,0,747141501220,0000,12.52,2025-11-05 12:00:46,results\api\extract\data\dynamic_mean_years_schooling_new_method_2022.json,bps-data-cfe0654330afe1eb
mean_years_schooling_new_method,415,7471,123,0,0,747141501230,0000,12.53,2025-11-05 12:00:46,results\api\extract\data\dynamic_mean_years_schooling_new_method_2023.json,bps-data-6b97f25855ece024
mean_years_schooling_new_method,415,7471,124,0,0,747141501240,0000,12.55,2025-11-05 12:00:46,results\api\extract\data\dynamic_mean_years_schooling_new_method_2024.json,bps-data-fa22b966ff2b1e98
mean_years_schooling_new_method,415,7472,121,0,0,747241501210,0000,10.91,2025-11-05 12:00:46,results\api\extract\data\dynamic_mean_years_schooling_new_method_2021.json,bps-data-0c5c8c6bbcc24cd9
mean_years_schooling_new_method,415,7472,122,0,0,747241501220,0000,10.92,2025-11-05 12:00:46,results\api\extract\data\dynamic_mean_years_schooling_new_method_2022.json,bps-data-cfe0654330afe1eb
mean_years_schooling_new_method,415,7472,123,0,0,747241501230,0000,11.02,2025-11-05 12:00:46,results\api\extract\data\dynamic_mean_years_schooling_new_method_2023.json,bps-data-6b97f25855ece024
mean_years_schooling_new_method,415,7472,124,0,0,747241501240,0000,11.03,2025-11-05 12:00:46,results\api\extract\data\dynamic_mean_years_schooling_new_method_2024.json,bps-data-fa22b966ff2b1e98
mean_years_schooling_new_method,415,7500,121,0,0,750041501210,0000,7.9,2025-11-05 12:00:46,results\api\extract\data\dynamic_mean_years_schooling_new_method_2021.json,bps-data-0c5c8c6bbcc24cd9
mean_years_schooling_new_method,415,7500,122,0,0,750041501220,0000,8.02,2025-11-05 12:00:46,results\api\extract\data\dynamic_mean_years_schooling_new_method_2022.json,bps-data-cfe0654330afe1eb
mean_years_schooling_new_method,415,7500,123,0,0,750041501230,0000,8.1,2025-11-05 12:00:46,results\api\extract\data\dynamic_mean_years_schooling_new_method_2023.json,bps-data-6b97f25855ece024
mean_years_schooling_new_method,415,7500,124,0,0,750041501240,0000,8.29,2025-11-05 12:00:46,results\api\extract\data\dynamic_mean_years_schooling_new_method_2024.json,bps-data-fa22b966ff2b1e98
mean_years_schooling_new_method,415,7501,121,0,0,750141501210,0000,7.0,2025-11-05 12:00:46,results\api\extract\data\dynamic_mean_years_schooling_new_method_2021.json,bps-data-0c5c8c6bbcc24cd9
mean_years_schooling_new_method,415,7501,122,0,0,750141501220,0000,7.03,2025-11-05 12:00:46,results\api\extract\data\dynamic_mean_years_schooling_new_method_2022.json,bps-data-cfe0654330afe1eb
mean_years_schooling_new_method,415,7501,123,0,0,750141501230,0000,7.3,2025-11-05 12:00:46,results\api\extract\data\dynamic_mean_years_schooling_new_method_2023.json,bps-data-6b97f25855ece024
mean_years_schooling_new_method,415,7501,124,0,0,750141501240,0000,7.31,2025-11-05 12:00:46,results\api\extract\data\dynamic_mean_years_schooling_new_method_2024.json,bps-data-fa22b966ff2b1e98
mean_years_schooling_new_method,415,7502,121,0,0,750241501210,0000,7.3,2025-11-05 12:00:46,results\api\extract\data\dynamic_mean_years_schooling_new_method_2021.json,bps-data-0c5c8c6bbcc24cd9
mean_years_schooling_new_method,415,7502,122,0,0,750241501220,0000,7.61,2025-11-05 12:00:46,results\api\extract\data\dynamic_mean_years_schooling_new_method_2022.json,bps-data-cfe0654330afe1eb
mean_years_schooling_new_method,415,7502,123,0,0,750241501230,0000,7.79,2025-11-05 12:00:46,results\api\extract\data\dynamic_mean_years_schooling_new_method_2023.json,bps-data-6b97f25855ece024
mean_years_schooling_new_method,415,7502,124,0,0,750241501240,0000,7.95,2025-11-05 12:00:46,results\api\extract\data\dynamic_mean_years_schooling_new_method_2024.json,bps-data-fa22b966ff2b1e98
mean_years_schooling_new_method,415,7503,121,0,0,750341501210,0000,7.26,2025-11-05 12:00:46,results\api\extract\data\dynamic_mean_years_schooling_new_method_2021.json,bps-data-0c5c8c6bbcc24cd9
mean_years_schooling_new_method,415,7503,122,0,0,750341501220,0000,7.35,2025-11-05 12:00:46,results\api\extract\data\dynamic_mean_years_schooling_new_method_2022.json,bps-data-cfe0654330afe1eb
mean_years_schooling_new_method,415,7503,123,0,0,750341501230,0000,7.59,2025-11-05 12:00:46,results\api\extract\data\dynamic_mean_years_schooling_new_method_2023.json,bps-data-6b97f25855ece024
mean_years_schooling_new_method,415,7503,124,0,0,750341501240,0000,7.78,2025-11-05 12:00:46,results\api\extract\data\dynamic_mean_years_schooling_new_method_2024.json,bps-data-fa22b966ff2b1e98
mean_years_schooling_new_method,415,7504,121,0,0,750441501210,0000,8.32,2025-11-05 12:00:46,results\api\extract\data\dynamic_mean_years_schooling_new_method_2021.json,bps-data-0c5c8c6bbcc24cd9
mean_years_schooling_new_method,415,7504,122,0,0,750441501220,0000,8.33,2025-11-05 12:00:46,results\api\extract\data\dynamic_mean_years_schooling_new_method_2022.json,bps-data-cfe0654330afe1eb
mean_years_schooling_new_method,415,7504,123,0,0,750441501230,0000,8.35,2025-11-05 12:00:46,results\api\extract\data\dynamic_mean_years_schooling_new_method_2023.json,bps-data-6b97f25855ece024
mean_years_schooling_new_method,415,7504,124,0,0,750441501240,0000,8.52,2025-11-05 12:00:46,results\api\extract\data\dynamic_mean_years_schooling_new_method_2024.json,bps-data-fa22b966ff2b1e98
mean_years_schooling_new_method,415,7505,121,0,0,750541501210,0000,7.15,2025-11-05 12:00:46,results\api\extract\data\dynamic_mean_years_schooling_new_method_2021.json,bps-data-0c5c8c6bbcc24cd9
mean_years_schooling_new_method,415,7505,122,0,0,750541501220,0000,7.16,2025-11-05 12:00:46,results\api\extract\data\dynamic_mean_years_schooling_new_method_2022.json,bps-data-cfe0654330afe1eb
mean_years_schooling_new_method,415,7505,123,0,0,750541501230,0000,7.17,2025-11-05 12:00:46,results\api\extract\data\dynamic_mean_years_schooling_new_method_2023.json,bps-data-6b97f25855ece024
mean_years_schooling_new_method,415,7505,124,0,0,750541501240,0000,7.4,2025-11-05 12:00:46,results\api\extract\data\dynamic_mean_years_schooling_new_method_2024.json,bps-data-fa22b966ff2b1e98
mean_years_schooling_new_method,415,7571,121,0,0,757141501210,0000,10.37,2025-11-05 12:00:46,results\api\extract\data\dynamic_mean_years_schooling_new_method_2021.json,bps-data-0c5c8c6bbcc24cd9
mean_years_schooling_new_method,415,7571,122,0,0,757141501220,0000,10.39,2025-11-05 12:00:46,results\api\extract\data\dynamic_mean_years_schooling_new_method_2022.json,bps-data-cfe0654330afe1eb
mean_years_schooling_new_method,415,7571,123,0,0,757141501230,0000,10.4,2025-11-05 12:00:46,results\api\extract\data\dynamic_mean_years_schooling_new_method_2023.json,bps-data-6b97f25855ece024
mean_years_schooling_new_method,415,7571,124,0,0,757141501240,0000,10.41,2025-11-05 12:00:46,results\api\extract\data\dynamic_mean_years_schooling_new_method_2024.json,bps-data-fa22b966ff2b1e98
mean_years_schooling_new_method,415,7600,121,0,0,760041501210,0000,7.96,2025-11-05 12:00:46,results\api\extract\data\dynamic_mean_years_schooling_new_method_2021.json,bps-data-0c5c8c6bbcc24cd9
mean_years_schooling_new_method,415,7600,122,0,0,760041501220,0000,8.08,2025-11-05 12:00:46,results\api\extract\data\dynamic_mean_years_schooling_new_method_2022.json,bps-data-cfe0654330afe1eb
mean_years_schooling_new_method,415,7600,123,0,0,760041501230,0000,8.13,2025-11-05 12:00:46,results\api\extract\data\dynamic_mean_years_schooling_new_method_2023.json,bps-data-6b97f25855ece024
mean_years_schooling_new_method,415,7600,124,0,0,760041501240,0000,8.15,2025-11-05 12:00:46,results\api\extract\data\dynamic_mean_years_schooling_new_method_2024.json,bps-data-fa22b966ff2b1e98
mean_years_schooling_new_method,415,7601,121,0,0,760141501210,0000,8.91,2025-11-05 12:00:46,results\api\extract\data\dynamic_mean_years_schooling_new_method_2021.json,bps-data-0c5c8c6bbcc24cd9
mean_years_schooling_new_method,415,7601,122,0,0,760141501220,0000,9.1,2025-11-05 12:00:46,results\api\extract\data\dynamic_mean_years_schooling_new_method_2022.json,bps-data-cfe0654330afe1eb
mean_years_schooling_new_method,415,7601,123,0,0,760141501230,0000,9.28,2025-11-05 12:00:46,results\api\extract\data\dynamic_mean_years_schooling_new_method_2023.json,bps-data-6b97f25855ece024
mean_years_schooling_new_method,415,7601,124,0,0,760141501240,0000,9.46,2025-11-05 12:00:46,results\api\extract\data\dynamic_mean_years_schooling_new_method_2024.json,bps-data-fa22b966ff2b1e98
mean_years_schooling_new_method,415,7602,121,0,0,760241501210,0000,7.44,2025-11-05 12:00:46,results\api\extract\data\dynamic_mean_years_schooling_new_method_2021.json,bps-data-0c5c8c6bbcc24cd9
mean_years_schooling_new_method,415,7602,122,0,0,760241501220,0000,7.6,2025-11-05 12:00:46,results\api\extract\data\dynamic_mean_years_schooling_new_method_2022.json,bps-data-cfe0654330afe1eb
mean_years_schooling_new_method,415,7602,123,0,0,760241501230,0000,7.71,2025-11-05 12:00:46,results\api\extract\data\dynamic_mean_years_schooling_new_method_2023.json,bps-data-6b97f25855ece024
mean_years_schooling_new_method,415,7602,124,0,0,760241501240,0000,7.72,2025-11-05 12:00:46,results\api\extract\data\dynamic_mean_years_schooling_new_method_2024.json,bps-data-fa22b966ff2b1e98
mean_years_schooling_new_method,415,7603,121,0,0,760341501210,0000,7.88,2025-11-05 12:00:46,results\api\extract\data\dynamic_mean_years_schooling_new_method_2021.json,bps-data-0c5c8c6bbcc24cd9
mean_years_schooling_new_method,415,7603,122,0,0,760341501220,0000,8.0,2025-11-05 12:00:46,results\api\extract\data\dynamic_mean_years_schooling_new_method_2022.json,bps-data-cfe0654330afe1eb
mean_years_schooling_new_method,415,7603,123,0,0,760341501230,0000,8.11,2025-11-05 12:00:46,results\api\extract\data\dynamic_mean_years_schooling_new_method_2023.json,bps-data-6b97f25855ece024
mean_years_schooling_new_method,415,7603,124,0,0,760341501240,0000,8.13,2025-11-05 12:00:46,results\api\extract\data\dynamic_mean_years_schooling_new_method_2024.json,bps-data-fa22b966ff2b1e98
mean_years_schooling_new_method,415,7604,121,0,0,760441501210,0000,7.96,2025-11-05 12:00:46,results\api\extract\data\dynamic_mean_years_schooling_new_method_2021.json,bps-data-0c5c8c6bbcc24cd9
mean_years_schooling_new_method,415,7604,122,0,0,760441501220,0000,8.09,2025-11-05 12:00:46,results\api\extract\data\dynamic_mean_years_schooling_new_method_2022.json,bps-data-cfe0654330afe1eb
mean_years_schooling_new_method,415,7604,123,0,0,760441501230,0000,8.16,2025-11-05 12:00:46,results\api\extract\data\dynamic_mean_years_schooling_new_method_2023.json,bps-data-6b97f25855ece024
mean_years_schooling_new_method,415,7604,124,0,0,760441501240,0000,8.35,2025-11-05 12:00:46,results\api\extract\data\dynamic_mean_years_schooling_new_method_2024.json,bps-data-fa22b966ff2b1e98
mean_years_schooling_new_method,415,7605,121,0,0,760541501210,0000,8.09,2025-11-05 12:00:46,results\api\extract\data\dynamic_mean_years_schooling_new_method_2021.json,bps-data-0c5c8c6bbcc24cd9
mean_years_schooling_new_method,415,7605,122,0,0,760541501220,0000,8.11,2025-11-05 12:00:46,results\api\extract\data\dynamic_mean_years_schooling_new_method_2022.json,bps-data-cfe0654330afe1eb
mean_years_schooling_new_method,415,7605,123,0,0,760541501230,0000,8.12,2025-11-05 12:00:46,results\api\extract\data\dynamic_mean_years_schooling_new_method_2023.json,bps-data-6b97f25855ece024
mean_years_schooling_new_method,415,7605,124,0,0,760541501240,0000,8.13,2025-11-05 12:00:46,results\api\extract\data\dynamic_mean_years_schooling_new_method_2024.json,bps-data-fa22b966ff2b1e98
mean_years_schooling_new_method,415,7606,121,0,0,760641501210,0000,7.51,2025-11-05 12:00:46,results\api\extract\data\dynamic_mean_years_schooling_new_method_2021.json,bps-data-0c5c8c6bbcc24cd9
mean_years_schooling_new_method,415,7606,122,0,0,760641501220,0000,7.61,2025-11-05 12:00:46,results\api\extract\data\dynamic_mean_years_schooling_new_method_2022.json,bps-data-cfe0654330afe1eb
mean_years_schooling_new_method,415,7606,123,0,0,760641501230,0000,7.73,2025-11-05 12:00:46,results\api\extract\data\dynamic_mean_years_schooling_new_method_2023.json,bps-data-6b97f25855ece024
mean_years_schooling_new_method,415,7606,124,0,0,760641501240,0000,7.94,2025-11-05 12:00:46,results\api\extract\data\dynamic_mean_years_schooling_new_method_2024.json,bps-data-fa22b966ff2b1e98
mean_years_schooling_new_method,415,8100,121,0,0,810041501210,0000,10.03,2025-11-05 12:00:46,results\api\extract\data\dynamic_mean_years_schooling_new_method_2021.json,bps-data-0c5c8c6bbcc24cd9
mean_years_schooling_new_method,415,8100,122,0,0,810041501220,0000,10.19,2025-11-05 12:00:46,results\api\extract\data\dynamic_mean_years_schooling_new_method_2022.json,bps-data-cfe0654330afe1eb
mean_years_schooling_new_method,415,8100,123,0,0,810041501230,0000,10.2,2025-11-05 12:00:46,results\api\extract\data\dynamic_mean_years_schooling_new_method_2023.json,bps-data-6b97f25855ece024
mean_years_schooling_new_method,415,8100,124,0,0,810041501240,0000,10.26,2025-11-05 12:00:46,results\api\extract\data\dynamic_mean_years_schooling_new_method_2024.json,bps-data-fa22b966ff2b1e98
mean_years_schooling_new_method,415,8101,121,0,0,810141501210,0000,9.69,2025-11-05 12:00:46,results\api\extract\data\dynamic_mean_years_schooling_new_method_2021.json,bps-data-0c5c8c6bbcc24cd9
mean_years_schooling_new_method,415,8101,122,0,0,810141501220,0000,9.77,2025-11-05 12:00:46,results\api\extract\data\dynamic_mean_years_schooling_new_method_2022.json,bps-data-cfe0654330afe1eb
mean_years_schooling_new_method,415,8101,123,0,0,810141501230,0000,9.91,2025-11-05 12:00:46,results\api\extract\data\dynamic_mean_years_schooling_new_method_2023.json,bps-data-6b97f25855ece024
mean_years_schooling_new_method,415,8101,124,0,0,810141501240,0000,9.92,2025-11-05 12:00:46,results\api\extract\data\dynamic_mean_years_schooling_new_method_2024.json,bps-data-fa22b966ff2b1e98
mean_years_schooling_new_method,415,8102,121,0,0,810241501210,0000,9.76,2025-11-05 12:00:46,results\api\extract\data\dynamic_mean_years_schooling_new_method_2021.json,bps-data-0c5c8c6bbcc24cd9
mean_years_schooling_new_method,415,8102,122,0,0,810241501220,0000,9.78,2025-11-05 12:00:46,results\api\extract\data\dynamic_mean_years_schooling_new_method_2022.json,bps-data-cfe0654330afe1eb
mean_years_schooling_new_method,415,8102,123,0,0,810241501230,0000,9.79,2025-11-05 12:00:46,results\api\extract\data\dynamic_mean_years_schooling_new_method_2023.json,bps-data-6b97f25855ece024
mean_years_schooling_new_method,415,8102,124,0,0,810241501240,0000,9.84,2025-11-05 12:00:46,results\api\extract\data\dynamic_mean_years_schooling_new_method_2024.json,bps-data-fa22b966ff2b1e98
mean_years_schooling_new_method,415,8103,121,0,0,810341501210,0000,9.68,2025-11-05 12:00:46,results\api\extract\data\dynamic_mean_years_schooling_new_method_2021.json,bps-data-0c5c8c6bbcc24cd9
mean_years_schooling_new_method,415,8103,122,0,0,810341501220,0000,9.76,2025-11-05 12:00:46,results\api\extract\data\dynamic_mean_years_schooling_new_method_2022.json,bps-data-cfe0654330afe1eb
mean_years_schooling_new_method,415,8103,123,0,0,810341501230,0000,9.78,2025-11-05 12:00:46,results\api\extract\data\dynamic_mean_years_schooling_new_method_2023.json,bps-data-6b97f25855ece024
mean_years_schooling_new_method,415,8103,124,0,0,810341501240,0000,9.79,2025-11-05 12:00:46,results\api\extract\data\dynamic_mean_years_schooling_new_method_2024.json,bps-data-fa22b966ff2b1e98
mean_years_schooling_new_method,415,8104,121,0,0,810441501210,0000,8.79,2025-11-05 12:00:46,results\api\extract\data\dynamic_mean_years_schooling_new_method_2021.json,bps-data-0c5c8c6bbcc24cd9
mean_years_schooling_new_method,415,8104,122,0,0,810441501220,0000,8.99,2025-11-05 12:00:46,results\api\extract\data\dynamic_mean_years_schooling_new_method_2022.json,bps-data-cfe0654330afe1eb
mean_years_schooling_new_method,415,8104,123,0,0,810441501230,0000,9.01,2025-11-05 12:00:46,results\api\extract\data\dynamic_mean_years_schooling_new_method_2023.json,bps-data-6b97f25855ece024
mean_years_schooling_new_method,415,8104,124,0,0,810441501240,0000,9.02,2025-11-05 12:00:46,results\api\extract\data\dynamic_mean_years_schooling_new_method_2024.json,bps-data-fa22b966ff2b1e98
mean_years_schooling_new_method,415,8105,121,0,0,810541501210,0000,8.83,2025-11-05 12:00:46,results\api\extract\data\dynamic_mean_years_schooling_new_method_2021.json,bps-data-0c5c8c6bbcc24cd9
mean_years_schooling_new_method,415,8105,122,0,0,810541501220,0000,8.87,2025-11-05 12:00:46,results\api\extract\data\dynamic_mean_years_schooling_new_method_2022.json,bps-data-cfe0654330afe1eb
mean_years_schooling_new_method,415,8105,123,0,0,810541501230,0000,8.97,2025-11-05 12:00:46,results\api\extract\data\dynamic_mean_years_schooling_new_method_2023.json,bps-data-6b97f25855ece024
mean_years_schooling_new_method,415,8105,124,0,0,810541501240,0000,9.21,2025-11-05 12:00:46,results\api\extract\data\dynamic_mean_years_schooling_new_method_2024.json,bps-data-fa22b966ff2b1e98
mean_years_schooling_new_method,415,8106,121,0,0,810641501210,0000,8.92,2025-11-05 12:00:46,results\api\extract\data\dynamic_mean_years_schooling_new_method_2021.json,bps-data-0c5c8c6bbcc24cd9
mean_years_schooling_new_method,415,8106,122,0,0,810641501220,0000,9.24,2025-11-05 12:00:46,results\api\extract\data\dynamic_mean_years_schooling_new_method_2022.json,bps-data-cfe0654330afe1eb
mean_years_schooling_new_method,415,8106,123,0,0,810641501230,0000,9.35,2025-11-05 12:00:46,results\api\extract\data\dynamic_mean_years_schooling_new_method_2023.json,bps-data-6b97f25855ece024
mean_years_schooling_new_method,415,8106,124,0,0,810641501240,0000,9.59,2025-11-05 12:00:46,results\api\extract\data\dynamic_mean_years_schooling_new_method_2024.json,bps-data-fa22b966ff2b1e98
mean_years_schooling_new_method,415,8107,121,0,0,810741501210,0000,8.46,2025-11-05 12:00:46,results\api\extract\data\dynamic_mean_years_schooling_new_method_2021.json,bps-data-0c5c8c6bbcc24cd9
mean_years_schooling_new_method,415,8107,122,0,0,810741501220,0000,8.71,2025-11-05 12:00:46,results\api\extract\data\dynamic_mean_years_schooling_new_method_2022.json,bps-data-cfe0654330afe1eb
mean_years_schooling_new_method,415,8107,123,0,0,810741501230,0000,8.82,2025-11-05 12:00:46,results\api\extract\data\dynamic_mean_years_schooling_new_method_2023.json,bps-data-6b97f25855ece024
mean_years_schooling_new_method,415,8107,124,0,0,810741501240,0000,9.0,2025-11-05 12:00:46,results\api\extract\data\dynamic_mean_years_schooling_new_method_2024.json,bps-data-fa22b966ff2b1e98
mean_years_schooling_new_method,415,8108,121,0,0,810841501210,0000,8.59,2025-11-05 12:00:46,results\api\extract\data\dynamic_mean_years_schooling_new_method_2021.json,bps-data-0c5c8c6bbcc24cd9
mean_years_schooling_new_method,415,8108,122,0,0,810841501220,0000,8.77,2025-11-05 12:00:46,results\api\extract\data\dynamic_mean_years_schooling_new_method_2022.json,bps-data-cfe0654330afe1eb
mean_years_schooling_new_method,415,8108,123,0,0,810841501230,0000,8.92,2025-11-05 12:00:46,results\api\extract\data\dynamic_mean_years_schooling_new_method_2023.json,bps-data-6b97f25855ece024
mean_years_schooling_new_method,415,8108,124,0,0,810841501240,0000,9.13,2025-11-05 12:00:46,results\api\extract\data\dynamic_mean_years_schooling_new_method_2024.json,bps-data-fa22b966ff2b1e98
mean_years_schooling_new_method,415,8109,121,0,0,810941501210,0000,7.95,2025-11-05 12:00:46,results\api\extract\data\dynamic_mean_years_schooling_new_method_2021.json,bps-data-0c5c8c6bbcc24cd9
mean_years_schooling_new_method,415,8109,122,0,0,810941501220,0000,8.06,2025-11-05 12:00:46,results\api\extract\data\dynamic_mean_years_schooling_new_method_2022.json,bps-data-cfe0654330afe1eb
mean_years_schooling_new_method,415,8109,123,0,0,810941501230,0000,8.23,2025-11-05 12:00:46,results\api\extract\data\dynamic_mean_years_schooling_new_method_2023.json,bps-data-6b97f25855ece024
mean_years_schooling_new_method,415,8109,124,0,0,810941501240,0000,8.48,2025-11-05 12:00:46,results\api\extract\data\dynamic_mean_years_schooling_new_method_2024.json,bps-data-fa22b966ff2b1e98
mean_years_schooling_new_method,415,8171,121,0,0,817141501210,0000,12.2,2025-11-05 12:00:46,results\api\extract\data\dynamic_mean_years_schooling_new_method_2021.json,bps-data-0c5c8c6bbcc24cd9
mean_years_schooling_new_method,415,8171,122,0,0,817141501220,0000,12.21,2025-11-05 12:00:46,results\api\extract\data\dynamic_mean_years_schooling_new_method_2022.json,bps-data-cfe0654330afe1eb
mean_years_schooling_new_method,415,8171,123,0,0,817141501230,0000,12.22,2025-11-05 12:00:46,results\api\extract\data\dynamic_mean_years_schooling_new_method_2023.json,bps-data-6b97f25855ece024
mean_years_schooling_new_method,415,8171,124,0,0,817141501240,0000,12.24,2025-11-05 12:00:46,results\api\extract\data\dynamic_mean_years_schooling_new_method_2024.json,bps-data-fa22b966ff2b1e98
mean_years_schooling_new_method,415,8172,121,0,0,817241501210,0000,10.53,2025-11-05 12:00:46,results\api\extract\data\dynamic_mean_years_schooling_new_method_2021.json,bps-data-0c5c8c6bbcc24cd9
mean_years_schooling_new_method,415,8172,122,0,0,817241501220,0000,10.54,2025-11-05 12:00:46,results\api\extract\data\dynamic_mean_years_schooling_new_method_2022.json,bps-data-cfe0654330afe1eb
mean_years_schooling_new_method,415,8172,123,0,0,817241501230,0000,10.66,2025-11-05 12:00:46,results\api\extract\data\dynamic_mean_years_schooling_new_method_2023.json,bps-data-6b97f25855ece024
mean_years_schooling_new_method,415,8172,124,0,0,817241501240,0000,10.67,2025-11-05 12:00:46,results\api\extract\data\dynamic_mean_years_schooling_new_method_2024.json,bps-data-fa22b966ff2b1e98
mean_years_schooling_new_method,415,8200,121,0,0,820041501210,0000,9.09,2025-11-05 12:00:46,results\api\extract\data\dynamic_mean_years_schooling_new_method_2021.json,bps-data-0c5c8c6bbcc24cd9
mean_years_schooling_new_method,415,8200,122,0,0,820041501220,0000,9.24,2025-11-05 12:00:46,results\api\extract\data\dynamic_mean_years_schooling_new_method_2022.json,bps-data-cfe0654330afe1eb
mean_years_schooling_new_method,415,8200,123,0,0,820041501230,0000,9.26,2025-11-05 12:00:46,results\api\extract\data\dynamic_mean_years_schooling_new_method_2023.json,bps-data-6b97f25855ece024
mean_years_schooling_new_method,415,8200,124,0,0,820041501240,0000,9.37,2025-11-05 12:00:46,results\api\extract\data\dynamic_mean_years_schooling_new_method_2024.json,bps-data-fa22b966ff2b1e98
mean_years_schooling_new_method,415,8201,121,0,0,820141501210,0000,8.37,2025-11-05 12:00:46,results\api\extract\data\dynamic_mean_years_schooling_new_method_2021.json,bps-data-0c5c8c6bbcc24cd9
mean_years_schooling_new_method,415,8201,122,0,0,820141501220,0000,8.57,2025-11-05 12:00:46,results\api\extract\data\dynamic_mean_years_schooling_new_method_2022.json,bps-data-cfe0654330afe1eb
mean_years_schooling_new_method,415,8201,123,0,0,820141501230,0000,8.58,2025-11-05 12:00:46,results\api\extract\data\dynamic_mean_years_schooling_new_method_2023.json,bps-data-6b97f25855ece024
mean_years_schooling_new_method,415,8201,124,0,0,820141501240,0000,8.59,2025-11-05 12:00:46,results\api\extract\data\dynamic_mean_years_schooling_new_method_2024.json,bps-data-fa22b966ff2b1e98
mean_years_schooling_new_method,415,8202,121,0,0,820241501210,0000,9.01,2025-11-05 12:00:46,results\api\extract\data\dynamic_mean_years_schooling_new_method_2021.json,bps-data-0c5c8c6bbcc24cd9
mean_years_schooling_new_method,415,8202,122,0,0,820241501220,0000,9.02,2025-11-05 12:00:46,results\api\extract\data\dynamic_mean_years_schooling_new_method_2022.json,bps-data-cfe0654330afe1eb
mean_years_schooling_new_method,415,8202,123,0,0,820241501230,0000,9.19,2025-11-05 12:00:46,results\api\extract\data\dynamic_mean_years_schooling_new_method_2023.json,bps-data-6b97f25855ece024
mean_years_schooling_new_method,415,8202,124,0,0,820241501240,0000,9.2,2025-11-05 12:00:46,results\api\extract\data\dynamic_mean_years_schooling_new_method_2024.json,bps-data-fa22b966ff2b1e98
mean_years_schooling_new_method,415,8203,121,0,0,820341501210,0000,9.0,2025-11-05 12:00:46,results\api\extract\data\dynamic_mean_years_schooling_new_method_2021.json,bps-data-0c5c8c6bbcc24cd9
mean_years_schooling_new_method,415,8203,122,0,0,820341501220,0000,9.02,2025-11-05 12:00:46,results\api\extract\data\dynamic_mean_years_schooling_new_method_2022.json,bps-data-cfe0654330afe1eb
mean_years_schooling_new_method,415,8203,123,0,0,820341501230,0000,9.04,2025-11-05 12:00:46,results\api\extract\data\dynamic_mean_years_schooling_new_method_2023.json,bps-data-6b97f25855ece024
mean_years_schooling_new_method,415,8203,124,0,0,820341501240,0000,9.17,2025-11-05 12:00:46,results\api\extract\data\dynamic_mean_years_schooling_new_method_2024.json,bps-data-fa22b966ff2b1e98
mean_years_schooling_new_method,415,8204,121,0,0,820441501210,0000,8.1,2025-11-05 12:00:46,results\api\extract\data\dynamic_mean_years_schooling_new_method_2021.json,bps-data-0c5c8c6bbcc24cd9
mean_years_schooling_new_method,415,8204,122,0,0,820441501220,0000,8.16,2025-11-05 12:00:46,results\api\extract\data\dynamic_mean_years_schooling_new_method_2022.json,bps-data-cfe0654330afe1eb
mean_years_schooling_new_method,415,8204,123,0,0,820441501230,0000,8.17,2025-11-05 12:00:46,results\api\extract\data\dynamic_mean_years_schooling_new_method_2023.json,bps-data-6b97f25855ece024
mean_years_schooling_new_method,415,8204,124,0,0,820441501240,0000,8.42,2025-11-05 12:00:46,results\api\extract\data\dynamic_mean_years_schooling_new_method_2024.json,bps-data-fa22b966ff2b1e98
mean_years_schooling_new_method,415,8205,121,0,0,820541501210,0000,8.62,2025-11-05 12:00:46,results\api\extract\data\dynamic_mean_years_schooling_new_method_2021.json,bps-data-0c5c8c6bbcc24cd9
mean_years_schooling_new_method,415,8205,122,0,0,820541501220,0000,8.63,2025-11-05 12:00:46,results\api\extract\data\dynamic_mean_years_schooling_new_method_2022.json,bps-data-cfe0654330afe1eb
mean_years_schooling_new_method,415,8205,123,0,0,820541501230,0000,8.65,2025-11-05 12:00:46,results\api\extract\data\dynamic_mean_years_schooling_new_method_2023.json,bps-data-6b97f25855ece024
mean_years_schooling_new_method,415,8205,124,0,0,820541501240,0000,8.67,2025-11-05 12:00:46,results\api\extract\data\dynamic_mean_years_schooling_new_method_2024.json,bps-data-fa22b966ff2b1e98
mean_years_schooling_new_method,415,8206,121,0,0,820641501210,0000,8.27,2025-11-05 12:00:46,results\api\extract\data\dynamic_mean_years_schooling_new_method_2021.json,bps-data-0c5c8c6bbcc24cd9
mean_years_schooling_new_method,415,8206,122,0,0,820641501220,0000,8.52,2025-11-05 12:00:46,results\api\extract\data\dynamic_mean_years_schooling_new_method_2022.json,bps-data-cfe0654330afe1eb
mean_years_schooling_new_method,415,8206,123,0,0,820641501230,0000,8.66,2025-11-05 12:00:46,results\api\extract\data\dynamic_mean_years_schooling_new_method_2023.json,bps-data-6b97f25855ece024
mean_years_schooling_new_method,415,8206,124,0,0,820641501240,0000,8.88,2025-11-05 12:00:46,results\api\extract\data\dynamic_mean_years_schooling_new_method_2024.json,bps-data-fa22b966ff2b1e98
mean_years_schooling_new_method,415,8207,121,0,0,820741501210,0000,7.4,2025-11-05 12:00:46,results\api\extract\data\dynamic_mean_years_schooling_new_method_2021.json,bps-data-0c5c8c6bbcc24cd9
mean_years_schooling_new_method,415,8207,122,0,0,820741501220,0000,7.42,2025-11-05 12:00:46,results\api\extract\data\dynamic_mean_years_schooling_new_method_2022.json,bps-data-cfe0654330afe1eb
mean_years_schooling_new_method,415,8207,123,0,0,820741501230,0000,7.55,2025-11-05 12:00:46,results\api\extract\data\dynamic_mean_years_schooling_new_method_2023.json,bps-data-6b97f25855ece024
mean_years_schooling_new_method,415,8207,124,0,0,820741501240,0000,7.73,2025-11-05 12:00:46,results\api\extract\data\dynamic_mean_years_schooling_new_method_2024.json,bps-data-fa22b966ff2b1e98
mean_years_schooling_new_method,415,8208,121,0,0,820841501210,0000,7.67,2025-11-05 12:00:46,results\api\extract\data\dynamic_mean_years_schooling_new_method_2021.json,bps-data-0c5c8c6bbcc24cd9
mean_years_schooling_new_method,415,8208,122,0,0,820841501220,0000,7.94,2025-11-05 12:00:46,results\api\extract\data\dynamic_mean_years_schooling_new_method_2022.json,bps-data-cfe0654330afe1eb
mean_years_schooling_new_method,415,8208,123,0,0,820841501230,0000,7.97,2025-11-05 12:00:46,results\api\extract\data\dynamic_mean_years_schooling_new_method_2023.json,bps-data-6b97f25855ece024
mean_years_schooling_new_method,415,8208,124,0,0,820841501240,0000,7.99,2025-11-05 12:00:46,results\api\extract\data\dynamic_mean_years_schooling_new_method_2024.json,bps-data-fa22b966ff2b1e98
mean_years_schooling_new_method,415,8271,121,0,0,827141501210,0000,11.81,2025-11-05 12:00:46,results\api\extract\data\dynamic_mean_years_schooling_new_method_2021.json,bps-data-0c5c8c6bbcc24cd9
mean_years_schooling_new_method,415,8271,122,0,0,827141501220,0000,12.06,2025-11-05 12:00:46,results\api\extract\data\dynamic_mean_years_schooling_new_method_2022.json,bps-data-cfe0654330afe1eb
mean_years_schooling_new_method,415,8271,123,0,0,827141501230,0000,12.07,2025-11-05 12:00:46,results\api\extract\data\dynamic_mean_years_schooling_new_method_2023.json,bps-data-6b97f25855ece024
mean_years_schooling_new_method,415,8271,124,0,0,827141501240,0000,12.08,2025-11-05 12:00:46,results\api\extract\data\dynamic_mean_years_schooling_new_method_2024.json,bps-data-fa22b966ff2b1e98
mean_years_schooling_new_method,415,8272,121,0,0,827241501210,0000,9.95,2025-11-05 12:00:46,results\api\extract\data\dynamic_mean_years_schooling_new_method_2021.json,bps-data-0c5c8c6bbcc24cd9
mean_years_schooling_new_method,415,8272,122,0,0,827241501220,0000,9.96,2025-11-05 12:00:46,results\api\extract\data\dynamic_mean_years_schooling_new_method_2022.json,bps-data-cfe0654330afe1eb
mean_years_schooling_new_method,415,8272,123,0,0,827241501230,0000,9.97,2025-11-05 12:00:46,results\api\extract\data\dynamic_mean_years_schooling_new_method_2023.json,bps-data-6b97f25855ece024
mean_years_schooling_new_method,415,8272,124,0,0,827241501240,0000,10.12,2025-11-05 12:00:46,results\api\extract\data\dynamic_mean_years_schooling_new_method_2024.json,bps-data-fa22b966ff2b1e98
mean_years_schooling_new_method,415,9100,121,0,0,910041501210,0000,7.69,2025-11-05 12:00:46,results\api\extract\data\dynamic_mean_years_schooling_new_method_2021.json,bps-data-0c5c8c6bbcc24cd9
mean_years_schooling_new_method,415,9100,122,0,0,910041501220,0000,7.84,2025-11-05 12:00:46,results\api\extract\data\dynamic_mean_years_schooling_new_method_2022.json,bps-data-cfe0654330afe1eb
mean_years_schooling_new_method,415,9100,123,0,0,910041501230,0000,7.93,2025-11-05 12:00:46,results\api\extract\data\dynamic_mean_years_schooling_new_method_2023.json,bps-data-6b97f25855ece024
mean_years_schooling_new_method,415,9100,124,0,0,910041501240,0000,7.86,2025-11-05 12:00:46,results\api\extract\data\dynamic_mean_years_schooling_new_method_2024.json,bps-data-fa22b966ff2b1e98
mean_years_schooling_new_method,415,9101,121,0,0,910141501210,0000,8.97,2025-11-05 12:00:46,results\api\extract\data\dynamic_mean_years_schooling_new_method_2021.json,bps-data-0c5c8c6bbcc24cd9
mean_years_schooling_new_method,415,9101,122,0,0,910141501220,0000,9.08,2025-11-05 12:00:46,results\api\extract\data\dynamic_mean_years_schooling_new_method_2022.json,bps-data-cfe0654330afe1eb
mean_years_schooling_new_method,415,9101,123,0,0,910141501230,0000,9.17,2025-11-05 12:00:46,results\api\extract\data\dynamic_mean_years_schooling_new_method_2023.json,bps-data-6b97f25855ece024
mean_years_schooling_new_method,415,9101,124,0,0,910141501240,0000,9.32,2025-11-05 12:00:46,results\api\extract\data\dynamic_mean_years_schooling_new_method_2024.json,bps-data-fa22b966ff2b1e98
mean_years_schooling_new_method,415,9102,121,0,0,910241501210,0000,8.58,2025-11-05 12:00:46,results\api\extract\data\dynamic_mean_years_schooling_new_method_2021.json,bps-data-0c5c8c6bbcc24cd9
mean_years_schooling_new_method,415,9102,122,0,0,910241501220,0000,8.74,2025-11-05 12:00:46,results\api\extract\data\dynamic_mean_years_schooling_new_method_2022.json,bps-data-cfe0654330afe1eb
mean_years_schooling_new_method,415,9102,123,0,0,910241501230,0000,8.8,2025-11-05 12:00:46,results\api\extract\data\dynamic_mean_years_schooling_new_method_2023.json,bps-data-6b97f25855ece024
mean_years_schooling_new_method,415,9102,124,0,0,910241501240,0000,8.97,2025-11-05 12:00:46,results\api\extract\data\dynamic_mean_years_schooling_new_method_2024.json,bps-data-fa22b966ff2b1e98
mean_years_schooling_new_method,415,9103,121,0,0,910341501210,0000,7.08,2025-11-05 12:00:46,results\api\extract\data\dynamic_mean_years_schooling_new_method_2021.json,bps-data-0c5c8c6bbcc24cd9
mean_years_schooling_new_method,415,9103,122,0,0,910341501220,0000,7.2,2025-11-05 12:00:46,results\api\extract\data\dynamic_mean_years_schooling_new_method_2022.json,bps-data-cfe0654330afe1eb
mean_years_schooling_new_method,415,9103,123,0,0,910341501230,0000,7.27,2025-11-05 12:00:46,results\api\extract\data\dynamic_mean_years_schooling_new_method_2023.json,bps-data-6b97f25855ece024
mean_years_schooling_new_method,415,9103,124,0,0,910341501240,0000,7.38,2025-11-05 12:00:46,results\api\extract\data\dynamic_mean_years_schooling_new_method_2024.json,bps-data-fa22b966ff2b1e98
mean_years_schooling_new_method,415,9104,121,0,0,910441501210,0000,8.22,2025-11-05 12:00:46,results\api\extract\data\dynamic_mean_years_schooling_new_method_2021.json,bps-data-0c5c8c6bbcc24cd9
mean_years_schooling_new_method,415,9104,122,0,0,910441501220,0000,8.35,2025-11-05 12:00:46,results\api\extract\data\dynamic_mean_years_schooling_new_method_2022.json,bps-data-cfe0654330afe1eb
mean_years_schooling_new_method,415,9104,123,0,0,910441501230,0000,8.51,2025-11-05 12:00:46,results\api\extract\data\dynamic_mean_years_schooling_new_method_2023.json,bps-data-6b97f25855ece024
mean_years_schooling_new_method,415,9104,124,0,0,910441501240,0000,8.67,2025-11-05 12:00:46,results\api\extract\data\dynamic_mean_years_schooling_new_method_2024.json,bps-data-fa22b966ff2b1e98
mean_years_schooling_new_method,415,9105,121,0,0,910541501210,0000,8.34,2025-11-05 12:00:46,results\api\extract\data\dynamic_mean_years_schooling_new_method_2021.json,bps-data-0c5c8c6bbcc24cd9
mean_years_schooling_new_method,415,9105,122,0,0,910541501220,0000,8.45,2025-11-05 12:00:46,results\api\extract\data\dynamic_mean_years_schooling_new_method_2022.json,bps-data-cfe0654330afe1eb
mean_years_schooling_new_method,415,9105,123,0,0,910541501230,0000,8.54,2025-11-05 12:00:46,results\api\extract\data\dynamic_mean_years_schooling_new_method_2023.json,bps-data-6b97f25855ece024
mean_years_schooling_new_method,415,9105,124,0,0,910541501240,0000,8.67,2025-11-05 12:00:46,results\api\extract\data\dynamic_mean_years_schooling_new_method_2024.json,bps-data-fa22b966ff2b1e98
mean_years_schooling_new_method,415,9106,121,0,0,910641501210,0000,7.49,2025-11-05 12:00:46,results\api\extract\data\dynamic_mean_years_schooling_new_method_2021.json,bps-data-0c5c8c6bbcc24cd9
mean_years_schooling_new_method,415,9106,122,0,0,910641501220,0000,7.58,2025-11-05 12:00:46,results\api\extract\data\dynamic_mean_years_schooling_new_method_2022.json,bps-data-cfe0654330afe1eb
mean_years_schooling_new_method,415,9106,123,0,0,910641501230,0000,7.62,2025-11-05 12:00:46,results\api\extract\data\dynamic_mean_years_schooling_new_method_2023.json,bps-data-6b97f25855ece024
mean_years_schooling_new_method,415,9107,121,0,0,910741501210,0000,8.33,2025-11-05 12:00:46,results\api\extract\data\dynamic_mean_years_schooling_new_method_2021.json,bps-data-0c5c8c6bbcc24cd9
mean_years_schooling_new_method,415,9107,122,0,0,910741501220,0000,8.52,2025-11-05 12:00:46,results\api\extract\data\dynamic_mean_years_schooling_new_method_2022.json,bps-data-cfe0654330afe1eb
mean_years_schooling_new_method,415,9107,123,0,0,910741501230,0000,8.61,2025-11-05 12:00:46,results\api\extract\data\dynamic_mean_years_schooling_new_method_2023.json,bps-data-6b97f25855ece024
mean_years_schooling_new_method,415,9108,121,0,0,910841501210,0000,8.02,2025-11-05 12:00:46,results\api\extract\data\dynamic_mean_years_schooling_new_method_2021.json,bps-data-0c5c8c6bbcc24cd9
mean_years_schooling_new_method,415,9108,122,0,0,910841501220,0000,8.16,2025-11-05 12:00:46,results\api\extract\data\dynamic_mean_years_schooling_new_method_2022.json,bps-data-cfe0654330afe1eb
mean_years_schooling_new_method,415,9108,123,0,0,910841501230,0000,8.24,2025-11-05 12:00:46,results\api\extract\data\dynamic_mean_years_schooling_new_method_2023.json,bps-data-6b97f25855ece024
mean_years_schooling_new_method,415,9109,121,0,0,910941501210,0000,5.39,2025-11-05 12:00:46,results\api\extract\data\dynamic_mean_years_schooling_new_method_2021.json,bps-data-0c5c8c6bbcc24cd9
mean_years_schooling_new_method,415,9109,122,0,0,910941501220,0000,5.64,2025-11-05 12:00:46,results\api\extract\data\dynamic_mean_years_schooling_new_method_2022.json,bps-data-cfe0654330afe1eb
mean_years_schooling_new_method,415,9109,123,0,0,910941501230,0000,5.71,2025-11-05 12:00:46,results\api\extract\data\dynamic_mean_years_schooling_new_method_2023.json,bps-data-6b97f25855ece024
mean_years_schooling_new_method,415,9110,121,0,0,911041501210,0000,6.96,2025-11-05 12:00:46,results\api\extract\data\dynamic_mean_years_schooling_new_method_2021.json,bps-data-0c5c8c6bbcc24cd9
mean_years_schooling_new_method,415,9110,122,0,0,911041501220,0000,7.19,2025-11-05 12:00:46,results\api\extract\data\dynamic_mean_years_schooling_new_method_2022.json,bps-data-cfe0654330afe1eb
mean_years_schooling_new_method,415,9110,123,0,0,911041501230,0000,7.32,2025-11-05 12:00:46,results\api\extract\data\dynamic_mean_years_schooling_new_method_2023.json,bps-data-6b97f25855ece024
mean_years_schooling_new_method,415,9111,121,0,0,911141501210,0000,6.63,2025-11-05 12:00:46,results\api\extract\data\dynamic_mean_years_schooling_new_method_2021.json,bps-data-0c5c8c6bbcc24cd9
mean_years_schooling_new_method,415,9111,122,0,0,911141501220,0000,6.9,2025-11-05 12:00:46,results\api\extract\data\dynamic_mean_years_schooling_new_method_2022.json,bps-data-cfe0654330afe1eb
mean_years_schooling_new_method,415,9111,123,0,0,911141501230,0000,6.96,2025-11-05 12:00:46,results\api\extract\data\dynamic_mean_years_schooling_new_method_2023.json,bps-data-6b97f25855ece024
mean_years_schooling_new_method,415,9111,124,0,0,911141501240,0000,7.17,2025-11-05 12:00:46,results\api\extract\data\dynamic_mean_years_schooling_new_method_2024.json,bps-data-fa22b966ff2b1e98
mean_years_schooling_new_method,415,9112,121,0,0,911241501210,0000,5.12,2025-11-05 12:00:46,results\api\extract\data\dynamic_mean_years_schooling_new_method_2021.json,bps-data-0c5c8c6bbcc24cd9
mean_years_schooling_new_method,415,9112,122,0,0,911241501220,0000,5.34,2025-11-05 12:00:46,results\api\extract\data\dynamic_mean_years_schooling_new_method_2022.json,bps-data-cfe0654330afe1eb
mean_years_schooling_new_method,415,9112,123,0,0,911241501230,0000,5.51,2025-11-05 12:00:46,results\api\extract\data\dynamic_mean_years_schooling_new_method_2023.json,bps-data-6b97f25855ece024
mean_years_schooling_new_method,415,9112,124,0,0,911241501240,0000,5.72,2025-11-05 12:00:46,results\api\extract\data\dynamic_mean_years_schooling_new_method_2024.json,bps-data-fa22b966ff2b1e98
mean_years_schooling_new_method,415,9171,121,0,0,917141501210,0000,11.19,2025-11-05 12:00:46,results\api\extract\data\dynamic_mean_years_schooling_new_method_2021.json,bps-data-0c5c8c6bbcc24cd9
mean_years_schooling_new_method,415,9171,122,0,0,917141501220,0000,11.32,2025-11-05 12:00:46,results\api\extract\data\dynamic_mean_years_schooling_new_method_2022.json,bps-data-cfe0654330afe1eb
mean_years_schooling_new_method,415,9171,123,0,0,917141501230,0000,11.5,2025-11-05 12:00:46,results\api\extract\data\dynamic_mean_years_schooling_new_method_2023.json,bps-data-6b97f25855ece024
mean_years_schooling_new_method,415,9200,124,0,0,920041501240,0000,8.39,2025-11-05 12:00:46,results\api\extract\data\dynamic_mean_years_schooling_new_method_2024.json,bps-data-fa22b966ff2b1e98
mean_years_schooling_new_method,415,9201,124,0,0,920141501240,0000,8.4,2025-11-05 12:00:46,results\api\extract\data\dynamic_mean_years_schooling_new_method_2024.json,bps-data-fa22b966ff2b1e98
mean_years_schooling_new_method,415,9202,124,0,0,920241501240,0000,8.74,2025-11-05 12:00:46,results\api\extract\data\dynamic_mean_years_schooling_new_method_2024.json,bps-data-fa22b966ff2b1e98
mean_years_schooling_new_method,415,9203,124,0,0,920341501240,0000,7.76,2025-11-05 12:00:46,results\api\extract\data\dynamic_mean_years_schooling_new_method_2024.json,bps-data-fa22b966ff2b1e98
mean_years_schooling_new_method,415,9204,124,0,0,920441501240,0000,7.44,2025-11-05 12:00:46,results\api\extract\data\dynamic_mean_years_schooling_new_method_2024.json,bps-data-fa22b966ff2b1e98
mean_years_schooling_new_method,415,9205,124,0,0,920541501240,0000,5.89,2025-11-05 12:00:46,results\api\extract\data\dynamic_mean_years_schooling_new_method_2024.json,bps-data-fa22b966ff2b1e98
mean_years_schooling_new_method,415,9271,124,0,0,927141501240,0000,11.57,2025-11-05 12:00:46,results\api\extract\data\dynamic_mean_years_schooling_new_method_2024.json,bps-data-fa22b966ff2b1e98
mean_years_schooling_new_method,415,9400,121,0,0,940041501210,0000,6.76,2025-11-05 12:00:46,results\api\extract\data\dynamic_mean_years_schooling_new_method_2021.json,bps-data-0c5c8c6bbcc24cd9
mean_years_schooling_new_method,415,9400,122,0,0,940041501220,0000,7.02,2025-11-05 12:00:46,results\api\extract\data\dynamic_mean_years_schooling_new_method_2022.json,bps-data-cfe0654330afe1eb
mean_years_schooling_new_method,415,9400,123,0,0,940041501230,0000,7.15,2025-11-05 12:00:46,results\api\extract\data\dynamic_mean_years_schooling_new_method_2023.json,bps-data-6b97f25855ece024
mean_years_schooling_new_method,415,9400,124,0,0,940041501240,0000,9.82,2025-11-05 12:00:46,results\api\extract\data\dynamic_mean_years_schooling_new_method_2024.json,bps-data-fa22b966ff2b1e98
mean_years_schooling_new_method,415,9401,121,0,0,940141501210,0000,8.73,2025-11-05 12:00:46,results\api\extract\data\dynamic_mean_years_schooling_new_method_2021.json,bps-data-0c5c8c6bbcc24cd9
mean_years_schooling_new_method,415,9401,122,0,0,940141501220,0000,9.04,2025-11-05 12:00:46,results\api\extract\data\dynamic_mean_years_schooling_new_method_2022.json,bps-data-cfe0654330afe1eb
mean_years_schooling_new_method,415,9401,123,0,0,940141501230,0000,9.25,2025-11-05 12:00:46,results\api\extract\data\dynamic_mean_years_schooling_new_method_2023.json,bps-data-6b97f25855ece024
mean_years_schooling_new_method,415,9402,121,0,0,940241501210,0000,5.6,2025-11-05 12:00:46,results\api\extract\data\dynamic_mean_years_schooling_new_method_2021.json,bps-data-0c5c8c6bbcc24cd9
mean_years_schooling_new_method,415,9402,122,0,0,940241501220,0000,5.74,2025-11-05 12:00:46,results\api\extract\data\dynamic_mean_years_schooling_new_method_2022.json,bps-data-cfe0654330afe1eb
mean_years_schooling_new_method,415,9402,123,0,0,940241501230,0000,5.98,2025-11-05 12:00:46,results\api\extract\data\dynamic_mean_years_schooling_new_method_2023.json,bps-data-6b97f25855ece024
mean_years_schooling_new_method,415,9403,121,0,0,940341501210,0000,10.05,2025-11-05 12:00:46,results\api\extract\data\dynamic_mean_years_schooling_new_method_2021.json,bps-data-0c5c8c6bbcc24cd9
mean_years_schooling_new_method,415,9403,122,0,0,940341501220,0000,10.27,2025-11-05 12:00:46,results\api\extract\data\dynamic_mean_years_schooling_new_method_2022.json,bps-data-cfe0654330afe1eb
mean_years_schooling_new_method,415,9403,123,0,0,940341501230,0000,10.32,2025-11-05 12:00:46,results\api\extract\data\dynamic_mean_years_schooling_new_method_2023.json,bps-data-6b97f25855ece024
mean_years_schooling_new_method,415,9403,124,0,0,940341501240,0000,10.57,2025-11-05 12:00:46,results\api\extract\data\dynamic_mean_years_schooling_new_method_2024.json,bps-data-fa22b966ff2b1e98
mean_years_schooling_new_method,415,9404,121,0,0,940441501210,0000,10.01,2025-11-05 12:00:46,results\api\extract\data\dynamic_mean_years_schooling_new_method_2021.json,bps-data-0c5c8c6bbcc24cd9
mean_years_schooling_new_method,415,9404,122,0,0,940441501220,0000,10.16,2025-11-05 12:00:46,results\api\extract\data\dynamic_mean_years_schooling_new_method_2022.json,bps-data-cfe0654330afe1eb
mean_years_schooling_new_method,415,9404,123,0,0,940441501230,0000,10.33,2025-11-05 12:00:46,results\api\extract\data\dynamic_mean_years_schooling_new_method_2023.json,bps-data-6b97f25855ece024
mean_years_schooling_new_method,415,9408,121,0,0,940841501210,0000,9.47,2025-11-05 12:00:46,results\api\extract\data\dynamic_mean_years_schooling_new_method_2021.json,bps-data-0c5c8c6bbcc24cd9
mean_years_schooling_new_method,415,9408,122,0,0,940841501220,0000,9.69,2025-11-05 12:00:46,results\api\extract\data\dynamic_mean_years_schooling_new_method_2022.json,bps-data-cfe0654330afe1eb
mean_years_schooling_new_method,415,9408,123,0,0,940841501230,0000,9.7,2025-11-05 12:00:46,results\api\extract\data\dynamic_mean_years_schooling_new_method_2023.json,bps-data-6b97f25855ece024
mean_years_schooling_new_method,415,9408,124,0,0,940841501240,0000,9.71,2025-11-05 12:00:46,results\api\extract\data\dynamic_mean_years_schooling_new_method_2024.json,bps-data-fa22b966ff2b1e98
mean_years_schooling_new_method,415,9409,121,0,0,940941501210,0000,10.34,2025-11-05 12:00:46,results\api\extract\data\dynamic_mean_years_schooling_new_method_2021.json,bps-data-0c5c8c6bbcc24cd9
mean_years_schooling_new_method,415,9409,122,0,0,940941501220,0000,10.53,2025-11-05 12:00:46,results\api\extract\data\dynamic_mean_years_schooling_new_method_2022.json,bps-data-cfe0654330afe1eb
mean_years_schooling_new_method,415,9409,123,0,0,940941501230,0000,10.54,2025-11-05 12:00:46,results\api\extract\data\dynamic_mean_years_schooling_new_method_2023.json,bps-data-6b97f25855ece024
mean_years_schooling_new_method,415,9409,124,0,0,940941501240,0000,10.55,2025-11-05 12:00:46,results\api\extract\data\dynamic_mean_years_schooling_new_method_2024.json,bps-data-fa22b966ff2b1e98
mean_years_schooling_new_method,415,9410,121,0,0,941041501210,0000,4.77,2025-11-05 12:00:46,results\api\extract\data\dynamic_mean_years_schooling_new_method_2021.json,bps-data-0c5c8c6bbcc24cd9
mean_years_schooling_new_method,415,9410,122,0,0,941041501220,0000,4.78,2025-11-05 12:00:46,results\api\extract\data\dynamic_mean_years_schooling_new_method_2022.json,bps-data-cfe0654330afe1eb
mean_years_schooling_new_method,415,9410,123,0,0,941041501230,0000,4.79,2025-11-05 12:00:46,results\api\extract\data\dynamic_mean_years_schooling_new_method_2023.json,bps-data-6b97f25855ece024
mean_years_schooling_new_method,415,9411,121,0,0,941141501210,0000,3.74,2025-11-05 12:00:46,results\api\extract\data\dynamic_mean_years_schooling_new_method_2021.json,bps-data-0c5c8c6bbcc24cd9
mean_years_schooling_new_method,415,9411,122,0,0,941141501220,0000,4.03,2025-11-05 12:00:46,results\api\extract\data\dynamic_mean_years_schooling_new_method_2022.json,bps-data-cfe0654330afe1eb
mean_years_schooling_new_method,415,9411,123,0,0,941141501230,0000,4.23,2025-11-05 12:00:46,results\api\extract\data\dynamic_mean_years_schooling_new_method_2023.json,bps-data-6b97f25855ece024
mean_years_schooling_new_method,415,9412,121,0,0,941241501210,0000,10.18,2025-11-05 12:00:46,results\api\extract\data\dynamic_mean_years_schooling_new_method_2021.json,bps-data-0c5c8c6bbcc24cd9
mean_years_schooling_new_method,415,9412,122,0,0,941241501220,0000,10.2,2025-11-05 12:00:46,results\api\extract\data\dynamic_mean_years_schooling_new_method_2022.json,bps-data-cfe0654330afe1eb
mean_years_schooling_new_method,415,9412,123,0,0,941241501230,0000,10.47,2025-11-05 12:00:46,results\api\extract\data\dynamic_mean_years_schooling_new_method_2023.json,bps-data-6b97f25855ece024
mean_years_schooling_new_method,415,9413,121,0,0,941341501210,0000,8.79,2025-11-05 12:00:46,results\api\extract\data\dynamic_mean_years_schooling_new_method_2021.json,bps-data-0c5c8c6bbcc24cd9
mean_years_schooling_new_method,415,9413,122,0,0,941341501220,0000,9.03,2025-11-05 12:00:46,results\api\extract\data\dynamic_mean_years_schooling_new_method_2022.json,bps-data-cfe0654330afe1eb
mean_years_schooling_new_method,415,9413,123,0,0,941341501230,0000,9.25,2025-11-05 12:00:46,results\api\extract\data\dynamic_mean_years_schooling_new_method_2023.json,bps-data-6b97f25855ece024
mean_years_schooling_new_method,415,9414,121,0,0,941441501210,0000,6.51,2025-11-05 12:00:46,results\api\extract\data\dynamic_mean_years_schooling_new_method_2021.json,bps-data-0c5c8c6bbcc24cd9
mean_years_schooling_new_method,415,9414,122,0,0,941441501220,0000,6.78,2025-11-05 12:00:46,results\api\extract\data\dynamic_mean_years_schooling_new_method_2022.json,bps-data-cfe0654330afe1eb
mean_years_schooling_new_method,415,9414,123,0,0,941441501230,0000,6.95,2025-11-05 12:00:46,results\api\extract\data\dynamic_mean_years_schooling_new_method_2023.json,bps-data-6b97f25855ece024
mean_years_schooling_new_method,415,9415,121,0,0,941541501210,0000,5.08,2025-11-05 12:00:46,results\api\extract\data\dynamic_mean_years_schooling_new_method_2021.json,bps-data-0c5c8c6bbcc24cd9
mean_years_schooling_new_method,415,9415,122,0,0,941541501220,0000,5.36,2025-11-05 12:00:46,results\api\extract\data\dynamic_mean_years_schooling_new_method_2022.json,bps-data-cfe0654330afe1eb
mean_years_schooling_new_method,415,9415,123,0,0,941541501230,0000,5.58,2025-11-05 12:00:46,results\api\extract\data\dynamic_mean_years_schooling_new_method_2023.json,bps-data-6b97f25855ece024
mean_years_schooling_new_method,415,9416,121,0,0,941641501210,0000,4.27,2025-11-05 12:00:46,results\api\extract\data\dynamic_mean_years_schooling_new_method_2021.json,bps-data-0c5c8c6bbcc24cd9
mean_years_schooling_new_method,415,9416,122,0,0,941641501220,0000,4.28,2025-11-05 12:00:46,results\api\extract\data\dynamic_mean_years_schooling_new_method_2022.json,bps-data-cfe0654330afe1eb
mean_years_schooling_new_method,415,9416,123,0,0,941641501230,0000,4.34,2025-11-05 12:00:46,results\api\extract\data\dynamic_mean_years_schooling_new_method_2023.json,bps-data-6b97f25855ece024
mean_years_schooling_new_method,415,9417,121,0,0,941741501210,0000,3.04,2025-11-05 12:00:46,results\api\extract\data\dynamic_mean_years_schooling_new_method_2021.json,bps-data-0c5c8c6bbcc24cd9
mean_years_schooling_new_method,415,9417,122,0,0,941741501220,0000,3.23,2025-11-05 12:00:46,results\api\extract\data\dynamic_mean_years_schooling_new_method_2022.json,bps-data-cfe0654330afe1eb
mean_years_schooling_new_method,415,9417,123,0,0,941741501230,0000,3.37,2025-11-05 12:00:46,results\api\extract\data\dynamic_mean_years_schooling_new_method_2023.json,bps-data-6b97f25855ece024
mean_years_schooling_new_method,415,9418,121,0,0,941841501210,0000,3.65,2025-11-05 12:00:46,results\api\extract\data\dynamic_mean_years_schooling_new_method_2021.json,bps-data-0c5c8c6bbcc24cd9
mean_years_schooling_new_method,415,9418,122,0,0,941841501220,0000,3.67,2025-11-05 12:00:46,results\api\extract\data\dynamic_mean_years_schooling_new_method_2022.json,bps-data-cfe0654330afe1eb
mean_years_schooling_new_method,415,9418,123,0,0,941841501230,0000,3.68,2025-11-05 12:00:46,results\api\extract\data\dynamic_mean_years_schooling_new_method_2023.json,bps-data-6b97f25855ece024
mean_years_schooling_new_method,415,9419,121,0,0,941941501210,0000,8.83,2025-11-05 12:00:46,results\api\extract\data\dynamic_mean_years_schooling_new_method_2021.json,bps-data-0c5c8c6bbcc24cd9
mean_years_schooling_new_method,415,9419,122,0,0,941941501220,0000,9.15,2025-11-05 12:00:46,results\api\extract\data\dynamic_mean_years_schooling_new_method_2022.json,bps-data-cfe0654330afe1eb
mean_years_schooling_new_method,415,9419,123,0,0,941941501230,0000,9.36,2025-11-05 12:00:46,results\api\extract\data\dynamic_mean_years_schooling_new_method_2023.json,bps-data-6b97f25855ece024
mean_years_schooling_new_method,415,9419,124,0,0,941941501240,0000,9.61,2025-11-05 12:00:46,results\api\extract\data\dynamic_mean_years_schooling_new_method_2024.json,bps-data-fa22b966ff2b1e98
mean_years_schooling_new_method,415,9420,121,0,0,942041501210,0000,8.02,2025-11-05 12:00:46,results\api\extract\data\dynamic_mean_years_schooling_new_method_2021.json,bps-data-0c5c8c6bbcc24cd9
mean_years_schooling_new_method,415,9420,122,0,0,942041501220,0000,8.31,2025-11-05 12:00:46,results\api\extract\data\dynamic_mean_years_schooling_new_method_2022.json,bps-data-cfe0654330afe1eb
mean_years_schooling_new_method,415,9420,123,0,0,942041501230,0000,8.57,2025-11-05 12:00:46,results\api\extract\data\dynamic_mean_years_schooling_new_method_2023.json,bps-data-6b97f25855ece024
mean_years_schooling_new_method,415,9420,124,0,0,942041501240,0000,8.58,2025-11-05 12:00:46,results\api\extract\data\dynamic_mean_years_schooling_new_method_2024.json,bps-data-fa22b966ff2b1e98
mean_years_schooling_new_method,415,9426,121,0,0,942641501210,0000,9.21,2025-11-05 12:00:46,results\api\extract\data\dynamic_mean_years_schooling_new_method_2021.json,bps-data-0c5c8c6bbcc24cd9
mean_years_schooling_new_method,415,9426,122,0,0,942641501220,0000,9.4,2025-11-05 12:00:46,results\api\extract\data\dynamic_mean_years_schooling_new_method_2022.json,bps-data-cfe0654330afe1eb
mean_years_schooling_new_method,415,9426,123,0,0,942641501230,0000,9.41,2025-11-05 12:00:46,results\api\extract\data\dynamic_mean_years_schooling_new_method_2023.json,bps-data-6b97f25855ece024
mean_years_schooling_new_method,415,9426,124,0,0,942641501240,0000,9.42,2025-11-05 12:00:46,results\api\extract\data\dynamic_mean_years_schooling_new_method_2024.json,bps-data-fa22b966ff2b1e98
mean_years_schooling_new_method,415,9427,121,0,0,942741501210,0000,8.87,2025-11-05 12:00:46,results\api\extract\data\dynamic_mean_years_schooling_new_method_2021.json,bps-data-0c5c8c6bbcc24cd9
mean_years_schooling_new_method,415,9427,122,0,0,942741501220,0000,9.09,2025-11-05 12:00:46,results\api\extract\data\dynamic_mean_years_schooling_new_method_2022.json,bps-data-cfe0654330afe1eb
mean_years_schooling_new_method,415,9427,123,0,0,942741501230,0000,9.2,2025-11-05 12:00:46,results\api\extract\data\dynamic_mean_years_schooling_new_method_2023.json,bps-data-6b97f25855ece024
mean_years_schooling_new_method,415,9427,124,0,0,942741501240,0000,9.21,2025-11-05 12:00:46,results\api\extract\data\dynamic_mean_years_schooling_new_method_2024.json,bps-data-fa22b966ff2b1e98
mean_years_schooling_new_method,415,9428,121,0,0,942841501210,0000,5.87,2025-11-05 12:00:46,results\api\extract\data\dynamic_mean_years_schooling_new_method_2021.json,bps-data-0c5c8c6bbcc24cd9
mean_years_schooling_new_method,415,9428,122,0,0,942841501220,0000,6.12,2025-11-05 12:00:46,results\api\extract\data\dynamic_mean_years_schooling_new_method_2022.json,bps-data-cfe0654330afe1eb
mean_years_schooling_new_method,415,9428,123,0,0,942841501230,0000,6.28,2025-11-05 12:00:46,results\api\extract\data\dynamic_mean_years_schooling_new_method_2023.json,bps-data-6b97f25855ece024
mean_years_schooling_new_method,415,9428,124,0,0,942841501240,0000,6.49,2025-11-05 12:00:46,results\api\extract\data\dynamic_mean_years_schooling_new_method_2024.json,bps-data-fa22b966ff2b1e98
mean_years_schooling_new_method,415,9429,121,0,0,942941501210,0000,1.42,2025-11-05 12:00:46,results\api\extract\data\dynamic_mean_years_schooling_new_method_2021.json,bps-data-0c5c8c6bbcc24cd9
mean_years_schooling_new_method,415,9429,122,0,0,942941501220,0000,1.58,2025-11-05 12:00:46,results\api\extract\data\dynamic_mean_years_schooling_new_method_2022.json,bps-data-cfe0654330afe1eb
mean_years_schooling_new_method,415,9429,123,0,0,942941501230,0000,1.71,2025-11-05 12:00:46,results\api\extract\data\dynamic_mean_years_schooling_new_method_2023.json,bps-data-6b97f25855ece024
mean_years_schooling_new_method,415,9430,121,0,0,943041501210,0000,3.43,2025-11-05 12:00:46,results\api\extract\data\dynamic_mean_years_schooling_new_method_2021.json,bps-data-0c5c8c6bbcc24cd9
mean_years_schooling_new_method,415,9430,122,0,0,943041501220,0000,3.59,2025-11-05 12:00:46,results\api\extract\data\dynamic_mean_years_schooling_new_method_2022.json,bps-data-cfe0654330afe1eb
mean_years_schooling_new_method,415,9430,123,0,0,943041501230,0000,3.71,2025-11-05 12:00:46,results\api\extract\data\dynamic_mean_years_schooling_new_method_2023.json,bps-data-6b97f25855ece024
mean_years_schooling_new_method,415,9431,121,0,0,943141501210,0000,3.33,2025-11-05 12:00:46,results\api\extract\data\dynamic_mean_years_schooling_new_method_2021.json,bps-data-0c5c8c6bbcc24cd9
mean_years_schooling_new_method,415,9431,122,0,0,943141501220,0000,3.48,2025-11-05 12:00:46,results\api\extract\data\dynamic_mean_years_schooling_new_method_2022.json,bps-data-cfe0654330afe1eb
mean_years_schooling_new_method,415,9431,123,0,0,943141501230,0000,3.63,2025-11-05 12:00:46,results\api\extract\data\dynamic_mean_years_schooling_new_method_2023.json,bps-data-6b97f25855ece024
mean_years_schooling_new_method,415,9432,121,0,0,943241501210,0000,3.01,2025-11-05 12:00:46,results\api\extract\data\dynamic_mean_years_schooling_new_method_2021.json,bps-data-0c5c8c6bbcc24cd9
mean_years_schooling_new_method,415,9432,122,0,0,943241501220,0000,3.19,2025-11-05 12:00:46,results\api\extract\data\dynamic_mean_years_schooling_new_method_2022.json,bps-data-cfe0654330afe1eb
mean_years_schooling_new_method,415,9432,123,0,0,943241501230,0000,3.34,2025-11-05 12:00:46,results\api\extract\data\dynamic_mean_years_schooling_new_method_2023.json,bps-data-6b97f25855ece024
mean_years_schooling_new_method,415,9433,121,0,0,943341501210,0000,2.16,2025-11-05 12:00:46,results\api\extract\data\dynamic_mean_years_schooling_new_method_2021.json,bps-data-0c5c8c6bbcc24cd9
mean_years_schooling_new_method,415,9433,122,0,0,943341501220,0000,2.17,2025-11-05 12:00:46,results\api\extract\data\dynamic_mean_years_schooling_new_method_2022.json,bps-data-cfe0654330afe1eb
mean_years_schooling_new_method,415,9433,123,0,0,943341501230,0000,2.19,2025-11-05 12:00:46,results\api\extract\data\dynamic_mean_years_schooling_new_method_2023.json,bps-data-6b97f25855ece024
mean_years_schooling_new_method,415,9434,121,0,0,943441501210,0000,4.94,2025-11-05 12:00:46,results\api\extract\data\dynamic_mean_years_schooling_new_method_2021.json,bps-data-0c5c8c6bbcc24cd9
mean_years_schooling_new_method,415,9434,122,0,0,943441501220,0000,4.96,2025-11-05 12:00:46,results\api\extract\data\dynamic_mean_years_schooling_new_method_2022.json,bps-data-cfe0654330afe1eb
mean_years_schooling_new_method,415,9434,123,0,0,943441501230,0000,4.97,2025-11-05 12:00:46,results\api\extract\data\dynamic_mean_years_schooling_new_method_2023.json,bps-data-6b97f25855ece024
mean_years_schooling_new_method,415,9435,121,0,0,943541501210,0000,3.09,2025-11-05 12:00:46,results\api\extract\data\dynamic_mean_years_schooling_new_method_2021.json,bps-data-0c5c8c6bbcc24cd9
mean_years_schooling_new_method,415,9435,122,0,0,943541501220,0000,3.26,2025-11-05 12:00:46,results\api\extract\data\dynamic_mean_years_schooling_new_method_2022.json,bps-data-cfe0654330afe1eb
mean_years_schooling_new_method,415,9435,123,0,0,943541501230,0000,3.27,2025-11-05 12:00:46,results\api\extract\data\dynamic_mean_years_schooling_new_method_2023.json,bps-data-6b97f25855ece024
mean_years_schooling_new_method,415,9436,121,0,0,943641501210,0000,3.25,2025-11-05 12:00:46,results\api\extract\data\dynamic_mean_years_schooling_new_method_2021.json,bps-data-0c5c8c6bbcc24cd9
mean_years_schooling_new_method,415,9436,122,0,0,943641501220,0000,3.26,2025-11-05 12:00:46,results\api\extract\data\dynamic_mean_years_schooling_new_method_2022.json,bps-data-cfe0654330afe1eb
mean_years_schooling_new_method,415,9436,123,0,0,943641501230,0000,3.27,2025-11-05 12:00:46,results\api\extract\data\dynamic_mean_years_schooling_new_method_2023.json,bps-data-6b97f25855ece024
mean_years_schooling_new_method,415,9471,121,0,0,947141501210,0000,11.57,2025-11-05 12:00:46,results\api\extract\data\dynamic_mean_years_schooling_new_method_2021.json,bps-data-0c5c8c6bbcc24cd9
mean_years_schooling_new_method,415,9471,122,0,0,947141501220,0000,11.74,2025-11-05 12:00:46,results\api\extract\data\dynamic_mean_years_schooling_new_method_2022.json,bps-data-cfe0654330afe1eb
mean_years_schooling_new_method,415,9471,123,0,0,947141501230,0000,11.84,2025-11-05 12:00:46,results\api\extract\data\dynamic_mean_years_schooling_new_method_2023.json,bps-data-6b97f25855ece024
mean_years_schooling_new_method,415,9471,124,0,0,947141501240,0000,12.07,2025-11-05 12:00:46,results\api\extract\data\dynamic_mean_years_schooling_new_method_2024.json,bps-data-fa22b966ff2b1e98
mean_years_schooling_new_method,415,9500,124,0,0,950041501240,0000,8.38,2025-11-05 12:00:46,results\api\extract\data\dynamic_mean_years_schooling_new_method_2024.json,bps-data-fa22b966ff2b1e98
mean_years_schooling_new_method,415,9501,124,0,0,950141501240,0000,9.37,2025-11-05 12:00:46,results\api\extract\data\dynamic_mean_years_schooling_new_method_2024.json,bps-data-fa22b966ff2b1e98
mean_years_schooling_new_method,415,9502,124,0,0,950241501240,0000,9.42,2025-11-05 12:00:46,results\api\extract\data\dynamic_mean_years_schooling_new_method_2024.json,bps-data-fa22b966ff2b1e98
mean_years_schooling_new_method,415,9503,124,0,0,950341501240,0000,7.16,2025-11-05 12:00:46,results\api\extract\data\dynamic_mean_years_schooling_new_method_2024.json,bps-data-fa22b966ff2b1e98
mean_years_schooling_new_method,415,9504,124,0,0,950441501240,0000,5.82,2025-11-05 12:00:46,results\api\extract\data\dynamic_mean_years_schooling_new_method_2024.json,bps-data-fa22b966ff2b1e98
mean_years_schooling_new_method,415,9600,124,0,0,960041501240,0000,6.12,2025-11-05 12:00:46,results\api\extract\data\dynamic_mean_years_schooling_new_method_2024.json,bps-data-fa22b966ff2b1e98
mean_years_schooling_new_method,415,9601,124,0,0,960141501240,0000,10.72,2025-11-05 12:00:46,results\api\extract\data\dynamic_mean_years_schooling_new_method_2024.json,bps-data-fa22b966ff2b1e98
mean_years_schooling_new_method,415,9602,124,0,0,960241501240,0000,4.98,2025-11-05 12:00:46,results\api\extract\data\dynamic_mean_years_schooling_new_method_2024.json,bps-data-fa22b966ff2b1e98
mean_years_schooling_new_method,415,9603,124,0,0,960341501240,0000,3.29,2025-11-05 12:00:46,results\api\extract\data\dynamic_mean_years_schooling_new_method_2024.json,bps-data-fa22b966ff2b1e98
mean_years_schooling_new_method,415,9604,124,0,0,960441501240,0000,10.42,2025-11-05 12:00:46,results\api\extract\data\dynamic_mean_years_schooling_new_method_2024.json,bps-data-fa22b966ff2b1e98
mean_years_schooling_new_method,415,9605,124,0,0,960541501240,0000,4.81,2025-11-05 12:00:46,results\api\extract\data\dynamic_mean_years_schooling_new_method_2024.json,bps-data-fa22b966ff2b1e98
mean_years_schooling_new_method,415,9606,124,0,0,960641501240,0000,3.28,2025-11-05 12:00:46,results\api\extract\data\dynamic_mean_years_schooling_new_method_2024.json,bps-data-fa22b966ff2b1e98
mean_years_schooling_new_method,415,9607,124,0,0,960741501240,0000,2.39,2025-11-05 12:00:46,results\api\extract\data\dynamic_mean_years_schooling_new_method_2024.json,bps-data-fa22b966ff2b1e98
mean_years_schooling_new_method,415,9608,124,0,0,960841501240,0000,4.42,2025-11-05 12:00:46,results\api\extract\data\dynamic_mean_years_schooling_new_method_2024.json,bps-data-fa22b966ff2b1e98
mean_years_schooling_new_method,415,9700,124,0,0,970041501240,0000,4.21,2025-11-05 12:00:46,results\api\extract\data\dynamic_mean_years_schooling_new_method_2024.json,bps-data-fa22b966ff2b1e98
mean_years_schooling_new_method,415,9701,124,0,0,970141501240,0000,1.92,2025-11-05 12:00:46,results\api\extract\data\dynamic_mean_years_schooling_new_method_2024.json,bps-data-fa22b966ff2b1e98
mean_years_schooling_new_method,415,9702,124,0,0,970241501240,0000,5.99,2025-11-05 12:00:46,results\api\extract\data\dynamic_mean_years_schooling_new_method_2024.json,bps-data-fa22b966ff2b1e98
mean_years_schooling_new_method,415,9703,124,0,0,970341501240,0000,3.83,2025-11-05 12:00:46,results\api\extract\data\dynamic_mean_years_schooling_new_method_2024.json,bps-data-fa22b966ff2b1e98
mean_years_schooling_new_method,415,9704,124,0,0,970441501240,0000,3.69,2025-11-05 12:00:46,results\api\extract\data\dynamic_mean_years_schooling_new_method_2024.json,bps-data-fa22b966ff2b1e98
mean_years_schooling_new_method,415,9705,124,0,0,970541501240,0000,3.7,2025-11-05 12:00:46,results\api\extract\data\dynamic_mean_years_schooling_new_method_2024.json,bps-data-fa22b966ff2b1e98
mean_years_schooling_new_method,415,9706,124,0,0,970641501240,0000,3.55,2025-11-05 12:00:46,results\api\extract\data\dynamic_mean_years_schooling_new_method_2024.json,bps-data-fa22b966ff2b1e98
mean_years_schooling_new_method,415,9707,124,0,0,970741501240,0000,4.35,2025-11-05 12:00:46,results\api\extract\data\dynamic_mean_years_schooling_new_method_2024.json,bps-data-fa22b966ff2b1e98
mean_years_schooling_new_method,415,9708,124,0,0,970841501240,0000,3.51,2025-11-05 12:00:46,results\api\extract\data\dynamic_mean_years_schooling_new_method_2024.json,bps-data-fa22b966ff2b1e98
mean_years_schooling_new_method,415,9999,121,0,0,999941501210,0000,8.54,2025-11-05 12:00:46,results\api\extract\data\dynamic_mean_years_schooling_new_method_2021.json,bps-data-0c5c8c6bbcc24cd9
mean_years_schooling_new_method,415,9999,122,0,0,999941501220,0000,8.69,2025-11-05 12:00:46,results\api\extract\data\dynamic_mean_years_schooling_new_method_2022.json,bps-data-cfe0654330afe1eb
mean_years_schooling_new_method,415,9999,123,0,0,999941501230,0000,8.77,2025-11-05 12:00:46,results\api\extract\data\dynamic_mean_years_schooling_new_method_2023.json,bps-data-6b97f25855ece024
mean_years_schooling_new_method,415,9999,124,0,0,999941501240,0000,8.85,2025-11-05 12:00:46,results\api\extract\data\dynamic_mean_years_schooling_new_method_2024.json,bps-data-fa22b966ff2b1e98
human_development_index_new_method,494,1100,121,0,0,110049401210,0000,72.18,2025-05-15 15:16:29,results\api\extract\data\dynamic_human_development_index_new_method_2021.json,bps-data-2e21f45cc30dd18f
human_development_index_new_method,494,1100,122,0,0,110049401220,0000,72.8,2025-05-15 15:16:29,results\api\extract\data\dynamic_human_development_index_new_method_2022.json,bps-data-7a69ef5df090a8e4
human_development_index_new_method,494,1100,123,0,0,110049401230,0000,73.4,2025-05-15 15:16:29,results\api\extract\data\dynamic_human_development_index_new_method_2023.json,bps-data-7bf9f5188b2cf8ef
human_development_index_new_method,494,1100,124,0,0,110049401240,0000,74.03,2025-05-15 15:16:29,results\api\extract\data\dynamic_human_development_index_new_method_2024.json,bps-data-e0ad82b1d5a81327
human_development_index_new_method,494,1200,121,0,0,120049401210,0000,72.0,2025-05-15 15:16:29,results\api\extract\data\dynamic_human_development_index_new_method_2021.json,bps-data-2e21f45cc30dd18f
human_development_index_new_method,494,1200,122,0,0,120049401220,0000,72.71,2025-05-15 15:16:29,results\api\extract\data\dynamic_human_development_index_new_method_2022.json,bps-data-7a69ef5df090a8e4
human_development_index_new_method,494,1200,123,0,0,120049401230,0000,73.37,2025-05-15 15:16:29,results\api\extract\data\dynamic_human_development_index_new_method_2023.json,bps-data-7bf9f5188b2cf8ef
human_development_index_new_method,494,1200,124,0,0,120049401240,0000,74.02,2025-05-15 15:16:29,results\api\extract\data\dynamic_human_development_index_new_method_2024.json,bps-data-e0ad82b1d5a81327
human_development_index_new_method,494,1300,121,0,0,130049401210,0000,72.65,2025-05-15 15:16:29,results\api\extract\data\dynamic_human_development_index_new_method_2021.json,bps-data-2e21f45cc30dd18f
human_development_index_new_method,494,1300,122,0,0,130049401220,0000,73.26,2025-05-15 15:16:29,results\api\extract\data\dynamic_human_development_index_new_method_2022.json,bps-data-7a69ef5df090a8e4
human_development_index_new_method,494,1300,123,0,0,130049401230,0000,73.75,2025-05-15 15:16:29,results\api\extract\data\dynamic_human_development_index_new_method_2023.json,bps-data-7bf9f5188b2cf8ef
human_development_index_new_method,494,1300,124,0,0,130049401240,0000,74.49,2025-05-15 15:16:29,results\api\extract\data\dynamic_human_development_index_new_method_2024.json,bps-data-e0ad82b1d5a81327
human_development_index_new_method,494,1400,121,0,0,140049401210,0000,72.94,2025-05-15 15:16:29,results\api\extract\data\dynamic_human_development_index_new_method_2021.json,bps-data-2e21f45cc30dd18f
human_development_index_new_method,494,1400,122,0,0,140049401220,0000,73.52,2025-05-15 15:16:29,results\api\extract\data\dynamic_human_development_index_new_method_2022.json,bps-data-7a69ef5df090a8e4
human_development_index_new_method,494,1400,123,0,0,140049401230,0000,74.04,2025-05-15 15:16:29,results\api\extract\data\dynamic_human_development_index_new_method_2023.json,bps-data-7bf9f5188b2cf8ef
human_development_index_new_method,494,1400,124,0,0,140049401240,0000,74.79,2025-05-15 15:16:29,results\api\extract\data\dynamic_human_development_index_new_method_2024.json,bps-data-e0ad82b1d5a81327
human_development_index_new_method,494,1500,121,0,0,150049401210,0000,71.63,2025-05-15 15:16:29,results\api\extract\data\dynamic_human_development_index_new_method_2021.json,bps-data-2e21f45cc30dd18f
human_development_index_new_method,494,1500,122,0,0,150049401220,0000,72.14,2025-05-15 15:16:29,results\api\extract\data\dynamic_human_development_index_new_method_2022.json,bps-data-7a69ef5df090a8e4
human_development_index_new_method,494,1500,123,0,0,150049401230,0000,72.77,2025-05-15 15:16:29,results\api\extract\data\dynamic_human_development_index_new_method_2023.json,bps-data-7bf9f5188b2cf8ef
human_development_index_new_method,494,1500,124,0,0,150049401240,0000,73.43,2025-05-15 15:16:29,results\api\extract\data\dynamic_human_development_index_new_method_2024.json,bps-data-e0ad82b1d5a81327
human_development_index_new_method,494,1600,121,0,0,160049401210,0000,70.24,2025-05-15 15:16:29,results\api\extract\data\dynamic_human_development_index_new_method_2021.json,bps-data-2e21f45cc30dd18f
human_development_index_new_method,494,1600,122,0,0,160049401220,0000,70.9,2025-05-15 15:16:29,results\api\extract\data\dynamic_human_development_index_new_method_2022.json,bps-data-7a69ef5df090a8e4
human_development_index_new_method,494,1600,123,0,0,160049401230,0000,71.62,2025-05-15 15:16:29,results\api\extract\data\dynamic_human_development_index_new_method_2023.json,bps-data-7bf9f5188b2cf8ef
human_development_index_new_method,494,1600,124,0,0,160049401240,0000,72.3,2025-05-15 15:16:29,results\api\extract\data\dynamic_human_development_index_new_method_2024.json,bps-data-e0ad82b1d5a81327
human_development_index_new_method,494,1700,121,0,0,170049401210,0000,71.64,2025-05-15 15:16:29,results\api\extract\data\dynamic_human_development_index_new_method_2021.json,bps-data-2e21f45cc30dd18f
human_development_index_new_method,494,1700,122,0,0,170049401220,0000,72.16,2025-05-15 15:16:29,results\api\extract\data\dynamic_human_development_index_new_method_2022.json,bps-data-7a69ef5df090a8e4
human_development_index_new_method,494,1700,123,0,0,170049401230,0000,72.78,2025-05-15 15:16:29,results\api\extract\data\dynamic_human_development_index_new_method_2023.json,bps-data-7bf9f5188b2cf8ef
human_development_index_new_method,494,1700,124,0,0,170049401240,0000,73.39,2025-05-15 15:16:29,results\api\extract\data\dynamic_human_development_index_new_method_2024.json,bps-data-e0ad82b1d5a81327
human_development_index_new_method,494,1800,121,0,0,180049401210,0000,69.9,2025-05-15 15:16:29,results\api\extract\data\dynamic_human_development_index_new_method_2021.json,bps-data-2e21f45cc30dd18f
human_development_index_new_method,494,1800,122,0,0,180049401220,0000,70.45,2025-05-15 15:16:29,results\api\extract\data\dynamic_human_development_index_new_method_2022.json,bps-data-7a69ef5df090a8e4
human_development_index_new_method,494,1800,123,0,0,180049401230,0000,71.15,2025-05-15 15:16:29,results\api\extract\data\dynamic_human_development_index_new_method_2023.json,bps-data-7bf9f5188b2cf8ef
human_development_index_new_method,494,1800,124,0,0,180049401240,0000,71.81,2025-05-15 15:16:29,results\api\extract\data\dynamic_human_development_index_new_method_2024.json,bps-data-e0ad82b1d5a81327
human_development_index_new_method,494,1900,121,0,0,190049401210,0000,71.69,2025-05-15 15:16:29,results\api\extract\data\dynamic_human_development_index_new_method_2021.json,bps-data-2e21f45cc30dd18f
human_development_index_new_method,494,1900,122,0,0,190049401220,0000,72.24,2025-05-15 15:16:29,results\api\extract\data\dynamic_human_development_index_new_method_2022.json,bps-data-7a69ef5df090a8e4
human_development_index_new_method,494,1900,123,0,0,190049401230,0000,72.85,2025-05-15 15:16:29,results\api\extract\data\dynamic_human_development_index_new_method_2023.json,bps-data-7bf9f5188b2cf8ef
human_development_index_new_method,494,1900,124,0,0,190049401240,0000,73.33,2025-05-15 15:16:29,results\api\extract\data\dynamic_human_development_index_new_method_2024.json,bps-data-e0ad82b1d5a81327
human_development_index_new_method,494,2100,121,0,0,210049401210,0000,75.79,2025-05-15 15:16:29,results\api\extract\data\dynamic_human_development_index_new_method_2021.json,bps-data-2e21f45cc30dd18f
human_development_index_new_method,494,2100,122,0,0,210049401220,0000,76.46,2025-05-15 15:16:29,results\api\extract\data\dynamic_human_development_index_new_method_2022.json,bps-data-7a69ef5df090a8e4
human_development_index_new_method,494,2100,123,0,0,210049401230,0000,77.11,2025-05-15 15:16:29,results\api\extract\data\dynamic_human_development_index_new_method_2023.json,bps-data-7bf9f5188b2cf8ef
human_development_index_new_method,494,2100,124,0,0,210049401240,0000,77.97,2025-05-15 15:16:29,results\api\extract\data\dynamic_human_development_index_new_method_2024.json,bps-data-e0ad82b1d5a81327
human_development_index_new_method,494,3100,121,0,0,310049401210,0000,81.11,2025-05-15 15:16:29,results\api\extract\data\dynamic_human_development_index_new_method_2021.json,bps-data-2e21f45cc30dd18f
human_development_index_new_method,494,3100,122,0,0,310049401220,0000,81.65,2025-05-15 15:16:29,results\api\extract\data\dynamic_human_development_index_new_method_2022.json,bps-data-7a69ef5df090a8e4
human_development_index_new_method,494,3100,123,0,0,310049401230,0000,82.46,2025-05-15 15:16:29,results\api\extract\data\dynamic_human_development_index_new_method_2023.json,bps-data-7bf9f5188b2cf8ef
human_development_index_new_method,494,3100,124,0,0,310049401240,0000,83.08,2025-05-15 15:16:29,results\api\extract\data\dynamic_human_development_index_new_method_2024.json,bps-data-e0ad82b1d5a81327
human_development_index_new_method,494,3200,121,0,0,320049401210,0000,72.45,2025-05-15 15:16:29,results\api\extract\data\dynamic_human_development_index_new_method_2021.json,bps-data-2e21f45cc30dd18f
human_development_index_new_method,494,3200,122,0,0,320049401220,0000,73.12,2025-05-15 15:16:29,results\api\extract\data\dynamic_human_development_index_new_method_2022.json,bps-data-7a69ef5df090a8e4
human_development_index_new_method,494,3200,123,0,0,320049401230,0000,73.74,2025-05-15 15:16:29,results\api\extract\data\dynamic_human_development_index_new_method_2023.json,bps-data-7bf9f5188b2cf8ef
human_development_index_new_method,494,3200,124,0,0,320049401240,0000,74.43,2025-05-15 15:16:29,results\api\extract\data\dynamic_human_development_index_new_method_2024.json,bps-data-e0ad82b1d5a81327
human_development_index_new_method,494,3300,121,0,0,330049401210,0000,72.16,2025-05-15 15:16:29,results\api\extract\data\dynamic_human_development_index_new_method_2021.json,bps-data-2e21f45cc30dd18f
human_development_index_new_method,494,3300,122,0,0,330049401220,0000,72.79,2025-05-15 15:16:29,results\api\extract\data\dynamic_human_development_index_new_method_2022.json,bps-data-7a69ef5df090a8e4
human_development_index_new_method,494,3300,123,0,0,330049401230,0000,73.39,2025-05-15 15:16:29,results\api\extract\data\dynamic_human_development_index_new_method_2023.json,bps-data-7bf9f5188b2cf8ef
human_development_index_new_method,494,3300,124,0,0,330049401240,0000,73.88,2025-05-15 15:16:29,results\api\extract\data\dynamic_human_development_index_new_method_2024.json,bps-data-e0ad82b1d5a81327
human_development_index_new_method,494,3400,121,0,0,340049401210,0000,80.22,2025-05-15 15:16:29,results\api\extract\data\dynamic_human_development_index_new_method_2021.json,bps-data-2e21f45cc30dd18f
human_development_index_new_method,494,3400,122,0,0,340049401220,0000,80.64,2025-05-15 15:16:29,results\api\extract\data\dynamic_human_development_index_new_method_2022.json,bps-data-7a69ef5df090a8e4
human_development_index_new_method,494,3400,123,0,0,340049401230,0000,81.07,2025-05-15 15:16:29,results\api\extract\data\dynamic_human_development_index_new_method_2023.json,bps-data-7bf9f5188b2cf8ef
human_development_index_new_method,494,3400,124,0,0,340049401240,0000,81.55,2025-05-15 15:16:29,results\api\extract\data\dynamic_human_development_index_new_method_2024.json,bps-data-e0ad82b1d5a81327
human_development_index_new_method,494,3500,121,0,0,350049401210,0000,72.14,2025-05-15 15:16:29,results\api\extract\data\dynamic_human_development_index_new_method_2021.json,bps-data-2e21f45cc30dd18f
human_development_index_new_method,494,3500,122,0,0,350049401220,0000,72.75,2025-05-15 15:16:29,results\api\extract\data\dynamic_human_development_index_new_method_2022.json,bps-data-7a69ef5df090a8e4
human_development_index_new_method,494,3500,123,0,0,350049401230,0000,73.38,2025-05-15 15:16:29,results\api\extract\data\dynamic_human_development_index_new_method_2023.json,bps-data-7bf9f5188b2cf8ef
human_development_index_new_method,494,3500,124,0,0,350049401240,0000,74.09,2025-05-15 15:16:29,results\api\extract\data\dynamic_human_development_index_new_method_2024.json,bps-data-e0ad82b1d5a81327
human_development_index_new_method,494,3600,121,0,0,360049401210,0000,72.72,2025-05-15 15:16:29,results\api\extract\data\dynamic_human_development_index_new_method_2021.json,bps-data-2e21f45cc30dd18f
human_development_index_new_method,494,3600,122,0,0,360049401220,0000,73.32,2025-05-15 15:16:29,results\api\extract\data\dynamic_human_development_index_new_method_2022.json,bps-data-7a69ef5df090a8e4
human_development_index_new_method,494,3600,123,0,0,360049401230,0000,73.87,2025-05-15 15:16:29,results\api\extract\data\dynamic_human_development_index_new_method_2023.json,bps-data-7bf9f5188b2cf8ef
human_development_index_new_method,494,3600,124,0,0,360049401240,0000,74.48,2025-05-15 15:16:29,results\api\extract\data\dynamic_human_development_index_new_method_2024.json,bps-data-e0ad82b1d5a81327
human_development_index_new_method,494,5100,121,0,0,510049401210,0000,75.69,2025-05-15 15:16:29,results\api\extract\data\dynamic_human_development_index_new_method_2021.json,bps-data-2e21f45cc30dd18f
human_development_index_new_method,494,5100,122,0,0,510049401220,0000,76.44,2025-05-15 15:16:29,results\api\extract\data\dynamic_human_development_index_new_method_2022.json,bps-data-7a69ef5df090a8e4
human_development_index_new_method,494,5100,123,0,0,510049401230,0000,77.1,2025-05-15 15:16:29,results\api\extract\data\dynamic_human_development_index_new_method_2023.json,bps-data-7bf9f5188b2cf8ef
human_development_index_new_method,494,5100,124,0,0,510049401240,0000,77.76,2025-05-15 15:16:29,results\api\extract\data\dynamic_human_development_index_new_method_2024.json,bps-data-e0ad82b1d5a81327
human_development_index_new_method,494,5200,121,0,0,520049401210,0000,68.65,2025-05-15 15:16:29,results\api\extract\data\dynamic_human_development_index_new_method_2021.json,bps-data-2e21f45cc30dd18f
human_development_index_new_method,494,5200,122,0,0,520049401220,0000,69.46,2025-05-15 15:16:29,results\api\extract\data\dynamic_human_development_index_new_method_2022.json,bps-data-7a69ef5df090a8e4
human_development_index_new_method,494,5200,123,0,0,520049401230,0000,70.2,2025-05-15 15:16:29,results\api\extract\data\dynamic_human_development_index_new_method_2023.json,bps-data-7bf9f5188b2cf8ef
human_development_index_new_method,494,5200,124,0,0,520049401240,0000,70.93,2025-05-15 15:16:29,results\api\extract\data\dynamic_human_development_index_new_method_2024.json,bps-data-e0ad82b1d5a81327
human_development_index_new_method,494,5300,121,0,0,530049401210,0000,65.28,2025-05-15 15:16:29,results\api\extract\data\dynamic_human_development_index_new_method_2021.json,bps-data-2e21f45cc30dd18f
human_development_index_new_method,494,5300,122,0,0,530049401220,0000,65.9,2025-05-15 15:16:29,results\api\extract\data\dynamic_human_development_index_new_method_2022.json,bps-data-7a69ef5df090a8e4
human_development_index_new_method,494,5300,123,0,0,530049401230,0000,66.68,2025-05-15 15:16:29,results\api\extract\data\dynamic_human_development_index_new_method_2023.json,bps-data-7bf9f5188b2cf8ef
human_development_index_new_method,494,5300,124,0,0,530049401240,0000,67.39,2025-05-15 15:16:29,results\api\extract\data\dynamic_human_development_index_new_method_2024.json,bps-data-e0ad82b1d5a81327
human_development_index_new_method,494,6100,121,0,0,610049401210,0000,67.9,2025-05-15 15:16:29,results\api\extract\data\dynamic_human_development_index_new_method_2021.json,bps-data-2e21f45cc30dd18f
human_development_index_new_method,494,6100,122,0,0,610049401220,0000,68.63,2025-05-15 15:16:29,results\api\extract\data\dynamic_human_development_index_new_method_2022.json,bps-data-7a69ef5df090a8e4
human_development_index_new_method,494,6100,123,0,0,610049401230,0000,69.41,2025-05-15 15:16:29,results\api\extract\data\dynamic_human_development_index_new_method_2023.json,bps-data-7bf9f5188b2cf8ef
human_development_index_new_method,494,6100,124,0,0,610049401240,0000,70.13,2025-05-15 15:16:29,results\api\extract\data\dynamic_human_development_index_new_method_2024.json,bps-data-e0ad82b1d5a81327
human_development_index_new_method,494,6200,121,0,0,620049401210,0000,71.25,2025-05-15 15:16:29,results\api\extract\data\dynamic_human_development_index_new_method_2021.json,bps-data-2e21f45cc30dd18f
human_development_index_new_method,494,6200,122,0,0,620049401220,0000,71.63,2025-05-15 15:16:29,results\api\extract\data\dynamic_human_development_index_new_method_2022.json,bps-data-7a69ef5df090a8e4
human_development_index_new_method,494,6200,123,0,0,620049401230,0000,72.2,2025-05-15 15:16:29,results\api\extract\data\dynamic_human_development_index_new_method_2023.json,bps-data-7bf9f5188b2cf8ef
human_development_index_new_method,494,6200,124,0,0,620049401240,0000,72.73,2025-05-15 15:16:29,results\api\extract\data\dynamic_human_development_index_new_method_2024.json,bps-data-e0ad82b1d5a81327
human_development_index_new_method,494,6300,121,0,0,630049401210,0000,71.28,2025-05-15 15:16:29,results\api\extract\data\dynamic_human_development_index_new_method_2021.json,bps-data-2e21f45cc30dd18f
human_development_index_new_method,494,6300,122,0,0,630049401220,0000,71.84,2025-05-15 15:16:29,results\api\extract\data\dynamic_human_development_index_new_method_2022.json,bps-data-7a69ef5df090a8e4
human_development_index_new_method,494,6300,123,0,0,630049401230,0000,72.5,2025-05-15 15:16:29,results\api\extract\data\dynamic_human_development_index_new_method_2023.json,bps-data-7bf9f5188b2cf8ef
human_development_index_new_method,494,6300,124,0,0,630049401240,0000,73.03,2025-05-15 15:16:29,results\api\extract\data\dynamic_human_development_index_new_method_2024.json,bps-data-e0ad82b1d5a81327
human_development_index_new_method,494,6400,121,0,0,640049401210,0000,76.88,2025-05-15 15:16:29,results\api\extract\data\dynamic_human_development_index_new_method_2021.json,bps-data-2e21f45cc30dd18f
human_development_index_new_method,494,6400,122,0,0,640049401220,0000,77.44,2025-05-15 15:16:29,results\api\extract\data\dynamic_human_development_index_new_method_2022.json,bps-data-7a69ef5df090a8e4
human_development_index_new_method,494,6400,123,0,0,640049401230,0000,78.2,2025-05-15 15:16:29,results\api\extract\data\dynamic_human_development_index_new_method_2023.json,bps-data-7bf9f5188b2cf8ef
human_development_index_new_method,494,6400,124,0,0,640049401240,0000,78.83,2025-05-15 15:16:29,results\api\extract\data\dynamic_human_development_index_new_method_2024.json,bps-data-e0ad82b1d5a81327
human_development_index_new_method,494,6500,121,0,0,650049401210,0000,71.19,2025-05-15 15:16:29,results\api\extract\data\dynamic_human_development_index_new_method_2021.json,bps-data-2e21f45cc30dd18f
human_development_index_new_method,494,6500,122,0,0,650049401220,0000,71.83,2025-05-15 15:16:29,results\api\extract\data\dynamic_human_development_index_new_method_2022.json,bps-data-7a69ef5df090a8e4
human_development_index_new_method,494,6500,123,0,0,650049401230,0000,72.49,2025-05-15 15:16:29,results\api\extract\data\dynamic_human_development_index_new_method_2023.json,bps-data-7bf9f5188b2cf8ef
human_development_index_new_method,494,6500,124,0,0,650049401240,0000,73.02,2025-05-15 15:16:29,results\api\extract\data\dynamic_human_development_index_new_method_2024.json,bps-data-e0ad82b1d5a81327
human_development_index_new_method,494,7100,121,0,0,710049401210,0000,73.3,2025-05-15 15:16:29,results\api\extract\data\dynamic_human_development_index_new_method_2021.json,bps-data-2e21f45cc30dd18f
human_development_index_new_method,494,7100,122,0,0,710049401220,0000,73.81,2025-05-15 15:16:29,results\api\extract\data\dynamic_human_development_index_new_method_2022.json,bps-data-7a69ef5df090a8e4
human_development_index_new_method,494,7100,123,0,0,710049401230,0000,74.36,2025-05-15 15:16:29,results\api\extract\data\dynamic_human_development_index_new_method_2023.json,bps-data-7bf9f5188b2cf8ef
human_development_index_new_method,494,7100,124,0,0,710049401240,0000,75.03,2025-05-15 15:16:29,results\api\extract\data\dynamic_human_development_index_new_method_2024.json,bps-data-e0ad82b1d5a81327
human_development_index_new_method,494,7200,121,0,0,720049401210,0000,69.79,2025-05-15 15:16:29,results\api\extract\data\dynamic_human_development_index_new_method_2021.json,bps-data-2e21f45cc30dd18f
human_development_index_new_method,494,7200,122,0,0,720049401220,0000,70.28,2025-05-15 15:16:29,results\api\extract\data\dynamic_human_development_index_new_method_2022.json,bps-data-7a69ef5df090a8e4
human_development_index_new_method,494,7200,123,0,0,720049401230,0000,70.95,2025-05-15 15:16:29,results\api\extract\data\dynamic_human_development_index_new_method_2023.json,bps-data-7bf9f5188b2cf8ef
human_development_index_new_method,494,7200,124,0,0,720049401240,0000,71.56,2025-05-15 15:16:29,results\api\extract\data\dynamic_human_development_index_new_method_2024.json,bps-data-e0ad82b1d5a81327
human_development_index_new_method,494,7300,121,0,0,730049401210,0000,72.24,2025-05-15 15:16:29,results\api\extract\data\dynamic_human_development_index_new_method_2021.json,bps-data-2e21f45cc30dd18f
human_development_index_new_method,494,7300,122,0,0,730049401220,0000,72.82,2025-05-15 15:16:29,results\api\extract\data\dynamic_human_development_index_new_method_2022.json,bps-data-7a69ef5df090a8e4
human_development_index_new_method,494,7300,123,0,0,730049401230,0000,73.46,2025-05-15 15:16:29,results\api\extract\data\dynamic_human_development_index_new_method_2023.json,bps-data-7bf9f5188b2cf8ef
human_development_index_new_method,494,7300,124,0,0,730049401240,0000,74.05,2025-05-15 15:16:29,results\api\extract\data\dynamic_human_development_index_new_method_2024.json,bps-data-e0ad82b1d5a81327
human_development_index_new_method,494,7400,121,0,0,740049401210,0000,71.66,2025-05-15 15:16:29,results\api\extract\data\dynamic_human_development_index_new_method_2021.json,bps-data-2e21f45cc30dd18f
human_development_index_new_method,494,7400,122,0,0,740049401220,0000,72.23,2025-05-15 15:16:29,results\api\extract\data\dynamic_human_development_index_new_method_2022.json,bps-data-7a69ef5df090a8e4
human_development_index_new_method,494,7400,123,0,0,740049401230,0000,72.79,2025-05-15 15:16:29,results\api\extract\data\dynamic_human_development_index_new_method_2023.json,bps-data-7bf9f5188b2cf8ef
human_development_index_new_method,494,7400,124,0,0,740049401240,0000,73.48,2025-05-15 15:16:29,results\api\extract\data\dynamic_human_development_index_new_method_2024.json,bps-data-e0ad82b1d5a81327
human_development_index_new_method,494,7500,121,0,0,750049401210,0000,69.0,2025-05-15 15:16:29,results\api\extract\data\dynamic_human_development_index_new_method_2021.json,bps-data-2e21f45cc30dd18f
human_development_index_new_method,494,7500,122,0,0,750049401220,0000,69.81,2025-05-15 15:16:29,results\api\extract\data\dynamic_human_development_index_new_method_2022.json,bps-data-7a69ef5df090a8e4
human_development_index_new_method,494,7500,123,0,0,750049401230,0000,70.45,2025-05-15 15:16:29,results\api\extract\data\dynamic_human_development_index_new_method_2023.json,bps-data-7bf9f5188b2cf8ef
human_development_index_new_method,494,7500,124,0,0,750049401240,0000,71.23,2025-05-15 15:16:29,results\api\extract\data\dynamic_human_development_index_new_method_2024.json,bps-data-e0ad82b1d5a81327
human_development_index_new_method,494,7600,121,0,0,760049401210,0000,66.36,2025-05-15 15:16:29,results\api\extract\data\dynamic_human_development_index_new_method_2021.json,bps-data-2e21f45cc30dd18f
human_development_index_new_method,494,7600,122,0,0,760049401220,0000,66.92,2025-05-15 15:16:29,results\api\extract\data\dynamic_human_development_index_new_method_2022.json,bps-data-7a69ef5df090a8e4
human_development_index_new_method,494,7600,123,0,0,760049401230,0000,67.55,2025-05-15 15:16:29,results\api\extract\data\dynamic_human_development_index_new_method_2023.json,bps-data-7bf9f5188b2cf8ef
human_development_index_new_method,494,7600,124,0,0,760049401240,0000,68.2,2025-05-15 15:16:29,results\api\extract\data\dynamic_human_development_index_new_method_2024.json,bps-data-e0ad82b1d5a81327
human_development_index_new_method,494,8100,121,0,0,810049401210,0000,69.71,2025-05-15 15:16:29,results\api\extract\data\dynamic_human_development_index_new_method_2021.json,bps-data-2e21f45cc30dd18f
human_development_index_new_method,494,8100,122,0,0,810049401220,0000,70.22,2025-05-15 15:16:29,results\api\extract\data\dynamic_human_development_index_new_method_2022.json,bps-data-7a69ef5df090a8e4
human_development_index_new_method,494,8100,123,0,0,810049401230,0000,70.94,2025-05-15 15:16:29,results\api\extract\data\dynamic_human_development_index_new_method_2023.json,bps-data-7bf9f5188b2cf8ef
human_development_index_new_method,494,8100,124,0,0,810049401240,0000,71.57,2025-05-15 15:16:29,results\api\extract\data\dynamic_human_development_index_new_method_2024.json,bps-data-e0ad82b1d5a81327
human_development_index_new_method,494,8200,121,0,0,820049401210,0000,68.76,2025-05-15 15:16:29,results\api\extract\data\dynamic_human_development_index_new_method_2021.json,bps-data-2e21f45cc30dd18f
human_development_index_new_method,494,8200,122,0,0,820049401220,0000,69.47,2025-05-15 15:16:29,results\api\extract\data\dynamic_human_development_index_new_method_2022.json,bps-data-7a69ef5df090a8e4
human_development_index_new_method,494,8200,123,0,0,820049401230,0000,70.21,2025-05-15 15:16:29,results\api\extract\data\dynamic_human_development_index_new_method_2023.json,bps-data-7bf9f5188b2cf8ef
human_development_index_new_method,494,8200,124,0,0,820049401240,0000,71.03,2025-05-15 15:16:29,results\api\extract\data\dynamic_human_development_index_new_method_2024.json,bps-data-e0ad82b1d5a81327
human_development_index_new_method,494,9100,121,0,0,910049401210,0000,65.26,2025-05-15 15:16:29,results\api\extract\data\dynamic_human_development_index_new_method_2021.json,bps-data-2e21f45cc30dd18f
human_development_index_new_method,494,9100,122,0,0,910049401220,0000,65.16,2025-05-15 15:16:29,results\api\extract\data\dynamic_human_development_index_new_method_2022.json,bps-data-7a69ef5df090a8e4
human_development_index_new_method,494,9100,123,0,0,910049401230,0000,66.16,2025-05-15 15:16:29,results\api\extract\data\dynamic_human_development_index_new_method_2023.json,bps-data-7bf9f5188b2cf8ef
human_development_index_new_method,494,9100,124,0,0,910049401240,0000,67.02,2025-05-15 15:16:29,results\api\extract\data\dynamic_human_development_index_new_method_2024.json,bps-data-e0ad82b1d5a81327
human_development_index_new_method,494,9200,122,0,0,920049401220,0000,67.59,2025-05-15 15:16:29,results\api\extract\data\dynamic_human_development_index_new_method_2022.json,bps-data-7a69ef5df090a8e4
human_development_index_new_method,494,9200,123,0,0,920049401230,0000,68.05,2025-05-15 15:16:29,results\api\extract\data\dynamic_human_development_index_new_method_2023.json,bps-data-7bf9f5188b2cf8ef
human_development_index_new_method,494,9200,124,0,0,920049401240,0000,68.63,2025-05-15 15:16:29,results\api\extract\data\dynamic_human_development_index_new_method_2024.json,bps-data-e0ad82b1d5a81327
human_development_index_new_method,494,9400,121,0,0,940049401210,0000,60.62,2025-05-15 15:16:29,results\api\extract\data\dynamic_human_development_index_new_method_2021.json,bps-data-2e21f45cc30dd18f
human_development_index_new_method,494,9400,122,0,0,940049401220,0000,71.76,2025-05-15 15:16:29,results\api\extract\data\dynamic_human_development_index_new_method_2022.json,bps-data-7a69ef5df090a8e4
human_development_index_new_method,494,9400,123,0,0,940049401230,0000,72.41,2025-05-15 15:16:29,results\api\extract\data\dynamic_human_development_index_new_method_2023.json,bps-data-7bf9f5188b2cf8ef
human_development_index_new_method,494,9400,124,0,0,940049401240,0000,73.0,2025-05-15 15:16:29,results\api\extract\data\dynamic_human_development_index_new_method_2024.json,bps-data-e0ad82b1d5a81327
human_development_index_new_method,494,9500,122,0,0,950049401220,0000,65.74,2025-05-15 15:16:29,results\api\extract\data\dynamic_human_development_index_new_method_2022.json,bps-data-7a69ef5df090a8e4
human_development_index_new_method,494,9500,123,0,0,950049401230,0000,67.27,2025-05-15 15:16:29,results\api\extract\data\dynamic_human_development_index_new_method_2023.json,bps-data-7bf9f5188b2cf8ef
human_development_index_new_method,494,9500,124,0,0,950049401240,0000,67.9,2025-05-15 15:16:29,results\api\extract\data\dynamic_human_development_index_new_method_2024.json,bps-data-e0ad82b1d5a81327
human_development_index_new_method,494,9600,122,0,0,960049401220,0000,58.25,2025-05-15 15:16:29,results\api\extract\data\dynamic_human_development_index_new_method_2022.json,bps-data-7a69ef5df090a8e4
human_development_index_new_method,494,9600,123,0,0,960049401230,0000,58.93,2025-05-15 15:16:29,results\api\extract\data\dynamic_human_development_index_new_method_2023.json,bps-data-7bf9f5188b2cf8ef
human_development_index_new_method,494,9600,124,0,0,960049401240,0000,59.75,2025-05-15 15:16:29,results\api\extract\data\dynamic_human_development_index_new_method_2024.json,bps-data-e0ad82b1d5a81327
human_development_index_new_method,494,9700,122,0,0,970049401220,0000,51.7,2025-05-15 15:16:29,results\api\extract\data\dynamic_human_development_index_new_method_2022.json,bps-data-7a69ef5df090a8e4
human_development_index_new_method,494,9700,123,0,0,970049401230,0000,52.45,2025-05-15 15:16:29,results\api\extract\data\dynamic_human_development_index_new_method_2023.json,bps-data-7bf9f5188b2cf8ef
human_development_index_new_method,494,9700,124,0,0,970049401240,0000,53.42,2025-05-15 15:16:29,results\api\extract\data\dynamic_human_development_index_new_method_2024.json,bps-data-e0ad82b1d5a81327
human_development_index_new_method,494,9999,121,0,0,999949401210,0000,72.29,2025-05-15 15:16:29,results\api\extract\data\dynamic_human_development_index_new_method_2021.json,bps-data-2e21f45cc30dd18f
human_development_index_new_method,494,9999,122,0,0,999949401220,0000,72.91,2025-05-15 15:16:29,results\api\extract\data\dynamic_human_development_index_new_method_2022.json,bps-data-7a69ef5df090a8e4
human_development_index_new_method,494,9999,123,0,0,999949401230,0000,73.55,2025-05-15 15:16:29,results\api\extract\data\dynamic_human_development_index_new_method_2023.json,bps-data-7bf9f5188b2cf8ef
human_development_index_new_method,494,9999,124,0,0,999949401240,0000,74.2,2025-05-15 15:16:29,results\api\extract\data\dynamic_human_development_index_new_method_2024.json,bps-data-e0ad82b1d5a81327
open_unemployment_rate,543,1100,121,0,189,11005430121189,0000,6.3,2025-11-07 14:01:46,results\api\extract\data\dynamic_open_unemployment_rate_2021.json,bps-data-af2a3a40c3e00958
open_unemployment_rate,543,1100,121,0,190,11005430121190,0000,6.3,2025-11-07 14:01:46,results\api\extract\data\dynamic_open_unemployment_rate_2021.json,bps-data-af2a3a40c3e00958
open_unemployment_rate,543,1100,122,0,189,11005430122189,0000,5.97,2025-11-07 14:01:46,results\api\extract\data\dynamic_open_unemployment_rate_2022.json,bps-data-25c77974050bc4ce
open_unemployment_rate,543,1100,122,0,190,11005430122190,0000,6.17,2025-11-07 14:01:46,results\api\extract\data\dynamic_open_unemployment_rate_2022.json,bps-data-25c77974050bc4ce
open_unemployment_rate,543,1100,123,0,189,11005430123189,0000,5.75,2025-11-07 14:01:46,results\api\extract\data\dynamic_open_unemployment_rate_2023.json,bps-data-62754ad3d7162cdb
open_unemployment_rate,543,1100,123,0,190,11005430123190,0000,6.03,2025-11-07 14:01:46,results\api\extract\data\dynamic_open_unemployment_rate_2023.json,bps-data-62754ad3d7162cdb
open_unemployment_rate,543,1100,124,0,189,11005430124189,0000,5.56,2025-11-07 14:01:46,results\api\extract\data\dynamic_open_unemployment_rate_2024.json,bps-data-4a75b5e420bcb1f0
open_unemployment_rate,543,1100,124,0,190,11005430124190,0000,5.75,2025-11-07 14:01:46,results\api\extract\data\dynamic_open_unemployment_rate_2024.json,bps-data-4a75b5e420bcb1f0
open_unemployment_rate,543,1200,121,0,189,12005430121189,0000,6.01,2025-11-07 14:01:46,results\api\extract\data\dynamic_open_unemployment_rate_2021.json,bps-data-af2a3a40c3e00958
open_unemployment_rate,543,1200,121,0,190,12005430121190,0000,6.33,2025-11-07 14:01:46,results\api\extract\data\dynamic_open_unemployment_rate_2021.json,bps-data-af2a3a40c3e00958
open_unemployment_rate,543,1200,122,0,189,12005430122189,0000,5.47,2025-11-07 14:01:46,results\api\extract\data\dynamic_open_unemployment_rate_2022.json,bps-data-25c77974050bc4ce
open_unemployment_rate,543,1200,122,0,190,12005430122190,0000,6.16,2025-11-07 14:01:46,results\api\extract\data\dynamic_open_unemployment_rate_2022.json,bps-data-25c77974050bc4ce
open_unemployment_rate,543,1200,123,0,189,12005430123189,0000,5.24,2025-11-07 14:01:46,results\api\extract\data\dynamic_open_unemployment_rate_2023.json,bps-data-62754ad3d7162cdb
open_unemployment_rate,543,1200,123,0,190,12005430123190,0000,5.89,2025-11-07 14:01:46,results\api\extract\data\dynamic_open_unemployment_rate_2023.json,bps-data-62754ad3d7162cdb
open_unemployment_rate,543,1200,124,0,189,12005430124189,0000,5.1,2025-11-07 14:01:46,results\api\extract\data\dynamic_open_unemployment_rate_2024.json,bps-data-4a75b5e420bcb1f0
open_unemployment_rate,543,1200,124,0,190,12005430124190,0000,5.6,2025-11-07 14:01:46,results\api\extract\data\dynamic_open_unemployment_rate_2024.json,bps-data-4a75b5e420bcb1f0
open_unemployment_rate,543,1300,121,0,189,13005430121189,0000,6.67,2025-11-07 14:01:46,results\api\extract\data\dynamic_open_unemployment_rate_2021.json,bps-data-af2a3a40c3e00958
open_unemployment_rate,543,1300,121,0,190,13005430121190,0000,6.52,2025-11-07 14:01:46,results\api\extract\data\dynamic_open_unemployment_rate_2021.json,bps-data-af2a3a40c3e00958
open_unemployment_rate,543,1300,122,0,189,13005430122189,0000,6.17,2025-11-07 14:01:46,results\api\extract\data\dynamic_open_unemployment_rate_2022.json,bps-data-25c77974050bc4ce
open_unemployment_rate,543,1300,122,0,190,13005430122190,0000,6.28,2025-11-07 14:01:46,results\api\extract\data\dynamic_open_unemployment_rate_2022.json,bps-data-25c77974050bc4ce
open_unemployment_rate,543,1300,123,0,189,13005430123189,0000,5.9,2025-11-07 14:01:46,results\api\extract\data\dynamic_open_unemployment_rate_2023.json,bps-data-62754ad3d7162cdb
open_unemployment_rate,543,1300,123,0,190,13005430123190,0000,5.94,2025-11-07 14:01:46,results\api\extract\data\dynamic_open_unemployment_rate_2023.json,bps-data-62754ad3d7162cdb
open_unemployment_rate,543,1300,124,0,189,13005430124189,0000,5.79,2025-11-07 14:01:46,results\api\extract\data\dynamic_open_unemployment_rate_2024.json,bps-data-4a75b5e420bcb1f0
open_unemployment_rate,543,1300,124,0,190,13005430124190,0000,5.75,2025-11-07 14:01:46,results\api\extract\data\dynamic_open_unemployment_rate_2024.json,bps-data-4a75b5e420bcb1f0
open_unemployment_rate,543,1400,121,0,189,14005430121189,0000,4.96,2025-11-07 14:01:46,results\api\extract\data\dynamic_open_unemployment_rate_2021.json,bps-data-af2a3a40c3e00958
open_unemployment_rate,543,1400,121,0,190,14005430121190,0000,4.42,2025-11-07 14:01:46,results\api\extract\data\dynamic_open_unemployment_rate_2021.json,bps-data-af2a3a40c3e00958
open_unemployment_rate,543,1400,122,0,189,14005430122189,0000,4.4,2025-11-07 14:01:46,results\api\extract\data\dynamic_open_unemployment_rate_2022.json,bps-data-25c77974050bc4ce
open_unemployment_rate,543,1400,122,0,190,14005430122190,0000,4.37,2025-11-07 14:01:46,results\api\extract\data\dynamic_open_unemployment_rate_2022.json,bps-data-25c77974050bc4ce
open_unemployment_rate,543,1400,123,0,189,14005430123189,0000,4.25,2025-11-07 14:01:46,results\api\extract\data\dynamic_open_unemployment_rate_2023.json,bps-data-62754ad3d7162cdb
open_unemployment_rate,543,1400,123,0,190,14005430123190,0000,4.23,2025-11-07 14:01:46,results\api\extract\data\dynamic_open_unemployment_rate_2023.json,bps-data-62754ad3d7162cdb
open_unemployment_rate,543,1400,124,0,189,14005430124189,0000,3.85,2025-11-07 14:01:46,results\api\extract\data\dynamic_open_unemployment_rate_2024.json,bps-data-4a75b5e420bcb1f0
open_unemployment_rate,543,1400,124,0,190,14005430124190,0000,3.7,2025-11-07 14:01:46,results\api\extract\data\dynamic_open_unemployment_rate_2024.json,bps-data-4a75b5e420bcb1f0
open_unemployment_rate,543,1500,121,0,189,15005430121189,0000,4.76,2025-11-07 14:01:46,results\api\extract\data\dynamic_open_unemployment_rate_2021.json,bps-data-af2a3a40c3e00958
open_unemployment_rate,543,1500,121,0,190,15005430121190,0000,5.09,2025-11-07 14:01:46,results\api\extract\data\dynamic_open_unemployment_rate_2021.json,bps-data-af2a3a40c3e00958
open_unemployment_rate,543,1500,122,0,189,15005430122189,0000,4.7,2025-11-07 14:01:46,results\api\extract\data\dynamic_open_unemployment_rate_2022.json,bps-data-25c77974050bc4ce
open_unemployment_rate,543,1500,122,0,190,15005430122190,0000,4.59,2025-11-07 14:01:46,results\api\extract\data\dynamic_open_unemployment_rate_2022.json,bps-data-25c77974050bc4ce
open_unemployment_rate,543,1500,123,0,189,15005430123189,0000,4.5,2025-11-07 14:01:46,results\api\extract\data\dynamic_open_unemployment_rate_2023.json,bps-data-62754ad3d7162cdb
open_unemployment_rate,543,1500,123,0,190,15005430123190,0000,4.53,2025-11-07 14:01:46,results\api\extract\data\dynamic_open_unemployment_rate_2023.json,bps-data-62754ad3d7162cdb
open_unemployment_rate,543,1500,124,0,189,15005430124189,0000,4.45,2025-11-07 14:01:46,results\api\extract\data\dynamic_open_unemployment_rate_2024.json,bps-data-4a75b5e420bcb1f0
open_unemployment_rate,543,1500,124,0,190,15005430124190,0000,4.48,2025-11-07 14:01:46,results\api\extract\data\dynamic_open_unemployment_rate_2024.json,bps-data-4a75b5e420bcb1f0
open_unemployment_rate,543,1600,121,0,189,16005430121189,0000,5.17,2025-11-07 14:01:46,results\api\extract\data\dynamic_open_unemployment_rate_2021.json,bps-data-af2a3a40c3e00958
open_unemployment_rate,543,1600,121,0,190,16005430121190,0000,4.98,2025-11-07 14:01:46,results\api\extract\data\dynamic_open_unemployment_rate_2021.json,bps-data-af2a3a40c3e00958
open_unemployment_rate,543,1600,122,0,189,16005430122189,0000,4.74,2025-11-07 14:01:46,results\api\extract\data\dynamic_open_unemployment_rate_2022.json,bps-data-25c77974050bc4ce
open_unemployment_rate,543,1600,122,0,190,16005430122190,0000,4.63,2025-11-07 14:01:46,results\api\extract\data\dynamic_open_unemployment_rate_2022.json,bps-data-25c77974050bc4ce
open_unemployment_rate,543,1600,123,0,189,16005430123189,0000,4.53,2025-11-07 14:01:46,results\api\extract\data\dynamic_open_unemployment_rate_2023.json,bps-data-62754ad3d7162cdb
open_unemployment_rate,543,1600,123,0,190,16005430123190,0000,4.11,2025-11-07 14:01:46,results\api\extract\data\dynamic_open_unemployment_rate_2023.json,bps-data-62754ad3d7162cdb
open_unemployment_rate,543,1600,124,0,189,16005430124189,0000,3.97,2025-11-07 14:01:46,results\api\extract\data\dynamic_open_unemployment_rate_2024.json,bps-data-4a75b5e420bcb1f0
open_unemployment_rate,543,1600,124,0,190,16005430124190,0000,3.86,2025-11-07 14:01:46,results\api\extract\data\dynamic_open_unemployment_rate_2024.json,bps-data-4a75b5e420bcb1f0
open_unemployment_rate,543,1700,121,0,189,17005430121189,0000,3.72,2025-11-07 14:01:46,results\api\extract\data\dynamic_open_unemployment_rate_2021.json,bps-data-af2a3a40c3e00958
open_unemployment_rate,543,1700,121,0,190,17005430121190,0000,3.65,2025-11-07 14:01:46,results\api\extract\data\dynamic_open_unemployment_rate_2021.json,bps-data-af2a3a40c3e00958
open_unemployment_rate,543,1700,122,0,189,17005430122189,0000,3.39,2025-11-07 14:01:46,results\api\extract\data\dynamic_open_unemployment_rate_2022.json,bps-data-25c77974050bc4ce
open_unemployment_rate,543,1700,122,0,190,17005430122190,0000,3.59,2025-11-07 14:01:46,results\api\extract\data\dynamic_open_unemployment_rate_2022.json,bps-data-25c77974050bc4ce
open_unemployment_rate,543,1700,123,0,189,17005430123189,0000,3.21,2025-11-07 14:01:46,results\api\extract\data\dynamic_open_unemployment_rate_2023.json,bps-data-62754ad3d7162cdb
open_unemployment_rate,543,1700,123,0,190,17005430123190,0000,3.42,2025-11-07 14:01:46,results\api\extract\data\dynamic_open_unemployment_rate_2023.json,bps-data-62754ad3d7162cdb
open_unemployment_rate,543,1700,124,0,189,17005430124189,0000,3.17,2025-11-07 14:01:46,results\api\extract\data\dynamic_open_unemployment_rate_2024.json,bps-data-4a75b5e420bcb1f0
open_unemployment_rate,543,1700,124,0,190,17005430124190,0000,3.11,2025-11-07 14:01:46,results\api\extract\data\dynamic_open_unemployment_rate_2024.json,bps-data-4a75b5e420bcb1f0
open_unemployment_rate,543,1800,121,0,189,18005430121189,0000,4.54,2025-11-07 14:01:46,results\api\extract\data\dynamic_open_unemployment_rate_2021.json,bps-data-af2a3a40c3e00958
open_unemployment_rate,543,1800,121,0,190,18005430121190,0000,4.69,2025-11-07 14:01:46,results\api\extract\data\dynamic_open_unemployment_rate_2021.json,bps-data-af2a3a40c3e00958
open_unemployment_rate,543,1800,122,0,189,18005430122189,0000,4.31,2025-11-07 14:01:46,results\api\extract\data\dynamic_open_unemployment_rate_2022.json,bps-data-25c77974050bc4ce
open_unemployment_rate,543,1800,122,0,190,18005430122190,0000,4.52,2025-11-07 14:01:46,results\api\extract\data\dynamic_open_unemployment_rate_2022.json,bps-data-25c77974050bc4ce
open_unemployment_rate,543,1800,123,0,189,18005430123189,0000,4.18,2025-11-07 14:01:46,results\api\extract\data\dynamic_open_unemployment_rate_2023.json,bps-data-62754ad3d7162cdb
open_unemployment_rate,543,1800,123,0,190,18005430123190,0000,4.23,2025-11-07 14:01:46,results\api\extract\data\dynamic_open_unemployment_rate_2023.json,bps-data-62754ad3d7162cdb
open_unemployment_rate,543,1800,124,0,189,18005430124189,0000,4.12,2025-11-07 14:01:46,results\api\extract\data\dynamic_open_unemployment_rate_2024.json,bps-data-4a75b5e420bcb1f0
open_unemployment_rate,543,1800,124,0,190,18005430124190,0000,4.19,2025-11-07 14:01:46,results\api\extract\data\dynamic_open_unemployment_rate_2024.json,bps-data-4a75b5e420bcb1f0
open_unemployment_rate,543,1900,121,0,189,19005430121189,0000,5.04,2025-11-07 14:01:46,results\api\extract\data\dynamic_open_unemployment_rate_2021.json,bps-data-af2a3a40c3e00958
open_unemployment_rate,543,1900,121,0,190,19005430121190,0000,5.03,2025-11-07 14:01:46,results\api\extract\data\dynamic_open_unemployment_rate_2021.json,bps-data-af2a3a40c3e00958
open_unemployment_rate,543,1900,122,0,189,19005430122189,0000,4.18,2025-11-07 14:01:46,results\api\extract\data\dynamic_open_unemployment_rate_2022.json,bps-data-25c77974050bc4ce
open_unemployment_rate,543,1900,122,0,190,19005430122190,0000,4.77,2025-11-07 14:01:46,results\api\extract\data\dynamic_open_unemployment_rate_2022.json,bps-data-25c77974050bc4ce
open_unemployment_rate,543,1900,123,0,189,19005430123189,0000,3.89,2025-11-07 14:01:46,results\api\extract\data\dynamic_open_unemployment_rate_2023.json,bps-data-62754ad3d7162cdb
open_unemployment_rate,543,1900,123,0,190,19005430123190,0000,4.56,2025-11-07 14:01:46,results\api\extract\data\dynamic_open_unemployment_rate_2023.json,bps-data-62754ad3d7162cdb
open_unemployment_rate,543,1900,124,0,189,19005430124189,0000,3.85,2025-11-07 14:01:46,results\api\extract\data\dynamic_open_unemployment_rate_2024.json,bps-data-4a75b5e420bcb1f0
open_unemployment_rate,543,1900,124,0,190,19005430124190,0000,4.63,2025-11-07 14:01:46,results\api\extract\data\dynamic_open_unemployment_rate_2024.json,bps-data-4a75b5e420bcb1f0
open_unemployment_rate,543,2100,121,0,189,21005430121189,0000,10.12,2025-11-07 14:01:46,results\api\extract\data\dynamic_open_unemployment_rate_2021.json,bps-data-af2a3a40c3e00958
open_unemployment_rate,543,2100,121,0,190,21005430121190,0000,9.91,2025-11-07 14:01:46,results\api\extract\data\dynamic_open_unemployment_rate_2021.json,bps-data-af2a3a40c3e00958
open_unemployment_rate,543,2100,122,0,189,21005430122189,0000,8.02,2025-11-07 14:01:46,results\api\extract\data\dynamic_open_unemployment_rate_2022.json,bps-data-25c77974050bc4ce
open_unemployment_rate,543,2100,122,0,190,21005430122190,0000,8.23,2025-11-07 14:01:46,results\api\extract\data\dynamic_open_unemployment_rate_2022.json,bps-data-25c77974050bc4ce
open_unemployment_rate,543,2100,123,0,189,21005430123189,0000,7.61,2025-11-07 14:01:46,results\api\extract\data\dynamic_open_unemployment_rate_2023.json,bps-data-62754ad3d7162cdb
open_unemployment_rate,543,2100,123,0,190,21005430123190,0000,6.8,2025-11-07 14:01:46,results\api\extract\data\dynamic_open_unemployment_rate_2023.json,bps-data-62754ad3d7162cdb
open_unemployment_rate,543,2100,124,0,189,21005430124189,0000,6.94,2025-11-07 14:01:46,results\api\extract\data\dynamic_open_unemployment_rate_2024.json,bps-data-4a75b5e420bcb1f0
open_unemployment_rate,543,2100,124,0,190,21005430124190,0000,6.39,2025-11-07 14:01:46,results\api\extract\data\dynamic_open_unemployment_rate_2024.json,bps-data-4a75b5e420bcb1f0
open_unemployment_rate,543,3100,121,0,189,31005430121189,0000,8.51,2025-11-07 14:01:46,results\api\extract\data\dynamic_open_unemployment_rate_2021.json,bps-data-af2a3a40c3e00958
open_unemployment_rate,543,3100,121,0,190,31005430121190,0000,8.5,2025-11-07 14:01:46,results\api\extract\data\dynamic_open_unemployment_rate_2021.json,bps-data-af2a3a40c3e00958
open_unemployment_rate,543,3100,122,0,189,31005430122189,0000,8.0,2025-11-07 14:01:46,results\api\extract\data\dynamic_open_unemployment_rate_2022.json,bps-data-25c77974050bc4ce
open_unemployment_rate,543,3100,122,0,190,31005430122190,0000,7.18,2025-11-07 14:01:46,results\api\extract\data\dynamic_open_unemployment_rate_2022.json,bps-data-25c77974050bc4ce
open_unemployment_rate,543,3100,123,0,189,31005430123189,0000,7.57,2025-11-07 14:01:46,results\api\extract\data\dynamic_open_unemployment_rate_2023.json,bps-data-62754ad3d7162cdb
open_unemployment_rate,543,3100,123,0,190,31005430123190,0000,6.53,2025-11-07 14:01:46,results\api\extract\data\dynamic_open_unemployment_rate_2023.json,bps-data-62754ad3d7162cdb
open_unemployment_rate,543,3100,124,0,189,31005430124189,0000,6.03,2025-11-07 14:01:46,results\api\extract\data\dynamic_open_unemployment_rate_2024.json,bps-data-4a75b5e420bcb1f0
open_unemployment_rate,543,3100,124,0,190,31005430124190,0000,6.21,2025-11-07 14:01:46,results\api\extract\data\dynamic_open_unemployment_rate_2024.json,bps-data-4a75b5e420bcb1f0
open_unemployment_rate,543,3200,121,0,189,32005430121189,0000,8.92,2025-11-07 14:01:46,results\api\extract\data\dynamic_open_unemployment_rate_2021.json,bps-data-af2a3a40c3e00958
open_unemployment_rate,543,3200,121,0,190,32005430121190,0000,9.82,2025-11-07 14:01:46,results\api\extract\data\dynamic_open_unemployment_rate_2021.json,bps-data-af2a3a40c3e00958
open_unemployment_rate,543,3200,122,0,189,32005430122189,0000,8.35,2025-11-07 14:01:46,results\api\extract\data\dynamic_open_unemployment_rate_2022.json,bps-data-25c77974050bc4ce
open_unemployment_rate,543,3200,122,0,190,32005430122190,0000,8.31,2025-11-07 14:01:46,results\api\extract\data\dynamic_open_unemployment_rate_2022.json,bps-data-25c77974050bc4ce
open_unemployment_rate,543,3200,123,0,189,32005430123189,0000,7.89,2025-11-07 14:01:46,results\api\extract\data\dynamic_open_unemployment_rate_2023.json,bps-data-62754ad3d7162cdb
open_unemployment_rate,543,3200,123,0,190,32005430123190,0000,7.44,2025-11-07 14:01:46,results\api\extract\data\dynamic_open_unemployment_rate_2023.json,bps-data-62754ad3d7162cdb
open_unemployment_rate,543,3200,124,0,189,32005430124189,0000,6.91,2025-11-07 14:01:46,results\api\extract\data\dynamic_open_unemployment_rate_2024.json,bps-data-4a75b5e420bcb1f0
open_unemployment_rate,543,3200,124,0,190,32005430124190,0000,6.75,2025-11-07 14:01:46,results\api\extract\data\dynamic_open_unemployment_rate_2024.json,bps-data-4a75b5e420bcb1f0
open_unemployment_rate,543,3300,121,0,189,33005430121189,0000,5.96,2025-11-07 14:01:46,results\api\extract\data\dynamic_open_unemployment_rate_2021.json,bps-data-af2a3a40c3e00958
open_unemployment_rate,543,3300,121,0,190,33005430121190,0000,5.95,2025-11-07 14:01:46,results\api\extract\data\dynamic_open_unemployment_rate_2021.json,bps-data-af2a3a40c3e00958
open_unemployment_rate,543,3300,122,0,189,33005430122189,0000,5.75,2025-11-07 14:01:46,results\api\extract\data\dynamic_open_unemployment_rate_2022.json,bps-data-25c77974050bc4ce
open_unemployment_rate,543,3300,122,0,190,33005430122190,0000,5.57,2025-11-07 14:01:46,results\api\extract\data\dynamic_open_unemployment_rate_2022.json,bps-data-25c77974050bc4ce
open_unemployment_rate,543,3300,123,0,189,33005430123189,0000,5.24,2025-11-07 14:01:46,results\api\extract\data\dynamic_open_unemployment_rate_2023.json,bps-data-62754ad3d7162cdb
open_unemployment_rate,543,3300,123,0,190,33005430123190,0000,5.13,2025-11-07 14:01:46,results\api\extract\data\dynamic_open_unemployment_rate_2023.json,bps-data-62754ad3d7162cdb
open_unemployment_rate,543,3300,124,0,189,33005430124189,0000,4.39,2025-11-07 14:01:46,results\api\extract\data\dynamic_open_unemployment_rate_2024.json,bps-data-4a75b5e420bcb1f0
open_unemployment_rate,543,3300,124,0,190,33005430124190,0000,4.78,2025-11-07 14:01:46,results\api\extract\data\dynamic_open_unemployment_rate_2024.json,bps-data-4a75b5e420bcb1f0
open_unemployment_rate,543,3400,121,0,189,34005430121189,0000,4.28,2025-11-07 14:01:46,results\api\extract\data\dynamic_open_unemployment_rate_2021.json,bps-data-af2a3a40c3e00958
open_unemployment_rate,543,3400,121,0,190,34005430121190,0000,4.56,2025-11-07 14:01:46,results\api\extract\data\dynamic_open_unemployment_rate_2021.json,bps-data-af2a3a40c3e00958
open_unemployment_rate,543,3400,122,0,189,34005430122189,0000,3.73,2025-11-07 14:01:46,results\api\extract\data\dynamic_open_unemployment_rate_2022.json,bps-data-25c77974050bc4ce
open_unemployment_rate,543,3400,122,0,190,34005430122190,0000,4.06,2025-11-07 14:01:46,results\api\extract\data\dynamic_open_unemployment_rate_2022.json,bps-data-25c77974050bc4ce
open_unemployment_rate,543,3400,123,0,189,34005430123189,0000,3.58,2025-11-07 14:01:46,results\api\extract\data\dynamic_open_unemployment_rate_2023.json,bps-data-62754ad3d7162cdb
open_unemployment_rate,543,3400,123,0,190,34005430123190,0000,3.69,2025-11-07 14:01:46,results\api\extract\data\dynamic_open_unemployment_rate_2023.json,bps-data-62754ad3d7162cdb
open_unemployment_rate,543,3400,124,0,189,34005430124189,0000,3.24,2025-11-07 14:01:46,results\api\extract\data\dynamic_open_unemployment_rate_2024.json,bps-data-4a75b5e420bcb1f0
open_unemployment_rate,543,3400,124,0,190,34005430124190,0000,3.48,2025-11-07 14:01:46,results\api\extract\data\dynamic_open_unemployment_rate_2024.json,bps-data-4a75b5e420bcb1f0
open_unemployment_rate,543,3500,121,0,189,35005430121189,0000,5.17,2025-11-07 14:01:46,results\api\extract\data\dynamic_open_unemployment_rate_2021.json,bps-data-af2a3a40c3e00958
open_unemployment_rate,543,3500,121,0,190,35005430121190,0000,5.74,2025-11-07 14:01:46,results\api\extract\data\dynamic_open_unemployment_rate_2021.json,bps-data-af2a3a40c3e00958
open_unemployment_rate,543,3500,122,0,189,35005430122189,0000,4.81,2025-11-07 14:01:46,results\api\extract\data\dynamic_open_unemployment_rate_2022.json,bps-data-25c77974050bc4ce
open_unemployment_rate,543,3500,122,0,190,35005430122190,0000,5.49,2025-11-07 14:01:46,results\api\extract\data\dynamic_open_unemployment_rate_2022.json,bps-data-25c77974050bc4ce
open_unemployment_rate,543,3500,123,0,189,35005430123189,0000,4.33,2025-11-07 14:01:46,results\api\extract\data\dynamic_open_unemployment_rate_2023.json,bps-data-62754ad3d7162cdb
open_unemployment_rate,543,3500,123,0,190,35005430123190,0000,4.88,2025-11-07 14:01:46,results\api\extract\data\dynamic_open_unemployment_rate_2023.json,bps-data-62754ad3d7162cdb
open_unemployment_rate,543,3500,124,0,189,35005430124189,0000,3.74,2025-11-07 14:01:46,results\api\extract\data\dynamic_open_unemployment_rate_2024.json,bps-data-4a75b5e420bcb1f0
open_unemployment_rate,543,3500,124,0,190,35005430124190,0000,4.19,2025-11-07 14:01:46,results\api\extract\data\dynamic_open_unemployment_rate_2024.json,bps-data-4a75b5e420bcb1f0
open_unemployment_rate,543,3600,121,0,189,36005430121189,0000,9.01,2025-11-07 14:01:46,results\api\extract\data\dynamic_open_unemployment_rate_2021.json,bps-data-af2a3a40c3e00958
open_unemployment_rate,543,3600,121,0,190,36005430121190,0000,8.98,2025-11-07 14:01:46,results\api\extract\data\dynamic_open_unemployment_rate_2021.json,bps-data-af2a3a40c3e00958
open_unemployment_rate,543,3600,122,0,189,36005430122189,0000,8.53,2025-11-07 14:01:46,results\api\extract\data\dynamic_open_unemployment_rate_2022.json,bps-data-25c77974050bc4ce
open_unemployment_rate,543,3600,122,0,190,36005430122190,0000,8.09,2025-11-07 14:01:46,results\api\extract\data\dynamic_open_unemployment_rate_2022.json,bps-data-25c77974050bc4ce
open_unemployment_rate,543,3600,123,0,189,36005430123189,0000,7.97,2025-11-07 14:01:46,results\api\extract\data\dynamic_open_unemployment_rate_2023.json,bps-data-62754ad3d7162cdb
open_unemployment_rate,543,3600,123,0,190,36005430123190,0000,7.52,2025-11-07 14:01:46,results\api\extract\data\dynamic_open_unemployment_rate_2023.json,bps-data-62754ad3d7162cdb
open_unemployment_rate,543,3600,124,0,189,36005430124189,0000,7.02,2025-11-07 14:01:46,results\api\extract\data\dynamic_open_unemployment_rate_2024.json,bps-data-4a75b5e420bcb1f0
open_unemployment_rate,543,3600,124,0,190,36005430124190,0000,6.68,2025-11-07 14:01:46,results\api\extract\data\dynamic_open_unemployment_rate_2024.json,bps-data-4a75b5e420bcb1f0
open_unemployment_rate,543,5100,121,0,189,51005430121189,0000,5.42,2025-11-07 14:01:46,results\api\extract\data\dynamic_open_unemployment_rate_2021.json,bps-data-af2a3a40c3e00958
open_unemployment_rate,543,5100,121,0,190,51005430121190,0000,5.37,2025-11-07 14:01:46,results\api\extract\data\dynamic_open_unemployment_rate_2021.json,bps-data-af2a3a40c3e00958
open_unemployment_rate,543,5100,122,0,189,51005430122189,0000,4.84,2025-11-07 14:01:46,results\api\extract\data\dynamic_open_unemployment_rate_2022.json,bps-data-25c77974050bc4ce
open_unemployment_rate,543,5100,122,0,190,51005430122190,0000,4.8,2025-11-07 14:01:46,results\api\extract\data\dynamic_open_unemployment_rate_2022.json,bps-data-25c77974050bc4ce
open_unemployment_rate,543,5100,123,0,189,51005430123189,0000,3.73,2025-11-07 14:01:46,results\api\extract\data\dynamic_open_unemployment_rate_2023.json,bps-data-62754ad3d7162cdb
open_unemployment_rate,543,5100,123,0,190,51005430123190,0000,2.69,2025-11-07 14:01:46,results\api\extract\data\dynamic_open_unemployment_rate_2023.json,bps-data-62754ad3d7162cdb
open_unemployment_rate,543,5100,124,0,189,51005430124189,0000,1.87,2025-11-07 14:01:46,results\api\extract\data\dynamic_open_unemployment_rate_2024.json,bps-data-4a75b5e420bcb1f0
open_unemployment_rate,543,5100,124,0,190,51005430124190,0000,1.79,2025-11-07 14:01:46,results\api\extract\data\dynamic_open_unemployment_rate_2024.json,bps-data-4a75b5e420bcb1f0
open_unemployment_rate,543,5200,121,0,189,52005430121189,0000,3.97,2025-11-07 14:01:46,results\api\extract\data\dynamic_open_unemployment_rate_2021.json,bps-data-af2a3a40c3e00958
open_unemployment_rate,543,5200,121,0,190,52005430121190,0000,3.01,2025-11-07 14:01:46,results\api\extract\data\dynamic_open_unemployment_rate_2021.json,bps-data-af2a3a40c3e00958
open_unemployment_rate,543,5200,122,0,189,52005430122189,0000,3.92,2025-11-07 14:01:46,results\api\extract\data\dynamic_open_unemployment_rate_2022.json,bps-data-25c77974050bc4ce
open_unemployment_rate,543,5200,122,0,190,52005430122190,0000,2.89,2025-11-07 14:01:46,results\api\extract\data\dynamic_open_unemployment_rate_2022.json,bps-data-25c77974050bc4ce
open_unemployment_rate,543,5200,123,0,189,52005430123189,0000,3.73,2025-11-07 14:01:46,results\api\extract\data\dynamic_open_unemployment_rate_2023.json,bps-data-62754ad3d7162cdb
open_unemployment_rate,543,5200,123,0,190,52005430123190,0000,2.8,2025-11-07 14:01:46,results\api\extract\data\dynamic_open_unemployment_rate_2023.json,bps-data-62754ad3d7162cdb
open_unemployment_rate,543,5200,124,0,189,52005430124189,0000,3.3,2025-11-07 14:01:46,results\api\extract\data\dynamic_open_unemployment_rate_2024.json,bps-data-4a75b5e420bcb1f0
open_unemployment_rate,543,5200,124,0,190,52005430124190,0000,2.73,2025-11-07 14:01:46,results\api\extract\data\dynamic_open_unemployment_rate_2024.json,bps-data-4a75b5e420bcb1f0
open_unemployment_rate,543,5300,121,0,189,53005430121189,0000,3.38,2025-11-07 14:01:46,results\api\extract\data\dynamic_open_unemployment_rate_2021.json,bps-data-af2a3a40c3e00958
open_unemployment_rate,543,5300,121,0,190,53005430121190,0000,3.77,2025-11-07 14:01:46,results\api\extract\data\dynamic_open_unemployment_rate_2021.json,bps-data-af2a3a40c3e00958
open_unemployment_rate,543,5300,122,0,189,53005430122189,0000,3.3,2025-11-07 14:01:46,results\api\extract\data\dynamic_open_unemployment_rate_2022.json,bps-data-25c77974050bc4ce
open_unemployment_rate,543,5300,122,0,190,53005430122190,0000,3.54,2025-11-07 14:01:46,results\api\extract\data\dynamic_open_unemployment_rate_2022.json,bps-data-25c77974050bc4ce
open_unemployment_rate,543,5300,123,0,189,53005430123189,0000,3.1,2025-11-07 14:01:46,results\api\extract\data\dynamic_open_unemployment_rate_2023.json,bps-data-62754ad3d7162cdb
open_unemployment_rate,543,5300,123,0,190,53005430123190,0000,3.14,2025-11-07 14:01:46,results\api\extract\data\dynamic_open_unemployment_rate_2023.json,bps-data-62754ad3d7162cdb
open_unemployment_rate,543,5300,124,0,189,53005430124189,0000,3.17,2025-11-07 14:01:46,results\api\extract\data\dynamic_open_unemployment_rate_2024.json,bps-data-4a75b5e420bcb1f0
open_unemployment_rate,543,5300,124,0,190,53005430124190,0000,3.02,2025-11-07 14:01:46,results\api\extract\data\dynamic_open_unemployment_rate_2024.json,bps-data-4a75b5e420bcb1f0
open_unemployment_rate,543,6100,121,0,189,61005430121189,0000,5.73,2025-11-07 14:01:46,results\api\extract\data\dynamic_open_unemployment_rate_2021.json,bps-data-af2a3a40c3e00958
open_unemployment_rate,543,6100,121,0,190,61005430121190,0000,5.82,2025-11-07 14:01:46,results\api\extract\data\dynamic_open_unemployment_rate_2021.json,bps-data-af2a3a40c3e00958
open_unemployment_rate,543,6100,122,0,189,61005430122189,0000,4.86,2025-11-07 14:01:46,results\api\extract\data\dynamic_open_unemployment_rate_2022.json,bps-data-25c77974050bc4ce
open_unemployment_rate,543,6100,122,0,190,61005430122190,0000,5.11,2025-11-07 14:01:46,results\api\extract\data\dynamic_open_unemployment_rate_2022.json,bps-data-25c77974050bc4ce
open_unemployment_rate,543,6100,123,0,189,61005430123189,0000,4.52,2025-11-07 14:01:46,results\api\extract\data\dynamic_open_unemployment_rate_2023.json,bps-data-62754ad3d7162cdb
open_unemployment_rate,543,6100,123,0,190,61005430123190,0000,5.05,2025-11-07 14:01:46,results\api\extract\data\dynamic_open_unemployment_rate_2023.json,bps-data-62754ad3d7162cdb
open_unemployment_rate,543,6100,124,0,189,61005430124189,0000,4.2,2025-11-07 14:01:46,results\api\extract\data\dynamic_open_unemployment_rate_2024.json,bps-data-4a75b5e420bcb1f0
open_unemployment_rate,543,6100,124,0,190,61005430124190,0000,4.86,2025-11-07 14:01:46,results\api\extract\data\dynamic_open_unemployment_rate_2024.json,bps-data-4a75b5e420bcb1f0
open_unemployment_rate,543,6200,121,0,189,62005430121189,0000,4.25,2025-11-07 14:01:46,results\api\extract\data\dynamic_open_unemployment_rate_2021.json,bps-data-af2a3a40c3e00958
open_unemployment_rate,543,6200,121,0,190,62005430121190,0000,4.53,2025-11-07 14:01:46,results\api\extract\data\dynamic_open_unemployment_rate_2021.json,bps-data-af2a3a40c3e00958
open_unemployment_rate,543,6200,122,0,189,62005430122189,0000,4.2,2025-11-07 14:01:46,results\api\extract\data\dynamic_open_unemployment_rate_2022.json,bps-data-25c77974050bc4ce
open_unemployment_rate,543,6200,122,0,190,62005430122190,0000,4.26,2025-11-07 14:01:46,results\api\extract\data\dynamic_open_unemployment_rate_2022.json,bps-data-25c77974050bc4ce
open_unemployment_rate,543,6200,123,0,189,62005430123189,0000,3.84,2025-11-07 14:01:46,results\api\extract\data\dynamic_open_unemployment_rate_2023.json,bps-data-62754ad3d7162cdb
open_unemployment_rate,543,6200,123,0,190,62005430123190,0000,4.1,2025-11-07 14:01:46,results\api\extract\data\dynamic_open_unemployment_rate_2023.json,bps-data-62754ad3d7162cdb
open_unemployment_rate,543,6200,124,0,189,62005430124189,0000,3.67,2025-11-07 14:01:46,results\api\extract\data\dynamic_open_unemployment_rate_2024.json,bps-data-4a75b5e420bcb1f0
open_unemployment_rate,543,6200,124,0,190,62005430124190,0000,4.01,2025-11-07 14:01:46,results\api\extract\data\dynamic_open_unemployment_rate_2024.json,bps-data-4a75b5e420bcb1f0
open_unemployment_rate,543,6300,121,0,189,63005430121189,0000,4.33,2025-11-07 14:01:46,results\api\extract\data\dynamic_open_unemployment_rate_2021.json,bps-data-af2a3a40c3e00958
open_unemployment_rate,543,6300,121,0,190,63005430121190,0000,4.95,2025-11-07 14:01:46,results\api\extract\data\dynamic_open_unemployment_rate_2021.json,bps-data-af2a3a40c3e00958
open_unemployment_rate,543,6300,122,0,189,63005430122189,0000,4.2,2025-11-07 14:01:46,results\api\extract\data\dynamic_open_unemployment_rate_2022.json,bps-data-25c77974050bc4ce
open_unemployment_rate,543,6300,122,0,190,63005430122190,0000,4.74,2025-11-07 14:01:46,results\api\extract\data\dynamic_open_unemployment_rate_2022.json,bps-data-25c77974050bc4ce
open_unemployment_rate,543,6300,123,0,189,63005430123189,0000,3.95,2025-11-07 14:01:46,results\api\extract\data\dynamic_open_unemployment_rate_2023.json,bps-data-62754ad3d7162cdb
open_unemployment_rate,543,6300,123,0,190,63005430123190,0000,4.31,2025-11-07 14:01:46,results\api\extract\data\dynamic_open_unemployment_rate_2023.json,bps-data-62754ad3d7162cdb
open_unemployment_rate,543,6300,124,0,189,63005430124189,0000,3.89,2025-11-07 14:01:46,results\api\extract\data\dynamic_open_unemployment_rate_2024.json,bps-data-4a75b5e420bcb1f0
open_unemployment_rate,543,6300,124,0,190,63005430124190,0000,4.2,2025-11-07 14:01:46,results\api\extract\data\dynamic_open_unemployment_rate_2024.json,bps-data-4a75b5e420bcb1f0
open_unemployment_rate,543,6400,121,0,189,64005430121189,0000,6.81,2025-11-07 14:01:46,results\api\extract\data\dynamic_open_unemployment_rate_2021.json,bps-data-af2a3a40c3e00958
open_unemployment_rate,543,6400,121,0,190,64005430121190,0000,6.83,2025-11-07 14:01:46,results\api\extract\data\dynamic_open_unemployment_rate_2021.json,bps-data-af2a3a40c3e00958
open_unemployment_rate,543,6400,122,0,189,64005430122189,0000,6.77,2025-11-07 14:01:46,results\api\extract\data\dynamic_open_unemployment_rate_2022.json,bps-data-25c77974050bc4ce
open_unemployment_rate,543,6400,122,0,190,64005430122190,0000,5.71,2025-11-07 14:01:46,results\api\extract\data\dynamic_open_unemployment_rate_2022.json,bps-data-25c77974050bc4ce
open_unemployment_rate,543,6400,123,0,189,64005430123189,0000,6.37,2025-11-07 14:01:46,results\api\extract\data\dynamic_open_unemployment_rate_2023.json,bps-data-62754ad3d7162cdb
open_unemployment_rate,543,6400,123,0,190,64005430123190,0000,5.31,2025-11-07 14:01:46,results\api\extract\data\dynamic_open_unemployment_rate_2023.json,bps-data-62754ad3d7162cdb
open_unemployment_rate,543,6400,124,0,189,64005430124189,0000,5.75,2025-11-07 14:01:46,results\api\extract\data\dynamic_open_unemployment_rate_2024.json,bps-data-4a75b5e420bcb1f0
open_unemployment_rate,543,6400,124,0,190,64005430124190,0000,5.14,2025-11-07 14:01:46,results\api\extract\data\dynamic_open_unemployment_rate_2024.json,bps-data-4a75b5e420bcb1f0
open_unemployment_rate,543,6500,121,0,189,65005430121189,0000,4.67,2025-11-07 14:01:46,results\api\extract\data\dynamic_open_unemployment_rate_2021.json,bps-data-af2a3a40c3e00958
open_unemployment_rate,543,6500,121,0,190,65005430121190,0000,4.58,2025-11-07 14:01:46,results\api\extract\data\dynamic_open_unemployment_rate_2021.json,bps-data-af2a3a40c3e00958
open_unemployment_rate,543,6500,122,0,189,65005430122189,0000,4.62,2025-11-07 14:01:46,results\api\extract\data\dynamic_open_unemployment_rate_2022.json,bps-data-25c77974050bc4ce
open_unemployment_rate,543,6500,122,0,190,65005430122190,0000,4.33,2025-11-07 14:01:46,results\api\extract\data\dynamic_open_unemployment_rate_2022.json,bps-data-25c77974050bc4ce
open_unemployment_rate,543,6500,123,0,189,65005430123189,0000,4.1,2025-11-07 14:01:46,results\api\extract\data\dynamic_open_unemployment_rate_2023.json,bps-data-62754ad3d7162cdb
open_unemployment_rate,543,6500,123,0,190,65005430123190,0000,4.01,2025-11-07 14:01:46,results\api\extract\data\dynamic_open_unemployment_rate_2023.json,bps-data-62754ad3d7162cdb
open_unemployment_rate,543,6500,124,0,189,65005430124189,0000,4.01,2025-11-07 14:01:46,results\api\extract\data\dynamic_open_unemployment_rate_2024.json,bps-data-4a75b5e420bcb1f0
open_unemployment_rate,543,6500,124,0,190,65005430124190,0000,3.9,2025-11-07 14:01:46,results\api\extract\data\dynamic_open_unemployment_rate_2024.json,bps-data-4a75b5e420bcb1f0
open_unemployment_rate,543,7100,121,0,189,71005430121189,0000,7.28,2025-11-07 14:01:46,results\api\extract\data\dynamic_open_unemployment_rate_2021.json,bps-data-af2a3a40c3e00958
open_unemployment_rate,543,7100,121,0,190,71005430121190,0000,7.06,2025-11-07 14:01:46,results\api\extract\data\dynamic_open_unemployment_rate_2021.json,bps-data-af2a3a40c3e00958
open_unemployment_rate,543,7100,122,0,189,71005430122189,0000,6.51,2025-11-07 14:01:46,results\api\extract\data\dynamic_open_unemployment_rate_2022.json,bps-data-25c77974050bc4ce
open_unemployment_rate,543,7100,122,0,190,71005430122190,0000,6.61,2025-11-07 14:01:46,results\api\extract\data\dynamic_open_unemployment_rate_2022.json,bps-data-25c77974050bc4ce
open_unemployment_rate,543,7100,123,0,189,71005430123189,0000,6.19,2025-11-07 14:01:46,results\api\extract\data\dynamic_open_unemployment_rate_2023.json,bps-data-62754ad3d7162cdb
open_unemployment_rate,543,7100,123,0,190,71005430123190,0000,6.1,2025-11-07 14:01:46,results\api\extract\data\dynamic_open_unemployment_rate_2023.json,bps-data-62754ad3d7162cdb
open_unemployment_rate,543,7100,124,0,189,71005430124189,0000,5.98,2025-11-07 14:01:46,results\api\extract\data\dynamic_open_unemployment_rate_2024.json,bps-data-4a75b5e420bcb1f0
open_unemployment_rate,543,7100,124,0,190,71005430124190,0000,5.85,2025-11-07 14:01:46,results\api\extract\data\dynamic_open_unemployment_rate_2024.json,bps-data-4a75b5e420bcb1f0
open_unemployment_rate,543,7200,121,0,189,72005430121189,0000,3.73,2025-11-07 14:01:46,results\api\extract\data\dynamic_open_unemployment_rate_2021.json,bps-data-af2a3a40c3e00958
open_unemployment_rate,543,7200,121,0,190,72005430121190,0000,3.75,2025-11-07 14:01:46,results\api\extract\data\dynamic_open_unemployment_rate_2021.json,bps-data-af2a3a40c3e00958
open_unemployment_rate,543,7200,122,0,189,72005430122189,0000,3.67,2025-11-07 14:01:46,results\api\extract\data\dynamic_open_unemployment_rate_2022.json,bps-data-25c77974050bc4ce
open_unemployment_rate,543,7200,122,0,190,72005430122190,0000,3.0,2025-11-07 14:01:46,results\api\extract\data\dynamic_open_unemployment_rate_2022.json,bps-data-25c77974050bc4ce
open_unemployment_rate,543,7200,123,0,189,72005430123189,0000,3.49,2025-11-07 14:01:46,results\api\extract\data\dynamic_open_unemployment_rate_2023.json,bps-data-62754ad3d7162cdb
open_unemployment_rate,543,7200,123,0,190,72005430123190,0000,2.95,2025-11-07 14:01:46,results\api\extract\data\dynamic_open_unemployment_rate_2023.json,bps-data-62754ad3d7162cdb
open_unemployment_rate,543,7200,124,0,189,72005430124189,0000,3.15,2025-11-07 14:01:46,results\api\extract\data\dynamic_open_unemployment_rate_2024.json,bps-data-4a75b5e420bcb1f0
open_unemployment_rate,543,7200,124,0,190,72005430124190,0000,2.94,2025-11-07 14:01:46,results\api\extract\data\dynamic_open_unemployment_rate_2024.json,bps-data-4a75b5e420bcb1f0
open_unemployment_rate,543,7300,121,0,189,73005430121189,0000,5.79,2025-11-07 14:01:46,results\api\extract\data\dynamic_open_unemployment_rate_2021.json,bps-data-af2a3a40c3e00958
open_unemployment_rate,543,7300,121,0,190,73005430121190,0000,5.72,2025-11-07 14:01:46,results\api\extract\data\dynamic_open_unemployment_rate_2021.json,bps-data-af2a3a40c3e00958
open_unemployment_rate,543,7300,122,0,189,73005430122189,0000,5.75,2025-11-07 14:01:46,results\api\extract\data\dynamic_open_unemployment_rate_2022.json,bps-data-25c77974050bc4ce
open_unemployment_rate,543,7300,122,0,190,73005430122190,0000,4.51,2025-11-07 14:01:46,results\api\extract\data\dynamic_open_unemployment_rate_2022.json,bps-data-25c77974050bc4ce
open_unemployment_rate,543,7300,123,0,189,73005430123189,0000,5.26,2025-11-07 14:01:46,results\api\extract\data\dynamic_open_unemployment_rate_2023.json,bps-data-62754ad3d7162cdb
open_unemployment_rate,543,7300,123,0,190,73005430123190,0000,4.33,2025-11-07 14:01:46,results\api\extract\data\dynamic_open_unemployment_rate_2023.json,bps-data-62754ad3d7162cdb
open_unemployment_rate,543,7300,124,0,189,73005430124189,0000,4.9,2025-11-07 14:01:46,results\api\extract\data\dynamic_open_unemployment_rate_2024.json,bps-data-4a75b5e420bcb1f0
open_unemployment_rate,543,7300,124,0,190,73005430124190,0000,4.19,2025-11-07 14:01:46,results\api\extract\data\dynamic_open_unemployment_rate_2024.json,bps-data-4a75b5e420bcb1f0
open_unemployment_rate,543,7400,121,0,189,74005430121189,0000,4.22,2025-11-07 14:01:46,results\api\extract\data\dynamic_open_unemployment_rate_2021.json,bps-data-af2a3a40c3e00958
open_unemployment_rate,543,7400,121,0,190,74005430121190,0000,3.92,2025-11-07 14:01:46,results\api\extract\data\dynamic_open_unemployment_rate_2021.json,bps-data-af2a3a40c3e00958
open_unemployment_rate,543,7400,122,0,189,74005430122189,0000,3.86,2025-11-07 14:01:46,results\api\extract\data\dynamic_open_unemployment_rate_2022.json,bps-data-25c77974050bc4ce
open_unemployment_rate,543,7400,122,0,190,74005430122190,0000,3.36,2025-11-07 14:01:46,results\api\extract\data\dynamic_open_unemployment_rate_2022.json,bps-data-25c77974050bc4ce
open_unemployment_rate,543,7400,123,0,189,74005430123189,0000,3.66,2025-11-07 14:01:46,results\api\extract\data\dynamic_open_unemployment_rate_2023.json,bps-data-62754ad3d7162cdb
open_unemployment_rate,543,7400,123,0,190,74005430123190,0000,3.15,2025-11-07 14:01:46,results\api\extract\data\dynamic_open_unemployment_rate_2023.json,bps-data-62754ad3d7162cdb
open_unemployment_rate,543,7400,124,0,189,74005430124189,0000,3.22,2025-11-07 14:01:46,results\api\extract\data\dynamic_open_unemployment_rate_2024.json,bps-data-4a75b5e420bcb1f0
open_unemployment_rate,543,7400,124,0,190,74005430124190,0000,3.09,2025-11-07 14:01:46,results\api\extract\data\dynamic_open_unemployment_rate_2024.json,bps-data-4a75b5e420bcb1f0
open_unemployment_rate,543,7500,121,0,189,75005430121189,0000,3.41,2025-11-07 14:01:46,results\api\extract\data\dynamic_open_unemployment_rate_2021.json,bps-data-af2a3a40c3e00958
open_unemployment_rate,543,7500,121,0,190,75005430121190,0000,3.01,2025-11-07 14:01:46,results\api\extract\data\dynamic_open_unemployment_rate_2021.json,bps-data-af2a3a40c3e00958
open_unemployment_rate,543,7500,122,0,189,75005430122189,0000,3.25,2025-11-07 14:01:46,results\api\extract\data\dynamic_open_unemployment_rate_2022.json,bps-data-25c77974050bc4ce
open_unemployment_rate,543,7500,122,0,190,75005430122190,0000,2.58,2025-11-07 14:01:46,results\api\extract\data\dynamic_open_unemployment_rate_2022.json,bps-data-25c77974050bc4ce
open_unemployment_rate,543,7500,123,0,189,75005430123189,0000,3.07,2025-11-07 14:01:46,results\api\extract\data\dynamic_open_unemployment_rate_2023.json,bps-data-62754ad3d7162cdb
open_unemployment_rate,543,7500,123,0,190,75005430123190,0000,3.06,2025-11-07 14:01:46,results\api\extract\data\dynamic_open_unemployment_rate_2023.json,bps-data-62754ad3d7162cdb
open_unemployment_rate,543,7500,124,0,189,75005430124189,0000,3.05,2025-11-07 14:01:46,results\api\extract\data\dynamic_open_unemployment_rate_2024.json,bps-data-4a75b5e420bcb1f0
open_unemployment_rate,543,7500,124,0,190,75005430124190,0000,3.13,2025-11-07 14:01:46,results\api\extract\data\dynamic_open_unemployment_rate_2024.json,bps-data-4a75b5e420bcb1f0
open_unemployment_rate,543,7600,121,0,189,76005430121189,0000,3.28,2025-11-07 14:01:46,results\api\extract\data\dynamic_open_unemployment_rate_2021.json,bps-data-af2a3a40c3e00958
open_unemployment_rate,543,7600,121,0,190,76005430121190,0000,3.13,2025-11-07 14:01:46,results\api\extract\data\dynamic_open_unemployment_rate_2021.json,bps-data-af2a3a40c3e00958
open_unemployment_rate,543,7600,122,0,189,76005430122189,0000,3.11,2025-11-07 14:01:46,results\api\extract\data\dynamic_open_unemployment_rate_2022.json,bps-data-25c77974050bc4ce
open_unemployment_rate,543,7600,122,0,190,76005430122190,0000,2.34,2025-11-07 14:01:46,results\api\extract\data\dynamic_open_unemployment_rate_2022.json,bps-data-25c77974050bc4ce
open_unemployment_rate,543,7600,123,0,189,76005430123189,0000,3.04,2025-11-07 14:01:46,results\api\extract\data\dynamic_open_unemployment_rate_2023.json,bps-data-62754ad3d7162cdb
open_unemployment_rate,543,7600,123,0,190,76005430123190,0000,2.27,2025-11-07 14:01:46,results\api\extract\data\dynamic_open_unemployment_rate_2023.json,bps-data-62754ad3d7162cdb
open_unemployment_rate,543,7600,124,0,189,76005430124189,0000,3.02,2025-11-07 14:01:46,results\api\extract\data\dynamic_open_unemployment_rate_2024.json,bps-data-4a75b5e420bcb1f0
open_unemployment_rate,543,7600,124,0,190,76005430124190,0000,2.68,2025-11-07 14:01:46,results\api\extract\data\dynamic_open_unemployment_rate_2024.json,bps-data-4a75b5e420bcb1f0
open_unemployment_rate,543,8100,121,0,189,81005430121189,0000,6.73,2025-11-07 14:01:46,results\api\extract\data\dynamic_open_unemployment_rate_2021.json,bps-data-af2a3a40c3e00958
open_unemployment_rate,543,8100,121,0,190,81005430121190,0000,6.93,2025-11-07 14:01:46,results\api\extract\data\dynamic_open_unemployment_rate_2021.json,bps-data-af2a3a40c3e00958
open_unemployment_rate,543,8100,122,0,189,81005430122189,0000,6.44,2025-11-07 14:01:46,results\api\extract\data\dynamic_open_unemployment_rate_2022.json,bps-data-25c77974050bc4ce
open_unemployment_rate,543,8100,122,0,190,81005430122190,0000,6.88,2025-11-07 14:01:46,results\api\extract\data\dynamic_open_unemployment_rate_2022.json,bps-data-25c77974050bc4ce
open_unemployment_rate,543,8100,123,0,189,81005430123189,0000,6.08,2025-11-07 14:01:46,results\api\extract\data\dynamic_open_unemployment_rate_2023.json,bps-data-62754ad3d7162cdb
open_unemployment_rate,543,8100,123,0,190,81005430123190,0000,6.31,2025-11-07 14:01:46,results\api\extract\data\dynamic_open_unemployment_rate_2023.json,bps-data-62754ad3d7162cdb
open_unemployment_rate,543,8100,124,0,189,81005430124189,0000,5.96,2025-11-07 14:01:46,results\api\extract\data\dynamic_open_unemployment_rate_2024.json,bps-data-4a75b5e420bcb1f0
open_unemployment_rate,543,8100,124,0,190,81005430124190,0000,6.11,2025-11-07 14:01:46,results\api\extract\data\dynamic_open_unemployment_rate_2024.json,bps-data-4a75b5e420bcb1f0
open_unemployment_rate,543,8200,121,0,189,82005430121189,0000,5.06,2025-11-07 14:01:46,results\api\extract\data\dynamic_open_unemployment_rate_2021.json,bps-data-af2a3a40c3e00958
open_unemployment_rate,543,8200,121,0,190,82005430121190,0000,4.71,2025-11-07 14:01:46,results\api\extract\data\dynamic_open_unemployment_rate_2021.json,bps-data-af2a3a40c3e00958
open_unemployment_rate,543,8200,122,0,189,82005430122189,0000,4.98,2025-11-07 14:01:46,results\api\extract\data\dynamic_open_unemployment_rate_2022.json,bps-data-25c77974050bc4ce
open_unemployment_rate,543,8200,122,0,190,82005430122190,0000,3.98,2025-11-07 14:01:46,results\api\extract\data\dynamic_open_unemployment_rate_2022.json,bps-data-25c77974050bc4ce
open_unemployment_rate,543,8200,123,0,189,82005430123189,0000,4.6,2025-11-07 14:01:46,results\api\extract\data\dynamic_open_unemployment_rate_2023.json,bps-data-62754ad3d7162cdb
open_unemployment_rate,543,8200,123,0,190,82005430123190,0000,4.31,2025-11-07 14:01:46,results\api\extract\data\dynamic_open_unemployment_rate_2023.json,bps-data-62754ad3d7162cdb
open_unemployment_rate,543,8200,124,0,189,82005430124189,0000,4.16,2025-11-07 14:01:46,results\api\extract\data\dynamic_open_unemployment_rate_2024.json,bps-data-4a75b5e420bcb1f0
open_unemployment_rate,543,8200,124,0,190,82005430124190,0000,4.03,2025-11-07 14:01:46,results\api\extract\data\dynamic_open_unemployment_rate_2024.json,bps-data-4a75b5e420bcb1f0
open_unemployment_rate,543,9100,121,0,189,91005430121189,0000,6.18,2025-11-07 14:01:46,results\api\extract\data\dynamic_open_unemployment_rate_2021.json,bps-data-af2a3a40c3e00958
open_unemployment_rate,543,9100,121,0,190,91005430121190,0000,5.84,2025-11-07 14:01:46,results\api\extract\data\dynamic_open_unemployment_rate_2021.json,bps-data-af2a3a40c3e00958
open_unemployment_rate,543,9100,122,0,189,91005430122189,0000,5.78,2025-11-07 14:01:46,results\api\extract\data\dynamic_open_unemployment_rate_2022.json,bps-data-25c77974050bc4ce
open_unemployment_rate,543,9100,122,0,190,91005430122190,0000,5.37,2025-11-07 14:01:46,results\api\extract\data\dynamic_open_unemployment_rate_2022.json,bps-data-25c77974050bc4ce
open_unemployment_rate,543,9100,123,0,189,91005430123189,0000,5.53,2025-11-07 14:01:46,results\api\extract\data\dynamic_open_unemployment_rate_2023.json,bps-data-62754ad3d7162cdb
open_unemployment_rate,543,9100,123,0,190,91005430123190,0000,5.38,2025-11-07 14:01:46,results\api\extract\data\dynamic_open_unemployment_rate_2023.json,bps-data-62754ad3d7162cdb
open_unemployment_rate,543,9100,124,0,189,91005430124189,0000,4.31,2025-11-07 14:01:46,results\api\extract\data\dynamic_open_unemployment_rate_2024.json,bps-data-4a75b5e420bcb1f0
open_unemployment_rate,543,9100,124,0,190,91005430124190,0000,4.13,2025-11-07 14:01:46,results\api\extract\data\dynamic_open_unemployment_rate_2024.json,bps-data-4a75b5e420bcb1f0
open_unemployment_rate,543,9200,124,0,189,92005430124189,0000,6.02,2025-11-07 14:01:46,results\api\extract\data\dynamic_open_unemployment_rate_2024.json,bps-data-4a75b5e420bcb1f0
open_unemployment_rate,543,9200,124,0,190,92005430124190,0000,6.48,2025-11-07 14:01:46,results\api\extract\data\dynamic_open_unemployment_rate_2024.json,bps-data-4a75b5e420bcb1f0
open_unemployment_rate,543,9400,121,0,189,94005430121189,0000,3.77,2025-11-07 14:01:46,results\api\extract\data\dynamic_open_unemployment_rate_2021.json,bps-data-af2a3a40c3e00958
open_unemployment_rate,543,9400,121,0,190,94005430121190,0000,3.33,2025-11-07 14:01:46,results\api\extract\data\dynamic_open_unemployment_rate_2021.json,bps-data-af2a3a40c3e00958
open_unemployment_rate,543,9400,122,0,189,94005430122189,0000,3.6,2025-11-07 14:01:46,results\api\extract\data\dynamic_open_unemployment_rate_2022.json,bps-data-25c77974050bc4ce
open_unemployment_rate,543,9400,122,0,190,94005430122190,0000,2.83,2025-11-07 14:01:46,results\api\extract\data\dynamic_open_unemployment_rate_2022.json,bps-data-25c77974050bc4ce
open_unemployment_rate,543,9400,123,0,189,94005430123189,0000,3.49,2025-11-07 14:01:46,results\api\extract\data\dynamic_open_unemployment_rate_2023.json,bps-data-62754ad3d7162cdb
open_unemployment_rate,543,9400,123,0,190,94005430123190,0000,2.67,2025-11-07 14:01:46,results\api\extract\data\dynamic_open_unemployment_rate_2023.json,bps-data-62754ad3d7162cdb
open_unemployment_rate,543,9400,124,0,189,94005430124189,0000,5.81,2025-11-07 14:01:46,results\api\extract\data\dynamic_open_unemployment_rate_2024.json,bps-data-4a75b5e420bcb1f0
open_unemployment_rate,543,9400,124,0,190,94005430124190,0000,6.48,2025-11-07 14:01:46,results\api\extract\data\dynamic_open_unemployment_rate_2024.json,bps-data-4a75b5e420bcb1f0
open_unemployment_rate,543,9500,124,0,189,95005430124189,0000,4.75,2025-11-07 14:01:46,results\api\extract\data\dynamic_open_unemployment_rate_2024.json,bps-data-4a75b5e420bcb1f0
open_unemployment_rate,543,9500,124,0,190,95005430124190,0000,4.05,2025-11-07 14:01:46,results\api\extract\data\dynamic_open_unemployment_rate_2024.json,bps-data-4a75b5e420bcb1f0
open_unemployment_rate,543,9600,124,0,189,96005430124189,0000,2.49,2025-11-07 14:01:46,results\api\extract\data\dynamic_open_unemployment_rate_2024.json,bps-data-4a75b5e420bcb1f0
open_unemployment_rate,543,9600,124,0,190,96005430124190,0000,2.75,2025-11-07 14:01:46,results\api\extract\data\dynamic_open_unemployment_rate_2024.json,bps-data-4a75b5e420bcb1f0
open_unemployment_rate,543,9700,124,0,189,97005430124189,0000,1.18,2025-11-07 14:01:46,results\api\extract\data\dynamic_open_unemployment_rate_2024.json,bps-data-4a75b5e420bcb1f0
open_unemployment_rate,543,9700,124,0,190,97005430124190,0000,1.32,2025-11-07 14:01:46,results\api\extract\data\dynamic_open_unemployment_rate_2024.json,bps-data-4a75b5e420bcb1f0
open_unemployment_rate,543,9999,121,0,189,99995430121189,0000,6.26,2025-11-07 14:01:46,results\api\extract\data\dynamic_open_unemployment_rate_2021.json,bps-data-af2a3a40c3e00958
open_unemployment_rate,543,9999,121,0,190,99995430121190,0000,6.49,2025-11-07 14:01:46,results\api\extract\data\dynamic_open_unemployment_rate_2021.json,bps-data-af2a3a40c3e00958
open_unemployment_rate,543,9999,122,0,189,99995430122189,0000,5.83,2025-11-07 14:01:46,results\api\extract\data\dynamic_open_unemployment_rate_2022.json,bps-data-25c77974050bc4ce
open_unemployment_rate,543,9999,122,0,190,99995430122190,0000,5.86,2025-11-07 14:01:46,results\api\extract\data\dynamic_open_unemployment_rate_2022.json,bps-data-25c77974050bc4ce
open_unemployment_rate,543,9999,123,0,189,99995430123189,0000,5.45,2025-11-07 14:01:46,results\api\extract\data\dynamic_open_unemployment_rate_2023.json,bps-data-62754ad3d7162cdb
open_unemployment_rate,543,9999,123,0,190,99995430123190,0000,5.32,2025-11-07 14:01:46,results\api\extract\data\dynamic_open_unemployment_rate_2023.json,bps-data-62754ad3d7162cdb
open_unemployment_rate,543,9999,124,0,189,99995430124189,0000,4.82,2025-11-07 14:01:46,results\api\extract\data\dynamic_open_unemployment_rate_2024.json,bps-data-4a75b5e420bcb1f0
open_unemployment_rate,543,9999,124,0,190,99995430124190,0000,4.91,2025-11-07 14:01:46,results\api\extract\data\dynamic_open_unemployment_rate_2024.json,bps-data-4a75b5e420bcb1f0
gini_ratio,98,1100,121,189,61,11009818912161,0000,0.362,2026-02-05 12:47:23,results\api\extract\data\dynamic_gini_ratio_2021.json,bps-data-9889aae21500e945
gini_ratio,98,1100,121,189,62,11009818912162,0000,0.357,2026-02-05 12:47:23,results\api\extract\data\dynamic_gini_ratio_2021.json,bps-data-9889aae21500e945
gini_ratio,98,1100,121,190,61,11009819012161,0000,0.275,2026-02-05 12:47:23,results\api\extract\data\dynamic_gini_ratio_2021.json,bps-data-9889aae21500e945
gini_ratio,98,1100,121,190,62,11009819012162,0000,0.282,2026-02-05 12:47:23,results\api\extract\data\dynamic_gini_ratio_2021.json,bps-data-9889aae21500e945
gini_ratio,98,1100,121,191,61,11009819112161,0000,0.324,2026-02-05 12:47:23,results\api\extract\data\dynamic_gini_ratio_2021.json,bps-data-9889aae21500e945
gini_ratio,98,1100,121,191,62,11009819112162,0000,0.323,2026-02-05 12:47:23,results\api\extract\data\dynamic_gini_ratio_2021.json,bps-data-9889aae21500e945
gini_ratio,98,1100,122,189,61,11009818912261,0000,0.348,2026-02-05 12:47:23,results\api\extract\data\dynamic_gini_ratio_2022.json,bps-data-c15d2f3becf317e7
gini_ratio,98,1100,122,189,62,11009818912262,0000,0.327,2026-02-05 12:47:23,results\api\extract\data\dynamic_gini_ratio_2022.json,bps-data-c15d2f3becf317e7
gini_ratio,98,1100,122,190,61,11009819012261,0000,0.272,2026-02-05 12:47:23,results\api\extract\data\dynamic_gini_ratio_2022.json,bps-data-c15d2f3becf317e7
gini_ratio,98,1100,122,190,62,11009819012262,0000,0.252,2026-02-05 12:47:23,results\api\extract\data\dynamic_gini_ratio_2022.json,bps-data-c15d2f3becf317e7
gini_ratio,98,1100,122,191,61,11009819112261,0000,0.311,2026-02-05 12:47:23,results\api\extract\data\dynamic_gini_ratio_2022.json,bps-data-c15d2f3becf317e7
gini_ratio,98,1100,122,191,62,11009819112262,0000,0.291,2026-02-05 12:47:23,results\api\extract\data\dynamic_gini_ratio_2022.json,bps-data-c15d2f3becf317e7
gini_ratio,98,1100,123,189,61,11009818912361,0000,0.318,2026-02-05 12:47:23,results\api\extract\data\dynamic_gini_ratio_2023.json,bps-data-d0293e64d7909798
gini_ratio,98,1100,123,190,61,11009819012361,0000,0.265,2026-02-05 12:47:23,results\api\extract\data\dynamic_gini_ratio_2023.json,bps-data-d0293e64d7909798
gini_ratio,98,1100,123,191,61,11009819112361,0000,0.296,2026-02-05 12:47:23,results\api\extract\data\dynamic_gini_ratio_2023.json,bps-data-d0293e64d7909798
gini_ratio,98,1100,124,189,61,11009818912461,0000,0.325,2026-02-05 12:47:23,results\api\extract\data\dynamic_gini_ratio_2024.json,bps-data-90d8bf078408a541
gini_ratio,98,1100,124,189,62,11009818912462,0000,0.332,2026-02-05 12:47:23,results\api\extract\data\dynamic_gini_ratio_2024.json,bps-data-90d8bf078408a541
gini_ratio,98,1100,124,190,61,11009819012461,0000,0.258,2026-02-05 12:47:23,results\api\extract\data\dynamic_gini_ratio_2024.json,bps-data-90d8bf078408a541
gini_ratio,98,1100,124,190,62,11009819012462,0000,0.253,2026-02-05 12:47:23,results\api\extract\data\dynamic_gini_ratio_2024.json,bps-data-90d8bf078408a541
gini_ratio,98,1100,124,191,61,11009819112461,0000,0.294,2026-02-05 12:47:23,results\api\extract\data\dynamic_gini_ratio_2024.json,bps-data-90d8bf078408a541
gini_ratio,98,1100,124,191,62,11009819112462,0000,0.294,2026-02-05 12:47:23,results\api\extract\data\dynamic_gini_ratio_2024.json,bps-data-90d8bf078408a541
gini_ratio,98,1200,121,189,61,12009818912161,0000,0.344,2026-02-05 12:47:23,results\api\extract\data\dynamic_gini_ratio_2021.json,bps-data-9889aae21500e945
gini_ratio,98,1200,121,189,62,12009818912162,0000,0.339,2026-02-05 12:47:23,results\api\extract\data\dynamic_gini_ratio_2021.json,bps-data-9889aae21500e945
gini_ratio,98,1200,121,190,61,12009819012161,0000,0.25,2026-02-05 12:47:23,results\api\extract\data\dynamic_gini_ratio_2021.json,bps-data-9889aae21500e945
gini_ratio,98,1200,121,190,62,12009819012162,0000,0.257,2026-02-05 12:47:23,results\api\extract\data\dynamic_gini_ratio_2021.json,bps-data-9889aae21500e945
gini_ratio,98,1200,121,191,61,12009819112161,0000,0.314,2026-02-05 12:47:23,results\api\extract\data\dynamic_gini_ratio_2021.json,bps-data-9889aae21500e945
gini_ratio,98,1200,121,191,62,12009819112162,0000,0.313,2026-02-05 12:47:23,results\api\extract\data\dynamic_gini_ratio_2021.json,bps-data-9889aae21500e945
gini_ratio,98,1200,122,189,61,12009818912261,0000,0.343,2026-02-05 12:47:23,results\api\extract\data\dynamic_gini_ratio_2022.json,bps-data-c15d2f3becf317e7
gini_ratio,98,1200,122,189,62,12009818912262,0000,0.358,2026-02-05 12:47:23,results\api\extract\data\dynamic_gini_ratio_2022.json,bps-data-c15d2f3becf317e7
gini_ratio,98,1200,122,190,61,12009819012261,0000,0.249,2026-02-05 12:47:23,results\api\extract\data\dynamic_gini_ratio_2022.json,bps-data-c15d2f3becf317e7
gini_ratio,98,1200,122,190,62,12009819012262,0000,0.259,2026-02-05 12:47:23,results\api\extract\data\dynamic_gini_ratio_2022.json,bps-data-c15d2f3becf317e7
gini_ratio,98,1200,122,191,61,12009819112261,0000,0.312,2026-02-05 12:47:23,results\api\extract\data\dynamic_gini_ratio_2022.json,bps-data-c15d2f3becf317e7
gini_ratio,98,1200,122,191,62,12009819112262,0000,0.326,2026-02-05 12:47:23,results\api\extract\data\dynamic_gini_ratio_2022.json,bps-data-c15d2f3becf317e7
gini_ratio,98,1200,123,189,61,12009818912361,0000,0.34,2026-02-05 12:47:23,results\api\extract\data\dynamic_gini_ratio_2023.json,bps-data-d0293e64d7909798
gini_ratio,98,1200,123,190,61,12009819012361,0000,0.242,2026-02-05 12:47:23,results\api\extract\data\dynamic_gini_ratio_2023.json,bps-data-d0293e64d7909798
gini_ratio,98,1200,123,191,61,12009819112361,0000,0.309,2026-02-05 12:47:23,results\api\extract\data\dynamic_gini_ratio_2023.json,bps-data-d0293e64d7909798
gini_ratio,98,1200,124,189,61,12009818912461,0000,0.325,2026-02-05 12:47:23,results\api\extract\data\dynamic_gini_ratio_2024.json,bps-data-90d8bf078408a541
gini_ratio,98,1200,124,189,62,12009818912462,0000,0.333,2026-02-05 12:47:23,results\api\extract\data\dynamic_gini_ratio_2024.json,bps-data-90d8bf078408a541
gini_ratio,98,1200,124,190,61,12009819012461,0000,0.23,2026-02-05 12:47:23,results\api\extract\data\dynamic_gini_ratio_2024.json,bps-data-90d8bf078408a541
gini_ratio,98,1200,124,190,62,12009819012462,0000,0.236,2026-02-05 12:47:23,results\api\extract\data\dynamic_gini_ratio_2024.json,bps-data-90d8bf078408a541
gini_ratio,98,1200,124,191,61,12009819112461,0000,0.297,2026-02-05 12:47:23,results\api\extract\data\dynamic_gini_ratio_2024.json,bps-data-90d8bf078408a541
gini_ratio,98,1200,124,191,62,12009819112462,0000,0.306,2026-02-05 12:47:23,results\api\extract\data\dynamic_gini_ratio_2024.json,bps-data-90d8bf078408a541
gini_ratio,98,1300,121,189,61,13009818912161,0000,0.329,2026-02-05 12:47:23,results\api\extract\data\dynamic_gini_ratio_2021.json,bps-data-9889aae21500e945
gini_ratio,98,1300,121,189,62,13009818912162,0000,0.327,2026-02-05 12:47:23,results\api\extract\data\dynamic_gini_ratio_2021.json,bps-data-9889aae21500e945
gini_ratio,98,1300,121,190,61,13009819012161,0000,0.254,2026-02-05 12:47:23,results\api\extract\data\dynamic_gini_ratio_2021.json,bps-data-9889aae21500e945
gini_ratio,98,1300,121,190,62,13009819012162,0000,0.252,2026-02-05 12:47:23,results\api\extract\data\dynamic_gini_ratio_2021.json,bps-data-9889aae21500e945
gini_ratio,98,1300,121,191,61,13009819112161,0000,0.306,2026-02-05 12:47:23,results\api\extract\data\dynamic_gini_ratio_2021.json,bps-data-9889aae21500e945
gini_ratio,98,1300,121,191,62,13009819112162,0000,0.3,2026-02-05 12:47:23,results\api\extract\data\dynamic_gini_ratio_2021.json,bps-data-9889aae21500e945
gini_ratio,98,1300,122,189,61,13009818912261,0000,0.329,2026-02-05 12:47:23,results\api\extract\data\dynamic_gini_ratio_2022.json,bps-data-c15d2f3becf317e7
gini_ratio,98,1300,122,189,62,13009818912262,0000,0.316,2026-02-05 12:47:23,results\api\extract\data\dynamic_gini_ratio_2022.json,bps-data-c15d2f3becf317e7
gini_ratio,98,1300,122,190,61,13009819012261,0000,0.247,2026-02-05 12:47:23,results\api\extract\data\dynamic_gini_ratio_2022.json,bps-data-c15d2f3becf317e7
gini_ratio,98,1300,122,190,62,13009819012262,0000,0.243,2026-02-05 12:47:23,results\api\extract\data\dynamic_gini_ratio_2022.json,bps-data-c15d2f3becf317e7
gini_ratio,98,1300,122,191,61,13009819112261,0000,0.3,2026-02-05 12:47:23,results\api\extract\data\dynamic_gini_ratio_2022.json,bps-data-c15d2f3becf317e7
gini_ratio,98,1300,122,191,62,13009819112262,0000,0.292,2026-02-05 12:47:23,results\api\extract\data\dynamic_gini_ratio_2022.json,bps-data-c15d2f3becf317e7
gini_ratio,98,1300,123,189,61,13009818912361,0000,0.305,2026-02-05 12:47:23,results\api\extract\data\dynamic_gini_ratio_2023.json,bps-data-d0293e64d7909798
gini_ratio,98,1300,123,190,61,13009819012361,0000,0.232,2026-02-05 12:47:23,results\api\extract\data\dynamic_gini_ratio_2023.json,bps-data-d0293e64d7909798
gini_ratio,98,1300,123,191,61,13009819112361,0000,0.28,2026-02-05 12:47:23,results\api\extract\data\dynamic_gini_ratio_2023.json,bps-data-d0293e64d7909798
gini_ratio,98,1300,124,189,61,13009818912461,0000,0.31,2026-02-05 12:47:23,results\api\extract\data\dynamic_gini_ratio_2024.json,bps-data-90d8bf078408a541
gini_ratio,98,1300,124,189,62,13009818912462,0000,0.313,2026-02-05 12:47:23,results\api\extract\data\dynamic_gini_ratio_2024.json,bps-data-90d8bf078408a541
gini_ratio,98,1300,124,190,61,13009819012461,0000,0.228,2026-02-05 12:47:23,results\api\extract\data\dynamic_gini_ratio_2024.json,bps-data-90d8bf078408a541
gini_ratio,98,1300,124,190,62,13009819012462,0000,0.226,2026-02-05 12:47:23,results\api\extract\data\dynamic_gini_ratio_2024.json,bps-data-90d8bf078408a541
gini_ratio,98,1300,124,191,61,13009819112461,0000,0.283,2026-02-05 12:47:23,results\api\extract\data\dynamic_gini_ratio_2024.json,bps-data-90d8bf078408a541
gini_ratio,98,1300,124,191,62,13009819112462,0000,0.287,2026-02-05 12:47:23,results\api\extract\data\dynamic_gini_ratio_2024.json,bps-data-90d8bf078408a541
gini_ratio,98,1400,121,189,61,14009818912161,0000,0.367,2026-02-05 12:47:23,results\api\extract\data\dynamic_gini_ratio_2021.json,bps-data-9889aae21500e945
gini_ratio,98,1400,121,189,62,14009818912162,0000,0.369,2026-02-05 12:47:23,results\api\extract\data\dynamic_gini_ratio_2021.json,bps-data-9889aae21500e945
gini_ratio,98,1400,121,190,61,14009819012161,0000,0.279,2026-02-05 12:47:23,results\api\extract\data\dynamic_gini_ratio_2021.json,bps-data-9889aae21500e945
gini_ratio,98,1400,121,190,62,14009819012162,0000,0.276,2026-02-05 12:47:23,results\api\extract\data\dynamic_gini_ratio_2021.json,bps-data-9889aae21500e945
gini_ratio,98,1400,121,191,61,14009819112161,0000,0.326,2026-02-05 12:47:23,results\api\extract\data\dynamic_gini_ratio_2021.json,bps-data-9889aae21500e945
gini_ratio,98,1400,121,191,62,14009819112162,0000,0.327,2026-02-05 12:47:23,results\api\extract\data\dynamic_gini_ratio_2021.json,bps-data-9889aae21500e945
gini_ratio,98,1400,122,189,61,14009818912261,0000,0.363,2026-02-05 12:47:23,results\api\extract\data\dynamic_gini_ratio_2022.json,bps-data-c15d2f3becf317e7
gini_ratio,98,1400,122,189,62,14009818912262,0000,0.35,2026-02-05 12:47:23,results\api\extract\data\dynamic_gini_ratio_2022.json,bps-data-c15d2f3becf317e7
gini_ratio,98,1400,122,190,61,14009819012261,0000,0.282,2026-02-05 12:47:23,results\api\extract\data\dynamic_gini_ratio_2022.json,bps-data-c15d2f3becf317e7
gini_ratio,98,1400,122,190,62,14009819012262,0000,0.293,2026-02-05 12:47:23,results\api\extract\data\dynamic_gini_ratio_2022.json,bps-data-c15d2f3becf317e7
gini_ratio,98,1400,122,191,61,14009819112261,0000,0.326,2026-02-05 12:47:23,results\api\extract\data\dynamic_gini_ratio_2022.json,bps-data-c15d2f3becf317e7
gini_ratio,98,1400,122,191,62,14009819112262,0000,0.323,2026-02-05 12:47:23,results\api\extract\data\dynamic_gini_ratio_2022.json,bps-data-c15d2f3becf317e7
gini_ratio,98,1400,123,189,61,14009818912361,0000,0.369,2026-02-05 12:47:23,results\api\extract\data\dynamic_gini_ratio_2023.json,bps-data-d0293e64d7909798
gini_ratio,98,1400,123,190,61,14009819012361,0000,0.274,2026-02-05 12:47:23,results\api\extract\data\dynamic_gini_ratio_2023.json,bps-data-d0293e64d7909798
gini_ratio,98,1400,123,191,61,14009819112361,0000,0.324,2026-02-05 12:47:23,results\api\extract\data\dynamic_gini_ratio_2023.json,bps-data-d0293e64d7909798
gini_ratio,98,1400,124,189,61,14009818912461,0000,0.345,2026-02-05 12:47:23,results\api\extract\data\dynamic_gini_ratio_2024.json,bps-data-90d8bf078408a541
gini_ratio,98,1400,124,189,62,14009818912462,0000,0.333,2026-02-05 12:47:23,results\api\extract\data\dynamic_gini_ratio_2024.json,bps-data-90d8bf078408a541
gini_ratio,98,1400,124,190,61,14009819012461,0000,0.267,2026-02-05 12:47:23,results\api\extract\data\dynamic_gini_ratio_2024.json,bps-data-90d8bf078408a541
gini_ratio,98,1400,124,190,62,14009819012462,0000,0.271,2026-02-05 12:47:23,results\api\extract\data\dynamic_gini_ratio_2024.json,bps-data-90d8bf078408a541
gini_ratio,98,1400,124,191,61,14009819112461,0000,0.307,2026-02-05 12:47:23,results\api\extract\data\dynamic_gini_ratio_2024.json,bps-data-90d8bf078408a541
gini_ratio,98,1400,124,191,62,14009819112462,0000,0.306,2026-02-05 12:47:23,results\api\extract\data\dynamic_gini_ratio_2024.json,bps-data-90d8bf078408a541
gini_ratio,98,1500,121,189,61,15009818912161,0000,0.354,2026-02-05 12:47:23,results\api\extract\data\dynamic_gini_ratio_2021.json,bps-data-9889aae21500e945
gini_ratio,98,1500,121,189,62,15009818912162,0000,0.347,2026-02-05 12:47:23,results\api\extract\data\dynamic_gini_ratio_2021.json,bps-data-9889aae21500e945
gini_ratio,98,1500,121,190,61,15009819012161,0000,0.288,2026-02-05 12:47:23,results\api\extract\data\dynamic_gini_ratio_2021.json,bps-data-9889aae21500e945
gini_ratio,98,1500,121,190,62,15009819012162,0000,0.284,2026-02-05 12:47:23,results\api\extract\data\dynamic_gini_ratio_2021.json,bps-data-9889aae21500e945
gini_ratio,98,1500,121,191,61,15009819112161,0000,0.321,2026-02-05 12:47:23,results\api\extract\data\dynamic_gini_ratio_2021.json,bps-data-9889aae21500e945
gini_ratio,98,1500,121,191,62,15009819112162,0000,0.315,2026-02-05 12:47:23,results\api\extract\data\dynamic_gini_ratio_2021.json,bps-data-9889aae21500e945
gini_ratio,98,1500,122,189,61,15009818912261,0000,0.351,2026-02-05 12:47:23,results\api\extract\data\dynamic_gini_ratio_2022.json,bps-data-c15d2f3becf317e7
gini_ratio,98,1500,122,189,62,15009818912262,0000,0.376,2026-02-05 12:47:23,results\api\extract\data\dynamic_gini_ratio_2022.json,bps-data-c15d2f3becf317e7
gini_ratio,98,1500,122,190,61,15009819012261,0000,0.292,2026-02-05 12:47:23,results\api\extract\data\dynamic_gini_ratio_2022.json,bps-data-c15d2f3becf317e7
gini_ratio,98,1500,122,190,62,15009819012262,0000,0.302,2026-02-05 12:47:23,results\api\extract\data\dynamic_gini_ratio_2022.json,bps-data-c15d2f3becf317e7
gini_ratio,98,1500,122,191,61,15009819112261,0000,0.32,2026-02-05 12:47:23,results\api\extract\data\dynamic_gini_ratio_2022.json,bps-data-c15d2f3becf317e7
gini_ratio,98,1500,122,191,62,15009819112262,0000,0.335,2026-02-05 12:47:23,results\api\extract\data\dynamic_gini_ratio_2022.json,bps-data-c15d2f3becf317e7
gini_ratio,98,1500,123,189,61,15009818912361,0000,0.365,2026-02-05 12:47:23,results\api\extract\data\dynamic_gini_ratio_2023.json,bps-data-d0293e64d7909798
gini_ratio,98,1500,123,190,61,15009819012361,0000,0.32,2026-02-05 12:47:23,results\api\extract\data\dynamic_gini_ratio_2023.json,bps-data-d0293e64d7909798
gini_ratio,98,1500,123,191,61,15009819112361,0000,0.343,2026-02-05 12:47:23,results\api\extract\data\dynamic_gini_ratio_2023.json,bps-data-d0293e64d7909798
gini_ratio,98,1500,124,189,61,15009818912461,0000,0.36,2026-02-05 12:47:23,results\api\extract\data\dynamic_gini_ratio_2024.json,bps-data-90d8bf078408a541
gini_ratio,98,1500,124,189,62,15009818912462,0000,0.353,2026-02-05 12:47:23,results\api\extract\data\dynamic_gini_ratio_2024.json,bps-data-90d8bf078408a541
gini_ratio,98,1500,124,190,61,15009819012461,0000,0.288,2026-02-05 12:47:23,results\api\extract\data\dynamic_gini_ratio_2024.json,bps-data-90d8bf078408a541
gini_ratio,98,1500,124,190,62,15009819012462,0000,0.279,2026-02-05 12:47:23,results\api\extract\data\dynamic_gini_ratio_2024.json,bps-data-90d8bf078408a541
gini_ratio,98,1500,124,191,61,15009819112461,0000,0.321,2026-02-05 12:47:23,results\api\extract\data\dynamic_gini_ratio_2024.json,bps-data-90d8bf078408a541
gini_ratio,98,1500,124,191,62,15009819112462,0000,0.315,2026-02-05 12:47:23,results\api\extract\data\dynamic_gini_ratio_2024.json,bps-data-90d8bf078408a541
gini_ratio,98,1600,121,189,61,16009818912161,0000,0.36,2026-02-05 12:47:23,results\api\extract\data\dynamic_gini_ratio_2021.json,bps-data-9889aae21500e945
gini_ratio,98,1600,121,189,62,16009818912162,0000,0.363,2026-02-05 12:47:23,results\api\extract\data\dynamic_gini_ratio_2021.json,bps-data-9889aae21500e945
gini_ratio,98,1600,121,190,61,16009819012161,0000,0.315,2026-02-05 12:47:23,results\api\extract\data\dynamic_gini_ratio_2021.json,bps-data-9889aae21500e945
gini_ratio,98,1600,121,190,62,16009819012162,0000,0.314,2026-02-05 12:47:23,results\api\extract\data\dynamic_gini_ratio_2021.json,bps-data-9889aae21500e945
gini_ratio,98,1600,121,191,61,16009819112161,0000,0.341,2026-02-05 12:47:23,results\api\extract\data\dynamic_gini_ratio_2021.json,bps-data-9889aae21500e945
gini_ratio,98,1600,121,191,62,16009819112162,0000,0.34,2026-02-05 12:47:23,results\api\extract\data\dynamic_gini_ratio_2021.json,bps-data-9889aae21500e945
gini_ratio,98,1600,122,189,61,16009818912261,0000,0.358,2026-02-05 12:47:23,results\api\extract\data\dynamic_gini_ratio_2022.json,bps-data-c15d2f3becf317e7
gini_ratio,98,1600,122,189,62,16009818912262,0000,0.348,2026-02-05 12:47:23,results\api\extract\data\dynamic_gini_ratio_2022.json,bps-data-c15d2f3becf317e7
gini_ratio,98,1600,122,190,61,16009819012261,0000,0.311,2026-02-05 12:47:23,results\api\extract\data\dynamic_gini_ratio_2022.json,bps-data-c15d2f3becf317e7
gini_ratio,98,1600,122,190,62,16009819012262,0000,0.311,2026-02-05 12:47:23,results\api\extract\data\dynamic_gini_ratio_2022.json,bps-data-c15d2f3becf317e7
gini_ratio,98,1600,122,191,61,16009819112261,0000,0.339,2026-02-05 12:47:23,results\api\extract\data\dynamic_gini_ratio_2022.json,bps-data-c15d2f3becf317e7
gini_ratio,98,1600,122,191,62,16009819112262,0000,0.33,2026-02-05 12:47:23,results\api\extract\data\dynamic_gini_ratio_2022.json,bps-data-c15d2f3becf317e7
gini_ratio,98,1600,123,189,61,16009818912361,0000,0.36,2026-02-05 12:47:23,results\api\extract\data\dynamic_gini_ratio_2023.json,bps-data-d0293e64d7909798
gini_ratio,98,1600,123,190,61,16009819012361,0000,0.305,2026-02-05 12:47:23,results\api\extract\data\dynamic_gini_ratio_2023.json,bps-data-d0293e64d7909798
gini_ratio,98,1600,123,191,61,16009819112361,0000,0.338,2026-02-05 12:47:23,results\api\extract\data\dynamic_gini_ratio_2023.json,bps-data-d0293e64d7909798
gini_ratio,98,1600,124,189,61,16009818912461,0000,0.352,2026-02-05 12:47:23,results\api\extract\data\dynamic_gini_ratio_2024.json,bps-data-90d8bf078408a541
gini_ratio,98,1600,124,189,62,16009818912462,0000,0.357,2026-02-05 12:47:23,results\api\extract\data\dynamic_gini_ratio_2024.json,bps-data-90d8bf078408a541
gini_ratio,98,1600,124,190,61,16009819012461,0000,0.305,2026-02-05 12:47:23,results\api\extract\data\dynamic_gini_ratio_2024.json,bps-data-90d8bf078408a541
gini_ratio,98,1600,124,190,62,16009819012462,0000,0.3,2026-02-05 12:47:23,results\api\extract\data\dynamic_gini_ratio_2024.json,bps-data-90d8bf078408a541
gini_ratio,98,1600,124,191,61,16009819112461,0000,0.333,2026-02-05 12:47:23,results\api\extract\data\dynamic_gini_ratio_2024.json,bps-data-90d8bf078408a541
gini_ratio,98,1600,124,191,62,16009819112462,0000,0.331,2026-02-05 12:47:23,results\api\extract\data\dynamic_gini_ratio_2024.json,bps-data-90d8bf078408a541
gini_ratio,98,1700,121,189,61,17009818912161,0000,0.384,2026-02-05 12:47:23,results\api\extract\data\dynamic_gini_ratio_2021.json,bps-data-9889aae21500e945
gini_ratio,98,1700,121,189,62,17009818912162,0000,0.381,2026-02-05 12:47:23,results\api\extract\data\dynamic_gini_ratio_2021.json,bps-data-9889aae21500e945
gini_ratio,98,1700,121,190,61,17009819012161,0000,0.264,2026-02-05 12:47:23,results\api\extract\data\dynamic_gini_ratio_2021.json,bps-data-9889aae21500e945
gini_ratio,98,1700,121,190,62,17009819012162,0000,0.258,2026-02-05 12:47:23,results\api\extract\data\dynamic_gini_ratio_2021.json,bps-data-9889aae21500e945
gini_ratio,98,1700,121,191,61,17009819112161,0000,0.326,2026-02-05 12:47:23,results\api\extract\data\dynamic_gini_ratio_2021.json,bps-data-9889aae21500e945
gini_ratio,98,1700,121,191,62,17009819112162,0000,0.321,2026-02-05 12:47:23,results\api\extract\data\dynamic_gini_ratio_2021.json,bps-data-9889aae21500e945
gini_ratio,98,1700,122,189,61,17009818912261,0000,0.37,2026-02-05 12:47:23,results\api\extract\data\dynamic_gini_ratio_2022.json,bps-data-c15d2f3becf317e7
gini_ratio,98,1700,122,189,62,17009818912262,0000,0.371,2026-02-05 12:47:23,results\api\extract\data\dynamic_gini_ratio_2022.json,bps-data-c15d2f3becf317e7
gini_ratio,98,1700,122,190,61,17009819012261,0000,0.262,2026-02-05 12:47:23,results\api\extract\data\dynamic_gini_ratio_2022.json,bps-data-c15d2f3becf317e7
gini_ratio,98,1700,122,190,62,17009819012262,0000,0.264,2026-02-05 12:47:23,results\api\extract\data\dynamic_gini_ratio_2022.json,bps-data-c15d2f3becf317e7
gini_ratio,98,1700,122,191,61,17009819112261,0000,0.315,2026-02-05 12:47:23,results\api\extract\data\dynamic_gini_ratio_2022.json,bps-data-c15d2f3becf317e7
gini_ratio,98,1700,122,191,62,17009819112262,0000,0.315,2026-02-05 12:47:23,results\api\extract\data\dynamic_gini_ratio_2022.json,bps-data-c15d2f3becf317e7
gini_ratio,98,1700,123,189,61,17009818912361,0000,0.386,2026-02-05 12:47:23,results\api\extract\data\dynamic_gini_ratio_2023.json,bps-data-d0293e64d7909798
gini_ratio,98,1700,123,190,61,17009819012361,0000,0.283,2026-02-05 12:47:23,results\api\extract\data\dynamic_gini_ratio_2023.json,bps-data-d0293e64d7909798
gini_ratio,98,1700,123,191,61,17009819112361,0000,0.333,2026-02-05 12:47:23,results\api\extract\data\dynamic_gini_ratio_2023.json,bps-data-d0293e64d7909798
gini_ratio,98,1700,124,189,61,17009818912461,0000,0.413,2026-02-05 12:47:23,results\api\extract\data\dynamic_gini_ratio_2024.json,bps-data-90d8bf078408a541
gini_ratio,98,1700,124,189,62,17009818912462,0000,0.409,2026-02-05 12:47:23,results\api\extract\data\dynamic_gini_ratio_2024.json,bps-data-90d8bf078408a541
gini_ratio,98,1700,124,190,61,17009819012461,0000,0.275,2026-02-05 12:47:23,results\api\extract\data\dynamic_gini_ratio_2024.json,bps-data-90d8bf078408a541
gini_ratio,98,1700,124,190,62,17009819012462,0000,0.278,2026-02-05 12:47:23,results\api\extract\data\dynamic_gini_ratio_2024.json,bps-data-90d8bf078408a541
gini_ratio,98,1700,124,191,61,17009819112461,0000,0.342,2026-02-05 12:47:23,results\api\extract\data\dynamic_gini_ratio_2024.json,bps-data-90d8bf078408a541
gini_ratio,98,1700,124,191,62,17009819112462,0000,0.343,2026-02-05 12:47:23,results\api\extract\data\dynamic_gini_ratio_2024.json,bps-data-90d8bf078408a541
gini_ratio,98,1800,121,189,61,18009818912161,0000,0.346,2026-02-05 12:47:23,results\api\extract\data\dynamic_gini_ratio_2021.json,bps-data-9889aae21500e945
gini_ratio,98,1800,121,189,62,18009818912162,0000,0.342,2026-02-05 12:47:23,results\api\extract\data\dynamic_gini_ratio_2021.json,bps-data-9889aae21500e945
gini_ratio,98,1800,121,190,61,18009819012161,0000,0.288,2026-02-05 12:47:23,results\api\extract\data\dynamic_gini_ratio_2021.json,bps-data-9889aae21500e945
gini_ratio,98,1800,121,190,62,18009819012162,0000,0.288,2026-02-05 12:47:23,results\api\extract\data\dynamic_gini_ratio_2021.json,bps-data-9889aae21500e945
gini_ratio,98,1800,121,191,61,18009819112161,0000,0.323,2026-02-05 12:47:23,results\api\extract\data\dynamic_gini_ratio_2021.json,bps-data-9889aae21500e945
gini_ratio,98,1800,121,191,62,18009819112162,0000,0.314,2026-02-05 12:47:23,results\api\extract\data\dynamic_gini_ratio_2021.json,bps-data-9889aae21500e945
gini_ratio,98,1800,122,189,61,18009818912261,0000,0.341,2026-02-05 12:47:23,results\api\extract\data\dynamic_gini_ratio_2022.json,bps-data-c15d2f3becf317e7
gini_ratio,98,1800,122,189,62,18009818912262,0000,0.352,2026-02-05 12:47:23,results\api\extract\data\dynamic_gini_ratio_2022.json,bps-data-c15d2f3becf317e7
gini_ratio,98,1800,122,190,61,18009819012261,0000,0.284,2026-02-05 12:47:23,results\api\extract\data\dynamic_gini_ratio_2022.json,bps-data-c15d2f3becf317e7
gini_ratio,98,1800,122,190,62,18009819012262,0000,0.275,2026-02-05 12:47:23,results\api\extract\data\dynamic_gini_ratio_2022.json,bps-data-c15d2f3becf317e7
gini_ratio,98,1800,122,191,61,18009819112261,0000,0.314,2026-02-05 12:47:23,results\api\extract\data\dynamic_gini_ratio_2022.json,bps-data-c15d2f3becf317e7
gini_ratio,98,1800,122,191,62,18009819112262,0000,0.313,2026-02-05 12:47:23,results\api\extract\data\dynamic_gini_ratio_2022.json,bps-data-c15d2f3becf317e7
gini_ratio,98,1800,123,189,61,18009818912361,0000,0.359,2026-02-05 12:47:23,results\api\extract\data\dynamic_gini_ratio_2023.json,bps-data-d0293e64d7909798
gini_ratio,98,1800,123,190,61,18009819012361,0000,0.287,2026-02-05 12:47:23,results\api\extract\data\dynamic_gini_ratio_2023.json,bps-data-d0293e64d7909798
gini_ratio,98,1800,123,191,61,18009819112361,0000,0.324,2026-02-05 12:47:23,results\api\extract\data\dynamic_gini_ratio_2023.json,bps-data-d0293e64d7909798
gini_ratio,98,1800,124,189,61,18009818912461,0000,0.323,2026-02-05 12:47:23,results\api\extract\data\dynamic_gini_ratio_2024.json,bps-data-90d8bf078408a541
gini_ratio,98,1800,124,189,62,18009818912462,0000,0.329,2026-02-05 12:47:23,results\api\extract\data\dynamic_gini_ratio_2024.json,bps-data-90d8bf078408a541
gini_ratio,98,1800,124,190,61,18009819012461,0000,0.275,2026-02-05 12:47:23,results\api\extract\data\dynamic_gini_ratio_2024.json,bps-data-90d8bf078408a541
gini_ratio,98,1800,124,190,62,18009819012462,0000,0.27,2026-02-05 12:47:23,results\api\extract\data\dynamic_gini_ratio_2024.json,bps-data-90d8bf078408a541
gini_ratio,98,1800,124,191,61,18009819112461,0000,0.302,2026-02-05 12:47:23,results\api\extract\data\dynamic_gini_ratio_2024.json,bps-data-90d8bf078408a541
gini_ratio,98,1800,124,191,62,18009819112462,0000,0.301,2026-02-05 12:47:23,results\api\extract\data\dynamic_gini_ratio_2024.json,bps-data-90d8bf078408a541
gini_ratio,98,1900,121,189,61,19009818912161,0000,0.265,2026-02-05 12:47:23,results\api\extract\data\dynamic_gini_ratio_2021.json,bps-data-9889aae21500e945
gini_ratio,98,1900,121,189,62,19009818912162,0000,0.259,2026-02-05 12:47:23,results\api\extract\data\dynamic_gini_ratio_2021.json,bps-data-9889aae21500e945
gini_ratio,98,1900,121,190,61,19009819012161,0000,0.221,2026-02-05 12:47:23,results\api\extract\data\dynamic_gini_ratio_2021.json,bps-data-9889aae21500e945
gini_ratio,98,1900,121,190,62,19009819012162,0000,0.215,2026-02-05 12:47:23,results\api\extract\data\dynamic_gini_ratio_2021.json,bps-data-9889aae21500e945
gini_ratio,98,1900,121,191,61,19009819112161,0000,0.256,2026-02-05 12:47:23,results\api\extract\data\dynamic_gini_ratio_2021.json,bps-data-9889aae21500e945
gini_ratio,98,1900,121,191,62,19009819112162,0000,0.247,2026-02-05 12:47:23,results\api\extract\data\dynamic_gini_ratio_2021.json,bps-data-9889aae21500e945
gini_ratio,98,1900,122,189,61,19009818912261,0000,0.248,2026-02-05 12:47:23,results\api\extract\data\dynamic_gini_ratio_2022.json,bps-data-c15d2f3becf317e7
gini_ratio,98,1900,122,189,62,19009818912262,0000,0.263,2026-02-05 12:47:23,results\api\extract\data\dynamic_gini_ratio_2022.json,bps-data-c15d2f3becf317e7
gini_ratio,98,1900,122,190,61,19009819012261,0000,0.206,2026-02-05 12:47:23,results\api\extract\data\dynamic_gini_ratio_2022.json,bps-data-c15d2f3becf317e7
gini_ratio,98,1900,122,190,62,19009819012262,0000,0.222,2026-02-05 12:47:23,results\api\extract\data\dynamic_gini_ratio_2022.json,bps-data-c15d2f3becf317e7
gini_ratio,98,1900,122,191,61,19009819112261,0000,0.236,2026-02-05 12:47:23,results\api\extract\data\dynamic_gini_ratio_2022.json,bps-data-c15d2f3becf317e7
gini_ratio,98,1900,122,191,62,19009819112262,0000,0.255,2026-02-05 12:47:23,results\api\extract\data\dynamic_gini_ratio_2022.json,bps-data-c15d2f3becf317e7
gini_ratio,98,1900,123,189,61,19009818912361,0000,0.265,2026-02-05 12:47:23,results\api\extract\data\dynamic_gini_ratio_2023.json,bps-data-d0293e64d7909798
gini_ratio,98,1900,123,190,61,19009819012361,0000,0.202,2026-02-05 12:47:23,results\api\extract\data\dynamic_gini_ratio_2023.json,bps-data-d0293e64d7909798
gini_ratio,98,1900,123,191,61,19009819112361,0000,0.245,2026-02-05 12:47:23,results\api\extract\data\dynamic_gini_ratio_2023.json,bps-data-d0293e64d7909798
gini_ratio,98,1900,124,189,61,19009818912461,0000,0.263,2026-02-05 12:47:23,results\api\extract\data\dynamic_gini_ratio_2024.json,bps-data-90d8bf078408a541
gini_ratio,98,1900,124,189,62,19009818912462,0000,0.251,2026-02-05 12:47:23,results\api\extract\data\dynamic_gini_ratio_2024.json,bps-data-90d8bf078408a541
gini_ratio,98,1900,124,190,61,19009819012461,0000,0.196,2026-02-05 12:47:23,results\api\extract\data\dynamic_gini_ratio_2024.json,bps-data-90d8bf078408a541
gini_ratio,98,1900,124,190,62,19009819012462,0000,0.189,2026-02-05 12:47:23,results\api\extract\data\dynamic_gini_ratio_2024.json,bps-data-90d8bf078408a541
gini_ratio,98,1900,124,191,61,19009819112461,0000,0.244,2026-02-05 12:47:23,results\api\extract\data\dynamic_gini_ratio_2024.json,bps-data-90d8bf078408a541
gini_ratio,98,1900,124,191,62,19009819112462,0000,0.235,2026-02-05 12:47:23,results\api\extract\data\dynamic_gini_ratio_2024.json,bps-data-90d8bf078408a541
gini_ratio,98,2100,121,189,61,21009818912161,0000,0.341,2026-02-05 12:47:23,results\api\extract\data\dynamic_gini_ratio_2021.json,bps-data-9889aae21500e945
gini_ratio,98,2100,121,189,62,21009818912162,0000,0.337,2026-02-05 12:47:23,results\api\extract\data\dynamic_gini_ratio_2021.json,bps-data-9889aae21500e945
gini_ratio,98,2100,121,190,61,21009819012161,0000,0.256,2026-02-05 12:47:23,results\api\extract\data\dynamic_gini_ratio_2021.json,bps-data-9889aae21500e945
gini_ratio,98,2100,121,190,62,21009819012162,0000,0.253,2026-02-05 12:47:23,results\api\extract\data\dynamic_gini_ratio_2021.json,bps-data-9889aae21500e945
gini_ratio,98,2100,121,191,61,21009819112161,0000,0.343,2026-02-05 12:47:23,results\api\extract\data\dynamic_gini_ratio_2021.json,bps-data-9889aae21500e945
gini_ratio,98,2100,121,191,62,21009819112162,0000,0.339,2026-02-05 12:47:23,results\api\extract\data\dynamic_gini_ratio_2021.json,bps-data-9889aae21500e945
gini_ratio,98,2100,122,189,61,21009818912261,0000,0.342,2026-02-05 12:47:23,results\api\extract\data\dynamic_gini_ratio_2022.json,bps-data-c15d2f3becf317e7
gini_ratio,98,2100,122,189,62,21009818912262,0000,0.328,2026-02-05 12:47:23,results\api\extract\data\dynamic_gini_ratio_2022.json,bps-data-c15d2f3becf317e7
gini_ratio,98,2100,122,190,61,21009819012261,0000,0.247,2026-02-05 12:47:23,results\api\extract\data\dynamic_gini_ratio_2022.json,bps-data-c15d2f3becf317e7
gini_ratio,98,2100,122,190,62,21009819012262,0000,0.264,2026-02-05 12:47:23,results\api\extract\data\dynamic_gini_ratio_2022.json,bps-data-c15d2f3becf317e7
gini_ratio,98,2100,122,191,61,21009819112261,0000,0.342,2026-02-05 12:47:23,results\api\extract\data\dynamic_gini_ratio_2022.json,bps-data-c15d2f3becf317e7
gini_ratio,98,2100,122,191,62,21009819112262,0000,0.325,2026-02-05 12:47:23,results\api\extract\data\dynamic_gini_ratio_2022.json,bps-data-c15d2f3becf317e7
gini_ratio,98,2100,123,189,61,21009818912361,0000,0.339,2026-02-05 12:47:23,results\api\extract\data\dynamic_gini_ratio_2023.json,bps-data-d0293e64d7909798
gini_ratio,98,2100,123,190,61,21009819012361,0000,0.248,2026-02-05 12:47:23,results\api\extract\data\dynamic_gini_ratio_2023.json,bps-data-d0293e64d7909798
gini_ratio,98,2100,123,191,61,21009819112361,0000,0.34,2026-02-05 12:47:23,results\api\extract\data\dynamic_gini_ratio_2023.json,bps-data-d0293e64d7909798
gini_ratio,98,2100,124,189,61,21009818912461,0000,0.351,2026-02-05 12:47:23,results\api\extract\data\dynamic_gini_ratio_2024.json,bps-data-90d8bf078408a541
gini_ratio,98,2100,124,189,62,21009818912462,0000,0.36,2026-02-05 12:47:23,results\api\extract\data\dynamic_gini_ratio_2024.json,bps-data-90d8bf078408a541
gini_ratio,98,2100,124,190,61,21009819012461,0000,0.24,2026-02-05 12:47:23,results\api\extract\data\dynamic_gini_ratio_2024.json,bps-data-90d8bf078408a541
gini_ratio,98,2100,124,190,62,21009819012462,0000,0.236,2026-02-05 12:47:23,results\api\extract\data\dynamic_gini_ratio_2024.json,bps-data-90d8bf078408a541
gini_ratio,98,2100,124,191,61,21009819112461,0000,0.349,2026-02-05 12:47:23,results\api\extract\data\dynamic_gini_ratio_2024.json,bps-data-90d8bf078408a541
gini_ratio,98,2100,124,191,62,21009819112462,0000,0.357,2026-02-05 12:47:23,results\api\extract\data\dynamic_gini_ratio_2024.json,bps-data-90d8bf078408a541
gini_ratio,98,3100,121,189,61,31009818912161,0000,0.409,2026-02-05 12:47:23,results\api\extract\data\dynamic_gini_ratio_2021.json,bps-data-9889aae21500e945
gini_ratio,98,3100,121,189,62,31009818912162,0000,0.411,2026-02-05 12:47:23,results\api\extract\data\dynamic_gini_ratio_2021.json,bps-data-9889aae21500e945
gini_ratio,98,3100,121,191,61,31009819112161,0000,0.409,2026-02-05 12:47:23,results\api\extract\data\dynamic_gini_ratio_2021.json,bps-data-9889aae21500e945
gini_ratio,98,3100,121,191,62,31009819112162,0000,0.411,2026-02-05 12:47:23,results\api\extract\data\dynamic_gini_ratio_2021.json,bps-data-9889aae21500e945
gini_ratio,98,3100,122,189,61,31009818912261,0000,0.423,2026-02-05 12:47:23,results\api\extract\data\dynamic_gini_ratio_2022.json,bps-data-c15d2f3becf317e7
gini_ratio,98,3100,122,189,62,31009818912262,0000,0.412,2026-02-05 12:47:23,results\api\extract\data\dynamic_gini_ratio_2022.json,bps-data-c15d2f3becf317e7
gini_ratio,98,3100,122,191,61,31009819112261,0000,0.423,2026-02-05 12:47:23,results\api\extract\data\dynamic_gini_ratio_2022.json,bps-data-c15d2f3becf317e7
gini_ratio,98,3100,122,191,62,31009819112262,0000,0.412,2026-02-05 12:47:23,results\api\extract\data\dynamic_gini_ratio_2022.json,bps-data-c15d2f3becf317e7
gini_ratio,98,3100,123,189,61,31009818912361,0000,0.431,2026-02-05 12:47:23,results\api\extract\data\dynamic_gini_ratio_2023.json,bps-data-d0293e64d7909798
gini_ratio,98,3100,123,191,61,31009819112361,0000,0.431,2026-02-05 12:47:23,results\api\extract\data\dynamic_gini_ratio_2023.json,bps-data-d0293e64d7909798
gini_ratio,98,3100,124,189,61,31009818912461,0000,0.423,2026-02-05 12:47:23,results\api\extract\data\dynamic_gini_ratio_2024.json,bps-data-90d8bf078408a541
gini_ratio,98,3100,124,189,62,31009818912462,0000,0.431,2026-02-05 12:47:23,results\api\extract\data\dynamic_gini_ratio_2024.json,bps-data-90d8bf078408a541
gini_ratio,98,3100,124,191,61,31009819112461,0000,0.423,2026-02-05 12:47:23,results\api\extract\data\dynamic_gini_ratio_2024.json,bps-data-90d8bf078408a541
gini_ratio,98,3100,124,191,62,31009819112462,0000,0.431,2026-02-05 12:47:23,results\api\extract\data\dynamic_gini_ratio_2024.json,bps-data-90d8bf078408a541
gini_ratio,98,3200,121,189,61,32009818912161,0000,0.423,2026-02-05 12:47:23,results\api\extract\data\dynamic_gini_ratio_2021.json,bps-data-9889aae21500e945
gini_ratio,98,3200,121,189,62,32009818912162,0000,0.417,2026-02-05 12:47:23,results\api\extract\data\dynamic_gini_ratio_2021.json,bps-data-9889aae21500e945
gini_ratio,98,3200,121,190,61,32009819012161,0000,0.321,2026-02-05 12:47:23,results\api\extract\data\dynamic_gini_ratio_2021.json,bps-data-9889aae21500e945
gini_ratio,98,3200,121,190,62,32009819012162,0000,0.324,2026-02-05 12:47:23,results\api\extract\data\dynamic_gini_ratio_2021.json,bps-data-9889aae21500e945
gini_ratio,98,3200,121,191,61,32009819112161,0000,0.412,2026-02-05 12:47:23,results\api\extract\data\dynamic_gini_ratio_2021.json,bps-data-9889aae21500e945
gini_ratio,98,3200,121,191,62,32009819112162,0000,0.406,2026-02-05 12:47:23,results\api\extract\data\dynamic_gini_ratio_2021.json,bps-data-9889aae21500e945
gini_ratio,98,3200,122,189,61,32009818912261,0000,0.428,2026-02-05 12:47:23,results\api\extract\data\dynamic_gini_ratio_2022.json,bps-data-c15d2f3becf317e7
gini_ratio,98,3200,122,189,62,32009818912262,0000,0.427,2026-02-05 12:47:23,results\api\extract\data\dynamic_gini_ratio_2022.json,bps-data-c15d2f3becf317e7
gini_ratio,98,3200,122,190,61,32009819012261,0000,0.322,2026-02-05 12:47:23,results\api\extract\data\dynamic_gini_ratio_2022.json,bps-data-c15d2f3becf317e7
gini_ratio,98,3200,122,190,62,32009819012262,0000,0.306,2026-02-05 12:47:23,results\api\extract\data\dynamic_gini_ratio_2022.json,bps-data-c15d2f3becf317e7
gini_ratio,98,3200,122,191,61,32009819112261,0000,0.417,2026-02-05 12:47:23,results\api\extract\data\dynamic_gini_ratio_2022.json,bps-data-c15d2f3becf317e7
gini_ratio,98,3200,122,191,62,32009819112262,0000,0.412,2026-02-05 12:47:23,results\api\extract\data\dynamic_gini_ratio_2022.json,bps-data-c15d2f3becf317e7
gini_ratio,98,3200,123,189,61,32009818912361,0000,0.439,2026-02-05 12:47:23,results\api\extract\data\dynamic_gini_ratio_2023.json,bps-data-d0293e64d7909798
gini_ratio,98,3200,123,190,61,32009819012361,0000,0.321,2026-02-05 12:47:23,results\api\extract\data\dynamic_gini_ratio_2023.json,bps-data-d0293e64d7909798
gini_ratio,98,3200,123,191,61,32009819112361,0000,0.425,2026-02-05 12:47:23,results\api\extract\data\dynamic_gini_ratio_2023.json,bps-data-d0293e64d7909798
gini_ratio,98,3200,124,189,61,32009818912461,0000,0.434,2026-02-05 12:47:23,results\api\extract\data\dynamic_gini_ratio_2024.json,bps-data-90d8bf078408a541
gini_ratio,98,3200,124,189,62,32009818912462,0000,0.439,2026-02-05 12:47:23,results\api\extract\data\dynamic_gini_ratio_2024.json,bps-data-90d8bf078408a541
gini_ratio,98,3200,124,190,61,32009819012461,0000,0.325,2026-02-05 12:47:23,results\api\extract\data\dynamic_gini_ratio_2024.json,bps-data-90d8bf078408a541
gini_ratio,98,3200,124,190,62,32009819012462,0000,0.327,2026-02-05 12:47:23,results\api\extract\data\dynamic_gini_ratio_2024.json,bps-data-90d8bf078408a541
gini_ratio,98,3200,124,191,61,32009819112461,0000,0.421,2026-02-05 12:47:23,results\api\extract\data\dynamic_gini_ratio_2024.json,bps-data-90d8bf078408a541
gini_ratio,98,3200,124,191,62,32009819112462,0000,0.428,2026-02-05 12:47:23,results\api\extract\data\dynamic_gini_ratio_2024.json,bps-data-90d8bf078408a541
gini_ratio,98,3300,121,189,61,33009818912161,0000,0.398,2026-02-05 12:47:23,results\api\extract\data\dynamic_gini_ratio_2021.json,bps-data-9889aae21500e945
gini_ratio,98,3300,121,189,62,33009818912162,0000,0.393,2026-02-05 12:47:23,results\api\extract\data\dynamic_gini_ratio_2021.json,bps-data-9889aae21500e945
gini_ratio,98,3300,121,190,61,33009819012161,0000,0.325,2026-02-05 12:47:23,results\api\extract\data\dynamic_gini_ratio_2021.json,bps-data-9889aae21500e945
gini_ratio,98,3300,121,190,62,33009819012162,0000,0.324,2026-02-05 12:47:23,results\api\extract\data\dynamic_gini_ratio_2021.json,bps-data-9889aae21500e945
gini_ratio,98,3300,121,191,61,33009819112161,0000,0.372,2026-02-05 12:47:23,results\api\extract\data\dynamic_gini_ratio_2021.json,bps-data-9889aae21500e945
gini_ratio,98,3300,121,191,62,33009819112162,0000,0.368,2026-02-05 12:47:23,results\api\extract\data\dynamic_gini_ratio_2021.json,bps-data-9889aae21500e945
gini_ratio,98,3300,122,189,61,33009818912261,0000,0.404,2026-02-05 12:47:23,results\api\extract\data\dynamic_gini_ratio_2022.json,bps-data-c15d2f3becf317e7
gini_ratio,98,3300,122,189,62,33009818912262,0000,0.392,2026-02-05 12:47:23,results\api\extract\data\dynamic_gini_ratio_2022.json,bps-data-c15d2f3becf317e7
gini_ratio,98,3300,122,190,61,33009819012261,0000,0.322,2026-02-05 12:47:23,results\api\extract\data\dynamic_gini_ratio_2022.json,bps-data-c15d2f3becf317e7
gini_ratio,98,3300,122,190,62,33009819012262,0000,0.326,2026-02-05 12:47:23,results\api\extract\data\dynamic_gini_ratio_2022.json,bps-data-c15d2f3becf317e7
gini_ratio,98,3300,122,191,61,33009819112261,0000,0.374,2026-02-05 12:47:23,results\api\extract\data\dynamic_gini_ratio_2022.json,bps-data-c15d2f3becf317e7
gini_ratio,98,3300,122,191,62,33009819112262,0000,0.366,2026-02-05 12:47:23,results\api\extract\data\dynamic_gini_ratio_2022.json,bps-data-c15d2f3becf317e7
gini_ratio,98,3300,123,189,61,33009818912361,0000,0.399,2026-02-05 12:47:23,results\api\extract\data\dynamic_gini_ratio_2023.json,bps-data-d0293e64d7909798
gini_ratio,98,3300,123,190,61,33009819012361,0000,0.318,2026-02-05 12:47:23,results\api\extract\data\dynamic_gini_ratio_2023.json,bps-data-d0293e64d7909798
gini_ratio,98,3300,123,191,61,33009819112361,0000,0.369,2026-02-05 12:47:23,results\api\extract\data\dynamic_gini_ratio_2023.json,bps-data-d0293e64d7909798
gini_ratio,98,3300,124,189,61,33009818912461,0000,0.399,2026-02-05 12:47:23,results\api\extract\data\dynamic_gini_ratio_2024.json,bps-data-90d8bf078408a541
gini_ratio,98,3300,124,189,62,33009818912462,0000,0.392,2026-02-05 12:47:23,results\api\extract\data\dynamic_gini_ratio_2024.json,bps-data-90d8bf078408a541
gini_ratio,98,3300,124,190,61,33009819012461,0000,0.31,2026-02-05 12:47:23,results\api\extract\data\dynamic_gini_ratio_2024.json,bps-data-90d8bf078408a541
gini_ratio,98,3300,124,190,62,33009819012462,0000,0.317,2026-02-05 12:47:23,results\api\extract\data\dynamic_gini_ratio_2024.json,bps-data-90d8bf078408a541
gini_ratio,98,3300,124,191,61,33009819112461,0000,0.367,2026-02-05 12:47:23,results\api\extract\data\dynamic_gini_ratio_2024.json,bps-data-90d8bf078408a541
gini_ratio,98,3300,124,191,62,33009819112462,0000,0.364,2026-02-05 12:47:23,results\api\extract\data\dynamic_gini_ratio_2024.json,bps-data-90d8bf078408a541
gini_ratio,98,3400,121,189,61,34009818912161,0000,0.448,2026-02-05 12:47:23,results\api\extract\data\dynamic_gini_ratio_2021.json,bps-data-9889aae21500e945
gini_ratio,98,3400,121,189,62,34009818912162,0000,0.443,2026-02-05 12:47:23,results\api\extract\data\dynamic_gini_ratio_2021.json,bps-data-9889aae21500e945
gini_ratio,98,3400,121,190,61,34009819012161,0000,0.334,2026-02-05 12:47:23,results\api\extract\data\dynamic_gini_ratio_2021.json,bps-data-9889aae21500e945
gini_ratio,98,3400,121,190,62,34009819012162,0000,0.325,2026-02-05 12:47:23,results\api\extract\data\dynamic_gini_ratio_2021.json,bps-data-9889aae21500e945
gini_ratio,98,3400,121,191,61,34009819112161,0000,0.441,2026-02-05 12:47:23,results\api\extract\data\dynamic_gini_ratio_2021.json,bps-data-9889aae21500e945
gini_ratio,98,3400,121,191,62,34009819112162,0000,0.436,2026-02-05 12:47:23,results\api\extract\data\dynamic_gini_ratio_2021.json,bps-data-9889aae21500e945
gini_ratio,98,3400,122,189,61,34009818912261,0000,0.446,2026-02-05 12:47:23,results\api\extract\data\dynamic_gini_ratio_2022.json,bps-data-c15d2f3becf317e7
gini_ratio,98,3400,122,189,62,34009818912262,0000,0.468,2026-02-05 12:47:23,results\api\extract\data\dynamic_gini_ratio_2022.json,bps-data-c15d2f3becf317e7
gini_ratio,98,3400,122,190,61,34009819012261,0000,0.332,2026-02-05 12:47:23,results\api\extract\data\dynamic_gini_ratio_2022.json,bps-data-c15d2f3becf317e7
gini_ratio,98,3400,122,190,62,34009819012262,0000,0.342,2026-02-05 12:47:23,results\api\extract\data\dynamic_gini_ratio_2022.json,bps-data-c15d2f3becf317e7
gini_ratio,98,3400,122,191,61,34009819112261,0000,0.439,2026-02-05 12:47:23,results\api\extract\data\dynamic_gini_ratio_2022.json,bps-data-c15d2f3becf317e7
gini_ratio,98,3400,122,191,62,34009819112262,0000,0.459,2026-02-05 12:47:23,results\api\extract\data\dynamic_gini_ratio_2022.json,bps-data-c15d2f3becf317e7
gini_ratio,98,3400,123,189,61,34009818912361,0000,0.453,2026-02-05 12:47:23,results\api\extract\data\dynamic_gini_ratio_2023.json,bps-data-d0293e64d7909798
gini_ratio,98,3400,123,190,61,34009819012361,0000,0.362,2026-02-05 12:47:23,results\api\extract\data\dynamic_gini_ratio_2023.json,bps-data-d0293e64d7909798
gini_ratio,98,3400,123,191,61,34009819112361,0000,0.449,2026-02-05 12:47:23,results\api\extract\data\dynamic_gini_ratio_2023.json,bps-data-d0293e64d7909798
gini_ratio,98,3400,124,189,61,34009818912461,0000,0.44,2026-02-05 12:47:23,results\api\extract\data\dynamic_gini_ratio_2024.json,bps-data-90d8bf078408a541
gini_ratio,98,3400,124,189,62,34009818912462,0000,0.429,2026-02-05 12:47:23,results\api\extract\data\dynamic_gini_ratio_2024.json,bps-data-90d8bf078408a541
gini_ratio,98,3400,124,190,61,34009819012461,0000,0.349,2026-02-05 12:47:23,results\api\extract\data\dynamic_gini_ratio_2024.json,bps-data-90d8bf078408a541
gini_ratio,98,3400,124,190,62,34009819012462,0000,0.355,2026-02-05 12:47:23,results\api\extract\data\dynamic_gini_ratio_2024.json,bps-data-90d8bf078408a541
gini_ratio,98,3400,124,191,61,34009819112461,0000,0.435,2026-02-05 12:47:23,results\api\extract\data\dynamic_gini_ratio_2024.json,bps-data-90d8bf078408a541
gini_ratio,98,3400,124,191,62,34009819112462,0000,0.428,2026-02-05 12:47:23,results\api\extract\data\dynamic_gini_ratio_2024.json,bps-data-90d8bf078408a541
gini_ratio,98,3500,121,189,61,35009818912161,0000,0.387,2026-02-05 12:47:23,results\api\extract\data\dynamic_gini_ratio_2021.json,bps-data-9889aae21500e945
gini_ratio,98,3500,121,189,62,35009818912162,0000,0.379,2026-02-05 12:47:23,results\api\extract\data\dynamic_gini_ratio_2021.json,bps-data-9889aae21500e945
gini_ratio,98,3500,121,190,61,35009819012161,0000,0.324,2026-02-05 12:47:23,results\api\extract\data\dynamic_gini_ratio_2021.json,bps-data-9889aae21500e945
gini_ratio,98,3500,121,190,62,35009819012162,0000,0.319,2026-02-05 12:47:23,results\api\extract\data\dynamic_gini_ratio_2021.json,bps-data-9889aae21500e945
gini_ratio,98,3500,121,191,61,35009819112161,0000,0.374,2026-02-05 12:47:23,results\api\extract\data\dynamic_gini_ratio_2021.json,bps-data-9889aae21500e945
gini_ratio,98,3500,121,191,62,35009819112162,0000,0.364,2026-02-05 12:47:23,results\api\extract\data\dynamic_gini_ratio_2021.json,bps-data-9889aae21500e945
gini_ratio,98,3500,122,189,61,35009818912261,0000,0.388,2026-02-05 12:47:23,results\api\extract\data\dynamic_gini_ratio_2022.json,bps-data-c15d2f3becf317e7
gini_ratio,98,3500,122,189,62,35009818912262,0000,0.381,2026-02-05 12:47:23,results\api\extract\data\dynamic_gini_ratio_2022.json,bps-data-c15d2f3becf317e7
gini_ratio,98,3500,122,190,61,35009819012261,0000,0.323,2026-02-05 12:47:23,results\api\extract\data\dynamic_gini_ratio_2022.json,bps-data-c15d2f3becf317e7
gini_ratio,98,3500,122,190,62,35009819012262,0000,0.322,2026-02-05 12:47:23,results\api\extract\data\dynamic_gini_ratio_2022.json,bps-data-c15d2f3becf317e7
gini_ratio,98,3500,122,191,61,35009819112261,0000,0.371,2026-02-05 12:47:23,results\api\extract\data\dynamic_gini_ratio_2022.json,bps-data-c15d2f3becf317e7
gini_ratio,98,3500,122,191,62,35009819112262,0000,0.365,2026-02-05 12:47:23,results\api\extract\data\dynamic_gini_ratio_2022.json,bps-data-c15d2f3becf317e7
gini_ratio,98,3500,123,189,61,35009818912361,0000,0.404,2026-02-05 12:47:23,results\api\extract\data\dynamic_gini_ratio_2023.json,bps-data-d0293e64d7909798
gini_ratio,98,3500,123,190,61,35009819012361,0000,0.337,2026-02-05 12:47:23,results\api\extract\data\dynamic_gini_ratio_2023.json,bps-data-d0293e64d7909798
gini_ratio,98,3500,123,191,61,35009819112361,0000,0.387,2026-02-05 12:47:23,results\api\extract\data\dynamic_gini_ratio_2023.json,bps-data-d0293e64d7909798
gini_ratio,98,3500,124,189,61,35009818912461,0000,0.387,2026-02-05 12:47:23,results\api\extract\data\dynamic_gini_ratio_2024.json,bps-data-90d8bf078408a541
gini_ratio,98,3500,124,189,62,35009818912462,0000,0.388,2026-02-05 12:47:23,results\api\extract\data\dynamic_gini_ratio_2024.json,bps-data-90d8bf078408a541
gini_ratio,98,3500,124,190,61,35009819012461,0000,0.325,2026-02-05 12:47:23,results\api\extract\data\dynamic_gini_ratio_2024.json,bps-data-90d8bf078408a541
gini_ratio,98,3500,124,190,62,35009819012462,0000,0.332,2026-02-05 12:47:23,results\api\extract\data\dynamic_gini_ratio_2024.json,bps-data-90d8bf078408a541
gini_ratio,98,3500,124,191,61,35009819112461,0000,0.372,2026-02-05 12:47:23,results\api\extract\data\dynamic_gini_ratio_2024.json,bps-data-90d8bf078408a541
gini_ratio,98,3500,124,191,62,35009819112462,0000,0.373,2026-02-05 12:47:23,results\api\extract\data\dynamic_gini_ratio_2024.json,bps-data-90d8bf078408a541
gini_ratio,98,3600,121,189,61,36009818912161,0000,0.369,2026-02-05 12:47:23,results\api\extract\data\dynamic_gini_ratio_2021.json,bps-data-9889aae21500e945
gini_ratio,98,3600,121,189,62,36009818912162,0000,0.365,2026-02-05 12:47:23,results\api\extract\data\dynamic_gini_ratio_2021.json,bps-data-9889aae21500e945
gini_ratio,98,3600,121,190,61,36009819012161,0000,0.28,2026-02-05 12:47:23,results\api\extract\data\dynamic_gini_ratio_2021.json,bps-data-9889aae21500e945
gini_ratio,98,3600,121,190,62,36009819012162,0000,0.278,2026-02-05 12:47:23,results\api\extract\data\dynamic_gini_ratio_2021.json,bps-data-9889aae21500e945
gini_ratio,98,3600,121,191,61,36009819112161,0000,0.365,2026-02-05 12:47:23,results\api\extract\data\dynamic_gini_ratio_2021.json,bps-data-9889aae21500e945
gini_ratio,98,3600,121,191,62,36009819112162,0000,0.363,2026-02-05 12:47:23,results\api\extract\data\dynamic_gini_ratio_2021.json,bps-data-9889aae21500e945
gini_ratio,98,3600,122,189,61,36009818912261,0000,0.367,2026-02-05 12:47:23,results\api\extract\data\dynamic_gini_ratio_2022.json,bps-data-c15d2f3becf317e7
gini_ratio,98,3600,122,189,62,36009818912262,0000,0.384,2026-02-05 12:47:23,results\api\extract\data\dynamic_gini_ratio_2022.json,bps-data-c15d2f3becf317e7
gini_ratio,98,3600,122,190,61,36009819012261,0000,0.287,2026-02-05 12:47:23,results\api\extract\data\dynamic_gini_ratio_2022.json,bps-data-c15d2f3becf317e7
gini_ratio,98,3600,122,190,62,36009819012262,0000,0.266,2026-02-05 12:47:23,results\api\extract\data\dynamic_gini_ratio_2022.json,bps-data-c15d2f3becf317e7
gini_ratio,98,3600,122,191,61,36009819112261,0000,0.363,2026-02-05 12:47:23,results\api\extract\data\dynamic_gini_ratio_2022.json,bps-data-c15d2f3becf317e7
gini_ratio,98,3600,122,191,62,36009819112262,0000,0.377,2026-02-05 12:47:23,results\api\extract\data\dynamic_gini_ratio_2022.json,bps-data-c15d2f3becf317e7
gini_ratio,98,3600,123,189,61,36009818912361,0000,0.372,2026-02-05 12:47:23,results\api\extract\data\dynamic_gini_ratio_2023.json,bps-data-d0293e64d7909798
gini_ratio,98,3600,123,190,61,36009819012361,0000,0.256,2026-02-05 12:47:23,results\api\extract\data\dynamic_gini_ratio_2023.json,bps-data-d0293e64d7909798
gini_ratio,98,3600,123,191,61,36009819112361,0000,0.368,2026-02-05 12:47:23,results\api\extract\data\dynamic_gini_ratio_2023.json,bps-data-d0293e64d7909798
gini_ratio,98,3600,124,189,61,36009818912461,0000,0.357,2026-02-05 12:47:23,results\api\extract\data\dynamic_gini_ratio_2024.json,bps-data-90d8bf078408a541
gini_ratio,98,3600,124,189,62,36009818912462,0000,0.361,2026-02-05 12:47:23,results\api\extract\data\dynamic_gini_ratio_2024.json,bps-data-90d8bf078408a541
gini_ratio,98,3600,124,190,61,36009819012461,0000,0.254,2026-02-05 12:47:23,results\api\extract\data\dynamic_gini_ratio_2024.json,bps-data-90d8bf078408a541
gini_ratio,98,3600,124,190,62,36009819012462,0000,0.246,2026-02-05 12:47:23,results\api\extract\data\dynamic_gini_ratio_2024.json,bps-data-90d8bf078408a541
gini_ratio,98,3600,124,191,61,36009819112461,0000,0.353,2026-02-05 12:47:23,results\api\extract\data\dynamic_gini_ratio_2024.json,bps-data-90d8bf078408a541
gini_ratio,98,3600,124,191,62,36009819112462,0000,0.359,2026-02-05 12:47:23,results\api\extract\data\dynamic_gini_ratio_2024.json,bps-data-90d8bf078408a541
gini_ratio,98,5100,121,189,61,51009818912161,0000,0.387,2026-02-05 12:47:23,results\api\extract\data\dynamic_gini_ratio_2021.json,bps-data-9889aae21500e945
gini_ratio,98,5100,121,189,62,51009818912162,0000,0.379,2026-02-05 12:47:23,results\api\extract\data\dynamic_gini_ratio_2021.json,bps-data-9889aae21500e945
gini_ratio,98,5100,121,190,61,51009819012161,0000,0.301,2026-02-05 12:47:23,results\api\extract\data\dynamic_gini_ratio_2021.json,bps-data-9889aae21500e945
gini_ratio,98,5100,121,190,62,51009819012162,0000,0.302,2026-02-05 12:47:23,results\api\extract\data\dynamic_gini_ratio_2021.json,bps-data-9889aae21500e945
gini_ratio,98,5100,121,191,61,51009819112161,0000,0.378,2026-02-05 12:47:23,results\api\extract\data\dynamic_gini_ratio_2021.json,bps-data-9889aae21500e945
gini_ratio,98,5100,121,191,62,51009819112162,0000,0.375,2026-02-05 12:47:23,results\api\extract\data\dynamic_gini_ratio_2021.json,bps-data-9889aae21500e945
gini_ratio,98,5100,122,189,61,51009818912261,0000,0.371,2026-02-05 12:47:23,results\api\extract\data\dynamic_gini_ratio_2022.json,bps-data-c15d2f3becf317e7
gini_ratio,98,5100,122,189,62,51009818912262,0000,0.371,2026-02-05 12:47:23,results\api\extract\data\dynamic_gini_ratio_2022.json,bps-data-c15d2f3becf317e7
gini_ratio,98,5100,122,190,61,51009819012261,0000,0.294,2026-02-05 12:47:23,results\api\extract\data\dynamic_gini_ratio_2022.json,bps-data-c15d2f3becf317e7
gini_ratio,98,5100,122,190,62,51009819012262,0000,0.282,2026-02-05 12:47:23,results\api\extract\data\dynamic_gini_ratio_2022.json,bps-data-c15d2f3becf317e7
gini_ratio,98,5100,122,191,61,51009819112261,0000,0.363,2026-02-05 12:47:23,results\api\extract\data\dynamic_gini_ratio_2022.json,bps-data-c15d2f3becf317e7
gini_ratio,98,5100,122,191,62,51009819112262,0000,0.362,2026-02-05 12:47:23,results\api\extract\data\dynamic_gini_ratio_2022.json,bps-data-c15d2f3becf317e7
gini_ratio,98,5100,123,189,61,51009818912361,0000,0.367,2026-02-05 12:47:23,results\api\extract\data\dynamic_gini_ratio_2023.json,bps-data-d0293e64d7909798
gini_ratio,98,5100,123,190,61,51009819012361,0000,0.29,2026-02-05 12:47:23,results\api\extract\data\dynamic_gini_ratio_2023.json,bps-data-d0293e64d7909798
gini_ratio,98,5100,123,191,61,51009819112361,0000,0.362,2026-02-05 12:47:23,results\api\extract\data\dynamic_gini_ratio_2023.json,bps-data-d0293e64d7909798
gini_ratio,98,5100,124,189,61,51009818912461,0000,0.364,2026-02-05 12:47:23,results\api\extract\data\dynamic_gini_ratio_2024.json,bps-data-90d8bf078408a541
gini_ratio,98,5100,124,189,62,51009818912462,0000,0.352,2026-02-05 12:47:23,results\api\extract\data\dynamic_gini_ratio_2024.json,bps-data-90d8bf078408a541
gini_ratio,98,5100,124,190,61,51009819012461,0000,0.287,2026-02-05 12:47:23,results\api\extract\data\dynamic_gini_ratio_2024.json,bps-data-90d8bf078408a541
gini_ratio,98,5100,124,190,62,51009819012462,0000,0.285,2026-02-05 12:47:23,results\api\extract\data\dynamic_gini_ratio_2024.json,bps-data-90d8bf078408a541
gini_ratio,98,5100,124,191,61,51009819112461,0000,0.361,2026-02-05 12:47:23,results\api\extract\data\dynamic_gini_ratio_2024.json,bps-data-90d8bf078408a541
gini_ratio,98,5100,124,191,62,51009819112462,0000,0.348,2026-02-05 12:47:23,results\api\extract\data\dynamic_gini_ratio_2024.json,bps-data-90d8bf078408a541
gini_ratio,98,5200,121,189,61,52009818912161,0000,0.413,2026-02-05 12:47:23,results\api\extract\data\dynamic_gini_ratio_2021.json,bps-data-9889aae21500e945
gini_ratio,98,5200,121,189,62,52009818912162,0000,0.42,2026-02-05 12:47:23,results\api\extract\data\dynamic_gini_ratio_2021.json,bps-data-9889aae21500e945
gini_ratio,98,5200,121,190,61,52009819012161,0000,0.332,2026-02-05 12:47:23,results\api\extract\data\dynamic_gini_ratio_2021.json,bps-data-9889aae21500e945
gini_ratio,98,5200,121,190,62,52009819012162,0000,0.331,2026-02-05 12:47:23,results\api\extract\data\dynamic_gini_ratio_2021.json,bps-data-9889aae21500e945
gini_ratio,98,5200,121,191,61,52009819112161,0000,0.381,2026-02-05 12:47:23,results\api\extract\data\dynamic_gini_ratio_2021.json,bps-data-9889aae21500e945
gini_ratio,98,5200,121,191,62,52009819112162,0000,0.384,2026-02-05 12:47:23,results\api\extract\data\dynamic_gini_ratio_2021.json,bps-data-9889aae21500e945
gini_ratio,98,5200,122,189,61,52009818912261,0000,0.406,2026-02-05 12:47:23,results\api\extract\data\dynamic_gini_ratio_2022.json,bps-data-c15d2f3becf317e7
gini_ratio,98,5200,122,189,62,52009818912262,0000,0.392,2026-02-05 12:47:23,results\api\extract\data\dynamic_gini_ratio_2022.json,bps-data-c15d2f3becf317e7
gini_ratio,98,5200,122,190,61,52009819012261,0000,0.325,2026-02-05 12:47:23,results\api\extract\data\dynamic_gini_ratio_2022.json,bps-data-c15d2f3becf317e7
gini_ratio,98,5200,122,190,62,52009819012262,0000,0.341,2026-02-05 12:47:23,results\api\extract\data\dynamic_gini_ratio_2022.json,bps-data-c15d2f3becf317e7
gini_ratio,98,5200,122,191,61,52009819112261,0000,0.373,2026-02-05 12:47:23,results\api\extract\data\dynamic_gini_ratio_2022.json,bps-data-c15d2f3becf317e7
gini_ratio,98,5200,122,191,62,52009819112262,0000,0.374,2026-02-05 12:47:23,results\api\extract\data\dynamic_gini_ratio_2022.json,bps-data-c15d2f3becf317e7
gini_ratio,98,5200,123,189,61,52009818912361,0000,0.402,2026-02-05 12:47:23,results\api\extract\data\dynamic_gini_ratio_2023.json,bps-data-d0293e64d7909798
gini_ratio,98,5200,123,190,61,52009819012361,0000,0.334,2026-02-05 12:47:23,results\api\extract\data\dynamic_gini_ratio_2023.json,bps-data-d0293e64d7909798
gini_ratio,98,5200,123,191,61,52009819112361,0000,0.375,2026-02-05 12:47:23,results\api\extract\data\dynamic_gini_ratio_2023.json,bps-data-d0293e64d7909798
gini_ratio,98,5200,124,189,61,52009818912461,0000,0.383,2026-02-05 12:47:23,results\api\extract\data\dynamic_gini_ratio_2024.json,bps-data-90d8bf078408a541
gini_ratio,98,5200,124,189,62,52009818912462,0000,0.388,2026-02-05 12:47:23,results\api\extract\data\dynamic_gini_ratio_2024.json,bps-data-90d8bf078408a541
gini_ratio,98,5200,124,190,61,52009819012461,0000,0.326,2026-02-05 12:47:23,results\api\extract\data\dynamic_gini_ratio_2024.json,bps-data-90d8bf078408a541
gini_ratio,98,5200,124,190,62,52009819012462,0000,0.32,2026-02-05 12:47:23,results\api\extract\data\dynamic_gini_ratio_2024.json,bps-data-90d8bf078408a541
gini_ratio,98,5200,124,191,61,52009819112461,0000,0.361,2026-02-05 12:47:23,results\api\extract\data\dynamic_gini_ratio_2024.json,bps-data-90d8bf078408a541
gini_ratio,98,5200,124,191,62,52009819112462,0000,0.364,2026-02-05 12:47:23,results\api\extract\data\dynamic_gini_ratio_2024.json,bps-data-90d8bf078408a541
gini_ratio,98,5300,121,189,61,53009818912161,0000,0.327,2026-02-05 12:47:23,results\api\extract\data\dynamic_gini_ratio_2021.json,bps-data-9889aae21500e945
gini_ratio,98,5300,121,189,62,53009818912162,0000,0.322,2026-02-05 12:47:23,results\api\extract\data\dynamic_gini_ratio_2021.json,bps-data-9889aae21500e945
gini_ratio,98,5300,121,190,61,53009819012161,0000,0.311,2026-02-05 12:47:23,results\api\extract\data\dynamic_gini_ratio_2021.json,bps-data-9889aae21500e945
gini_ratio,98,5300,121,190,62,53009819012162,0000,0.306,2026-02-05 12:47:23,results\api\extract\data\dynamic_gini_ratio_2021.json,bps-data-9889aae21500e945
gini_ratio,98,5300,121,191,61,53009819112161,0000,0.346,2026-02-05 12:47:23,results\api\extract\data\dynamic_gini_ratio_2021.json,bps-data-9889aae21500e945
gini_ratio,98,5300,121,191,62,53009819112162,0000,0.339,2026-02-05 12:47:23,results\api\extract\data\dynamic_gini_ratio_2021.json,bps-data-9889aae21500e945
gini_ratio,98,5300,122,189,61,53009818912261,0000,0.324,2026-02-05 12:47:23,results\api\extract\data\dynamic_gini_ratio_2022.json,bps-data-c15d2f3becf317e7
gini_ratio,98,5300,122,189,62,53009818912262,0000,0.308,2026-02-05 12:47:23,results\api\extract\data\dynamic_gini_ratio_2022.json,bps-data-c15d2f3becf317e7
gini_ratio,98,5300,122,190,61,53009819012261,0000,0.304,2026-02-05 12:47:23,results\api\extract\data\dynamic_gini_ratio_2022.json,bps-data-c15d2f3becf317e7
gini_ratio,98,5300,122,190,62,53009819012262,0000,0.326,2026-02-05 12:47:23,results\api\extract\data\dynamic_gini_ratio_2022.json,bps-data-c15d2f3becf317e7
gini_ratio,98,5300,122,191,61,53009819112261,0000,0.334,2026-02-05 12:47:23,results\api\extract\data\dynamic_gini_ratio_2022.json,bps-data-c15d2f3becf317e7
gini_ratio,98,5300,122,191,62,53009819112262,0000,0.34,2026-02-05 12:47:23,results\api\extract\data\dynamic_gini_ratio_2022.json,bps-data-c15d2f3becf317e7
gini_ratio,98,5300,123,189,61,53009818912361,0000,0.299,2026-02-05 12:47:23,results\api\extract\data\dynamic_gini_ratio_2023.json,bps-data-d0293e64d7909798
gini_ratio,98,5300,123,190,61,53009819012361,0000,0.307,2026-02-05 12:47:23,results\api\extract\data\dynamic_gini_ratio_2023.json,bps-data-d0293e64d7909798
gini_ratio,98,5300,123,191,61,53009819112361,0000,0.325,2026-02-05 12:47:23,results\api\extract\data\dynamic_gini_ratio_2023.json,bps-data-d0293e64d7909798
gini_ratio,98,5300,124,189,61,53009818912461,0000,0.281,2026-02-05 12:47:23,results\api\extract\data\dynamic_gini_ratio_2024.json,bps-data-90d8bf078408a541
gini_ratio,98,5300,124,189,62,53009818912462,0000,0.282,2026-02-05 12:47:23,results\api\extract\data\dynamic_gini_ratio_2024.json,bps-data-90d8bf078408a541
gini_ratio,98,5300,124,190,61,53009819012461,0000,0.305,2026-02-05 12:47:23,results\api\extract\data\dynamic_gini_ratio_2024.json,bps-data-90d8bf078408a541
gini_ratio,98,5300,124,190,62,53009819012462,0000,0.306,2026-02-05 12:47:23,results\api\extract\data\dynamic_gini_ratio_2024.json,bps-data-90d8bf078408a541
gini_ratio,98,5300,124,191,61,53009819112461,0000,0.316,2026-02-05 12:47:23,results\api\extract\data\dynamic_gini_ratio_2024.json,bps-data-90d8bf078408a541
gini_ratio,98,5300,124,191,62,53009819112462,0000,0.316,2026-02-05 12:47:23,results\api\extract\data\dynamic_gini_ratio_2024.json,bps-data-90d8bf078408a541
gini_ratio,98,6100,121,189,61,61009818912161,0000,0.341,2026-02-05 12:47:23,results\api\extract\data\dynamic_gini_ratio_2021.json,bps-data-9889aae21500e945
gini_ratio,98,6100,121,189,62,61009818912162,0000,0.337,2026-02-05 12:47:23,results\api\extract\data\dynamic_gini_ratio_2021.json,bps-data-9889aae21500e945
gini_ratio,98,6100,121,190,61,61009819012161,0000,0.267,2026-02-05 12:47:23,results\api\extract\data\dynamic_gini_ratio_2021.json,bps-data-9889aae21500e945
gini_ratio,98,6100,121,190,62,61009819012162,0000,0.268,2026-02-05 12:47:23,results\api\extract\data\dynamic_gini_ratio_2021.json,bps-data-9889aae21500e945
gini_ratio,98,6100,121,191,61,61009819112161,0000,0.313,2026-02-05 12:47:23,results\api\extract\data\dynamic_gini_ratio_2021.json,bps-data-9889aae21500e945
gini_ratio,98,6100,121,191,62,61009819112162,0000,0.315,2026-02-05 12:47:23,results\api\extract\data\dynamic_gini_ratio_2021.json,bps-data-9889aae21500e945
gini_ratio,98,6100,122,189,61,61009818912261,0000,0.342,2026-02-05 12:47:23,results\api\extract\data\dynamic_gini_ratio_2022.json,bps-data-c15d2f3becf317e7
gini_ratio,98,6100,122,189,62,61009818912262,0000,0.334,2026-02-05 12:47:23,results\api\extract\data\dynamic_gini_ratio_2022.json,bps-data-c15d2f3becf317e7
gini_ratio,98,6100,122,190,61,61009819012261,0000,0.265,2026-02-05 12:47:23,results\api\extract\data\dynamic_gini_ratio_2022.json,bps-data-c15d2f3becf317e7
gini_ratio,98,6100,122,190,62,61009819012262,0000,0.264,2026-02-05 12:47:23,results\api\extract\data\dynamic_gini_ratio_2022.json,bps-data-c15d2f3becf317e7
gini_ratio,98,6100,122,191,61,61009819112261,0000,0.314,2026-02-05 12:47:23,results\api\extract\data\dynamic_gini_ratio_2022.json,bps-data-c15d2f3becf317e7
gini_ratio,98,6100,122,191,62,61009819112262,0000,0.311,2026-02-05 12:47:23,results\api\extract\data\dynamic_gini_ratio_2022.json,bps-data-c15d2f3becf317e7
gini_ratio,98,6100,123,189,61,61009818912361,0000,0.348,2026-02-05 12:47:23,results\api\extract\data\dynamic_gini_ratio_2023.json,bps-data-d0293e64d7909798
gini_ratio,98,6100,123,190,61,61009819012361,0000,0.273,2026-02-05 12:47:23,results\api\extract\data\dynamic_gini_ratio_2023.json,bps-data-d0293e64d7909798
gini_ratio,98,6100,123,191,61,61009819112361,0000,0.321,2026-02-05 12:47:23,results\api\extract\data\dynamic_gini_ratio_2023.json,bps-data-d0293e64d7909798
gini_ratio,98,6100,124,189,61,61009818912461,0000,0.34,2026-02-05 12:47:23,results\api\extract\data\dynamic_gini_ratio_2024.json,bps-data-90d8bf078408a541
gini_ratio,98,6100,124,189,62,61009818912462,0000,0.341,2026-02-05 12:47:23,results\api\extract\data\dynamic_gini_ratio_2024.json,bps-data-90d8bf078408a541
gini_ratio,98,6100,124,190,61,61009819012461,0000,0.259,2026-02-05 12:47:23,results\api\extract\data\dynamic_gini_ratio_2024.json,bps-data-90d8bf078408a541
gini_ratio,98,6100,124,190,62,61009819012462,0000,0.258,2026-02-05 12:47:23,results\api\extract\data\dynamic_gini_ratio_2024.json,bps-data-90d8bf078408a541
gini_ratio,98,6100,124,191,61,61009819112461,0000,0.31,2026-02-05 12:47:23,results\api\extract\data\dynamic_gini_ratio_2024.json,bps-data-90d8bf078408a541
gini_ratio,98,6100,124,191,62,61009819112462,0000,0.314,2026-02-05 12:47:23,results\api\extract\data\dynamic_gini_ratio_2024.json,bps-data-90d8bf078408a541
gini_ratio,98,6200,121,189,61,62009818912161,0000,0.353,2026-02-05 12:47:23,results\api\extract\data\dynamic_gini_ratio_2021.json,bps-data-9889aae21500e945
gini_ratio,98,6200,121,189,62,62009818912162,0000,0.356,2026-02-05 12:47:23,results\api\extract\data\dynamic_gini_ratio_2021.json,bps-data-9889aae21500e945
gini_ratio,98,6200,121,190,61,62009819012161,0000,0.292,2026-02-05 12:47:23,results\api\extract\data\dynamic_gini_ratio_2021.json,bps-data-9889aae21500e945
gini_ratio,98,6200,121,190,62,62009819012162,0000,0.284,2026-02-05 12:47:23,results\api\extract\data\dynamic_gini_ratio_2021.json,bps-data-9889aae21500e945
gini_ratio,98,6200,121,191,61,62009819112161,0000,0.323,2026-02-05 12:47:23,results\api\extract\data\dynamic_gini_ratio_2021.json,bps-data-9889aae21500e945
gini_ratio,98,6200,121,191,62,62009819112162,0000,0.32,2026-02-05 12:47:23,results\api\extract\data\dynamic_gini_ratio_2021.json,bps-data-9889aae21500e945
gini_ratio,98,6200,122,189,61,62009818912261,0000,0.348,2026-02-05 12:47:23,results\api\extract\data\dynamic_gini_ratio_2022.json,bps-data-c15d2f3becf317e7
gini_ratio,98,6200,122,189,62,62009818912262,0000,0.332,2026-02-05 12:47:23,results\api\extract\data\dynamic_gini_ratio_2022.json,bps-data-c15d2f3becf317e7
gini_ratio,98,6200,122,190,61,62009819012261,0000,0.292,2026-02-05 12:47:23,results\api\extract\data\dynamic_gini_ratio_2022.json,bps-data-c15d2f3becf317e7
gini_ratio,98,6200,122,190,62,62009819012262,0000,0.285,2026-02-05 12:47:23,results\api\extract\data\dynamic_gini_ratio_2022.json,bps-data-c15d2f3becf317e7
gini_ratio,98,6200,122,191,61,62009819112261,0000,0.319,2026-02-05 12:47:23,results\api\extract\data\dynamic_gini_ratio_2022.json,bps-data-c15d2f3becf317e7
gini_ratio,98,6200,122,191,62,62009819112262,0000,0.309,2026-02-05 12:47:23,results\api\extract\data\dynamic_gini_ratio_2022.json,bps-data-c15d2f3becf317e7
gini_ratio,98,6200,123,189,61,62009818912361,0000,0.335,2026-02-05 12:47:23,results\api\extract\data\dynamic_gini_ratio_2023.json,bps-data-d0293e64d7909798
gini_ratio,98,6200,123,190,61,62009819012361,0000,0.298,2026-02-05 12:47:23,results\api\extract\data\dynamic_gini_ratio_2023.json,bps-data-d0293e64d7909798
gini_ratio,98,6200,123,191,61,62009819112361,0000,0.317,2026-02-05 12:47:23,results\api\extract\data\dynamic_gini_ratio_2023.json,bps-data-d0293e64d7909798
gini_ratio,98,6200,124,189,61,62009818912461,0000,0.311,2026-02-05 12:47:23,results\api\extract\data\dynamic_gini_ratio_2024.json,bps-data-90d8bf078408a541
gini_ratio,98,6200,124,189,62,62009818912462,0000,0.322,2026-02-05 12:47:23,results\api\extract\data\dynamic_gini_ratio_2024.json,bps-data-90d8bf078408a541
gini_ratio,98,6200,124,190,61,62009819012461,0000,0.288,2026-02-05 12:47:23,results\api\extract\data\dynamic_gini_ratio_2024.json,bps-data-90d8bf078408a541
gini_ratio,98,6200,124,190,62,62009819012462,0000,0.282,2026-02-05 12:47:23,results\api\extract\data\dynamic_gini_ratio_2024.json,bps-data-90d8bf078408a541
gini_ratio,98,6200,124,191,61,62009819112461,0000,0.301,2026-02-05 12:47:23,results\api\extract\data\dynamic_gini_ratio_2024.json,bps-data-90d8bf078408a541
gini_ratio,98,6200,124,191,62,62009819112462,0000,0.304,2026-02-05 12:47:23,results\api\extract\data\dynamic_gini_ratio_2024.json,bps-data-90d8bf078408a541
gini_ratio,98,6300,121,189,61,63009818912161,0000,0.359,2026-02-05 12:47:23,results\api\extract\data\dynamic_gini_ratio_2021.json,bps-data-9889aae21500e945
gini_ratio,98,6300,121,189,62,63009818912162,0000,0.352,2026-02-05 12:47:23,results\api\extract\data\dynamic_gini_ratio_2021.json,bps-data-9889aae21500e945
gini_ratio,98,6300,121,190,61,63009819012161,0000,0.265,2026-02-05 12:47:23,results\api\extract\data\dynamic_gini_ratio_2021.json,bps-data-9889aae21500e945
gini_ratio,98,6300,121,190,62,63009819012162,0000,0.257,2026-02-05 12:47:23,results\api\extract\data\dynamic_gini_ratio_2021.json,bps-data-9889aae21500e945
gini_ratio,98,6300,121,191,61,63009819112161,0000,0.33,2026-02-05 12:47:23,results\api\extract\data\dynamic_gini_ratio_2021.json,bps-data-9889aae21500e945
gini_ratio,98,6300,121,191,62,63009819112162,0000,0.325,2026-02-05 12:47:23,results\api\extract\data\dynamic_gini_ratio_2021.json,bps-data-9889aae21500e945
gini_ratio,98,6300,122,189,61,63009818912261,0000,0.345,2026-02-05 12:47:23,results\api\extract\data\dynamic_gini_ratio_2022.json,bps-data-c15d2f3becf317e7
gini_ratio,98,6300,122,189,62,63009818912262,0000,0.329,2026-02-05 12:47:23,results\api\extract\data\dynamic_gini_ratio_2022.json,bps-data-c15d2f3becf317e7
gini_ratio,98,6300,122,190,61,63009819012261,0000,0.263,2026-02-05 12:47:23,results\api\extract\data\dynamic_gini_ratio_2022.json,bps-data-c15d2f3becf317e7
gini_ratio,98,6300,122,190,62,63009819012262,0000,0.273,2026-02-05 12:47:23,results\api\extract\data\dynamic_gini_ratio_2022.json,bps-data-c15d2f3becf317e7
gini_ratio,98,6300,122,191,61,63009819112261,0000,0.317,2026-02-05 12:47:23,results\api\extract\data\dynamic_gini_ratio_2022.json,bps-data-c15d2f3becf317e7
gini_ratio,98,6300,122,191,62,63009819112262,0000,0.309,2026-02-05 12:47:23,results\api\extract\data\dynamic_gini_ratio_2022.json,bps-data-c15d2f3becf317e7
gini_ratio,98,6300,123,189,61,63009818912361,0000,0.345,2026-02-05 12:47:23,results\api\extract\data\dynamic_gini_ratio_2023.json,bps-data-d0293e64d7909798
gini_ratio,98,6300,123,190,61,63009819012361,0000,0.259,2026-02-05 12:47:23,results\api\extract\data\dynamic_gini_ratio_2023.json,bps-data-d0293e64d7909798
gini_ratio,98,6300,123,191,61,63009819112361,0000,0.313,2026-02-05 12:47:23,results\api\extract\data\dynamic_gini_ratio_2023.json,bps-data-d0293e64d7909798
gini_ratio,98,6300,124,189,61,63009818912461,0000,0.329,2026-02-05 12:47:23,results\api\extract\data\dynamic_gini_ratio_2024.json,bps-data-90d8bf078408a541
gini_ratio,98,6300,124,189,62,63009818912462,0000,0.326,2026-02-05 12:47:23,results\api\extract\data\dynamic_gini_ratio_2024.json,bps-data-90d8bf078408a541
gini_ratio,98,6300,124,190,61,63009819012461,0000,0.255,2026-02-05 12:47:23,results\api\extract\data\dynamic_gini_ratio_2024.json,bps-data-90d8bf078408a541
gini_ratio,98,6300,124,190,62,63009819012462,0000,0.259,2026-02-05 12:47:23,results\api\extract\data\dynamic_gini_ratio_2024.json,bps-data-90d8bf078408a541
gini_ratio,98,6300,124,191,61,63009819112461,0000,0.302,2026-02-05 12:47:23,results\api\extract\data\dynamic_gini_ratio_2024.json,bps-data-90d8bf078408a541
gini_ratio,98,6300,124,191,62,63009819112462,0000,0.298,2026-02-05 12:47:23,results\api\extract\data\dynamic_gini_ratio_2024.json,bps-data-90d8bf078408a541
gini_ratio,98,6400,121,189,61,64009818912161,0000,0.339,2026-02-05 12:47:23,results\api\extract\data\dynamic_gini_ratio_2021.json,bps-data-9889aae21500e945
gini_ratio,98,6400,121,189,62,64009818912162,0000,0.337,2026-02-05 12:47:23,results\api\extract\data\dynamic_gini_ratio_2021.json,bps-data-9889aae21500e945
gini_ratio,98,6400,121,190,61,64009819012161,0000,0.288,2026-02-05 12:47:23,results\api\extract\data\dynamic_gini_ratio_2021.json,bps-data-9889aae21500e945
gini_ratio,98,6400,121,190,62,64009819012162,0000,0.281,2026-02-05 12:47:23,results\api\extract\data\dynamic_gini_ratio_2021.json,bps-data-9889aae21500e945
gini_ratio,98,6400,121,191,61,64009819112161,0000,0.334,2026-02-05 12:47:23,results\api\extract\data\dynamic_gini_ratio_2021.json,bps-data-9889aae21500e945
gini_ratio,98,6400,121,191,62,64009819112162,0000,0.331,2026-02-05 12:47:23,results\api\extract\data\dynamic_gini_ratio_2021.json,bps-data-9889aae21500e945
gini_ratio,98,6400,122,189,61,64009818912261,0000,0.334,2026-02-05 12:47:23,results\api\extract\data\dynamic_gini_ratio_2022.json,bps-data-c15d2f3becf317e7
gini_ratio,98,6400,122,189,62,64009818912262,0000,0.32,2026-02-05 12:47:23,results\api\extract\data\dynamic_gini_ratio_2022.json,bps-data-c15d2f3becf317e7
gini_ratio,98,6400,122,190,61,64009819012261,0000,0.283,2026-02-05 12:47:23,results\api\extract\data\dynamic_gini_ratio_2022.json,bps-data-c15d2f3becf317e7
gini_ratio,98,6400,122,190,62,64009819012262,0000,0.301,2026-02-05 12:47:23,results\api\extract\data\dynamic_gini_ratio_2022.json,bps-data-c15d2f3becf317e7
gini_ratio,98,6400,122,191,61,64009819112261,0000,0.327,2026-02-05 12:47:23,results\api\extract\data\dynamic_gini_ratio_2022.json,bps-data-c15d2f3becf317e7
gini_ratio,98,6400,122,191,62,64009819112262,0000,0.317,2026-02-05 12:47:23,results\api\extract\data\dynamic_gini_ratio_2022.json,bps-data-c15d2f3becf317e7
gini_ratio,98,6400,123,189,61,64009818912361,0000,0.328,2026-02-05 12:47:23,results\api\extract\data\dynamic_gini_ratio_2023.json,bps-data-d0293e64d7909798
gini_ratio,98,6400,123,190,61,64009819012361,0000,0.292,2026-02-05 12:47:23,results\api\extract\data\dynamic_gini_ratio_2023.json,bps-data-d0293e64d7909798
gini_ratio,98,6400,123,191,61,64009819112361,0000,0.322,2026-02-05 12:47:23,results\api\extract\data\dynamic_gini_ratio_2023.json,bps-data-d0293e64d7909798
gini_ratio,98,6400,124,189,61,64009818912461,0000,0.325,2026-02-05 12:47:23,results\api\extract\data\dynamic_gini_ratio_2024.json,bps-data-90d8bf078408a541
gini_ratio,98,6400,124,189,62,64009818912462,0000,0.315,2026-02-05 12:47:23,results\api\extract\data\dynamic_gini_ratio_2024.json,bps-data-90d8bf078408a541
gini_ratio,98,6400,124,190,61,64009819012461,0000,0.289,2026-02-05 12:47:23,results\api\extract\data\dynamic_gini_ratio_2024.json,bps-data-90d8bf078408a541
gini_ratio,98,6400,124,190,62,64009819012462,0000,0.282,2026-02-05 12:47:23,results\api\extract\data\dynamic_gini_ratio_2024.json,bps-data-90d8bf078408a541
gini_ratio,98,6400,124,191,61,64009819112461,0000,0.321,2026-02-05 12:47:23,results\api\extract\data\dynamic_gini_ratio_2024.json,bps-data-90d8bf078408a541
gini_ratio,98,6400,124,191,62,64009819112462,0000,0.31,2026-02-05 12:47:23,results\api\extract\data\dynamic_gini_ratio_2024.json,bps-data-90d8bf078408a541
gini_ratio,98,6500,121,189,61,65009818912161,0000,0.289,2026-02-05 12:47:23,results\api\extract\data\dynamic_gini_ratio_2021.json,bps-data-9889aae21500e945
gini_ratio,98,6500,121,189,62,65009818912162,0000,0.284,2026-02-05 12:47:23,results\api\extract\data\dynamic_gini_ratio_2021.json,bps-data-9889aae21500e945
gini_ratio,98,6500,121,190,61,65009819012161,0000,0.272,2026-02-05 12:47:23,results\api\extract\data\dynamic_gini_ratio_2021.json,bps-data-9889aae21500e945
gini_ratio,98,6500,121,190,62,65009819012162,0000,0.264,2026-02-05 12:47:23,results\api\extract\data\dynamic_gini_ratio_2021.json,bps-data-9889aae21500e945
gini_ratio,98,6500,121,191,61,65009819112161,0000,0.292,2026-02-05 12:47:23,results\api\extract\data\dynamic_gini_ratio_2021.json,bps-data-9889aae21500e945
gini_ratio,98,6500,121,191,62,65009819112162,0000,0.285,2026-02-05 12:47:23,results\api\extract\data\dynamic_gini_ratio_2021.json,bps-data-9889aae21500e945
gini_ratio,98,6500,122,189,61,65009818912261,0000,0.269,2026-02-05 12:47:23,results\api\extract\data\dynamic_gini_ratio_2022.json,bps-data-c15d2f3becf317e7
gini_ratio,98,6500,122,189,62,65009818912262,0000,0.256,2026-02-05 12:47:23,results\api\extract\data\dynamic_gini_ratio_2022.json,bps-data-c15d2f3becf317e7
gini_ratio,98,6500,122,190,61,65009819012261,0000,0.269,2026-02-05 12:47:23,results\api\extract\data\dynamic_gini_ratio_2022.json,bps-data-c15d2f3becf317e7
gini_ratio,98,6500,122,190,62,65009819012262,0000,0.287,2026-02-05 12:47:23,results\api\extract\data\dynamic_gini_ratio_2022.json,bps-data-c15d2f3becf317e7
gini_ratio,98,6500,122,191,61,65009819112261,0000,0.272,2026-02-05 12:47:23,results\api\extract\data\dynamic_gini_ratio_2022.json,bps-data-c15d2f3becf317e7
gini_ratio,98,6500,122,191,62,65009819112262,0000,0.27,2026-02-05 12:47:23,results\api\extract\data\dynamic_gini_ratio_2022.json,bps-data-c15d2f3becf317e7
gini_ratio,98,6500,123,189,61,65009818912361,0000,0.274,2026-02-05 12:47:23,results\api\extract\data\dynamic_gini_ratio_2023.json,bps-data-d0293e64d7909798
gini_ratio,98,6500,123,190,61,65009819012361,0000,0.27,2026-02-05 12:47:23,results\api\extract\data\dynamic_gini_ratio_2023.json,bps-data-d0293e64d7909798
gini_ratio,98,6500,123,191,61,65009819112361,0000,0.277,2026-02-05 12:47:23,results\api\extract\data\dynamic_gini_ratio_2023.json,bps-data-d0293e64d7909798
gini_ratio,98,6500,124,189,61,65009818912461,0000,0.258,2026-02-05 12:47:23,results\api\extract\data\dynamic_gini_ratio_2024.json,bps-data-90d8bf078408a541
gini_ratio,98,6500,124,189,62,65009818912462,0000,0.245,2026-02-05 12:47:23,results\api\extract\data\dynamic_gini_ratio_2024.json,bps-data-90d8bf078408a541
gini_ratio,98,6500,124,190,61,65009819012461,0000,0.273,2026-02-05 12:47:23,results\api\extract\data\dynamic_gini_ratio_2024.json,bps-data-90d8bf078408a541
gini_ratio,98,6500,124,190,62,65009819012462,0000,0.265,2026-02-05 12:47:23,results\api\extract\data\dynamic_gini_ratio_2024.json,bps-data-90d8bf078408a541
gini_ratio,98,6500,124,191,61,65009819112461,0000,0.264,2026-02-05 12:47:23,results\api\extract\data\dynamic_gini_ratio_2024.json,bps-data-90d8bf078408a541
gini_ratio,98,6500,124,191,62,65009819112462,0000,0.259,2026-02-05 12:47:23,results\api\extract\data\dynamic_gini_ratio_2024.json,bps-data-90d8bf078408a541
gini_ratio,98,7100,121,189,61,71009818912161,0000,0.365,2026-02-05 12:47:23,results\api\extract\data\dynamic_gini_ratio_2021.json,bps-data-9889aae21500e945
gini_ratio,98,7100,121,189,62,71009818912162,0000,0.359,2026-02-05 12:47:23,results\api\extract\data\dynamic_gini_ratio_2021.json,bps-data-9889aae21500e945
gini_ratio,98,7100,121,190,61,71009819012161,0000,0.352,2026-02-05 12:47:23,results\api\extract\data\dynamic_gini_ratio_2021.json,bps-data-9889aae21500e945
gini_ratio,98,7100,121,190,62,71009819012162,0000,0.347,2026-02-05 12:47:23,results\api\extract\data\dynamic_gini_ratio_2021.json,bps-data-9889aae21500e945
gini_ratio,98,7100,121,191,61,71009819112161,0000,0.365,2026-02-05 12:47:23,results\api\extract\data\dynamic_gini_ratio_2021.json,bps-data-9889aae21500e945
gini_ratio,98,7100,121,191,62,71009819112162,0000,0.359,2026-02-05 12:47:23,results\api\extract\data\dynamic_gini_ratio_2021.json,bps-data-9889aae21500e945
gini_ratio,98,7100,122,189,61,71009818912261,0000,0.362,2026-02-05 12:47:23,results\api\extract\data\dynamic_gini_ratio_2022.json,bps-data-c15d2f3becf317e7
gini_ratio,98,7100,122,189,62,71009818912262,0000,0.355,2026-02-05 12:47:23,results\api\extract\data\dynamic_gini_ratio_2022.json,bps-data-c15d2f3becf317e7
gini_ratio,98,7100,122,190,61,71009819012261,0000,0.354,2026-02-05 12:47:23,results\api\extract\data\dynamic_gini_ratio_2022.json,bps-data-c15d2f3becf317e7
gini_ratio,98,7100,122,190,62,71009819012262,0000,0.352,2026-02-05 12:47:23,results\api\extract\data\dynamic_gini_ratio_2022.json,bps-data-c15d2f3becf317e7
gini_ratio,98,7100,122,191,61,71009819112261,0000,0.365,2026-02-05 12:47:23,results\api\extract\data\dynamic_gini_ratio_2022.json,bps-data-c15d2f3becf317e7
gini_ratio,98,7100,122,191,62,71009819112262,0000,0.359,2026-02-05 12:47:23,results\api\extract\data\dynamic_gini_ratio_2022.json,bps-data-c15d2f3becf317e7
gini_ratio,98,7100,123,189,61,71009818912361,0000,0.377,2026-02-05 12:47:23,results\api\extract\data\dynamic_gini_ratio_2023.json,bps-data-d0293e64d7909798
gini_ratio,98,7100,123,190,61,71009819012361,0000,0.345,2026-02-05 12:47:23,results\api\extract\data\dynamic_gini_ratio_2023.json,bps-data-d0293e64d7909798
gini_ratio,98,7100,123,191,61,71009819112361,0000,0.37,2026-02-05 12:47:23,results\api\extract\data\dynamic_gini_ratio_2023.json,bps-data-d0293e64d7909798
gini_ratio,98,7100,124,189,61,71009818912461,0000,0.364,2026-02-05 12:47:23,results\api\extract\data\dynamic_gini_ratio_2024.json,bps-data-90d8bf078408a541
gini_ratio,98,7100,124,189,62,71009818912462,0000,0.351,2026-02-05 12:47:23,results\api\extract\data\dynamic_gini_ratio_2024.json,bps-data-90d8bf078408a541
gini_ratio,98,7100,124,190,61,71009819012461,0000,0.334,2026-02-05 12:47:23,results\api\extract\data\dynamic_gini_ratio_2024.json,bps-data-90d8bf078408a541
gini_ratio,98,7100,124,190,62,71009819012462,0000,0.331,2026-02-05 12:47:23,results\api\extract\data\dynamic_gini_ratio_2024.json,bps-data-90d8bf078408a541
gini_ratio,98,7100,124,191,61,71009819112461,0000,0.36,2026-02-05 12:47:23,results\api\extract\data\dynamic_gini_ratio_2024.json,bps-data-90d8bf078408a541
gini_ratio,98,7100,124,191,62,71009819112462,0000,0.347,2026-02-05 12:47:23,results\api\extract\data\dynamic_gini_ratio_2024.json,bps-data-90d8bf078408a541
gini_ratio,98,7200,121,189,61,72009818912161,0000,0.343,2026-02-05 12:47:23,results\api\extract\data\dynamic_gini_ratio_2021.json,bps-data-9889aae21500e945
gini_ratio,98,7200,121,189,62,72009818912162,0000,0.351,2026-02-05 12:47:23,results\api\extract\data\dynamic_gini_ratio_2021.json,bps-data-9889aae21500e945
gini_ratio,98,7200,121,190,61,72009819012161,0000,0.279,2026-02-05 12:47:23,results\api\extract\data\dynamic_gini_ratio_2021.json,bps-data-9889aae21500e945
gini_ratio,98,7200,121,190,62,72009819012162,0000,0.278,2026-02-05 12:47:23,results\api\extract\data\dynamic_gini_ratio_2021.json,bps-data-9889aae21500e945
gini_ratio,98,7200,121,191,61,72009819112161,0000,0.316,2026-02-05 12:47:23,results\api\extract\data\dynamic_gini_ratio_2021.json,bps-data-9889aae21500e945
gini_ratio,98,7200,121,191,62,72009819112162,0000,0.326,2026-02-05 12:47:23,results\api\extract\data\dynamic_gini_ratio_2021.json,bps-data-9889aae21500e945
gini_ratio,98,7200,122,189,61,72009818912261,0000,0.343,2026-02-05 12:47:23,results\api\extract\data\dynamic_gini_ratio_2022.json,bps-data-c15d2f3becf317e7
gini_ratio,98,7200,122,189,62,72009818912262,0000,0.337,2026-02-05 12:47:23,results\api\extract\data\dynamic_gini_ratio_2022.json,bps-data-c15d2f3becf317e7
gini_ratio,98,7200,122,190,61,72009819012261,0000,0.272,2026-02-05 12:47:23,results\api\extract\data\dynamic_gini_ratio_2022.json,bps-data-c15d2f3becf317e7
gini_ratio,98,7200,122,190,62,72009819012262,0000,0.28,2026-02-05 12:47:23,results\api\extract\data\dynamic_gini_ratio_2022.json,bps-data-c15d2f3becf317e7
gini_ratio,98,7200,122,191,61,72009819112261,0000,0.308,2026-02-05 12:47:23,results\api\extract\data\dynamic_gini_ratio_2022.json,bps-data-c15d2f3becf317e7
gini_ratio,98,7200,122,191,62,72009819112262,0000,0.305,2026-02-05 12:47:23,results\api\extract\data\dynamic_gini_ratio_2022.json,bps-data-c15d2f3becf317e7
gini_ratio,98,7200,123,189,61,72009818912361,0000,0.344,2026-02-05 12:47:23,results\api\extract\data\dynamic_gini_ratio_2023.json,bps-data-d0293e64d7909798
gini_ratio,98,7200,123,190,61,72009819012361,0000,0.265,2026-02-05 12:47:23,results\api\extract\data\dynamic_gini_ratio_2023.json,bps-data-d0293e64d7909798
gini_ratio,98,7200,123,191,61,72009819112361,0000,0.304,2026-02-05 12:47:23,results\api\extract\data\dynamic_gini_ratio_2023.json,bps-data-d0293e64d7909798
gini_ratio,98,7200,124,189,61,72009818912461,0000,0.34,2026-02-05 12:47:23,results\api\extract\data\dynamic_gini_ratio_2024.json,bps-data-90d8bf078408a541
gini_ratio,98,7200,124,189,62,72009818912462,0000,0.34,2026-02-05 12:47:23,results\api\extract\data\dynamic_gini_ratio_2024.json,bps-data-90d8bf078408a541
gini_ratio,98,7200,124,190,61,72009819012461,0000,0.259,2026-02-05 12:47:23,results\api\extract\data\dynamic_gini_ratio_2024.json,bps-data-90d8bf078408a541
gini_ratio,98,7200,124,190,62,72009819012462,0000,0.271,2026-02-05 12:47:23,results\api\extract\data\dynamic_gini_ratio_2024.json,bps-data-90d8bf078408a541
gini_ratio,98,7200,124,191,61,72009819112461,0000,0.301,2026-02-05 12:47:23,results\api\extract\data\dynamic_gini_ratio_2024.json,bps-data-90d8bf078408a541
gini_ratio,98,7200,124,191,62,72009819112462,0000,0.309,2026-02-05 12:47:23,results\api\extract\data\dynamic_gini_ratio_2024.json,bps-data-90d8bf078408a541
gini_ratio,98,7300,121,189,61,73009818912161,0000,0.392,2026-02-05 12:47:23,results\api\extract\data\dynamic_gini_ratio_2021.json,bps-data-9889aae21500e945
gini_ratio,98,7300,121,189,62,73009818912162,0000,0.387,2026-02-05 12:47:23,results\api\extract\data\dynamic_gini_ratio_2021.json,bps-data-9889aae21500e945
gini_ratio,98,7300,121,190,61,73009819012161,0000,0.338,2026-02-05 12:47:23,results\api\extract\data\dynamic_gini_ratio_2021.json,bps-data-9889aae21500e945
gini_ratio,98,7300,121,190,62,73009819012162,0000,0.334,2026-02-05 12:47:23,results\api\extract\data\dynamic_gini_ratio_2021.json,bps-data-9889aae21500e945
gini_ratio,98,7300,121,191,61,73009819112161,0000,0.382,2026-02-05 12:47:23,results\api\extract\data\dynamic_gini_ratio_2021.json,bps-data-9889aae21500e945
gini_ratio,98,7300,121,191,62,73009819112162,0000,0.377,2026-02-05 12:47:23,results\api\extract\data\dynamic_gini_ratio_2021.json,bps-data-9889aae21500e945
gini_ratio,98,7300,122,189,61,73009818912261,0000,0.388,2026-02-05 12:47:23,results\api\extract\data\dynamic_gini_ratio_2022.json,bps-data-c15d2f3becf317e7
gini_ratio,98,7300,122,189,62,73009818912262,0000,0.378,2026-02-05 12:47:23,results\api\extract\data\dynamic_gini_ratio_2022.json,bps-data-c15d2f3becf317e7
gini_ratio,98,7300,122,190,61,73009819012261,0000,0.336,2026-02-05 12:47:23,results\api\extract\data\dynamic_gini_ratio_2022.json,bps-data-c15d2f3becf317e7
gini_ratio,98,7300,122,190,62,73009819012262,0000,0.324,2026-02-05 12:47:23,results\api\extract\data\dynamic_gini_ratio_2022.json,bps-data-c15d2f3becf317e7
gini_ratio,98,7300,122,191,61,73009819112261,0000,0.377,2026-02-05 12:47:23,results\api\extract\data\dynamic_gini_ratio_2022.json,bps-data-c15d2f3becf317e7
gini_ratio,98,7300,122,191,62,73009819112262,0000,0.365,2026-02-05 12:47:23,results\api\extract\data\dynamic_gini_ratio_2022.json,bps-data-c15d2f3becf317e7
gini_ratio,98,7300,123,189,61,73009818912361,0000,0.386,2026-02-05 12:47:23,results\api\extract\data\dynamic_gini_ratio_2023.json,bps-data-d0293e64d7909798
gini_ratio,98,7300,123,190,61,73009819012361,0000,0.339,2026-02-05 12:47:23,results\api\extract\data\dynamic_gini_ratio_2023.json,bps-data-d0293e64d7909798
gini_ratio,98,7300,123,191,61,73009819112361,0000,0.377,2026-02-05 12:47:23,results\api\extract\data\dynamic_gini_ratio_2023.json,bps-data-d0293e64d7909798
gini_ratio,98,7300,124,189,61,73009818912461,0000,0.373,2026-02-05 12:47:23,results\api\extract\data\dynamic_gini_ratio_2024.json,bps-data-90d8bf078408a541
gini_ratio,98,7300,124,189,62,73009818912462,0000,0.369,2026-02-05 12:47:23,results\api\extract\data\dynamic_gini_ratio_2024.json,bps-data-90d8bf078408a541
gini_ratio,98,7300,124,190,61,73009819012461,0000,0.325,2026-02-05 12:47:23,results\api\extract\data\dynamic_gini_ratio_2024.json,bps-data-90d8bf078408a541
gini_ratio,98,7300,124,190,62,73009819012462,0000,0.33,2026-02-05 12:47:23,results\api\extract\data\dynamic_gini_ratio_2024.json,bps-data-90d8bf078408a541
gini_ratio,98,7300,124,191,61,73009819112461,0000,0.363,2026-02-05 12:47:23,results\api\extract\data\dynamic_gini_ratio_2024.json,bps-data-90d8bf078408a541
gini_ratio,98,7300,124,191,62,73009819112462,0000,0.36,2026-02-05 12:47:23,results\api\extract\data\dynamic_gini_ratio_2024.json,bps-data-90d8bf078408a541
gini_ratio,98,7400,121,189,61,74009818912161,0000,0.411,2026-02-05 12:47:23,results\api\extract\data\dynamic_gini_ratio_2021.json,bps-data-9889aae21500e945
gini_ratio,98,7400,121,189,62,74009818912162,0000,0.402,2026-02-05 12:47:23,results\api\extract\data\dynamic_gini_ratio_2021.json,bps-data-9889aae21500e945
gini_ratio,98,7400,121,190,61,74009819012161,0000,0.347,2026-02-05 12:47:23,results\api\extract\data\dynamic_gini_ratio_2021.json,bps-data-9889aae21500e945
gini_ratio,98,7400,121,190,62,74009819012162,0000,0.353,2026-02-05 12:47:23,results\api\extract\data\dynamic_gini_ratio_2021.json,bps-data-9889aae21500e945
gini_ratio,98,7400,121,191,61,74009819112161,0000,0.39,2026-02-05 12:47:23,results\api\extract\data\dynamic_gini_ratio_2021.json,bps-data-9889aae21500e945
gini_ratio,98,7400,121,191,62,74009819112162,0000,0.394,2026-02-05 12:47:23,results\api\extract\data\dynamic_gini_ratio_2021.json,bps-data-9889aae21500e945
gini_ratio,98,7400,122,189,61,74009818912261,0000,0.404,2026-02-05 12:47:23,results\api\extract\data\dynamic_gini_ratio_2022.json,bps-data-c15d2f3becf317e7
gini_ratio,98,7400,122,189,62,74009818912262,0000,0.382,2026-02-05 12:47:23,results\api\extract\data\dynamic_gini_ratio_2022.json,bps-data-c15d2f3becf317e7
gini_ratio,98,7400,122,190,61,74009819012261,0000,0.352,2026-02-05 12:47:23,results\api\extract\data\dynamic_gini_ratio_2022.json,bps-data-c15d2f3becf317e7
gini_ratio,98,7400,122,190,62,74009819012262,0000,0.341,2026-02-05 12:47:23,results\api\extract\data\dynamic_gini_ratio_2022.json,bps-data-c15d2f3becf317e7
gini_ratio,98,7400,122,191,61,74009819112261,0000,0.387,2026-02-05 12:47:23,results\api\extract\data\dynamic_gini_ratio_2022.json,bps-data-c15d2f3becf317e7
gini_ratio,98,7400,122,191,62,74009819112262,0000,0.366,2026-02-05 12:47:23,results\api\extract\data\dynamic_gini_ratio_2022.json,bps-data-c15d2f3becf317e7
gini_ratio,98,7400,123,189,61,74009818912361,0000,0.393,2026-02-05 12:47:23,results\api\extract\data\dynamic_gini_ratio_2023.json,bps-data-d0293e64d7909798
gini_ratio,98,7400,123,190,61,74009819012361,0000,0.338,2026-02-05 12:47:23,results\api\extract\data\dynamic_gini_ratio_2023.json,bps-data-d0293e64d7909798
gini_ratio,98,7400,123,191,61,74009819112361,0000,0.371,2026-02-05 12:47:23,results\api\extract\data\dynamic_gini_ratio_2023.json,bps-data-d0293e64d7909798
gini_ratio,98,7400,124,189,61,74009818912461,0000,0.392,2026-02-05 12:47:23,results\api\extract\data\dynamic_gini_ratio_2024.json,bps-data-90d8bf078408a541
gini_ratio,98,7400,124,189,62,74009818912462,0000,0.374,2026-02-05 12:47:23,results\api\extract\data\dynamic_gini_ratio_2024.json,bps-data-90d8bf078408a541
gini_ratio,98,7400,124,190,61,74009819012461,0000,0.33,2026-02-05 12:47:23,results\api\extract\data\dynamic_gini_ratio_2024.json,bps-data-90d8bf078408a541
gini_ratio,98,7400,124,190,62,74009819012462,0000,0.337,2026-02-05 12:47:23,results\api\extract\data\dynamic_gini_ratio_2024.json,bps-data-90d8bf078408a541
gini_ratio,98,7400,124,191,61,74009819112461,0000,0.37,2026-02-05 12:47:23,results\api\extract\data\dynamic_gini_ratio_2024.json,bps-data-90d8bf078408a541
gini_ratio,98,7400,124,191,62,74009819112462,0000,0.365,2026-02-05 12:47:23,results\api\extract\data\dynamic_gini_ratio_2024.json,bps-data-90d8bf078408a541
gini_ratio,98,7500,121,189,61,75009818912161,0000,0.398,2026-02-05 12:47:23,results\api\extract\data\dynamic_gini_ratio_2021.json,bps-data-9889aae21500e945
gini_ratio,98,7500,121,189,62,75009818912162,0000,0.407,2026-02-05 12:47:23,results\api\extract\data\dynamic_gini_ratio_2021.json,bps-data-9889aae21500e945
gini_ratio,98,7500,121,190,61,75009819012161,0000,0.397,2026-02-05 12:47:23,results\api\extract\data\dynamic_gini_ratio_2021.json,bps-data-9889aae21500e945
gini_ratio,98,7500,121,190,62,75009819012162,0000,0.39,2026-02-05 12:47:23,results\api\extract\data\dynamic_gini_ratio_2021.json,bps-data-9889aae21500e945
gini_ratio,98,7500,121,191,61,75009819112161,0000,0.408,2026-02-05 12:47:23,results\api\extract\data\dynamic_gini_ratio_2021.json,bps-data-9889aae21500e945
gini_ratio,98,7500,121,191,62,75009819112162,0000,0.409,2026-02-05 12:47:23,results\api\extract\data\dynamic_gini_ratio_2021.json,bps-data-9889aae21500e945
gini_ratio,98,7500,122,189,61,75009818912261,0000,0.409,2026-02-05 12:47:23,results\api\extract\data\dynamic_gini_ratio_2022.json,bps-data-c15d2f3becf317e7
gini_ratio,98,7500,122,189,62,75009818912262,0000,0.406,2026-02-05 12:47:23,results\api\extract\data\dynamic_gini_ratio_2022.json,bps-data-c15d2f3becf317e7
gini_ratio,98,7500,122,190,61,75009819012261,0000,0.395,2026-02-05 12:47:23,results\api\extract\data\dynamic_gini_ratio_2022.json,bps-data-c15d2f3becf317e7
gini_ratio,98,7500,122,190,62,75009819012262,0000,0.395,2026-02-05 12:47:23,results\api\extract\data\dynamic_gini_ratio_2022.json,bps-data-c15d2f3becf317e7
gini_ratio,98,7500,122,191,61,75009819112261,0000,0.418,2026-02-05 12:47:23,results\api\extract\data\dynamic_gini_ratio_2022.json,bps-data-c15d2f3becf317e7
gini_ratio,98,7500,122,191,62,75009819112262,0000,0.423,2026-02-05 12:47:23,results\api\extract\data\dynamic_gini_ratio_2022.json,bps-data-c15d2f3becf317e7
gini_ratio,98,7500,123,189,61,75009818912361,0000,0.403,2026-02-05 12:47:23,results\api\extract\data\dynamic_gini_ratio_2023.json,bps-data-d0293e64d7909798
gini_ratio,98,7500,123,190,61,75009819012361,0000,0.403,2026-02-05 12:47:23,results\api\extract\data\dynamic_gini_ratio_2023.json,bps-data-d0293e64d7909798
gini_ratio,98,7500,123,191,61,75009819112361,0000,0.417,2026-02-05 12:47:23,results\api\extract\data\dynamic_gini_ratio_2023.json,bps-data-d0293e64d7909798
gini_ratio,98,7500,124,189,61,75009818912461,0000,0.397,2026-02-05 12:47:23,results\api\extract\data\dynamic_gini_ratio_2024.json,bps-data-90d8bf078408a541
gini_ratio,98,7500,124,189,62,75009818912462,0000,0.4,2026-02-05 12:47:23,results\api\extract\data\dynamic_gini_ratio_2024.json,bps-data-90d8bf078408a541
gini_ratio,98,7500,124,190,61,75009819012461,0000,0.408,2026-02-05 12:47:23,results\api\extract\data\dynamic_gini_ratio_2024.json,bps-data-90d8bf078408a541
gini_ratio,98,7500,124,190,62,75009819012462,0000,0.402,2026-02-05 12:47:23,results\api\extract\data\dynamic_gini_ratio_2024.json,bps-data-90d8bf078408a541
gini_ratio,98,7500,124,191,61,75009819112461,0000,0.414,2026-02-05 12:47:23,results\api\extract\data\dynamic_gini_ratio_2024.json,bps-data-90d8bf078408a541
gini_ratio,98,7500,124,191,62,75009819112462,0000,0.413,2026-02-05 12:47:23,results\api\extract\data\dynamic_gini_ratio_2024.json,bps-data-90d8bf078408a541
gini_ratio,98,7600,121,189,61,76009818912161,0000,0.446,2026-02-05 12:47:23,results\api\extract\data\dynamic_gini_ratio_2021.json,bps-data-9889aae21500e945
gini_ratio,98,7600,121,189,62,76009818912162,0000,0.451,2026-02-05 12:47:23,results\api\extract\data\dynamic_gini_ratio_2021.json,bps-data-9889aae21500e945
gini_ratio,98,7600,121,190,61,76009819012161,0000,0.321,2026-02-05 12:47:23,results\api\extract\data\dynamic_gini_ratio_2021.json,bps-data-9889aae21500e945
gini_ratio,98,7600,121,190,62,76009819012162,0000,0.326,2026-02-05 12:47:23,results\api\extract\data\dynamic_gini_ratio_2021.json,bps-data-9889aae21500e945
gini_ratio,98,7600,121,191,61,76009819112161,0000,0.356,2026-02-05 12:47:23,results\api\extract\data\dynamic_gini_ratio_2021.json,bps-data-9889aae21500e945
gini_ratio,98,7600,121,191,62,76009819112162,0000,0.366,2026-02-05 12:47:23,results\api\extract\data\dynamic_gini_ratio_2021.json,bps-data-9889aae21500e945
gini_ratio,98,7600,122,189,61,76009818912261,0000,0.448,2026-02-05 12:47:23,results\api\extract\data\dynamic_gini_ratio_2022.json,bps-data-c15d2f3becf317e7
gini_ratio,98,7600,122,189,62,76009818912262,0000,0.472,2026-02-05 12:47:23,results\api\extract\data\dynamic_gini_ratio_2022.json,bps-data-c15d2f3becf317e7
gini_ratio,98,7600,122,190,61,76009819012261,0000,0.322,2026-02-05 12:47:23,results\api\extract\data\dynamic_gini_ratio_2022.json,bps-data-c15d2f3becf317e7
gini_ratio,98,7600,122,190,62,76009819012262,0000,0.315,2026-02-05 12:47:23,results\api\extract\data\dynamic_gini_ratio_2022.json,bps-data-c15d2f3becf317e7
gini_ratio,98,7600,122,191,61,76009819112261,0000,0.362,2026-02-05 12:47:23,results\api\extract\data\dynamic_gini_ratio_2022.json,bps-data-c15d2f3becf317e7
gini_ratio,98,7600,122,191,62,76009819112262,0000,0.371,2026-02-05 12:47:23,results\api\extract\data\dynamic_gini_ratio_2022.json,bps-data-c15d2f3becf317e7
gini_ratio,98,7600,123,189,61,76009818912361,0000,0.452,2026-02-05 12:47:23,results\api\extract\data\dynamic_gini_ratio_2023.json,bps-data-d0293e64d7909798
gini_ratio,98,7600,123,190,61,76009819012361,0000,0.308,2026-02-05 12:47:23,results\api\extract\data\dynamic_gini_ratio_2023.json,bps-data-d0293e64d7909798
gini_ratio,98,7600,123,191,61,76009819112361,0000,0.351,2026-02-05 12:47:23,results\api\extract\data\dynamic_gini_ratio_2023.json,bps-data-d0293e64d7909798
gini_ratio,98,7600,124,189,61,76009818912461,0000,0.456,2026-02-05 12:47:23,results\api\extract\data\dynamic_gini_ratio_2024.json,bps-data-90d8bf078408a541
gini_ratio,98,7600,124,189,62,76009818912462,0000,0.404,2026-02-05 12:47:23,results\api\extract\data\dynamic_gini_ratio_2024.json,bps-data-90d8bf078408a541
gini_ratio,98,7600,124,190,61,76009819012461,0000,0.303,2026-02-05 12:47:23,results\api\extract\data\dynamic_gini_ratio_2024.json,bps-data-90d8bf078408a541
gini_ratio,98,7600,124,190,62,76009819012462,0000,0.296,2026-02-05 12:47:23,results\api\extract\data\dynamic_gini_ratio_2024.json,bps-data-90d8bf078408a541
gini_ratio,98,7600,124,191,61,76009819112461,0000,0.354,2026-02-05 12:47:23,results\api\extract\data\dynamic_gini_ratio_2024.json,bps-data-90d8bf078408a541
gini_ratio,98,7600,124,191,62,76009819112462,0000,0.33,2026-02-05 12:47:23,results\api\extract\data\dynamic_gini_ratio_2024.json,bps-data-90d8bf078408a541
gini_ratio,98,8100,121,189,61,81009818912161,0000,0.301,2026-02-05 12:47:23,results\api\extract\data\dynamic_gini_ratio_2021.json,bps-data-9889aae21500e945
gini_ratio,98,8100,121,189,62,81009818912162,0000,0.302,2026-02-05 12:47:23,results\api\extract\data\dynamic_gini_ratio_2021.json,bps-data-9889aae21500e945
gini_ratio,98,8100,121,190,61,81009819012161,0000,0.258,2026-02-05 12:47:23,results\api\extract\data\dynamic_gini_ratio_2021.json,bps-data-9889aae21500e945
gini_ratio,98,8100,121,190,62,81009819012162,0000,0.25,2026-02-05 12:47:23,results\api\extract\data\dynamic_gini_ratio_2021.json,bps-data-9889aae21500e945
gini_ratio,98,8100,121,191,61,81009819112161,0000,0.314,2026-02-05 12:47:23,results\api\extract\data\dynamic_gini_ratio_2021.json,bps-data-9889aae21500e945
gini_ratio,98,8100,121,191,62,81009819112162,0000,0.316,2026-02-05 12:47:23,results\api\extract\data\dynamic_gini_ratio_2021.json,bps-data-9889aae21500e945
gini_ratio,98,8100,122,189,61,81009818912261,0000,0.297,2026-02-05 12:47:23,results\api\extract\data\dynamic_gini_ratio_2022.json,bps-data-c15d2f3becf317e7
gini_ratio,98,8100,122,189,62,81009818912262,0000,0.309,2026-02-05 12:47:23,results\api\extract\data\dynamic_gini_ratio_2022.json,bps-data-c15d2f3becf317e7
gini_ratio,98,8100,122,190,61,81009819012261,0000,0.259,2026-02-05 12:47:23,results\api\extract\data\dynamic_gini_ratio_2022.json,bps-data-c15d2f3becf317e7
gini_ratio,98,8100,122,190,62,81009819012262,0000,0.261,2026-02-05 12:47:23,results\api\extract\data\dynamic_gini_ratio_2022.json,bps-data-c15d2f3becf317e7
gini_ratio,98,8100,122,191,61,81009819112261,0000,0.301,2026-02-05 12:47:23,results\api\extract\data\dynamic_gini_ratio_2022.json,bps-data-c15d2f3becf317e7
gini_ratio,98,8100,122,191,62,81009819112262,0000,0.306,2026-02-05 12:47:23,results\api\extract\data\dynamic_gini_ratio_2022.json,bps-data-c15d2f3becf317e7
gini_ratio,98,8100,123,189,61,81009818912361,0000,0.288,2026-02-05 12:47:23,results\api\extract\data\dynamic_gini_ratio_2023.json,bps-data-d0293e64d7909798
gini_ratio,98,8100,123,190,61,81009819012361,0000,0.247,2026-02-05 12:47:23,results\api\extract\data\dynamic_gini_ratio_2023.json,bps-data-d0293e64d7909798
gini_ratio,98,8100,123,191,61,81009819112361,0000,0.288,2026-02-05 12:47:23,results\api\extract\data\dynamic_gini_ratio_2023.json,bps-data-d0293e64d7909798
gini_ratio,98,8100,124,189,61,81009818912461,0000,0.277,2026-02-05 12:47:23,results\api\extract\data\dynamic_gini_ratio_2024.json,bps-data-90d8bf078408a541
gini_ratio,98,8100,124,189,62,81009818912462,0000,0.284,2026-02-05 12:47:23,results\api\extract\data\dynamic_gini_ratio_2024.json,bps-data-90d8bf078408a541
gini_ratio,98,8100,124,190,61,81009819012461,0000,0.233,2026-02-05 12:47:23,results\api\extract\data\dynamic_gini_ratio_2024.json,bps-data-90d8bf078408a541
gini_ratio,98,8100,124,190,62,81009819012462,0000,0.236,2026-02-05 12:47:23,results\api\extract\data\dynamic_gini_ratio_2024.json,bps-data-90d8bf078408a541
gini_ratio,98,8100,124,191,61,81009819112461,0000,0.282,2026-02-05 12:47:23,results\api\extract\data\dynamic_gini_ratio_2024.json,bps-data-90d8bf078408a541
gini_ratio,98,8100,124,191,62,81009819112462,0000,0.291,2026-02-05 12:47:23,results\api\extract\data\dynamic_gini_ratio_2024.json,bps-data-90d8bf078408a541
gini_ratio,98,8200,121,189,61,82009818912161,0000,0.298,2026-02-05 12:47:23,results\api\extract\data\dynamic_gini_ratio_2021.json,bps-data-9889aae21500e945
gini_ratio,98,8200,121,189,62,82009818912162,0000,0.295,2026-02-05 12:47:23,results\api\extract\data\dynamic_gini_ratio_2021.json,bps-data-9889aae21500e945
gini_ratio,98,8200,121,190,61,82009819012161,0000,0.265,2026-02-05 12:47:23,results\api\extract\data\dynamic_gini_ratio_2021.json,bps-data-9889aae21500e945
gini_ratio,98,8200,121,190,62,82009819012162,0000,0.256,2026-02-05 12:47:23,results\api\extract\data\dynamic_gini_ratio_2021.json,bps-data-9889aae21500e945
gini_ratio,98,8200,121,191,61,82009819112161,0000,0.3,2026-02-05 12:47:23,results\api\extract\data\dynamic_gini_ratio_2021.json,bps-data-9889aae21500e945
gini_ratio,98,8200,121,191,62,82009819112162,0000,0.278,2026-02-05 12:47:23,results\api\extract\data\dynamic_gini_ratio_2021.json,bps-data-9889aae21500e945
gini_ratio,98,8200,122,189,61,82009818912261,0000,0.3,2026-02-05 12:47:23,results\api\extract\data\dynamic_gini_ratio_2022.json,bps-data-c15d2f3becf317e7
gini_ratio,98,8200,122,189,62,82009818912262,0000,0.33,2026-02-05 12:47:23,results\api\extract\data\dynamic_gini_ratio_2022.json,bps-data-c15d2f3becf317e7
gini_ratio,98,8200,122,190,61,82009819012261,0000,0.247,2026-02-05 12:47:23,results\api\extract\data\dynamic_gini_ratio_2022.json,bps-data-c15d2f3becf317e7
gini_ratio,98,8200,122,190,62,82009819012262,0000,0.269,2026-02-05 12:47:23,results\api\extract\data\dynamic_gini_ratio_2022.json,bps-data-c15d2f3becf317e7
gini_ratio,98,8200,122,191,61,82009819112261,0000,0.279,2026-02-05 12:47:23,results\api\extract\data\dynamic_gini_ratio_2022.json,bps-data-c15d2f3becf317e7
gini_ratio,98,8200,122,191,62,82009819112262,0000,0.309,2026-02-05 12:47:23,results\api\extract\data\dynamic_gini_ratio_2022.json,bps-data-c15d2f3becf317e7
gini_ratio,98,8200,123,189,61,82009818912361,0000,0.326,2026-02-05 12:47:23,results\api\extract\data\dynamic_gini_ratio_2023.json,bps-data-d0293e64d7909798
gini_ratio,98,8200,123,190,61,82009819012361,0000,0.269,2026-02-05 12:47:23,results\api\extract\data\dynamic_gini_ratio_2023.json,bps-data-d0293e64d7909798
gini_ratio,98,8200,123,191,61,82009819112361,0000,0.3,2026-02-05 12:47:23,results\api\extract\data\dynamic_gini_ratio_2023.json,bps-data-d0293e64d7909798
gini_ratio,98,8200,124,189,61,82009818912461,0000,0.343,2026-02-05 12:47:23,results\api\extract\data\dynamic_gini_ratio_2024.json,bps-data-90d8bf078408a541
gini_ratio,98,8200,124,189,62,82009818912462,0000,0.328,2026-02-05 12:47:23,results\api\extract\data\dynamic_gini_ratio_2024.json,bps-data-90d8bf078408a541
gini_ratio,98,8200,124,190,61,82009819012461,0000,0.275,2026-02-05 12:47:23,results\api\extract\data\dynamic_gini_ratio_2024.json,bps-data-90d8bf078408a541
gini_ratio,98,8200,124,190,62,82009819012462,0000,0.243,2026-02-05 12:47:23,results\api\extract\data\dynamic_gini_ratio_2024.json,bps-data-90d8bf078408a541
gini_ratio,98,8200,124,191,61,82009819112461,0000,0.316,2026-02-05 12:47:23,results\api\extract\data\dynamic_gini_ratio_2024.json,bps-data-90d8bf078408a541
gini_ratio,98,8200,124,191,62,82009819112462,0000,0.296,2026-02-05 12:47:23,results\api\extract\data\dynamic_gini_ratio_2024.json,bps-data-90d8bf078408a541
gini_ratio,98,9100,121,189,61,91009818912161,0000,0.322,2026-02-05 12:47:23,results\api\extract\data\dynamic_gini_ratio_2021.json,bps-data-9889aae21500e945
gini_ratio,98,9100,121,189,62,91009818912162,0000,0.313,2026-02-05 12:47:23,results\api\extract\data\dynamic_gini_ratio_2021.json,bps-data-9889aae21500e945
gini_ratio,98,9100,121,190,61,91009819012161,0000,0.407,2026-02-05 12:47:23,results\api\extract\data\dynamic_gini_ratio_2021.json,bps-data-9889aae21500e945
gini_ratio,98,9100,121,190,62,91009819012162,0000,0.399,2026-02-05 12:47:23,results\api\extract\data\dynamic_gini_ratio_2021.json,bps-data-9889aae21500e945
gini_ratio,98,9100,121,191,61,91009819112161,0000,0.38,2026-02-05 12:47:23,results\api\extract\data\dynamic_gini_ratio_2021.json,bps-data-9889aae21500e945
gini_ratio,98,9100,121,191,62,91009819112162,0000,0.374,2026-02-05 12:47:23,results\api\extract\data\dynamic_gini_ratio_2021.json,bps-data-9889aae21500e945
gini_ratio,98,9100,122,189,61,91009818912261,0000,0.294,2026-02-05 12:47:23,results\api\extract\data\dynamic_gini_ratio_2022.json,bps-data-c15d2f3becf317e7
gini_ratio,98,9100,122,189,62,91009818912262,0000,0.302,2026-02-05 12:47:23,results\api\extract\data\dynamic_gini_ratio_2022.json,bps-data-c15d2f3becf317e7
gini_ratio,98,9100,122,190,61,91009819012261,0000,0.411,2026-02-05 12:47:23,results\api\extract\data\dynamic_gini_ratio_2022.json,bps-data-c15d2f3becf317e7
gini_ratio,98,9100,122,190,62,91009819012262,0000,0.436,2026-02-05 12:47:23,results\api\extract\data\dynamic_gini_ratio_2022.json,bps-data-c15d2f3becf317e7
gini_ratio,98,9100,122,191,61,91009819112261,0000,0.37,2026-02-05 12:47:23,results\api\extract\data\dynamic_gini_ratio_2022.json,bps-data-c15d2f3becf317e7
gini_ratio,98,9100,122,191,62,91009819112262,0000,0.384,2026-02-05 12:47:23,results\api\extract\data\dynamic_gini_ratio_2022.json,bps-data-c15d2f3becf317e7
gini_ratio,98,9100,123,189,61,91009818912361,0000,0.282,2026-02-05 12:47:23,results\api\extract\data\dynamic_gini_ratio_2023.json,bps-data-d0293e64d7909798
gini_ratio,98,9100,123,190,61,91009819012361,0000,0.418,2026-02-05 12:47:23,results\api\extract\data\dynamic_gini_ratio_2023.json,bps-data-d0293e64d7909798
gini_ratio,98,9100,123,191,61,91009819112361,0000,0.37,2026-02-05 12:47:23,results\api\extract\data\dynamic_gini_ratio_2023.json,bps-data-d0293e64d7909798
gini_ratio,98,9100,124,189,61,91009818912461,0000,0.283,2026-02-05 12:47:23,results\api\extract\data\dynamic_gini_ratio_2024.json,bps-data-90d8bf078408a541
gini_ratio,98,9100,124,189,62,91009818912462,0000,0.296,2026-02-05 12:47:23,results\api\extract\data\dynamic_gini_ratio_2024.json,bps-data-90d8bf078408a541
gini_ratio,98,9100,124,190,61,91009819012461,0000,0.426,2026-02-05 12:47:23,results\api\extract\data\dynamic_gini_ratio_2024.json,bps-data-90d8bf078408a541
gini_ratio,98,9100,124,190,62,91009819012462,0000,0.416,2026-02-05 12:47:23,results\api\extract\data\dynamic_gini_ratio_2024.json,bps-data-90d8bf078408a541
gini_ratio,98,9100,124,191,61,91009819112461,0000,0.389,2026-02-05 12:47:23,results\api\extract\data\dynamic_gini_ratio_2024.json,bps-data-90d8bf078408a541
gini_ratio,98,9100,124,191,62,91009819112462,0000,0.385,2026-02-05 12:47:23,results\api\extract\data\dynamic_gini_ratio_2024.json,bps-data-90d8bf078408a541
gini_ratio,98,9200,124,189,61,92009818912461,0000,0.266,2026-02-05 12:47:23,results\api\extract\data\dynamic_gini_ratio_2024.json,bps-data-90d8bf078408a541
gini_ratio,98,9200,124,189,62,92009818912462,0000,0.262,2026-02-05 12:47:23,results\api\extract\data\dynamic_gini_ratio_2024.json,bps-data-90d8bf078408a541
gini_ratio,98,9200,124,190,61,92009819012461,0000,0.413,2026-02-05 12:47:23,results\api\extract\data\dynamic_gini_ratio_2024.json,bps-data-90d8bf078408a541
gini_ratio,98,9200,124,190,62,92009819012462,0000,0.418,2026-02-05 12:47:23,results\api\extract\data\dynamic_gini_ratio_2024.json,bps-data-90d8bf078408a541
gini_ratio,98,9200,124,191,61,92009819112461,0000,0.346,2026-02-05 12:47:23,results\api\extract\data\dynamic_gini_ratio_2024.json,bps-data-90d8bf078408a541
gini_ratio,98,9200,124,191,62,92009819112462,0000,0.347,2026-02-05 12:47:23,results\api\extract\data\dynamic_gini_ratio_2024.json,bps-data-90d8bf078408a541
gini_ratio,98,9400,121,189,61,94009818912161,0000,0.301,2026-02-05 12:47:23,results\api\extract\data\dynamic_gini_ratio_2021.json,bps-data-9889aae21500e945
gini_ratio,98,9400,121,189,62,94009818912162,0000,0.307,2026-02-05 12:47:23,results\api\extract\data\dynamic_gini_ratio_2021.json,bps-data-9889aae21500e945
gini_ratio,98,9400,121,190,61,94009819012161,0000,0.422,2026-02-05 12:47:23,results\api\extract\data\dynamic_gini_ratio_2021.json,bps-data-9889aae21500e945
gini_ratio,98,9400,121,190,62,94009819012162,0000,0.419,2026-02-05 12:47:23,results\api\extract\data\dynamic_gini_ratio_2021.json,bps-data-9889aae21500e945
gini_ratio,98,9400,121,191,61,94009819112161,0000,0.397,2026-02-05 12:47:23,results\api\extract\data\dynamic_gini_ratio_2021.json,bps-data-9889aae21500e945
gini_ratio,98,9400,121,191,62,94009819112162,0000,0.396,2026-02-05 12:47:23,results\api\extract\data\dynamic_gini_ratio_2021.json,bps-data-9889aae21500e945
gini_ratio,98,9400,122,189,61,94009818912261,0000,0.315,2026-02-05 12:47:23,results\api\extract\data\dynamic_gini_ratio_2022.json,bps-data-c15d2f3becf317e7
gini_ratio,98,9400,122,189,62,94009818912262,0000,0.294,2026-02-05 12:47:23,results\api\extract\data\dynamic_gini_ratio_2022.json,bps-data-c15d2f3becf317e7
gini_ratio,98,9400,122,190,61,94009819012261,0000,0.427,2026-02-05 12:47:23,results\api\extract\data\dynamic_gini_ratio_2022.json,bps-data-c15d2f3becf317e7
gini_ratio,98,9400,122,190,62,94009819012262,0000,0.419,2026-02-05 12:47:23,results\api\extract\data\dynamic_gini_ratio_2022.json,bps-data-c15d2f3becf317e7
gini_ratio,98,9400,122,191,61,94009819112261,0000,0.406,2026-02-05 12:47:23,results\api\extract\data\dynamic_gini_ratio_2022.json,bps-data-c15d2f3becf317e7
gini_ratio,98,9400,122,191,62,94009819112262,0000,0.393,2026-02-05 12:47:23,results\api\extract\data\dynamic_gini_ratio_2022.json,bps-data-c15d2f3becf317e7
gini_ratio,98,9400,123,189,61,94009818912361,0000,0.3,2026-02-05 12:47:23,results\api\extract\data\dynamic_gini_ratio_2023.json,bps-data-d0293e64d7909798
gini_ratio,98,9400,123,190,61,94009819012361,0000,0.403,2026-02-05 12:47:23,results\api\extract\data\dynamic_gini_ratio_2023.json,bps-data-d0293e64d7909798
gini_ratio,98,9400,123,191,61,94009819112361,0000,0.386,2026-02-05 12:47:23,results\api\extract\data\dynamic_gini_ratio_2023.json,bps-data-d0293e64d7909798
gini_ratio,98,9400,124,189,61,94009818912461,0000,0.299,2026-02-05 12:47:23,results\api\extract\data\dynamic_gini_ratio_2024.json,bps-data-90d8bf078408a541
gini_ratio,98,9400,124,189,62,94009818912462,0000,0.322,2026-02-05 12:47:23,results\api\extract\data\dynamic_gini_ratio_2024.json,bps-data-90d8bf078408a541
gini_ratio,98,9400,124,190,61,94009819012461,0000,0.418,2026-02-05 12:47:23,results\api\extract\data\dynamic_gini_ratio_2024.json,bps-data-90d8bf078408a541
gini_ratio,98,9400,124,190,62,94009819012462,0000,0.505,2026-02-05 12:47:23,results\api\extract\data\dynamic_gini_ratio_2024.json,bps-data-90d8bf078408a541
gini_ratio,98,9400,124,191,61,94009819112461,0000,0.362,2026-02-05 12:47:23,results\api\extract\data\dynamic_gini_ratio_2024.json,bps-data-90d8bf078408a541
gini_ratio,98,9400,124,191,62,94009819112462,0000,0.405,2026-02-05 12:47:23,results\api\extract\data\dynamic_gini_ratio_2024.json,bps-data-90d8bf078408a541
gini_ratio,98,9500,124,189,61,95009818912461,0000,0.299,2026-02-05 12:47:23,results\api\extract\data\dynamic_gini_ratio_2024.json,bps-data-90d8bf078408a541
gini_ratio,98,9500,124,189,62,95009818912462,0000,0.351,2026-02-05 12:47:23,results\api\extract\data\dynamic_gini_ratio_2024.json,bps-data-90d8bf078408a541
gini_ratio,98,9500,124,190,61,95009819012461,0000,0.435,2026-02-05 12:47:23,results\api\extract\data\dynamic_gini_ratio_2024.json,bps-data-90d8bf078408a541
gini_ratio,98,9500,124,190,62,95009819012462,0000,0.429,2026-02-05 12:47:23,results\api\extract\data\dynamic_gini_ratio_2024.json,bps-data-90d8bf078408a541
gini_ratio,98,9500,124,191,61,95009819112461,0000,0.404,2026-02-05 12:47:23,results\api\extract\data\dynamic_gini_ratio_2024.json,bps-data-90d8bf078408a541
gini_ratio,98,9500,124,191,62,95009819112462,0000,0.424,2026-02-05 12:47:23,results\api\extract\data\dynamic_gini_ratio_2024.json,bps-data-90d8bf078408a541
gini_ratio,98,9600,124,189,61,96009818912461,0000,0.27,2026-02-05 12:47:23,results\api\extract\data\dynamic_gini_ratio_2024.json,bps-data-90d8bf078408a541
gini_ratio,98,9600,124,189,62,96009818912462,0000,0.253,2026-02-05 12:47:23,results\api\extract\data\dynamic_gini_ratio_2024.json,bps-data-90d8bf078408a541
gini_ratio,98,9600,124,190,61,96009819012461,0000,0.397,2026-02-05 12:47:23,results\api\extract\data\dynamic_gini_ratio_2024.json,bps-data-90d8bf078408a541
gini_ratio,98,9600,124,190,62,96009819012462,0000,0.374,2026-02-05 12:47:23,results\api\extract\data\dynamic_gini_ratio_2024.json,bps-data-90d8bf078408a541
gini_ratio,98,9600,124,191,61,96009819112461,0000,0.381,2026-02-05 12:47:23,results\api\extract\data\dynamic_gini_ratio_2024.json,bps-data-90d8bf078408a541
gini_ratio,98,9600,124,191,62,96009819112462,0000,0.355,2026-02-05 12:47:23,results\api\extract\data\dynamic_gini_ratio_2024.json,bps-data-90d8bf078408a541
gini_ratio,98,9700,124,189,61,97009818912461,0000,0.224,2026-02-05 12:47:23,results\api\extract\data\dynamic_gini_ratio_2024.json,bps-data-90d8bf078408a541
gini_ratio,98,9700,124,189,62,97009818912462,0000,0.244,2026-02-05 12:47:23,results\api\extract\data\dynamic_gini_ratio_2024.json,bps-data-90d8bf078408a541
gini_ratio,98,9700,124,190,61,97009819012461,0000,0.346,2026-02-05 12:47:23,results\api\extract\data\dynamic_gini_ratio_2024.json,bps-data-90d8bf078408a541
gini_ratio,98,9700,124,190,62,97009819012462,0000,0.349,2026-02-05 12:47:23,results\api\extract\data\dynamic_gini_ratio_2024.json,bps-data-90d8bf078408a541
gini_ratio,98,9700,124,191,61,97009819112461,0000,0.34,2026-02-05 12:47:23,results\api\extract\data\dynamic_gini_ratio_2024.json,bps-data-90d8bf078408a541
gini_ratio,98,9700,124,191,62,97009819112462,0000,0.346,2026-02-05 12:47:23,results\api\extract\data\dynamic_gini_ratio_2024.json,bps-data-90d8bf078408a541
gini_ratio,98,9999,121,189,61,99999818912161,0000,0.401,2026-02-05 12:47:23,results\api\extract\data\dynamic_gini_ratio_2021.json,bps-data-9889aae21500e945
gini_ratio,98,9999,121,189,62,99999818912162,0000,0.398,2026-02-05 12:47:23,results\api\extract\data\dynamic_gini_ratio_2021.json,bps-data-9889aae21500e945
gini_ratio,98,9999,121,190,61,99999819012161,0000,0.315,2026-02-05 12:47:23,results\api\extract\data\dynamic_gini_ratio_2021.json,bps-data-9889aae21500e945
gini_ratio,98,9999,121,190,62,99999819012162,0000,0.314,2026-02-05 12:47:23,results\api\extract\data\dynamic_gini_ratio_2021.json,bps-data-9889aae21500e945
gini_ratio,98,9999,121,191,61,99999819112161,0000,0.384,2026-02-05 12:47:23,results\api\extract\data\dynamic_gini_ratio_2021.json,bps-data-9889aae21500e945
gini_ratio,98,9999,121,191,62,99999819112162,0000,0.381,2026-02-05 12:47:23,results\api\extract\data\dynamic_gini_ratio_2021.json,bps-data-9889aae21500e945
gini_ratio,98,9999,122,189,61,99999818912261,0000,0.403,2026-02-05 12:47:23,results\api\extract\data\dynamic_gini_ratio_2022.json,bps-data-c15d2f3becf317e7
gini_ratio,98,9999,122,189,62,99999818912262,0000,0.402,2026-02-05 12:47:23,results\api\extract\data\dynamic_gini_ratio_2022.json,bps-data-c15d2f3becf317e7
gini_ratio,98,9999,122,190,61,99999819012261,0000,0.314,2026-02-05 12:47:23,results\api\extract\data\dynamic_gini_ratio_2022.json,bps-data-c15d2f3becf317e7
gini_ratio,98,9999,122,190,62,99999819012262,0000,0.313,2026-02-05 12:47:23,results\api\extract\data\dynamic_gini_ratio_2022.json,bps-data-c15d2f3becf317e7
gini_ratio,98,9999,122,191,61,99999819112261,0000,0.384,2026-02-05 12:47:23,results\api\extract\data\dynamic_gini_ratio_2022.json,bps-data-c15d2f3becf317e7
gini_ratio,98,9999,122,191,62,99999819112262,0000,0.381,2026-02-05 12:47:23,results\api\extract\data\dynamic_gini_ratio_2022.json,bps-data-c15d2f3becf317e7
gini_ratio,98,9999,123,189,61,99999818912361,0000,0.409,2026-02-05 12:47:23,results\api\extract\data\dynamic_gini_ratio_2023.json,bps-data-d0293e64d7909798
gini_ratio,98,9999,123,190,61,99999819012361,0000,0.313,2026-02-05 12:47:23,results\api\extract\data\dynamic_gini_ratio_2023.json,bps-data-d0293e64d7909798
gini_ratio,98,9999,123,191,61,99999819112361,0000,0.388,2026-02-05 12:47:23,results\api\extract\data\dynamic_gini_ratio_2023.json,bps-data-d0293e64d7909798
gini_ratio,98,9999,124,189,61,99999818912461,0000,0.399,2026-02-05 12:47:23,results\api\extract\data\dynamic_gini_ratio_2024.json,bps-data-90d8bf078408a541
gini_ratio,98,9999,124,189,62,99999818912462,0000,0.402,2026-02-05 12:47:23,results\api\extract\data\dynamic_gini_ratio_2024.json,bps-data-90d8bf078408a541
gini_ratio,98,9999,124,190,61,99999819012461,0000,0.306,2026-02-05 12:47:23,results\api\extract\data\dynamic_gini_ratio_2024.json,bps-data-90d8bf078408a541
gini_ratio,98,9999,124,190,62,99999819012462,0000,0.308,2026-02-05 12:47:23,results\api\extract\data\dynamic_gini_ratio_2024.json,bps-data-90d8bf078408a541
gini_ratio,98,9999,124,191,61,99999819112461,0000,0.379,2026-02-05 12:47:23,results\api\extract\data\dynamic_gini_ratio_2024.json,bps-data-90d8bf078408a541
gini_ratio,98,9999,124,191,62,99999819112462,0000,0.381,2026-02-05 12:47:23,results\api\extract\data\dynamic_gini_ratio_2024.json,bps-data-90d8bf078408a541
